curve_id,cluster,source_group,source_csv,copied_csv,csv_sha256
F00005,1,10.1002/adfm.201801654,data_all/x_time_day/10.1002_adfm.201801654/Fig4_F_stability_performance_curve_pce/accepted/10.1002_adfm.201801654__Fig4__F__stability_performance_curve_pce__Control_MAPbl__Series_1.csv,10.1002_adfm.201801654/10.1002_adfm.201801654__Fig4__F__stability_performance_curve_pce__Control_MAPbl__Series_1.csv,34c5a0c252e8740773d7a19fb56943bd662132f701adde9230192ee53abaf4a8
F00008,1,10.1002/adfm.201804128,data_all/x_time_day/10.1002_adfm.201804128/Fig8_C_stability_performance_curve_decay/accepted/10.1002_adfm.201804128__Fig8__C__stability_performance_curve_decay__PCE__Series_2.csv,10.1002_adfm.201804128/10.1002_adfm.201804128__Fig8__C__stability_performance_curve_decay__PCE__Series_2.csv,2806cb09d09ad03a341777f5db1bddc9cc51ec769394e585392296a19dcbb0c3
F00011,1,10.1002/adfm.201807556,data_all/x_time_day/10.1002_adfm.201807556/Fig6_A_stability_performance_curve_ff/accepted/10.1002_adfm.201807556__Fig6__A__stability_performance_curve_ff__PEDOT_PSS-controlled__Series_2.csv,10.1002_adfm.201807556/10.1002_adfm.201807556__Fig6__A__stability_performance_curve_ff__PEDOT_PSS-controlled__Series_2.csv,f485cd67af85b82d285e3cc58dd09d79f9cd6f674c21dd1c807dd960b2ba9a69
F00012,1,10.1002/adfm.201807556,data_all/x_time_day/10.1002_adfm.201807556/Fig6_A_stability_performance_curve_ff/accepted/10.1002_adfm.201807556__Fig6__A__stability_performance_curve_ff__PTAA-controlled__Series_1.csv,10.1002_adfm.201807556/10.1002_adfm.201807556__Fig6__A__stability_performance_curve_ff__PTAA-controlled__Series_1.csv,4bfca5969bbcf20be3d51966175a6a924e0a7b750c7818a2784e7458a197e832
F00013,1,10.1002/adfm.201807556,data_all/x_time_day/10.1002_adfm.201807556/Fig6_A_stability_performance_curve_ff/accepted/10.1002_adfm.201807556__Fig6__A__stability_performance_curve_ff__TFB-controlled__Series_3.csv,10.1002_adfm.201807556/10.1002_adfm.201807556__Fig6__A__stability_performance_curve_ff__TFB-controlled__Series_3.csv,7968868979c3a3a3cd1cebd28b138d06f0e5e74afe9d6b735f5ed64617b0a82e
F00014,1,10.1002/adfm.201807604,data_all/x_time_day/10.1002_adfm.201807604/Fig5_A_stability/accepted/10.1002_adfm.201807604__Fig5__A__stability__AD-SnO₂__Series_1.csv,10.1002_adfm.201807604/10.1002_adfm.201807604__Fig5__A__stability__AD-SnO₂__Series_1.csv,ce708653eef6be204f051b7c4129af03d534f57e3487e71d682f7d8a98f7915a
F00015,1,10.1002/adfm.201807604,data_all/x_time_day/10.1002_adfm.201807604/Fig5_A_stability/accepted/10.1002_adfm.201807604__Fig5__A__stability__TA-SnO2__Series_2.csv,10.1002_adfm.201807604/10.1002_adfm.201807604__Fig5__A__stability__TA-SnO2__Series_2.csv,a35e53467ded1e415e5adf3bfc07b7b7c306186122078719c9b522db5253f321
F00016,1,10.1002/adfm.201807850,data_all/x_time_day/10.1002_adfm.201807850/Fig7_E_stability_performance_curve/accepted/10.1002_adfm.201807850__Fig7__E__stability_performance_curve__w_o_NbF₅__Series_1.csv,10.1002_adfm.201807850/10.1002_adfm.201807850__Fig7__E__stability_performance_curve__w_o_NbF₅__Series_1.csv,1a30aab7f81954a3df8ca55507a3a99a405dee96f4a753a111c172251f942e62
F00017,1,10.1002/adfm.201900221,data_all/x_time_day/10.1002_adfm.201900221/Fig5_D_stability_performance_curve_pce/accepted/10.1002_adfm.201900221__Fig5__D__stability_performance_curve_pce__F-PEAI__Series_2.csv,10.1002_adfm.201900221/10.1002_adfm.201900221__Fig5__D__stability_performance_curve_pce__F-PEAI__Series_2.csv,579c5f763802883dfb9f0c06767175d6cf3c113d2947216f16bb0cc03e92f6ca
F00018,1,10.1002/adfm.201900221,data_all/x_time_day/10.1002_adfm.201900221/Fig5_D_stability_performance_curve_pce/accepted/10.1002_adfm.201900221__Fig5__D__stability_performance_curve_pce__PEAI__Series_1.csv,10.1002_adfm.201900221/10.1002_adfm.201900221__Fig5__D__stability_performance_curve_pce__PEAI__Series_1.csv,5f5bcbbc28337e94bef094c89adac00e5fb855b373c9b4e90d4a4d8ac9bebcbe
F00019,1,10.1002/adfm.202000778,data_all/x_time_day/10.1002_adfm.202000778/Fig6_C_stability_performance_curve/accepted/10.1002_adfm.202000778__Fig6__C__stability_performance_curve__MAPbI₃__Series_1.csv,10.1002_adfm.202000778/10.1002_adfm.202000778__Fig6__C__stability_performance_curve__MAPbI₃__Series_1.csv,c8dd6daecb0a3549ec2512494db42170a1f862e12259e43f51b5e9f121e3fcc3
F00020,1,10.1002/adfm.202000778,data_all/x_time_day/10.1002_adfm.202000778/Fig6_D_stability_performance_curve_pce/accepted/10.1002_adfm.202000778__Fig6__D__stability_performance_curve_pce__MAPbI₃__Series_2.csv,10.1002_adfm.202000778/10.1002_adfm.202000778__Fig6__D__stability_performance_curve_pce__MAPbI₃__Series_2.csv,b68a765b6a45c53c1181b61ef9cf569cdfb4b83562bc23b082bcda562df0458f
F00021,1,10.1002/adfm.202001418,data_all/x_time_day/10.1002_adfm.202001418/Fig6_A_stability_performance_curve_pce/accepted/10.1002_adfm.202001418__Fig6__A__stability_performance_curve_pce__T—ITO_PCgBM__Series_1.csv,10.1002_adfm.202001418/10.1002_adfm.202001418__Fig6__A__stability_performance_curve_pce__T—ITO_PCgBM__Series_1.csv,897064bb278823426d9bf735d0b24a747b1e89e62abeaf0fb56e74c37dab38ec
F00022,1,10.1002/adfm.202001557,data_all/x_time_day/10.1002_adfm.202001557/Fig4_B_pce/accepted/10.1002_adfm.202001557__Fig4__B__pce__perovskite__Series_1.csv,10.1002_adfm.202001557/10.1002_adfm.202001557__Fig4__B__pce__perovskite__Series_1.csv,1d6ba797a1ce3436550ab5808ee7480ca8a0044b1396cbcbdb82b36803717922
F00024,1,10.1002/adfm.202008052,data_all/x_time_day/10.1002_adfm.202008052/Fig7_G_decay/accepted/10.1002_adfm.202008052__Fig7__G__decay__W_MoOx__Series_2.csv,10.1002_adfm.202008052/10.1002_adfm.202008052__Fig7__G__decay__W_MoOx__Series_2.csv,a4cc29b8471715cb029bcb817586f06fd209753e99999f929afc2dba91275782
F00025,1,10.1002/adfm.202008052,data_all/x_time_day/10.1002_adfm.202008052/Fig7_G_decay/accepted/10.1002_adfm.202008052__Fig7__G__decay__W_o_MoOx__Series_1.csv,10.1002_adfm.202008052/10.1002_adfm.202008052__Fig7__G__decay__W_o_MoOx__Series_1.csv,ac0f2f49828cd0e401f4f36d0dfc327649d8073585682e095625bb90258453ac
F00026,1,10.1002/adfm.202101568,data_all/x_time_day/10.1002_adfm.202101568/Fig6_F_stability_performance_curve_pce/accepted/10.1002_adfm.202101568__Fig6__F__stability_performance_curve_pce__Without_HOCP__Series_2.csv,10.1002_adfm.202101568/10.1002_adfm.202101568__Fig6__F__stability_performance_curve_pce__Without_HOCP__Series_2.csv,1d3389959c9328be1f31b7e9c91f50c93a1bee9a72038577b5383afaea85e1f8
F00027,1,10.1002/adfm.202106560,data_all/x_time_day/10.1002_adfm.202106560/Fig4_A_stability_performance_curve_pce/accepted/10.1002_adfm.202106560__Fig4__A__stability_performance_curve_pce__FASnl-based_perovskite_with_HTL__Series_1.csv,10.1002_adfm.202106560/10.1002_adfm.202106560__Fig4__A__stability_performance_curve_pce__FASnl-based_perovskite_with_HTL__Series_1.csv,30a6b79f8b7e79933818e410a54f35501a80194725d277265efe80f646da453b
F00030,1,10.1002/adfm.202204450,data_all/x_time_day/10.1002_adfm.202204450/Fig1_F_stability/accepted/10.1002_adfm.202204450__Fig1__F__stability__Control__Series_1.csv,10.1002_adfm.202204450/10.1002_adfm.202204450__Fig1__F__stability__Control__Series_1.csv,4bddbc02b380c0ff4b56abc6a5d2fa82d59edd98a1cb489cfc1c7481aa13467b
F00031,1,10.1002/adma.201606806,data_all/x_time_day/10.1002_adma.201606806/Fig5_A_stability_performance_curve_pce/accepted/10.1002_adma.201606806__Fig5__A__stability_performance_curve_pce__Control__Series_1.csv,10.1002_adma.201606806/10.1002_adma.201606806__Fig5__A__stability_performance_curve_pce__Control__Series_1.csv,4696277f17889c761fcc85e2cfb5cba19f0323c2bae36e2d01cbe2c826b4264c
F00032,1,10.1002/adma.201606806,data_all/x_time_day/10.1002_adma.201606806/Fig5_A_stability_performance_curve_pce/accepted/10.1002_adma.201606806__Fig5__A__stability_performance_curve_pce__PCBM__Series_2.csv,10.1002_adma.201606806/10.1002_adma.201606806__Fig5__A__stability_performance_curve_pce__PCBM__Series_2.csv,a9797a7f6ce37b333907bcba45bb1bd2df30361769f5e03ddf89598e4d7cad86
F00033,1,10.1002/adma.201700607,data_all/x_time_day/10.1002_adma.201700607/Fig2_F_stability_performance_curve_pce/accepted/10.1002_adma.201700607__Fig2__F__stability_performance_curve_pce__ICBA-mixture__Series_1.csv,10.1002_adma.201700607/10.1002_adma.201700607__Fig2__F__stability_performance_curve_pce__ICBA-mixture__Series_1.csv,3ed52adb1738fbec78bb2495c391e556ffbee33021581f474494dc9c2d6d8dfa
F00034,1,10.1002/adma.201706975,data_all/x_time_day/10.1002_adma.201706975/Fig4_A_stability_performance_curve/accepted/10.1002_adma.201706975__Fig4__A__stability_performance_curve__TiO2__Series_2.csv,10.1002_adma.201706975/10.1002_adma.201706975__Fig4__A__stability_performance_curve__TiO2__Series_2.csv,2f2d7d60481e529cdb90ac1397113a9c57b9cbcead25d03fac978a4770e1bc8d
F00035,1,10.1002/adma.201900605,data_all/x_time_day/10.1002_adma.201900605/Fig5_F_stability_performance_curve_pce/accepted/10.1002_adma.201900605__Fig5__F__stability_performance_curve_pce__CsPbl__Series_2.csv,10.1002_adma.201900605/10.1002_adma.201900605__Fig5__F__stability_performance_curve_pce__CsPbl__Series_2.csv,727196dd0924b919509de4ae41ef83cac43c423b6a29f11c39b355cb600d0fbd
F00038,1,10.1002/adma.201907864,data_all/x_time_day/10.1002_adma.201907864/Fig1_F_stability_performance_curve_pce/accepted/10.1002_adma.201907864__Fig1__F__stability_performance_curve_pce__1%_H₂O__Series_3.csv,10.1002_adma.201907864/10.1002_adma.201907864__Fig1__F__stability_performance_curve_pce__1%_H₂O__Series_3.csv,3b3e96ea116be13e1149e9aef7913831c8617cad7398e7ba938197a05a436f81
F00039,1,10.1002/adma.201907864,data_all/x_time_day/10.1002_adma.201907864/Fig1_F_stability_performance_curve_pce/accepted/10.1002_adma.201907864__Fig1__F__stability_performance_curve_pce__Reference__Series_2.csv,10.1002_adma.201907864/10.1002_adma.201907864__Fig1__F__stability_performance_curve_pce__Reference__Series_2.csv,432bf8479717f21b9eaaa65f158e8362f5e014abde792c6e7dd27239656f3f53
F00040,1,10.1002/admi.201800499,data_all/x_time_day/10.1002_admi.201800499/Fig6_E_stability_performance_curve_pce/accepted/10.1002_admi.201800499__Fig6__E__stability_performance_curve_pce__Without_CF_film__Series_2.csv,10.1002_admi.201800499/10.1002_admi.201800499__Fig6__E__stability_performance_curve_pce__Without_CF_film__Series_2.csv,f53718be3e151cd1a0573ea24a4b77fe635ac79045a3906057fdd5200505ecd9
F00041,1,10.1002/admi.201900939,data_all/x_time_day/10.1002_admi.201900939/Fig11_D_pce/accepted/10.1002_admi.201900939__Fig11__D__pce__Standard__Series_2.csv,10.1002_admi.201900939/10.1002_admi.201900939__Fig11__D__pce__Standard__Series_2.csv,2600d324a12ebef31f055ba8bae470ef6a90a109591f6b8427e5d812ce06d7b8
F00042,1,10.1002/admi.202101463,data_all/x_time_day/10.1002_admi.202101463/Fig7_B_stability_performance_curve_pce/accepted/10.1002_admi.202101463__Fig7__B__stability_performance_curve_pce__Pristine__Series_1.csv,10.1002_admi.202101463/10.1002_admi.202101463__Fig7__B__stability_performance_curve_pce__Pristine__Series_1.csv,8881843312cd5c2c4eea39886c0902f1e88f7626d9f1eb09d853f06372d35c56
F00043,1,10.1002/advs.201700025,data_all/x_time_day/10.1002_advs.201700025/Fig7_whole_stability/accepted/10.1002_advs.201700025__Fig7__whole__stability__w_oBDTS-2DPP__Series_2.csv,10.1002_advs.201700025/10.1002_advs.201700025__Fig7__whole__stability__w_oBDTS-2DPP__Series_2.csv,a20c2bd901dbdc05333388fab5f429649b82cca2a262d0e01496e61f91bd1fbc
F00044,1,10.1002/advs.201801715,data_all/x_time_day/10.1002_advs.201801715/Fig5_A_sem_image_stability_performance_curve_pce/accepted/10.1002_advs.201801715__Fig5__A__sem_image_stability_performance_curve_pce__Control__Series_1.csv,10.1002_advs.201801715/10.1002_advs.201801715__Fig5__A__sem_image_stability_performance_curve_pce__Control__Series_1.csv,ccfbd15ef5647b657ea6257554cb850e25affa82e65561b8faa79033db57b3a5
F00046,1,10.1002/advs.202101418,data_all/x_time_day/10.1002_advs.202101418/Fig5_A_stability_performance_curve_pce/accepted/10.1002_advs.202101418__Fig5__A__stability_performance_curve_pce__W_o_Ti₃C2C1x__Series_1.csv,10.1002_advs.202101418/10.1002_advs.202101418__Fig5__A__stability_performance_curve_pce__W_o_Ti₃C2C1x__Series_1.csv,14e3ea04a5b092639cb40fc4fb6ff58961da14b4d5d76cb506328917b5163e06
F00047,1,10.1002/aenm.201501354,data_all/x_time_day/10.1002_aenm.201501354/Fig9_C_stability_performance_curve/accepted/10.1002_aenm.201501354__Fig9__C__stability_performance_curve__Device_based_on_C-PbI₂__Series_1.csv,10.1002_aenm.201501354/10.1002_aenm.201501354__Fig9__C__stability_performance_curve__Device_based_on_C-PbI₂__Series_1.csv,258ddb51137f2ea58d81fe8b5705f8c616e01d62e1659b4747bd3029cdd48119
F00050,1,10.1002/aenm.201602556,data_all/x_time_day/10.1002_aenm.201602556/Fig7_A_stability_performance_curve/accepted/10.1002_aenm.201602556__Fig7__A__stability_performance_curve__doped_Spiro-OMeTAD__Series_1.csv,10.1002_aenm.201602556/10.1002_aenm.201602556__Fig7__A__stability_performance_curve__doped_Spiro-OMeTAD__Series_1.csv,88097c3b1439d91ccbebfa2b525a06a25c27c13f59f6096cfb5042895493c91a
F00051,1,10.1002/aenm.201700226,data_all/x_time_day/10.1002_aenm.201700226/Fig4_A_stability_performance_curve_pce/accepted/10.1002_aenm.201700226__Fig4__A__stability_performance_curve_pce__★1-TiO2__Series_3.csv,10.1002_aenm.201700226/10.1002_aenm.201700226__Fig4__A__stability_performance_curve_pce__★1-TiO2__Series_3.csv,0e9c807525394fc2e0a0d856ab84d085d61734450929df24325077619750bc67
F00052,1,10.1002/aenm.201700683,data_all/x_time_day/10.1002_aenm.201700683/Fig5_A_stability_performance_curve_pce/accepted/10.1002_aenm.201700683__Fig5__A__stability_performance_curve_pce__Spiro-OMeTAD__Series_1.csv,10.1002_aenm.201700683/10.1002_aenm.201700683__Fig5__A__stability_performance_curve_pce__Spiro-OMeTAD__Series_1.csv,0ad7cf4cf05b46a4dc6ee460c15e9d3749af4db9499ae1e23ac002132cb3c90b
F00054,1,10.1002/aenm.201702960,data_all/x_time_day/10.1002_aenm.201702960/Fig5_F_stability_performance_curve/accepted/10.1002_aenm.201702960__Fig5__F__stability_performance_curve__Pristine__Series_1.csv,10.1002_aenm.201702960/10.1002_aenm.201702960__Fig5__F__stability_performance_curve__Pristine__Series_1.csv,44024374c55a3de955b1925a29441add67e24ad6d8547463f19e65911e60bff7
F00055,1,10.1002/aenm.201703392,data_all/x_time_day/10.1002_aenm.201703392/Fig6_C_stability_performance_curve/accepted/10.1002_aenm.201703392__Fig6__C__stability_performance_curve__Reference__Series_1.csv,10.1002_aenm.201703392/10.1002_aenm.201703392__Fig6__C__stability_performance_curve__Reference__Series_1.csv,d3eb7c27928c443db6c7a9a6a7f9f3b6a2fa7ae86b0ebfb40357702b3ea94fd1
F00057,1,10.1002/aenm.201800715,data_all/x_time_day/10.1002_aenm.201800715/Fig6_D_stability_performance_curve_pce/accepted/10.1002_aenm.201800715__Fig6__D__stability_performance_curve_pce__W_OAQ310__Series_1.csv,10.1002_aenm.201800715/10.1002_aenm.201800715__Fig6__D__stability_performance_curve_pce__W_OAQ310__Series_1.csv,002391e2c5094a2eae761ff372a4f05347f9feb493966d1ded86bf3e8a8d2c0b
F00059,1,10.1002/aenm.201803766,data_all/x_time_day/10.1002_aenm.201803766/Fig4_F_stability_performance_curve_pce/accepted/10.1002_aenm.201803766__Fig4__F__stability_performance_curve_pce__Control__Series_1.csv,10.1002_aenm.201803766/10.1002_aenm.201803766__Fig4__F__stability_performance_curve_pce__Control__Series_1.csv,ead2a1e15d26c99f02cbfea20849043b1b379953024de6401c1ba0adfbfcde7e
F00060,1,10.1002/aenm.201803766,data_all/x_time_day/10.1002_aenm.201803766/Fig4_F_stability_performance_curve_pce/accepted/10.1002_aenm.201803766__Fig4__F__stability_performance_curve_pce__SP1__Series_2.csv,10.1002_aenm.201803766/10.1002_aenm.201803766__Fig4__F__stability_performance_curve_pce__SP1__Series_2.csv,b134cc066b1bf820ff2377d2fb0c15d5a4e4bc3c613470f669f683440aa1fef7
F00061,1,10.1002/aenm.201803766,data_all/x_time_day/10.1002_aenm.201803766/Fig4_F_stability_performance_curve_pce/accepted/10.1002_aenm.201803766__Fig4__F__stability_performance_curve_pce__SP3__Series_3.csv,10.1002_aenm.201803766/10.1002_aenm.201803766__Fig4__F__stability_performance_curve_pce__SP3__Series_3.csv,a2f538adeff438f5cbcfb4b2746b384a5d98647160bf73b755f05713d3c56121
F00062,1,10.1002/aenm.201903013,data_all/x_time_day/10.1002_aenm.201903013/Fig5_E_stability_performance_curve_pce/accepted/10.1002_aenm.201903013__Fig5__E__stability_performance_curve_pce__Reference__Series_1.csv,10.1002_aenm.201903013/10.1002_aenm.201903013__Fig5__E__stability_performance_curve_pce__Reference__Series_1.csv,350efd4ff3f4f3cde721bd77785e866026d5b2f4395fc915f69774b5c389f43e
F00063,1,10.1002/aenm.201903299,data_all/x_time_day/10.1002_aenm.201903299/Fig6_C_stability_performance_curve_pce/accepted/10.1002_aenm.201903299__Fig6__C__stability_performance_curve_pce__0%__Series_2.csv,10.1002_aenm.201903299/10.1002_aenm.201903299__Fig6__C__stability_performance_curve_pce__0%__Series_2.csv,55ba9fe70bb42a218acf49f44439b6f51e972ca027712207410e7de469c04b7b
F00066,1,10.1002/aenm.202101416,data_all/x_time_day/10.1002_aenm.202101416/Fig4_F_stability_performance_curve/accepted/10.1002_aenm.202101416__Fig4__F__stability_performance_curve__SnO₂__Series_1.csv,10.1002_aenm.202101416/10.1002_aenm.202101416__Fig4__F__stability_performance_curve__SnO₂__Series_1.csv,cda7aed840a0336beda0d1d1a44392282ce8754ce596c411699fc07143f3ff07
F00070,1,10.1002/anie.202105512,data_all/x_time_day/10.1002_anie.202105512/Fig4_D_stability_performance_curve_pce_photovoltaic_parameter/accepted/10.1002_anie.202105512__Fig4__D__stability_performance_curve_pce_photovoltaic_parameter__Control_Device__Series_2.csv,10.1002_anie.202105512/10.1002_anie.202105512__Fig4__D__stability_performance_curve_pce_photovoltaic_parameter__Control_Device__Series_2.csv,48eb7363a3baa2473a094ea6d30d1af499434cf92b34c07c5061b22395e53685
F00071,1,10.1002/chem.201703382,data_all/x_time_day/10.1002_chem.201703382/Fig5_A_stability_performance_curve_pce/accepted/10.1002_chem.201703382__Fig5__A__stability_performance_curve_pce__PCBM+PMMA1__Series_4.csv,10.1002_chem.201703382/10.1002_chem.201703382__Fig5__A__stability_performance_curve_pce__PCBM+PMMA1__Series_4.csv,6329613bb59d39e29ce3534cf719b49b2042ab07d82b599944f25ec4db2ee86d
F00072,1,10.1002/chem.201703382,data_all/x_time_day/10.1002_chem.201703382/Fig5_A_stability_performance_curve_pce/accepted/10.1002_chem.201703382__Fig5__A__stability_performance_curve_pce__PCBM+PMMA2__Series_1.csv,10.1002_chem.201703382/10.1002_chem.201703382__Fig5__A__stability_performance_curve_pce__PCBM+PMMA2__Series_1.csv,413825f275992c1ae62c7fc7bc6318667328fcfa1408c4ac65d60fb898c133bb
F00073,1,10.1002/chem.201703382,data_all/x_time_day/10.1002_chem.201703382/Fig5_A_stability_performance_curve_pce/accepted/10.1002_chem.201703382__Fig5__A__stability_performance_curve_pce__PCBM+PMMA3__Series_3.csv,10.1002_chem.201703382/10.1002_chem.201703382__Fig5__A__stability_performance_curve_pce__PCBM+PMMA3__Series_3.csv,7009280b39667cc1bae0054b8a3c5d80fc524c1adc63035a935847bd508ec1fa
F00074,1,10.1002/chem.201703382,data_all/x_time_day/10.1002_chem.201703382/Fig5_A_stability_performance_curve_pce/accepted/10.1002_chem.201703382__Fig5__A__stability_performance_curve_pce__PCBM__Series_2.csv,10.1002_chem.201703382/10.1002_chem.201703382__Fig5__A__stability_performance_curve_pce__PCBM__Series_2.csv,8388cf826148209a9bab6c7fcb76da704d59eb32dad6f8517d5b87bbc3f35d51
F00076,1,10.1002/cnma.201800064,data_all/x_time_day/10.1002_cnma.201800064/Fig6_B_stability_performance_curve/accepted/10.1002_cnma.201800064__Fig6__B__stability_performance_curve__(a)MAPbl₃__Series_1.csv,10.1002_cnma.201800064/10.1002_cnma.201800064__Fig6__B__stability_performance_curve__(a)MAPbl₃__Series_1.csv,f0a424b93753622aa4ed92a01c5d05503611296a5113dd55519ac89056de4a80
F00077,1,10.1002/cssc.201600887,data_all/x_time_day/10.1002_cssc.201600887/Fig6_whole_stability/accepted/10.1002_cssc.201600887__Fig6__whole__stability__D-0_in_ambient_atm__Series_3.csv,10.1002_cssc.201600887/10.1002_cssc.201600887__Fig6__whole__stability__D-0_in_ambient_atm__Series_3.csv,b2674a607d33109e57602724a7e7c541b1b00042a8a556549c78e1004700941b
F00078,1,10.1002/cssc.201600887,data_all/x_time_day/10.1002_cssc.201600887/Fig6_whole_stability/accepted/10.1002_cssc.201600887__Fig6__whole__stability__−−D-0_in_glove_box__Series_1.csv,10.1002_cssc.201600887/10.1002_cssc.201600887__Fig6__whole__stability__−−D-0_in_glove_box__Series_1.csv,bb40071a742f1b9d5835b099024204c1fbf5e7d20ca1814db98e61ca0f5bd99c
F00079,1,10.1002/cssc.201600887,data_all/x_time_day/10.1002_cssc.201600887/Fig7_D_photovoltaic_parameter/accepted/10.1002_cssc.201600887__Fig7__D__photovoltaic_parameter__D-0__Series_2.csv,10.1002_cssc.201600887/10.1002_cssc.201600887__Fig7__D__photovoltaic_parameter__D-0__Series_2.csv,a6bfc3961c6f8ca456cc64ad9d42637d05ca04d7f8314ebd498c94453a867f8c
F00080,1,10.1002/cssc.201600887,data_all/x_time_day/10.1002_cssc.201600887/Fig7_D_photovoltaic_parameter/accepted/10.1002_cssc.201600887__Fig7__D__photovoltaic_parameter__D-5__Series_3.csv,10.1002_cssc.201600887/10.1002_cssc.201600887__Fig7__D__photovoltaic_parameter__D-5__Series_3.csv,ac7219c0455308d520d7b7af8e83217771804913406769ebd4665fcbd2128d58
F00081,1,10.1002/cssc.201700271,data_all/x_time_day/10.1002_cssc.201700271/Fig5_C_stability_performance_curve_pce/accepted/10.1002_cssc.201700271__Fig5__C__stability_performance_curve_pce__Device_without_PVP__Series_2.csv,10.1002_cssc.201700271/10.1002_cssc.201700271__Fig5__C__stability_performance_curve_pce__Device_without_PVP__Series_2.csv,8f0bb9afb12416cbfcd9ce839232d6b6a0914be992be98ac3b9f0dea4880a5fa
F00082,1,10.1002/cssc.201700603,data_all/x_time_day/10.1002_cssc.201700603/Fig5_B_stability_performance_curve_pce/accepted/10.1002_cssc.201700603__Fig5__B__stability_performance_curve_pce__0__Series_4.csv,10.1002_cssc.201700603/10.1002_cssc.201700603__Fig5__B__stability_performance_curve_pce__0__Series_4.csv,860497bb94252cef73a324a6cc3317713f71678393f6e85b8971a34da3832522
F00083,1,10.1002/cssc.201700603,data_all/x_time_day/10.1002_cssc.201700603/Fig5_B_stability_performance_curve_pce/accepted/10.1002_cssc.201700603__Fig5__B__stability_performance_curve_pce__5__Series_1.csv,10.1002_cssc.201700603/10.1002_cssc.201700603__Fig5__B__stability_performance_curve_pce__5__Series_1.csv,2837b334312e34e6f4e8aaae28a0da8f0478b23f2574c80249d245706d3e3b3d
F00084,1,10.1002/cssc.201702265,data_all/x_time_day/10.1002_cssc.201702265/Fig3_A_pce/accepted/10.1002_cssc.201702265__Fig3__A__pce__MAPbI₃_+_10%_F1_0.5_mmol__Series_1.csv,10.1002_cssc.201702265/10.1002_cssc.201702265__Fig3__A__pce__MAPbI₃_+_10%_F1_0.5_mmol__Series_1.csv,8785f3fe26a875a6a8ebf9ad1555127fde14b2b85a5124f9232bb4d2bff77f42
F00085,1,10.1002/cssc.201702265,data_all/x_time_day/10.1002_cssc.201702265/Fig3_A_pce/accepted/10.1002_cssc.201702265__Fig3__A__pce__Reference__Series_2.csv,10.1002_cssc.201702265/10.1002_cssc.201702265__Fig3__A__pce__Reference__Series_2.csv,ae067d8d3e2b1a39cd10a705e3f4a4dc502e6c82ac382377a9d8b369a559e57c
F00086,1,10.1002/cssc.201702265,data_all/x_time_day/10.1002_cssc.201702265/Fig3_B_pce/accepted/10.1002_cssc.201702265__Fig3__B__pce__MAPbl+10%F20.5mmol3__Series_1.csv,10.1002_cssc.201702265/10.1002_cssc.201702265__Fig3__B__pce__MAPbl+10%F20.5mmol3__Series_1.csv,f7a7a8bb7c569c1a6449f19894b32466272c1e5fa812a13fb3eb330e20974ad7
F00087,1,10.1002/cssc.201702265,data_all/x_time_day/10.1002_cssc.201702265/Fig3_B_pce/accepted/10.1002_cssc.201702265__Fig3__B__pce__MAPbl+10%F3_0.5mmol3__Series_3.csv,10.1002_cssc.201702265/10.1002_cssc.201702265__Fig3__B__pce__MAPbl+10%F3_0.5mmol3__Series_3.csv,3c33d34934c87865a845fa70158c81b18d6624423c0e94a94adf5e9be7354240
F00088,1,10.1002/cssc.201702265,data_all/x_time_day/10.1002_cssc.201702265/Fig3_B_pce/accepted/10.1002_cssc.201702265__Fig3__B__pce__Reference__Series_2.csv,10.1002_cssc.201702265/10.1002_cssc.201702265__Fig3__B__pce__Reference__Series_2.csv,de8aa8695aa10298a6af720c03a0a1ccf0c7f66feb7f0ba8331f1357091cabd3
F00089,1,10.1002/cssc.201702265,data_all/x_time_day/10.1002_cssc.201702265/Fig3_C_pce/accepted/10.1002_cssc.201702265__Fig3__C__pce__MAPbI₃_+_10%_C₆₀__Series_3.csv,10.1002_cssc.201702265/10.1002_cssc.201702265__Fig3__C__pce__MAPbI₃_+_10%_C₆₀__Series_3.csv,e100c5054697ead7106a97b9f50c0dc79b4b4746e8b8f9da8cc8cc7394181f48
F00090,1,10.1002/cssc.201702265,data_all/x_time_day/10.1002_cssc.201702265/Fig3_C_pce/accepted/10.1002_cssc.201702265__Fig3__C__pce__MAPbI₃_+_5%_C₆₀__Series_1.csv,10.1002_cssc.201702265/10.1002_cssc.201702265__Fig3__C__pce__MAPbI₃_+_5%_C₆₀__Series_1.csv,3100cf5b45679cea7a2a066f19b8c7110ec59124d8b042d45ef610480590ec01
F00091,1,10.1002/cssc.201702265,data_all/x_time_day/10.1002_cssc.201702265/Fig3_C_pce/accepted/10.1002_cssc.201702265__Fig3__C__pce__Reference__Series_2.csv,10.1002_cssc.201702265/10.1002_cssc.201702265__Fig3__C__pce__Reference__Series_2.csv,13109cb473c7d9db39d5d44be66f154d74368d9f33d6524bb1411eca0a9904ed
F00092,1,10.1002/cssc.201902165,data_all/x_time_day/10.1002_cssc.201902165/Fig6_B_stability_performance_curve_pce_mapping/accepted/10.1002_cssc.201902165__Fig6__B__stability_performance_curve_pce_mapping__TiO2_NPs__Series_2.csv,10.1002_cssc.201902165/10.1002_cssc.201902165__Fig6__B__stability_performance_curve_pce_mapping__TiO2_NPs__Series_2.csv,483dfd0f28bf586c7dad12cfbe2b317ee85b3ce22f872b0b0d91b84de443fec9
F00093,1,10.1002/cssc.201903025,data_all/x_time_day/10.1002_cssc.201903025/Fig7_A_stability_performance_curve_pce/accepted/10.1002_cssc.201903025__Fig7__A__stability_performance_curve_pce__NiO_NCs__Series_1.csv,10.1002_cssc.201903025/10.1002_cssc.201903025__Fig7__A__stability_performance_curve_pce__NiO_NCs__Series_1.csv,aedeb344f1bdaff1e0b0a7d70ced9fbcb12ce34064525ca7342b0e081f30983b
F00094,1,10.1002/cssc.201903025,data_all/x_time_day/10.1002_cssc.201903025/Fig7_A_stability_performance_curve_pce/accepted/10.1002_cssc.201903025__Fig7__A__stability_performance_curve_pce__NiO_NWs_DEA__Series_3.csv,10.1002_cssc.201903025/10.1002_cssc.201903025__Fig7__A__stability_performance_curve_pce__NiO_NWs_DEA__Series_3.csv,623b344bd242c9979a0364b735293de9c70f864e1e08eff99eb985bdd3e2a7b2
F00095,1,10.1002/cssc.201903025,data_all/x_time_day/10.1002_cssc.201903025/Fig7_A_stability_performance_curve_pce/accepted/10.1002_cssc.201903025__Fig7__A__stability_performance_curve_pce__NiO_NWs__Series_2.csv,10.1002_cssc.201903025/10.1002_cssc.201903025__Fig7__A__stability_performance_curve_pce__NiO_NWs__Series_2.csv,66f8f1ec814ab37970decf8fa542dc5bcf43f8032effdd5f2eaa6267078b2158
F00097,1,10.1002/ente.201800378,data_all/x_time_day/10.1002_ente.201800378/Fig9_C_jv_curve_stability_performance_pce_jsc/accepted/10.1002_ente.201800378__Fig9__C__jv_curve_stability_performance_pce_jsc__W_O_PVB__Series_1.csv,10.1002_ente.201800378/10.1002_ente.201800378__Fig9__C__jv_curve_stability_performance_pce_jsc__W_O_PVB__Series_1.csv,f6996c3c810106643f53987b4c76bbe4e2cab09f46a7dddbb9b1f416bc33192a
F00098,1,10.1002/ente.201800378,data_all/x_time_day/10.1002_ente.201800378/Fig9_C_jv_curve_stability_performance_pce_jsc/accepted/10.1002_ente.201800378__Fig9__C__jv_curve_stability_performance_pce_jsc__With_PVB__Series_2.csv,10.1002_ente.201800378/10.1002_ente.201800378__Fig9__C__jv_curve_stability_performance_pce_jsc__With_PVB__Series_2.csv,8f55aa7c49194f0bc5a061b0021c5fc743f635f68b35f78dee61de2d383dc972
F00099,1,10.1002/ente.201900990,data_all/x_time_day/10.1002_ente.201900990/Fig6_whole_stability/accepted/10.1002_ente.201900990__Fig6__whole__stability__Standard__Series_1.csv,10.1002_ente.201900990/10.1002_ente.201900990__Fig6__whole__stability__Standard__Series_1.csv,bb2bac8592deed8e17e9de1acbe2ee661073b523a218607fd85dee244b1c5b1d
F00100,1,10.1002/ente.202200761,data_all/x_time_day/10.1002_ente.202200761/Fig5_F_stability_performance_curve/accepted/10.1002_ente.202200761__Fig5__F__stability_performance_curve__Pristine__Series_1.csv,10.1002_ente.202200761/10.1002_ente.202200761__Fig5__F__stability_performance_curve__Pristine__Series_1.csv,0e3008ba73138a892322c564a0faf3e65880bd1021818499628c129a5b205653
F00101,1,10.1002/ente.202200761,data_all/x_time_day/10.1002_ente.202200761/Fig5_F_stability_performance_curve/accepted/10.1002_ente.202200761__Fig5__F__stability_performance_curve__→—Brij_30__Series_2.csv,10.1002_ente.202200761/10.1002_ente.202200761__Fig5__F__stability_performance_curve__→—Brij_30__Series_2.csv,4025cf0e1d5f078792040817dd3f78a78944d291dc50aafb5878f068b76a3483
F00102,1,10.1002/pc.25527,data_all/x_time_day/10.1002_pc.25527/Fig9_D_stability_performance_curve/accepted/10.1002_pc.25527__Fig9__D__stability_performance_curve__based_on_Ag_CuO_Nfs_PEDOT_PSS__Series_2.csv,10.1002_pc.25527/10.1002_pc.25527__Fig9__D__stability_performance_curve__based_on_Ag_CuO_Nfs_PEDOT_PSS__Series_2.csv,5cd86e3a0be562fcde316a527913abdbf8736c075e990d3494b4fd3df61a2743
F00103,1,10.1002/pc.25527,data_all/x_time_day/10.1002_pc.25527/Fig9_D_stability_performance_curve/accepted/10.1002_pc.25527__Fig9__D__stability_performance_curve__based_on_PEDOT_PSS__Series_1.csv,10.1002_pc.25527/10.1002_pc.25527__Fig9__D__stability_performance_curve__based_on_PEDOT_PSS__Series_1.csv,47042bbec79285920b88c11eb6c09641c7cd4e50db32b0a3e36c267569a25a92
F00105,1,10.1002/smll.201904387,data_all/x_time_day/10.1002_smll.201904387/Fig5_A_stability_performance_curve_pce/accepted/10.1002_smll.201904387__Fig5__A__stability_performance_curve_pce__0-Control__Series_1.csv,10.1002_smll.201904387/10.1002_smll.201904387__Fig5__A__stability_performance_curve_pce__0-Control__Series_1.csv,85417f97fa7c1d8ccdc4a40b8b728b0435070a57474252abb69bdea9e8258c86
F00106,1,10.1002/smll.202004778,data_all/x_time_day/10.1002_smll.202004778/Fig4_A_stability_performance_curve_pce/accepted/10.1002_smll.202004778__Fig4__A__stability_performance_curve_pce__TiO2CL__Series_1.csv,10.1002_smll.202004778/10.1002_smll.202004778__Fig4__A__stability_performance_curve_pce__TiO2CL__Series_1.csv,2c236d040283cd8774ce262ac14bd316232436fe72d2921f5601ff0be23b73c2
F00107,1,10.1002/smll.202004778,data_all/x_time_day/10.1002_smll.202004778/Fig4_A_stability_performance_curve_pce/accepted/10.1002_smll.202004778__Fig4__A__stability_performance_curve_pce__TiO2_CL+Ti_100-NaPA@TiO2__Series_2.csv,10.1002_smll.202004778/10.1002_smll.202004778__Fig4__A__stability_performance_curve_pce__TiO2_CL+Ti_100-NaPA@TiO2__Series_2.csv,f7a89470a15bb0d4a855bc8693f4fa5a03f68c2097ec69fd5111eb255b3f541d
F00109,1,10.1002/smtd.201900449,data_all/x_time_day/10.1002_smtd.201900449/Fig5_C_stability_performance_curve_pce/accepted/10.1002_smtd.201900449__Fig5__C__stability_performance_curve_pce__Ag__Series_1.csv,10.1002_smtd.201900449/10.1002_smtd.201900449__Fig5__C__stability_performance_curve_pce__Ag__Series_1.csv,0cab8adf3ed9d0fc23c98123dca905cd511e052a80cdbbe4075c60b41d4066ed
F00111,1,10.1002/smtd.202001090,data_all/x_time_day/10.1002_smtd.202001090/Fig5_E_stability_performance_curve_pce/accepted/10.1002_smtd.202001090__Fig5__E__stability_performance_curve_pce__MAPbI₃__Series_2.csv,10.1002_smtd.202001090/10.1002_smtd.202001090__Fig5__E__stability_performance_curve_pce__MAPbI₃__Series_2.csv,464c50f4d67ebb635277ca412e548c7c3208c8b7c9f9124cad5180684fdbdd33
F00113,1,10.1002/solr.201700096,data_all/x_time_day/10.1002_solr.201700096/Fig7_whole_stability/accepted/10.1002_solr.201700096__Fig7__whole__stability__BTPA-5__Series_2.csv,10.1002_solr.201700096/10.1002_solr.201700096__Fig7__whole__stability__BTPA-5__Series_2.csv,efbe65abe3004d0e12bd15c3da66632aebe9d31d794fafcc787764f4f28cf9c3
F00114,1,10.1002/solr.201700096,data_all/x_time_day/10.1002_solr.201700096/Fig7_whole_stability/accepted/10.1002_solr.201700096__Fig7__whole__stability__BTPA-6__Series_1.csv,10.1002_solr.201700096/10.1002_solr.201700096__Fig7__whole__stability__BTPA-6__Series_1.csv,0d669746a1da3a966a2e833ce2e471a1d13d15892c1d3b2331382d0cea609745
F00115,1,10.1002/solr.201700096,data_all/x_time_day/10.1002_solr.201700096/Fig7_whole_stability/accepted/10.1002_solr.201700096__Fig7__whole__stability__spiro-OMeTAD__Series_4.csv,10.1002_solr.201700096/10.1002_solr.201700096__Fig7__whole__stability__spiro-OMeTAD__Series_4.csv,d1ead3cd287ab8730ab666b714283b5a1296a0ad954e5f22b2d0a74d9d880504
F00116,1,10.1002/solr.201700125,data_all/x_time_day/10.1002_solr.201700125/Fig6_A_stability_performance_curve_pce/accepted/10.1002_solr.201700125__Fig6__A__stability_performance_curve_pce__3D_PSCs__Series_1.csv,10.1002_solr.201700125/10.1002_solr.201700125__Fig6__A__stability_performance_curve_pce__3D_PSCs__Series_1.csv,f3919507c254176f7ae6fb53bfe0423011d2b8bab016f2849bf5ba6c45c58baf
F00117,1,10.1002/solr.201700125,data_all/x_time_day/10.1002_solr.201700125/Fig6_A_stability_performance_curve_pce/accepted/10.1002_solr.201700125__Fig6__A__stability_performance_curve_pce__MDMC_PSCs_n=30__Series_2.csv,10.1002_solr.201700125/10.1002_solr.201700125__Fig6__A__stability_performance_curve_pce__MDMC_PSCs_n=30__Series_2.csv,7c4b0c20e592ea4f0854aba6d5007faf78a55e976b0cb4894266c96fa072626f
F00118,1,10.1002/solr.201700245,data_all/x_time_day/10.1002_solr.201700245/Fig6_whole_stability_performance_curve_pce/accepted/10.1002_solr.201700245__Fig6__whole__stability_performance_curve_pce__without_CrOX_layer__Series_2.csv,10.1002_solr.201700245/10.1002_solr.201700245__Fig6__whole__stability_performance_curve_pce__without_CrOX_layer__Series_2.csv,8a7b6ec8ec61087f38ba3f735430a735662e05d478241113f24adf1cac38d820
F00119,1,10.1002/solr.201800034,data_all/x_time_day/10.1002_solr.201800034/Fig10_B_stability_performance_curve_pce/accepted/10.1002_solr.201800034__Fig10__B__stability_performance_curve_pce__TU-0__Series_2.csv,10.1002_solr.201800034/10.1002_solr.201800034__Fig10__B__stability_performance_curve_pce__TU-0__Series_2.csv,5460692c70ebeba7f01796c6b54a0deab16a6badc00665d1cd5943f82bcb7498
F00120,1,10.1002/solr.201800066,data_all/x_time_day/10.1002_solr.201800066/Fig5_A_pce/accepted/10.1002_solr.201800066__Fig5__A__pce__W_O_PbAc2__Series_1.csv,10.1002_solr.201800066/10.1002_solr.201800066__Fig5__A__pce__W_O_PbAc2__Series_1.csv,546bb61ddc785369375fb311cbdb141d125259ae6dc640090c46e821d98dc5e4
F00121,1,10.1002/solr.201800205,data_all/x_time_day/10.1002_solr.201800205/Fig3_A_stability_performance_curve_pce/accepted/10.1002_solr.201800205__Fig3__A__stability_performance_curve_pce__FTO_PTCA__Series_1.csv,10.1002_solr.201800205/10.1002_solr.201800205__Fig3__A__stability_performance_curve_pce__FTO_PTCA__Series_1.csv,dc63f0ab633df6f385eedeaf6795a7a8fd6e6e4e4d5fcf242e9b62355d2d6fcc
F00122,1,10.1002/solr.201800205,data_all/x_time_day/10.1002_solr.201800205/Fig3_A_stability_performance_curve_pce/accepted/10.1002_solr.201800205__Fig3__A__stability_performance_curve_pce__FTO__Series_2.csv,10.1002_solr.201800205/10.1002_solr.201800205__Fig3__A__stability_performance_curve_pce__FTO__Series_2.csv,6f1856e94087753e94b275ac673622b96432eb06c44c8ab059fb46ed1792eb99
F00123,1,10.1002/solr.201800216,data_all/x_time_day/10.1002_solr.201800216/Fig4_C_image/accepted/10.1002_solr.201800216__Fig4__C__image__PEAI-1__Series_1.csv,10.1002_solr.201800216/10.1002_solr.201800216__Fig4__C__image__PEAI-1__Series_1.csv,2c716957451488e7e8b5f0b6912871d66a205334da9778ccabe3067924090cd3
F00124,1,10.1002/solr.201800216,data_all/x_time_day/10.1002_solr.201800216/Fig4_C_image/accepted/10.1002_solr.201800216__Fig4__C__image__Pristine__Series_2.csv,10.1002_solr.201800216/10.1002_solr.201800216__Fig4__C__image__Pristine__Series_2.csv,88bdcfc8fc147b74b40a59bc39c9d839cccebe0de97ab7d1bad14a2f0aea5099
F00125,1,10.1002/solr.201800232,data_all/x_time_day/10.1002_solr.201800232/Fig4_D_stability_performance_curve_pce/accepted/10.1002_solr.201800232__Fig4__D__stability_performance_curve_pce__Spiro-OMeTAD_Devices__Series_1.csv,10.1002_solr.201800232/10.1002_solr.201800232__Fig4__D__stability_performance_curve_pce__Spiro-OMeTAD_Devices__Series_1.csv,36cdbb26374d46e6818bf74caf166364ae8498d75ea6fc508b8b9500fe2fe827
F00126,1,10.1002/solr.201800240,data_all/x_time_day/10.1002_solr.201800240/Fig6_E_stability_performance_curve/accepted/10.1002_solr.201800240__Fig6__E__stability_performance_curve__ZnO_based_PSCs__Series_1.csv,10.1002_solr.201800240/10.1002_solr.201800240__Fig6__E__stability_performance_curve__ZnO_based_PSCs__Series_1.csv,785a4830a1ccee04dde75b17f3127f40eb659dbe7e7cdd8beb62b9488c254e64
F00128,1,10.1002/solr.201800338,"data_all/x_time_day/10.1002_solr.201800338/Fig2_D_stability_performance_curve_pce/accepted/10.1002_solr.201800338__Fig2__D__stability_performance_curve_pce__Pristine,_1cm²_device__Series_1.csv","10.1002_solr.201800338/10.1002_solr.201800338__Fig2__D__stability_performance_curve_pce__Pristine,_1cm²_device__Series_1.csv",aa3ee2722ba61c8b05e3d1cab63394682c14383c28f86a34b80f9cf207b92bea
F00129,1,10.1002/solr.201800352,data_all/x_time_day/10.1002_solr.201800352/Fig5_A_stability_performance_curve_pce/accepted/10.1002_solr.201800352__Fig5__A__stability_performance_curve_pce__Spiro-OMeTAD_(doped)__Series_1.csv,10.1002_solr.201800352/10.1002_solr.201800352__Fig5__A__stability_performance_curve_pce__Spiro-OMeTAD_(doped)__Series_1.csv,24147a367216c7e70533ed66f35c900d2b75fa12fe212c59195e3a3a77812fb4
F00130,1,10.1002/solr.201900207,data_all/x_time_day/10.1002_solr.201900207/Fig4_A_stability_performance_curve_pce/accepted/10.1002_solr.201900207__Fig4__A__stability_performance_curve_pce__PCBM__Series_1.csv,10.1002_solr.201900207/10.1002_solr.201900207__Fig4__A__stability_performance_curve_pce__PCBM__Series_1.csv,c3384a61bf6b236d5e8b45c2f04519717f8b02cc2c2c7e404863846e98af21fe
F00131,1,10.1002/solr.201900249,data_all/x_time_day/10.1002_solr.201900249/Fig1_C_stability_performance_curve_pce/accepted/10.1002_solr.201900249__Fig1__C__stability_performance_curve_pce__o—pero-pristine__Series_1.csv,10.1002_solr.201900249/10.1002_solr.201900249__Fig1__C__stability_performance_curve_pce__o—pero-pristine__Series_1.csv,35c9bc8e9e578460005480c30fbcc373ab3aef46602d2db169d4410755277937
F00133,1,10.1002/solr.201900336,data_all/x_time_day/10.1002_solr.201900336/Fig5_D_stability_performance_curve_pce/accepted/10.1002_solr.201900336__Fig5__D__stability_performance_curve_pce__o—SnO₂__Series_2.csv,10.1002_solr.201900336/10.1002_solr.201900336__Fig5__D__stability_performance_curve_pce__o—SnO₂__Series_2.csv,09e59511f6381010bc95ae13c93d9324e0e7e1fc7ecf8ca6265a2e39ca982323
F00134,1,10.1002/solr.201900457,data_all/x_time_day/10.1002_solr.201900457/Fig5_D_stability_performance_curve_pce/accepted/10.1002_solr.201900457__Fig5__D__stability_performance_curve_pce__CsPb0.5Sn0.5I2Br__Series_1.csv,10.1002_solr.201900457/10.1002_solr.201900457__Fig5__D__stability_performance_curve_pce__CsPb0.5Sn0.5I2Br__Series_1.csv,fad4c56f1a304eb433be7fcb0047d16db5e613b93ce7be7882a13cc2143ded7e
F00135,1,10.1002/solr.202000206,data_all/x_time_day/10.1002_solr.202000206/Fig7_A_stability_performance_curve_pce/accepted/10.1002_solr.202000206__Fig7__A__stability_performance_curve_pce__PEDOT_PSS__Series_2.csv,10.1002_solr.202000206/10.1002_solr.202000206__Fig7__A__stability_performance_curve_pce__PEDOT_PSS__Series_2.csv,0f7f81fa03febd742fcfe20e90e036e286f623a45bc1ac982e05dcb46fc17c3d
F00138,1,10.1002/solr.202000490,data_all/x_time_day/10.1002_solr.202000490/Fig2_F_stability_performance_curve_pce/accepted/10.1002_solr.202000490__Fig2__F__stability_performance_curve_pce__PS__Series_3.csv,10.1002_solr.202000490/10.1002_solr.202000490__Fig2__F__stability_performance_curve_pce__PS__Series_3.csv,774d326085cea2696531b40754ff137c95f27e6085d0720494854236d5a3d9f1
F00139,1,10.1002/solr.202000490,data_all/x_time_day/10.1002_solr.202000490/Fig2_F_stability_performance_curve_pce/accepted/10.1002_solr.202000490__Fig2__F__stability_performance_curve_pce__Pristine__Series_1.csv,10.1002_solr.202000490/10.1002_solr.202000490__Fig2__F__stability_performance_curve_pce__Pristine__Series_1.csv,ff6d4d5e9f57947167f8daf161b0e53ce6eb6fc12a915983a7ce530078f4ef4b
F00140,1,10.1002/solr.202000491,data_all/x_time_day/10.1002_solr.202000491/Fig7_B_stability_performance_curve/accepted/10.1002_solr.202000491__Fig7__B__stability_performance_curve__C-PSC_without_M_TLC__Series_1.csv,10.1002_solr.202000491/10.1002_solr.202000491__Fig7__B__stability_performance_curve__C-PSC_without_M_TLC__Series_1.csv,45a24ed0bee5f4a35e91742f3abc6b598f6d439f4c6277f4b3f36b5883ba393b
F00141,1,10.1002/solr.202000536,data_all/x_time_day/10.1002_solr.202000536/Fig5_B_stability_performance_curve_pce/accepted/10.1002_solr.202000536__Fig5__B__stability_performance_curve_pce__PTAA__Series_1.csv,10.1002_solr.202000536/10.1002_solr.202000536__Fig5__B__stability_performance_curve_pce__PTAA__Series_1.csv,51677e265eb426c0f47f11c0fb59885649d1906ca2cbde37a2f93049a9590324
F00142,1,10.1002/solr.202000573,data_all/x_time_day/10.1002_solr.202000573/Fig4_F_sem_curve_pce/accepted/10.1002_solr.202000573__Fig4__F__sem_curve_pce__Control__Series_1.csv,10.1002_solr.202000573/10.1002_solr.202000573__Fig4__F__sem_curve_pce__Control__Series_1.csv,9da64f4f242e308accb6e1303e93df9f2ef2cf06e5534b7d8fd937f70b89f2f1
F00143,1,10.1002/solr.202000637,data_all/x_time_day/10.1002_solr.202000637/Fig5_B_stability_performance_curve_pce/accepted/10.1002_solr.202000637__Fig5__B__stability_performance_curve_pce__Reference_PSCs__Series_1.csv,10.1002_solr.202000637/10.1002_solr.202000637__Fig5__B__stability_performance_curve_pce__Reference_PSCs__Series_1.csv,25fa0d60676a0988230aba9e96f64007b66c36c51c826e2e9aeba74d2723df0e
F00144,1,10.1002/solr.202000801,data_all/x_time_day/10.1002_solr.202000801/Fig5_A_stability_performance_curve/accepted/10.1002_solr.202000801__Fig5__A__stability_performance_curve__PMMA_Spiro__Series_1.csv,10.1002_solr.202000801/10.1002_solr.202000801__Fig5__A__stability_performance_curve__PMMA_Spiro__Series_1.csv,7c334c549a492ab6a35d86320199e2058d77aca5ebfa98eb77877581d7f499cc
F00145,1,10.1002/solr.202100058,data_all/x_time_day/10.1002_solr.202100058/Fig6_C_stability_performance_curve_pce/accepted/10.1002_solr.202100058__Fig6__C__stability_performance_curve_pce__SnO₂-CNS__Series_2.csv,10.1002_solr.202100058/10.1002_solr.202100058__Fig6__C__stability_performance_curve_pce__SnO₂-CNS__Series_2.csv,d005725b41d297c878aa453eca980305b85dcf686b54d6cc31e329ef309c4f69
F00146,1,10.1002/solr.202100058,data_all/x_time_day/10.1002_solr.202100058/Fig6_C_stability_performance_curve_pce/accepted/10.1002_solr.202100058__Fig6__C__stability_performance_curve_pce__SnO₂__Series_1.csv,10.1002_solr.202100058/10.1002_solr.202100058__Fig6__C__stability_performance_curve_pce__SnO₂__Series_1.csv,cb8b164c52aba5bec83e80ef5bffd9d235e537148e9d1f181ad74411dfbf4bc5
F00147,1,10.1002/solr.202100069,data_all/x_time_day/10.1002_solr.202100069/Fig5_B_stability_performance_curve_pce/accepted/10.1002_solr.202100069__Fig5__B__stability_performance_curve_pce__o—wlo_APZ__Series_1.csv,10.1002_solr.202100069/10.1002_solr.202100069__Fig5__B__stability_performance_curve_pce__o—wlo_APZ__Series_1.csv,2ba67b1c12dde0d8af02a7a631c9ef3f77c44e1a0131aa0ad934735a81d8f68d
F00149,1,10.1002/solr.202100178,data_all/x_time_day/10.1002_solr.202100178/Fig3_D_stability_performance_curve_pce/accepted/10.1002_solr.202100178__Fig3__D__stability_performance_curve_pce__Control__Series_1.csv,10.1002_solr.202100178/10.1002_solr.202100178__Fig3__D__stability_performance_curve_pce__Control__Series_1.csv,3d1b2e00958682c6241b3414d5950c2e04b06e2c17305cda1bb34ea5391e5c0c
F00150,1,10.1002/solr.202100344,data_all/x_time_day/10.1002_solr.202100344/Fig5_A_pce/accepted/10.1002_solr.202100344__Fig5__A__pce__Pristine__Series_2.csv,10.1002_solr.202100344/10.1002_solr.202100344__Fig5__A__pce__Pristine__Series_2.csv,30da246e60e9494ae8b1ace88225cc1a906d7656eb7fdc890144013f0aa9e990
F00151,1,10.1002/solr.202100404,data_all/x_time_day/10.1002_solr.202100404/Fig7_A_pce/accepted/10.1002_solr.202100404__Fig7__A__pce__W_O_BMIMBF₄__Series_2.csv,10.1002_solr.202100404/10.1002_solr.202100404__Fig7__A__pce__W_O_BMIMBF₄__Series_2.csv,b3f67bf1b7512d7e00f3d5f50b38495b400d746bdaf9c8e9ff2bb07b37e18cb0
F00152,1,10.1002/solr.202100404,data_all/x_time_day/10.1002_solr.202100404/Fig7_A_pce/accepted/10.1002_solr.202100404__Fig7__A__pce__With_BMIMBF₄__Series_1.csv,10.1002_solr.202100404/10.1002_solr.202100404__Fig7__A__pce__With_BMIMBF₄__Series_1.csv,85f0a99f63f235b2f7f5821c2c3083a4ad21f1ee7e7eeb4a9853374526f555c7
F00154,1,10.1007/s10853-021-06200-w,data_all/x_time_day/10.1007_s10853-021-06200-w/Fig7_A_stability_performance_curve_pce/accepted/10.1007_s10853-021-06200-w__Fig7__A__stability_performance_curve_pce__Two-steps__Series_1.csv,10.1007_s10853-021-06200-w/10.1007_s10853-021-06200-w__Fig7__A__stability_performance_curve_pce__Two-steps__Series_1.csv,6f721c822eb7c9eae903f1a04642920a2334f9e104db8848405def1f8ccd265c
F00155,1,10.1007/s10854-021-06778-6,data_all/x_time_day/10.1007_s10854-021-06778-6/Fig4_A_stability_performance_curve_pce/accepted/10.1007_s10854-021-06778-6__Fig4__A__stability_performance_curve_pce__WithoutPCBM__Series_1.csv,10.1007_s10854-021-06778-6/10.1007_s10854-021-06778-6__Fig4__A__stability_performance_curve_pce__WithoutPCBM__Series_1.csv,5689edcd68af36bea26f8778f3225e3375d5183d4c151d47140c3a23e135d2ba
F00160,1,10.1007/s11431-021-1861-y,data_all/x_time_day/10.1007_s11431-021-1861-y/Fig5_D_stability_performance_curve_pce_plot/accepted/10.1007_s11431-021-1861-y__Fig5__D__stability_performance_curve_pce_plot__Control__Series_1.csv,10.1007_s11431-021-1861-y/10.1007_s11431-021-1861-y__Fig5__D__stability_performance_curve_pce_plot__Control__Series_1.csv,b0e7f312ec4138e720b1adf47e13296bd8bdc8569079ea632ac7cc0ca334a6bd
F00161,1,10.1007/s11664-018-6614-x,data_all/x_time_day/10.1007_s11664-018-6614-x/Fig5_D_stability_performance_curve_pce/accepted/10.1007_s11664-018-6614-x__Fig5__D__stability_performance_curve_pce__SampleB__Series_4.csv,10.1007_s11664-018-6614-x/10.1007_s11664-018-6614-x__Fig5__D__stability_performance_curve_pce__SampleB__Series_4.csv,d4e23f27ba0d04d059bda0c4828e7c924ace8ecb84699379504c9a188eb258fe
F00162,1,10.1007/s11664-018-6614-x,data_all/x_time_day/10.1007_s11664-018-6614-x/Fig5_D_stability_performance_curve_pce/accepted/10.1007_s11664-018-6614-x__Fig5__D__stability_performance_curve_pce__Sample_A__Series_3.csv,10.1007_s11664-018-6614-x/10.1007_s11664-018-6614-x__Fig5__D__stability_performance_curve_pce__Sample_A__Series_3.csv,48dfdcfb3acebb2d28a6ea0bdd6888bba3d42c5db7fbf1229b2ae8cc2c08c0ee
F00163,1,10.1007/s12274-021-3286-2,data_all/x_time_day/10.1007_s12274-021-3286-2/Fig5_F_stability_performance_curve_pce_decay/accepted/10.1007_s12274-021-3286-2__Fig5__F__stability_performance_curve_pce_decay__Control__Series_1.csv,10.1007_s12274-021-3286-2/10.1007_s12274-021-3286-2__Fig5__F__stability_performance_curve_pce_decay__Control__Series_1.csv,046b23756d8604bacd37948ef1118a0d48d7d933b3d81366d21a3da00e576e4f
F00164,1,10.1007/s13233-021-9020-9,data_all/x_time_day/10.1007_s13233-021-9020-9/Fig5_D_stability_performance_curve/accepted/10.1007_s13233-021-9020-9__Fig5__D__stability_performance_curve__Spiro-OMeTAD__Series_1.csv,10.1007_s13233-021-9020-9/10.1007_s13233-021-9020-9__Fig5__D__stability_performance_curve__Spiro-OMeTAD__Series_1.csv,6771ff869865ccb12c6203ae95010f2bb623f609c3034b24f7f7cae4aa3d0a33
F00166,1,10.1007/s40843-019-1287-3,data_all/x_time_day/10.1007_s40843-019-1287-3/Fig4_D_stability_performance_curve_pce/accepted/10.1007_s40843-019-1287-3__Fig4__D__stability_performance_curve_pce__w_o_KF__Series_2.csv,10.1007_s40843-019-1287-3/10.1007_s40843-019-1287-3__Fig4__D__stability_performance_curve_pce__w_o_KF__Series_2.csv,564996087bb5ce9e17b45350d669312e822d5bfc758b1ad2c8796abada49549b
F00167,1,10.1016/j.apsusc.2016.06.187,data_all/x_time_day/10.1016_j.apsusc.2016.06.187/Fig9_whole_figure/accepted/10.1016_j.apsusc.2016.06.187__Fig9__whole__figure__cl-SnO2(SnO__Series_2.csv,10.1016_j.apsusc.2016.06.187/10.1016_j.apsusc.2016.06.187__Fig9__whole__figure__cl-SnO2(SnO__Series_2.csv,e7ca79cb60453807f11002ee9c33c1002a65397c648f9059eb3ff5f82adbcc1e
F00168,1,10.1016/j.apsusc.2016.06.187,data_all/x_time_day/10.1016_j.apsusc.2016.06.187/Fig9_whole_figure/accepted/10.1016_j.apsusc.2016.06.187__Fig9__whole__figure__cl-TiO2__Series_1.csv,10.1016_j.apsusc.2016.06.187/10.1016_j.apsusc.2016.06.187__Fig9__whole__figure__cl-TiO2__Series_1.csv,86901616214dfc1983aff52ba20db18915843a96e2b2b25c9d6933fadbadf5c3
F00169,1,10.1016/j.apsusc.2017.02.057,"data_all/x_time_day/10.1016_j.apsusc.2017.02.057/Fig4_D_stability_performance_curve_pce/accepted/10.1016_j.apsusc.2017.02.057__Fig4__D__stability_performance_curve_pce__In-Pbl,based__Series_1.csv","10.1016_j.apsusc.2017.02.057/10.1016_j.apsusc.2017.02.057__Fig4__D__stability_performance_curve_pce__In-Pbl,based__Series_1.csv",1d4740ea5104db5695a485fa9243d5412d510b201a0fe497484d669f205f3f31
F00170,1,10.1016/j.apsusc.2017.02.057,"data_all/x_time_day/10.1016_j.apsusc.2017.02.057/Fig4_D_stability_performance_curve_pce/accepted/10.1016_j.apsusc.2017.02.057__Fig4__D__stability_performance_curve_pce__c-Pbl,based__Series_2.csv","10.1016_j.apsusc.2017.02.057/10.1016_j.apsusc.2017.02.057__Fig4__D__stability_performance_curve_pce__c-Pbl,based__Series_2.csv",ebd8e768a8160b500e49b8162f5cb43feb72ec5f3120d0e2c50bf4238c23912d
F00171,1,10.1016/j.apsusc.2017.04.153,data_all/x_time_day/10.1016_j.apsusc.2017.04.153/Fig5_D_pce/accepted/10.1016_j.apsusc.2017.04.153__Fig5__D__pce__spiro-OMeTAD__Series_2.csv,10.1016_j.apsusc.2017.04.153/10.1016_j.apsusc.2017.04.153__Fig5__D__pce__spiro-OMeTAD__Series_2.csv,c1aaae104a153dc354dcd557e6ff00ba27727c7b92f8d25eb07bd783b8631bb5
F00172,1,10.1016/j.apsusc.2019.145099,data_all/x_time_day/10.1016_j.apsusc.2019.145099/Fig6_whole_stability/accepted/10.1016_j.apsusc.2019.145099__Fig6__whole__stability__SnO₂__Series_1.csv,10.1016_j.apsusc.2019.145099/10.1016_j.apsusc.2019.145099__Fig6__whole__stability__SnO₂__Series_1.csv,e5d039c97f87d647d144e8206b913f78dfe14bd8357ecc63400a89853377c010
F00173,1,10.1016/j.apsusc.2020.145790,data_all/x_time_day/10.1016_j.apsusc.2020.145790/Fig7_F_stability_performance_curve_pce/accepted/10.1016_j.apsusc.2020.145790__Fig7__F__stability_performance_curve_pce__Reference__Series_3.csv,10.1016_j.apsusc.2020.145790/10.1016_j.apsusc.2020.145790__Fig7__F__stability_performance_curve_pce__Reference__Series_3.csv,68f9d7f53be4c2244e67706afed12d3a9b316ae61d3dc6ece9f0e99d0522dd59
F00175,1,10.1016/j.apsusc.2021.149276,data_all/x_time_day/10.1016_j.apsusc.2021.149276/Fig5_D_stability_performance_curve_pce/accepted/10.1016_j.apsusc.2021.149276__Fig5__D__stability_performance_curve_pce__MAPbl₃__Series_1.csv,10.1016_j.apsusc.2021.149276/10.1016_j.apsusc.2021.149276__Fig5__D__stability_performance_curve_pce__MAPbl₃__Series_1.csv,4101bc38d631c7515e731754a1d06780cfe092008a2c063c7316a59d0836442d
F00176,1,10.1016/j.carbon.2019.10.101,data_all/x_time_day/10.1016_j.carbon.2019.10.101/Fig4_A_stability_performance_curve_pce/accepted/10.1016_j.carbon.2019.10.101__Fig4__A__stability_performance_curve_pce__CuSCN_AuPSC__Series_1.csv,10.1016_j.carbon.2019.10.101/10.1016_j.carbon.2019.10.101__Fig4__A__stability_performance_curve_pce__CuSCN_AuPSC__Series_1.csv,bb0a5510ed8c532326993ece18d88ac1528743750ae796c23418e56ce41b9f03
F00177,1,10.1016/j.carbon.2019.10.101,data_all/x_time_day/10.1016_j.carbon.2019.10.101/Fig4_D_stability_performance_curve_pce/accepted/10.1016_j.carbon.2019.10.101__Fig4__D__stability_performance_curve_pce__CuSCN_Au_PSC__Series_2.csv,10.1016_j.carbon.2019.10.101/10.1016_j.carbon.2019.10.101__Fig4__D__stability_performance_curve_pce__CuSCN_Au_PSC__Series_2.csv,b31a7737228bd541ab61f82abf8ee635bf77276d19c4dcacce2adafc1c39ec67
F00178,1,10.1016/j.carbon.2020.05.079,data_all/x_time_day/10.1016_j.carbon.2020.05.079/Fig8_D_pce/accepted/10.1016_j.carbon.2020.05.079__Fig8__D__pce__Control__Series_1.csv,10.1016_j.carbon.2020.05.079/10.1016_j.carbon.2020.05.079__Fig8__D__pce__Control__Series_1.csv,d48646e15afce1b5305842f695dbfbb96474c121b53bbf84b009f815ff8d3347
F00179,1,10.1016/j.carbon.2021.05.008,data_all/x_time_day/10.1016_j.carbon.2021.05.008/Fig6_A_stability_performance_curve_pce/accepted/10.1016_j.carbon.2021.05.008__Fig6__A__stability_performance_curve_pce__PC61BM__Series_1.csv,10.1016_j.carbon.2021.05.008/10.1016_j.carbon.2021.05.008__Fig6__A__stability_performance_curve_pce__PC61BM__Series_1.csv,fcd4ab46c137c56b9a450c276582505642aa562d51fa88cbdaec63ac2a55059c
F00180,1,10.1016/j.cclet.2020.02.004,data_all/x_time_day/10.1016_j.cclet.2020.02.004/Fig4_D_charge_density/accepted/10.1016_j.cclet.2020.02.004__Fig4__D__charge_density__PHJ_PSCs__Series_2.csv,10.1016_j.cclet.2020.02.004/10.1016_j.cclet.2020.02.004__Fig4__D__charge_density__PHJ_PSCs__Series_2.csv,f6775501d239809dd0c1fca3713ff459411035496ff220503070466a24aa99de
F00182,1,10.1016/j.cej.2020.126435,data_all/x_time_day/10.1016_j.cej.2020.126435/Fig4_F_stability_performance_curve_pce_structure/accepted/10.1016_j.cej.2020.126435__Fig4__F__stability_performance_curve_pce_structure__PSC-T-SnO₂_ETL__Series_1.csv,10.1016_j.cej.2020.126435/10.1016_j.cej.2020.126435__Fig4__F__stability_performance_curve_pce_structure__PSC-T-SnO₂_ETL__Series_1.csv,05a5266d7421ba6b235781e298d2695eb6a06aa8948fbbca401653302b80774b
F00185,1,10.1016/j.cej.2021.128436,data_all/x_time_day/10.1016_j.cej.2021.128436/Fig8_A_stability_performance_curve_pce/accepted/10.1016_j.cej.2021.128436__Fig8__A__stability_performance_curve_pce__SnO2_2D_Bi2O2Se_(20_nm)__Series_2.csv,10.1016_j.cej.2021.128436/10.1016_j.cej.2021.128436__Fig8__A__stability_performance_curve_pce__SnO2_2D_Bi2O2Se_(20_nm)__Series_2.csv,63d9e190df7a213532ba501cc90dc80abc7d902487e633299dc7ed073a511b90
F00186,1,10.1016/j.cej.2021.128436,data_all/x_time_day/10.1016_j.cej.2021.128436/Fig8_A_stability_performance_curve_pce/accepted/10.1016_j.cej.2021.128436__Fig8__A__stability_performance_curve_pce__SnO₂__Series_1.csv,10.1016_j.cej.2021.128436/10.1016_j.cej.2021.128436__Fig8__A__stability_performance_curve_pce__SnO₂__Series_1.csv,9e305e33c3c633264f0a2d659621b9e7e338ffcdcc49d53494d27901594bae1c
F00187,1,10.1016/j.cej.2021.128727,data_all/x_time_day/10.1016_j.cej.2021.128727/Fig7_F_stability_performance_curve_pce/accepted/10.1016_j.cej.2021.128727__Fig7__F__stability_performance_curve_pce__Pristine__Series_1.csv,10.1016_j.cej.2021.128727/10.1016_j.cej.2021.128727__Fig7__F__stability_performance_curve_pce__Pristine__Series_1.csv,dc82aa16c27c5264b3d9b057b271185ccfb7915ba8692c2862d0f0f80536fb8a
F00189,1,10.1016/j.cej.2021.128727,data_all/x_time_day/10.1016_j.cej.2021.128727/Fig7_F_stability_performance_curve_pce/accepted/10.1016_j.cej.2021.128727__Fig7__F__stability_performance_curve_pce__wloHTM__Series_2.csv,10.1016_j.cej.2021.128727/10.1016_j.cej.2021.128727__Fig7__F__stability_performance_curve_pce__wloHTM__Series_2.csv,148031b36a479998b3d18d6f7280ee67a858c5a54189b5d58b3146bb10f6fe09
F00193,1,10.1016/j.cej.2021.129735,data_all/x_time_day/10.1016_j.cej.2021.129735/Fig3_D_stability_performance_curve_pce_eqe/accepted/10.1016_j.cej.2021.129735__Fig3__D__stability_performance_curve_pce_eqe__。—TB(Na)__Series_1.csv,10.1016_j.cej.2021.129735/10.1016_j.cej.2021.129735__Fig3__D__stability_performance_curve_pce_eqe__。—TB(Na)__Series_1.csv,2e520bc2d4843f071a849ad84254e684e02ff673d1b2b97b1ed9ce644f848395
F00194,1,10.1016/j.cej.2021.130001,data_all/x_time_day/10.1016_j.cej.2021.130001/Fig5_I_stability_performance_curve_pce/accepted/10.1016_j.cej.2021.130001__Fig5__I__stability_performance_curve_pce__withPPPDE__Series_1.csv,10.1016_j.cej.2021.130001/10.1016_j.cej.2021.130001__Fig5__I__stability_performance_curve_pce__withPPPDE__Series_1.csv,f3e0e66276c3b504e58c0132078c4be2aa4bf5f2271b90f8cd37b8e5b62a0a50
F00195,1,10.1016/j.cej.2021.130001,data_all/x_time_day/10.1016_j.cej.2021.130001/Fig5_I_stability_performance_curve_pce/accepted/10.1016_j.cej.2021.130001__Fig5__I__stability_performance_curve_pce__wlo_PPPDE__Series_2.csv,10.1016_j.cej.2021.130001/10.1016_j.cej.2021.130001__Fig5__I__stability_performance_curve_pce__wlo_PPPDE__Series_2.csv,99faef37ad1daabc5e37cce6586274f1e07108921cab092bd62c19b0bda1c3c9
F00196,1,10.1016/j.cej.2021.131108,"data_all/x_time_day/10.1016_j.cej.2021.131108/Fig11_E_stability/accepted/10.1016_j.cej.2021.131108__Fig11__E__stability__SGT-405(3,6)__Series_2.csv","10.1016_j.cej.2021.131108/10.1016_j.cej.2021.131108__Fig11__E__stability__SGT-405(3,6)__Series_2.csv",0127dec1ce7fa8de95b98fdfec7a8499f7dc8236e044543721aa036c844f0775
F00197,1,10.1016/j.cej.2021.131108,data_all/x_time_day/10.1016_j.cej.2021.131108/Fig11_E_stability/accepted/10.1016_j.cej.2021.131108__Fig11__E__stability__spiro-OMeTAD__Series_3.csv,10.1016_j.cej.2021.131108/10.1016_j.cej.2021.131108__Fig11__E__stability__spiro-OMeTAD__Series_3.csv,5d3c27de50979eaf9c9ee9d2cde75c8dbf80895861870bbe4c1152a82a2c1914
F00198,1,10.1016/j.cej.2021.131357,data_all/x_time_day/10.1016_j.cej.2021.131357/Fig5_E_stability_performance_curve_pce/accepted/10.1016_j.cej.2021.131357__Fig5__E__stability_performance_curve_pce__NiOx__Series_1.csv,10.1016_j.cej.2021.131357/10.1016_j.cej.2021.131357__Fig5__E__stability_performance_curve_pce__NiOx__Series_1.csv,ef425140385444064c6f24b3f441420e54e0903ae6692bb5c2b994c2c9ceb3af
F00199,1,10.1016/j.cej.2021.131357,data_all/x_time_day/10.1016_j.cej.2021.131357/Fig5_F_stability_performance_curve_pce/accepted/10.1016_j.cej.2021.131357__Fig5__F__stability_performance_curve_pce__→NiOx__Series_1.csv,10.1016_j.cej.2021.131357/10.1016_j.cej.2021.131357__Fig5__F__stability_performance_curve_pce__→NiOx__Series_1.csv,7fd120c1510a7111d2a58a2cd3143adae75c5568661d3779bbdeba524b56e536
F00200,1,10.1016/j.cej.2021.131358,data_all/x_time_day/10.1016_j.cej.2021.131358/Fig5_A_stability_performance_curve/accepted/10.1016_j.cej.2021.131358__Fig5__A__stability_performance_curve__Control__Series_1.csv,10.1016_j.cej.2021.131358/10.1016_j.cej.2021.131358__Fig5__A__stability_performance_curve__Control__Series_1.csv,731a42af48e823c8d2291baf47b10f2b8c4b5e8bd2abc091f8506021ffb97e4b
F00202,1,10.1016/j.ceramint.2020.07.260,data_all/x_time_day/10.1016_j.ceramint.2020.07.260/Fig7_A_stability_performance_curve_pce/accepted/10.1016_j.ceramint.2020.07.260__Fig7__A__stability_performance_curve_pce__Cell_A__Series_2.csv,10.1016_j.ceramint.2020.07.260/10.1016_j.ceramint.2020.07.260__Fig7__A__stability_performance_curve_pce__Cell_A__Series_2.csv,a65d1831d0726ef36b6c27ace4e7a5a10b7e7a99483a0c8fb714c82ff70cb579
F00203,1,10.1016/j.ceramint.2020.07.260,data_all/x_time_day/10.1016_j.ceramint.2020.07.260/Fig7_A_stability_performance_curve_pce/accepted/10.1016_j.ceramint.2020.07.260__Fig7__A__stability_performance_curve_pce__Cell_B__Series_1.csv,10.1016_j.ceramint.2020.07.260/10.1016_j.ceramint.2020.07.260__Fig7__A__stability_performance_curve_pce__Cell_B__Series_1.csv,3acac8a402207b073a33394ecb0678c6969fc1208b422aeb979f04e8e49126cf
F00206,1,10.1016/j.cplett.2021.138496,data_all/x_time_day/10.1016_j.cplett.2021.138496/Fig5_B_stability_performance_curve/accepted/10.1016_j.cplett.2021.138496__Fig5__B__stability_performance_curve__c-TiO₂_m-TiO₂_based__Series_2.csv,10.1016_j.cplett.2021.138496/10.1016_j.cplett.2021.138496__Fig5__B__stability_performance_curve__c-TiO₂_m-TiO₂_based__Series_2.csv,c281a3d406ab91f63801eaba0124e4f6a1f03a2fa8d6a983bae1df4c9c715589
F00207,1,10.1016/j.dyepig.2018.07.053,data_all/x_time_day/10.1016_j.dyepig.2018.07.053/Fig8_B_curve/accepted/10.1016_j.dyepig.2018.07.053__Fig8__B__curve__PEDOT_PSS__Series_1.csv,10.1016_j.dyepig.2018.07.053/10.1016_j.dyepig.2018.07.053__Fig8__B__curve__PEDOT_PSS__Series_1.csv,af703af7f1bb5e809175ad13512798c5a9a3a06b367ed0005d69e3ff4cd26b9f
F00208,1,10.1016/j.dyepig.2020.108663,data_all/x_time_day/10.1016_j.dyepig.2020.108663/Fig6_whole_figure/accepted/10.1016_j.dyepig.2020.108663__Fig6__whole__figure__Spiro-OMeTAD__Series_1.csv,10.1016_j.dyepig.2020.108663/10.1016_j.dyepig.2020.108663__Fig6__whole__figure__Spiro-OMeTAD__Series_1.csv,4f3453e36ae64f0ab9f83874e083f94d8fdc9b7d3265b51afd0d2bb0d8e48ca1
F00209,1,10.1016/j.dyepig.2021.109339,data_all/x_time_day/10.1016_j.dyepig.2021.109339/Fig7_whole_stability/accepted/10.1016_j.dyepig.2021.109339__Fig7__whole__stability__Spiro-OMeTAD_(doped)__Series_1.csv,10.1016_j.dyepig.2021.109339/10.1016_j.dyepig.2021.109339__Fig7__whole__stability__Spiro-OMeTAD_(doped)__Series_1.csv,acc7d2563851ef58c44fb86151f4c3aa0aeca7fc077cce69b21bcebe353b344e
F00210,1,10.1016/j.dyepig.2021.109718,data_all/x_time_day/10.1016_j.dyepig.2021.109718/Fig6_A_stability_performance_curve_pce/accepted/10.1016_j.dyepig.2021.109718__Fig6__A__stability_performance_curve_pce__BTPA-C__Series_1.csv,10.1016_j.dyepig.2021.109718/10.1016_j.dyepig.2021.109718__Fig6__A__stability_performance_curve_pce__BTPA-C__Series_1.csv,1c5ded65f0f8a16944efa948870a1d6ae5c63d0ca7a2832bb185828a870b27bb
F00211,1,10.1016/j.dyepig.2021.109718,data_all/x_time_day/10.1016_j.dyepig.2021.109718/Fig6_A_stability_performance_curve_pce/accepted/10.1016_j.dyepig.2021.109718__Fig6__A__stability_performance_curve_pce__Spiro-OMeTAD__Series_3.csv,10.1016_j.dyepig.2021.109718/10.1016_j.dyepig.2021.109718__Fig6__A__stability_performance_curve_pce__Spiro-OMeTAD__Series_3.csv,cf24b3a7ce4930baf4696bb88c6fb33c73d5f935b0a3a9a825eae3a9a1f2212d
F00212,1,10.1016/j.electacta.2016.11.132,data_all/x_time_day/10.1016_j.electacta.2016.11.132/Fig6_A_stability_performance_curve_pce/accepted/10.1016_j.electacta.2016.11.132__Fig6__A__stability_performance_curve_pce__MAPbI₃_Perovskite_Device__Series_2.csv,10.1016_j.electacta.2016.11.132/10.1016_j.electacta.2016.11.132__Fig6__A__stability_performance_curve_pce__MAPbI₃_Perovskite_Device__Series_2.csv,4abfa4e484990feb1bce2fffd49b2f21f33717e13bac4e9593522cde0e281cc5
F00214,1,10.1016/j.electacta.2017.03.192,data_all/x_time_day/10.1016_j.electacta.2017.03.192/Fig6_E_eqe_plot_stability_performance_curve/accepted/10.1016_j.electacta.2017.03.192__Fig6__E__eqe_plot_stability_performance_curve__M-PSCs__Series_2.csv,10.1016_j.electacta.2017.03.192/10.1016_j.electacta.2017.03.192__Fig6__E__eqe_plot_stability_performance_curve__M-PSCs__Series_2.csv,4b8832d7f3c32b5dcf024a978bab0e7f321c8706f12ecab1d8eca876808efc55
F00215,1,10.1016/j.electacta.2017.03.192,data_all/x_time_day/10.1016_j.electacta.2017.03.192/Fig6_E_eqe_plot_stability_performance_curve/accepted/10.1016_j.electacta.2017.03.192__Fig6__E__eqe_plot_stability_performance_curve__P-Pscs__Series_3.csv,10.1016_j.electacta.2017.03.192/10.1016_j.electacta.2017.03.192__Fig6__E__eqe_plot_stability_performance_curve__P-Pscs__Series_3.csv,bac988174ff16fc899d266d9982b41b192225763052231a3bbe716bef01db0bd
F00216,1,10.1016/j.electacta.2017.03.192,data_all/x_time_day/10.1016_j.electacta.2017.03.192/Fig6_E_eqe_plot_stability_performance_curve/accepted/10.1016_j.electacta.2017.03.192__Fig6__E__eqe_plot_stability_performance_curve__QM-PSCs__Series_1.csv,10.1016_j.electacta.2017.03.192/10.1016_j.electacta.2017.03.192__Fig6__E__eqe_plot_stability_performance_curve__QM-PSCs__Series_1.csv,583b8bba9d16671b57c597bbbe29a59a65a68979b93acf466ba0538b207b792c
F00217,1,10.1016/j.electacta.2017.07.040,data_all/x_time_day/10.1016_j.electacta.2017.07.040/Fig8_whole_stability_performance_curve_pce/accepted/10.1016_j.electacta.2017.07.040__Fig8__whole__stability_performance_curve_pce__FAPbI_3__Series_2.csv,10.1016_j.electacta.2017.07.040/10.1016_j.electacta.2017.07.040__Fig8__whole__stability_performance_curve_pce__FAPbI_3__Series_2.csv,03dd0f06829f54694853242bfa4c798ed04f284bff11729222486f5919cff852
F00218,1,10.1016/j.electacta.2017.07.040,data_all/x_time_day/10.1016_j.electacta.2017.07.040/Fig8_whole_stability_performance_curve_pce/accepted/10.1016_j.electacta.2017.07.040__Fig8__whole__stability_performance_curve_pce__MAPbI_3__Series_3.csv,10.1016_j.electacta.2017.07.040/10.1016_j.electacta.2017.07.040__Fig8__whole__stability_performance_curve_pce__MAPbI_3__Series_3.csv,9abe1ed0185bb0423ec74327eb93e782e9c179972f5501c8e44e80dea3f23cc7
F00220,1,10.1016/j.electacta.2018.04.055,data_all/x_time_day/10.1016_j.electacta.2018.04.055/Fig4_D_stability_performance_curve_pce/accepted/10.1016_j.electacta.2018.04.055__Fig4__D__stability_performance_curve_pce__PEDOT_PSS__Series_1.csv,10.1016_j.electacta.2018.04.055/10.1016_j.electacta.2018.04.055__Fig4__D__stability_performance_curve_pce__PEDOT_PSS__Series_1.csv,a79e7aa04e19b33fe1c010f764fdbf8349e6d481091b9f9145c212e0e123db4e
F00221,1,10.1016/j.electacta.2018.06.112,data_all/x_time_day/10.1016_j.electacta.2018.06.112/Fig7_A_pce/accepted/10.1016_j.electacta.2018.06.112__Fig7__A__pce__Pristine_PSCs__Series_2.csv,10.1016_j.electacta.2018.06.112/10.1016_j.electacta.2018.06.112__Fig7__A__pce__Pristine_PSCs__Series_2.csv,a45047aebe6d204b79864e26eaa55d8a6d86216a982c5e52f2078591ea34cdb4
F00222,1,10.1016/j.electacta.2018.07.028,data_all/x_time_day/10.1016_j.electacta.2018.07.028/Fig2_A_spectrum_2/accepted/10.1016_j.electacta.2018.07.028__Fig2__A__spectrum_2__Ref.ETL__Series_2.csv,10.1016_j.electacta.2018.07.028/10.1016_j.electacta.2018.07.028__Fig2__A__spectrum_2__Ref.ETL__Series_2.csv,5c901ed8cd7186900b25f4902f126f2282a08e92fad8b696cbc57de68187a84b
F00223,1,10.1016/j.electacta.2018.07.028,data_all/x_time_day/10.1016_j.electacta.2018.07.028/Fig2_A_spectrum_2/accepted/10.1016_j.electacta.2018.07.028__Fig2__A__spectrum_2__m-TiO2__Series_3.csv,10.1016_j.electacta.2018.07.028/10.1016_j.electacta.2018.07.028__Fig2__A__spectrum_2__m-TiO2__Series_3.csv,a3fca61b5da42b001515fc2d587359abb2bd68935ff5d528647d9877aec0af6c
F00224,1,10.1016/j.electacta.2018.09.097,data_all/x_time_day/10.1016_j.electacta.2018.09.097/Fig8_A_stability_performance_curve_pce/accepted/10.1016_j.electacta.2018.09.097__Fig8__A__stability_performance_curve_pce__ZnO_PSC__Series_1.csv,10.1016_j.electacta.2018.09.097/10.1016_j.electacta.2018.09.097__Fig8__A__stability_performance_curve_pce__ZnO_PSC__Series_1.csv,8f40515ddac8e823ce5d84f39090136d213e62d30292d6935ef5b93705c7874b
F00225,1,10.1016/j.electacta.2018.09.195,data_all/x_time_day/10.1016_j.electacta.2018.09.195/Fig6_D_stability_performance_curve/accepted/10.1016_j.electacta.2018.09.195__Fig6__D__stability_performance_curve__W_OMethanol__Series_1.csv,10.1016_j.electacta.2018.09.195/10.1016_j.electacta.2018.09.195__Fig6__D__stability_performance_curve__W_OMethanol__Series_1.csv,ecc0eb7307feb039ab6402106a2013122da1e40c7d4c5ee5436e4e1d9ff51823
F00226,1,10.1016/j.electacta.2019.06.102,data_all/x_time_day/10.1016_j.electacta.2019.06.102/Fig6_A_stability_performance_curve_pce/accepted/10.1016_j.electacta.2019.06.102__Fig6__A__stability_performance_curve_pce__Tw_o_PVK__Series_1.csv,10.1016_j.electacta.2019.06.102/10.1016_j.electacta.2019.06.102__Fig6__A__stability_performance_curve_pce__Tw_o_PVK__Series_1.csv,7f4a5a5d2972848c545376f89eb473e103a152060f70c2d2960d9042b0622bc8
F00227,1,10.1016/j.jallcom.2019.06.089,data_all/x_time_day/10.1016_j.jallcom.2019.06.089/Fig6_B_stability_performance_curve_pce/accepted/10.1016_j.jallcom.2019.06.089__Fig6__B__stability_performance_curve_pce__PCBM__Series_1.csv,10.1016_j.jallcom.2019.06.089/10.1016_j.jallcom.2019.06.089__Fig6__B__stability_performance_curve_pce__PCBM__Series_1.csv,49d269a148bf34b12c6f07abe9b0ea2e4d2eb515bf7a2e239e192bcdfcf61502
F00229,1,10.1016/j.jallcom.2019.152091,data_all/x_time_day/10.1016_j.jallcom.2019.152091/Fig5_A_chart/accepted/10.1016_j.jallcom.2019.152091__Fig5__A__chart__PEDOT_PSS__Series_1.csv,10.1016_j.jallcom.2019.152091/10.1016_j.jallcom.2019.152091__Fig5__A__chart__PEDOT_PSS__Series_1.csv,ad02b36932e0f00065ea9c1b4889d5d1a4e4528c87f23632d9f43c1244c40fe3
F00230,1,10.1016/j.jallcom.2020.153738,data_all/x_time_day/10.1016_j.jallcom.2020.153738/Fig8_whole_figure/accepted/10.1016_j.jallcom.2020.153738__Fig8__whole__figure__TiO₂__Series_1.csv,10.1016_j.jallcom.2020.153738/10.1016_j.jallcom.2020.153738__Fig8__whole__figure__TiO₂__Series_1.csv,f26a25f140e601798341d5f431a6727904b92d6bc759b42a37eaba14c447eab8
F00231,1,10.1016/j.jallcom.2020.155460,data_all/x_time_day/10.1016_j.jallcom.2020.155460/Fig7_B_stability_performance_curve_pce/accepted/10.1016_j.jallcom.2020.155460__Fig7__B__stability_performance_curve_pce__−-p-In203__Series_1.csv,10.1016_j.jallcom.2020.155460/10.1016_j.jallcom.2020.155460__Fig7__B__stability_performance_curve_pce__−-p-In203__Series_1.csv,3edd1df38ac9a842c9180a9a99f36431d8de65ac4121ca0e84f6936567cd5564
F00232,1,10.1016/j.jallcom.2020.157396,data_all/x_time_day/10.1016_j.jallcom.2020.157396/Fig6_B_stability_performance_curve_pce/accepted/10.1016_j.jallcom.2020.157396__Fig6__B__stability_performance_curve_pce__No_additive__Series_2.csv,10.1016_j.jallcom.2020.157396/10.1016_j.jallcom.2020.157396__Fig6__B__stability_performance_curve_pce__No_additive__Series_2.csv,6db8ea559e1e879cfe93b814bfe668d2ba467a8c5d4212235fbd8e8d8665475f
F00233,1,10.1016/j.jallcom.2020.158079,data_all/x_time_day/10.1016_j.jallcom.2020.158079/Fig7_D_pce/accepted/10.1016_j.jallcom.2020.158079__Fig7__D__pce__CH3NH3PbI3_Control_TiO2__Series_1.csv,10.1016_j.jallcom.2020.158079/10.1016_j.jallcom.2020.158079__Fig7__D__pce__CH3NH3PbI3_Control_TiO2__Series_1.csv,a5f62bb15144042db770e0dfc68fbddafbba2556f7bac069d8acd6a1b3269d26
F00234,1,10.1016/j.jallcom.2020.158079,data_all/x_time_day/10.1016_j.jallcom.2020.158079/Fig7_D_pce/accepted/10.1016_j.jallcom.2020.158079__Fig7__D__pce__CH3NH3PbI3_HollowTiO2__Series_2.csv,10.1016_j.jallcom.2020.158079/10.1016_j.jallcom.2020.158079__Fig7__D__pce__CH3NH3PbI3_HollowTiO2__Series_2.csv,ffc4ebab2e1c99fb51a8eb847ba4b860075c7687cc24ce288e2d3840121f3384
F00236,1,10.1016/j.jallcom.2021.161247,data_all/x_time_day/10.1016_j.jallcom.2021.161247/Fig7_B_stability_performance_curve_pce/accepted/10.1016_j.jallcom.2021.161247__Fig7__B__stability_performance_curve_pce__Pristine__Series_2.csv,10.1016_j.jallcom.2021.161247/10.1016_j.jallcom.2021.161247__Fig7__B__stability_performance_curve_pce__Pristine__Series_2.csv,b5c95e4acde2e85657ef221232db45460c9483ee15e466b0ec93b46394e5ab35
F00237,1,10.1016/j.jallcom.2021.161352,data_all/x_time_day/10.1016_j.jallcom.2021.161352/Fig5_D_stability_performance_curve_pce/accepted/10.1016_j.jallcom.2021.161352__Fig5__D__stability_performance_curve_pce__o—SnO2__Series_1.csv,10.1016_j.jallcom.2021.161352/10.1016_j.jallcom.2021.161352__Fig5__D__stability_performance_curve_pce__o—SnO2__Series_1.csv,a3b1c9f1ed76b02c851bdd6aefc4063edc44569ed1b410b390cb94f330854a85
F00238,1,10.1016/j.jallcom.2021.161455,data_all/x_time_day/10.1016_j.jallcom.2021.161455/Fig5_D_stability_performance_curve/accepted/10.1016_j.jallcom.2021.161455__Fig5__D__stability_performance_curve__Device_A__Series_2.csv,10.1016_j.jallcom.2021.161455/10.1016_j.jallcom.2021.161455__Fig5__D__stability_performance_curve__Device_A__Series_2.csv,bc13a43ab2f850f8c8e4fb770dff7504bf51cb0d91e50fb83ff755234263d3fb
F00242,1,10.1016/j.jechem.2020.05.061,data_all/x_time_day/10.1016_j.jechem.2020.05.061/Fig6_A_stability_performance_curve_pce/accepted/10.1016_j.jechem.2020.05.061__Fig6__A__stability_performance_curve_pce__MAPbl3__Series_2.csv,10.1016_j.jechem.2020.05.061/10.1016_j.jechem.2020.05.061__Fig6__A__stability_performance_curve_pce__MAPbl3__Series_2.csv,869ac44cb9e8cfcab2bcc2fc23e3200a98aa240bb92813c33b8f3661709278fa
F00243,1,10.1016/j.jechem.2020.06.061,data_all/x_time_day/10.1016_j.jechem.2020.06.061/Fig2_C_eqe_spectrum_jsc_2/accepted/10.1016_j.jechem.2020.06.061__Fig2__C__eqe_spectrum_jsc_2__w_o__Series_2.csv,10.1016_j.jechem.2020.06.061/10.1016_j.jechem.2020.06.061__Fig2__C__eqe_spectrum_jsc_2__w_o__Series_2.csv,986a3b4fd6dfc162ed7fd655796d37febf69d211951599d99d5d0f306137c28f
F00244,1,10.1016/j.jechem.2020.06.062,data_all/x_time_day/10.1016_j.jechem.2020.06.062/Fig5_A_stability_performance_curve_pce/accepted/10.1016_j.jechem.2020.06.062__Fig5__A__stability_performance_curve_pce__Spiro-OMeTAD__Series_2.csv,10.1016_j.jechem.2020.06.062/10.1016_j.jechem.2020.06.062__Fig5__A__stability_performance_curve_pce__Spiro-OMeTAD__Series_2.csv,19a3780c628155a095ffbcb81f344f4b7de2ce9dc06056ba52a406be11ad0906
F00245,1,10.1016/j.jechem.2021.04.058,data_all/x_time_day/10.1016_j.jechem.2021.04.058/Fig5_F_stability_performance_curve_pce/accepted/10.1016_j.jechem.2021.04.058__Fig5__F__stability_performance_curve_pce__Control__Series_2.csv,10.1016_j.jechem.2021.04.058/10.1016_j.jechem.2021.04.058__Fig5__F__stability_performance_curve_pce__Control__Series_2.csv,7266bb7ae12bad42b7ca04841184aac89bae94fb32e3b1dfcddb8d31c293b6aa
F00246,1,10.1016/j.jmst.2018.03.005,data_all/x_time_day/10.1016_j.jmst.2018.03.005/Fig6_whole_curve/accepted/10.1016_j.jmst.2018.03.005__Fig6__whole__curve__Spiro-OMeTAD__Series_2.csv,10.1016_j.jmst.2018.03.005/10.1016_j.jmst.2018.03.005__Fig6__whole__curve__Spiro-OMeTAD__Series_2.csv,af8162002a602a970971bd637de1465140d4bb0d4a43c2a45425e9aa57e15782
F00247,1,10.1016/j.jmst.2021.05.084,data_all/x_time_day/10.1016_j.jmst.2021.05.084/Fig5_A_stability_performance_curve_pce/accepted/10.1016_j.jmst.2021.05.084__Fig5__A__stability_performance_curve_pce__0_wt%__Series_2.csv,10.1016_j.jmst.2021.05.084/10.1016_j.jmst.2021.05.084__Fig5__A__stability_performance_curve_pce__0_wt%__Series_2.csv,1ff11c84cf1297adf7434f1124cca5a0d7c52aa30d3c23d1199e23f192cba447
F00248,1,10.1016/j.jpcs.2021.110000,data_all/x_time_day/10.1016_j.jpcs.2021.110000/Fig4_E_stability_performance_curve_pce/accepted/10.1016_j.jpcs.2021.110000__Fig4__E__stability_performance_curve_pce__CsPbI2Br__Series_1.csv,10.1016_j.jpcs.2021.110000/10.1016_j.jpcs.2021.110000__Fig4__E__stability_performance_curve_pce__CsPbI2Br__Series_1.csv,8d9b34023951b8084b0c49f1b76b57c2344d38d9735da4c46cbb8d3241b2a902
F00249,1,10.1016/j.jpowsour.2017.05.007,data_all/x_time_day/10.1016_j.jpowsour.2017.05.007/Fig5_A_pce/accepted/10.1016_j.jpowsour.2017.05.007__Fig5__A__pce__PEDOT_PSS__Series_1.csv,10.1016_j.jpowsour.2017.05.007/10.1016_j.jpowsour.2017.05.007__Fig5__A__pce__PEDOT_PSS__Series_1.csv,3669186afb693a19909a96f0c22b4d2a68fb9094c1aff2337154017e0bc0910c
F00250,1,10.1016/j.jpowsour.2017.07.112,data_all/x_time_day/10.1016_j.jpowsour.2017.07.112/Fig7_A_stability_performance_curve_pce/accepted/10.1016_j.jpowsour.2017.07.112__Fig7__A__stability_performance_curve_pce__W_O_IPA_treatment__Series_1.csv,10.1016_j.jpowsour.2017.07.112/10.1016_j.jpowsour.2017.07.112__Fig7__A__stability_performance_curve_pce__W_O_IPA_treatment__Series_1.csv,8222fa3a19b0acbe1b187bd502566b0aa00eb6b19460e1b52135c23ba66f4bbf
F00251,1,10.1016/j.jpowsour.2018.02.030,data_all/x_time_day/10.1016_j.jpowsour.2018.02.030/Fig6_A_stability_performance_curve_pce/accepted/10.1016_j.jpowsour.2018.02.030__Fig6__A__stability_performance_curve_pce__ZnO_Device__Series_2.csv,10.1016_j.jpowsour.2018.02.030/10.1016_j.jpowsour.2018.02.030__Fig6__A__stability_performance_curve_pce__ZnO_Device__Series_2.csv,707306e0f4d0a0e38cc51224940c72974f4a54b64b6f6f452b0310c5bbeb51ae
F00252,1,10.1016/j.jpowsour.2019.04.024,data_all/x_time_day/10.1016_j.jpowsour.2019.04.024/Fig8_A_xrd_pattern_stability_performance_curve_pce/accepted/10.1016_j.jpowsour.2019.04.024__Fig8__A__xrd_pattern_stability_performance_curve_pce__MAPbI+TMA__Series_1.csv,10.1016_j.jpowsour.2019.04.024/10.1016_j.jpowsour.2019.04.024__Fig8__A__xrd_pattern_stability_performance_curve_pce__MAPbI+TMA__Series_1.csv,7a149ea6443203fb2d0654829ee6f69147018b8976c2183192709b0016393488
F00253,1,10.1016/j.jpowsour.2019.04.024,data_all/x_time_day/10.1016_j.jpowsour.2019.04.024/Fig8_A_xrd_pattern_stability_performance_curve_pce/accepted/10.1016_j.jpowsour.2019.04.024__Fig8__A__xrd_pattern_stability_performance_curve_pce__MAPbl3__Series_2.csv,10.1016_j.jpowsour.2019.04.024/10.1016_j.jpowsour.2019.04.024__Fig8__A__xrd_pattern_stability_performance_curve_pce__MAPbl3__Series_2.csv,a8818b888f8ce5f12d4bf40ec21c63b74b84db3a4a48bf6b11269a5d3e37226d
F00254,1,10.1016/j.jpowsour.2019.226914,data_all/x_time_day/10.1016_j.jpowsour.2019.226914/Fig6_E_jv_curve_stability_performance_pce/accepted/10.1016_j.jpowsour.2019.226914__Fig6__E__jv_curve_stability_performance_pce__w_o_PbBr2__Series_1.csv,10.1016_j.jpowsour.2019.226914/10.1016_j.jpowsour.2019.226914__Fig6__E__jv_curve_stability_performance_pce__w_o_PbBr2__Series_1.csv,d88ddc8c45ff762ab4e10045dd68224f58b07a1baf0b8f4aefa85cb6968d4043
F00255,1,10.1016/j.jpowsour.2019.227216,data_all/x_time_day/10.1016_j.jpowsour.2019.227216/Fig6_A_stability_performance_curve_pce/accepted/10.1016_j.jpowsour.2019.227216__Fig6__A__stability_performance_curve_pce__CH₃NH₃PbI₃_w_o_tBP__Series_1.csv,10.1016_j.jpowsour.2019.227216/10.1016_j.jpowsour.2019.227216__Fig6__A__stability_performance_curve_pce__CH₃NH₃PbI₃_w_o_tBP__Series_1.csv,8d65e4dab06843cf4428e26fc7d96ca6afaac9718c447318376f07d2b91bb2cc
F00256,1,10.1016/j.jpowsour.2019.227267,data_all/x_time_day/10.1016_j.jpowsour.2019.227267/Fig5_B_stability_performance_curve_pce/accepted/10.1016_j.jpowsour.2019.227267__Fig5__B__stability_performance_curve_pce__NiOx__Series_1.csv,10.1016_j.jpowsour.2019.227267/10.1016_j.jpowsour.2019.227267__Fig5__B__stability_performance_curve_pce__NiOx__Series_1.csv,92da00b794ee5eb520e4f213ed104fdd1b990064a894d3014d79671face5e0fc
F00257,1,10.1016/j.jpowsour.2020.227913,data_all/x_time_day/10.1016_j.jpowsour.2020.227913/Fig5_B_stability_performance_curve_pce/accepted/10.1016_j.jpowsour.2020.227913__Fig5__B__stability_performance_curve_pce__Pristine__Series_2.csv,10.1016_j.jpowsour.2020.227913/10.1016_j.jpowsour.2020.227913__Fig5__B__stability_performance_curve_pce__Pristine__Series_2.csv,42e9d9681373d21d4a5bd5a1d4fba3a27a17610dbe125a86de703bb7c84017e3
F00258,1,10.1016/j.jpowsour.2020.227938,data_all/x_time_day/10.1016_j.jpowsour.2020.227938/Fig5_C_stability_performance_curve/accepted/10.1016_j.jpowsour.2020.227938__Fig5__C__stability_performance_curve__spiro-OMeTAD__Series_2.csv,10.1016_j.jpowsour.2020.227938/10.1016_j.jpowsour.2020.227938__Fig5__C__stability_performance_curve__spiro-OMeTAD__Series_2.csv,211f317905f708c011d25cd1e9257d36d3ab8e52e5b80d4c9a89239b3e410737
F00259,1,10.1016/j.jpowsour.2020.228556,data_all/x_time_day/10.1016_j.jpowsour.2020.228556/Fig7_A_stability_performance_curve_pce/accepted/10.1016_j.jpowsour.2020.228556__Fig7__A__stability_performance_curve_pce__PSCwith_t-BP__Series_2.csv,10.1016_j.jpowsour.2020.228556/10.1016_j.jpowsour.2020.228556__Fig7__A__stability_performance_curve_pce__PSCwith_t-BP__Series_2.csv,90f01b4f18cf1334c3857cbeffa4eb801e3bd7e183d3e18f1b4a497349232ed6
F00261,1,10.1016/j.jpowsour.2020.228738,data_all/x_time_day/10.1016_j.jpowsour.2020.228738/Fig6_A_stability_performance_curve_pce/accepted/10.1016_j.jpowsour.2020.228738__Fig6__A__stability_performance_curve_pce__NiO__Series_1.csv,10.1016_j.jpowsour.2020.228738/10.1016_j.jpowsour.2020.228738__Fig6__A__stability_performance_curve_pce__NiO__Series_1.csv,914072e89144b8eec992f941235fd767a9b72d33319ab68b59487a111deab4c6
F00262,1,10.1016/j.jpowsour.2020.228764,data_all/x_time_day/10.1016_j.jpowsour.2020.228764/Fig6_D_stability_performance_curve/accepted/10.1016_j.jpowsour.2020.228764__Fig6__D__stability_performance_curve__AgNWs__Series_2.csv,10.1016_j.jpowsour.2020.228764/10.1016_j.jpowsour.2020.228764__Fig6__D__stability_performance_curve__AgNWs__Series_2.csv,42cd0140754426680c867817b2c46148298bb9904b85f40696cc1afbf77329b1
F00263,1,10.1016/j.jpowsour.2020.228857,data_all/x_time_day/10.1016_j.jpowsour.2020.228857/Fig4_F_stability_performance_curve/accepted/10.1016_j.jpowsour.2020.228857__Fig4__F__stability_performance_curve__Pristine__Series_1.csv,10.1016_j.jpowsour.2020.228857/10.1016_j.jpowsour.2020.228857__Fig4__F__stability_performance_curve__Pristine__Series_1.csv,a1c0f6aac8a2c9ac51407584399da6643bfcb397c83cccf0675b9c4b98a0ab22
F00264,1,10.1016/j.jpowsour.2020.229149,data_all/x_time_day/10.1016_j.jpowsour.2020.229149/Fig2_D_jv_curve_stability_performance_pce/accepted/10.1016_j.jpowsour.2020.229149__Fig2__D__jv_curve_stability_performance_pce__tra._Spiro__Series_2.csv,10.1016_j.jpowsour.2020.229149/10.1016_j.jpowsour.2020.229149__Fig2__D__jv_curve_stability_performance_pce__tra._Spiro__Series_2.csv,e725765bd86c7431ea3e4f7e87b56f395795d1958426ff6193951b09d04e88c2
F00265,1,10.1016/j.jpowsour.2020.229345,data_all/x_time_day/10.1016_j.jpowsour.2020.229345/Fig8_E_stability_performance_curve_jsc/accepted/10.1016_j.jpowsour.2020.229345__Fig8__E__stability_performance_curve_jsc__Bare__Series_1.csv,10.1016_j.jpowsour.2020.229345/10.1016_j.jpowsour.2020.229345__Fig8__E__stability_performance_curve_jsc__Bare__Series_1.csv,ff71dc6c9ebfab2d920fb9ca48e3e0f10113e28e69da607f7c2cb218b47b809f
F00266,1,10.1016/j.jpowsour.2020.229345,data_all/x_time_day/10.1016_j.jpowsour.2020.229345/Fig8_E_stability_performance_curve_jsc/accepted/10.1016_j.jpowsour.2020.229345__Fig8__E__stability_performance_curve_jsc__Perovskite_PEG__Series_2.csv,10.1016_j.jpowsour.2020.229345/10.1016_j.jpowsour.2020.229345__Fig8__E__stability_performance_curve_jsc__Perovskite_PEG__Series_2.csv,f8adf70162a99da454238b5d2c09037ac51efa8b47bd54069c57f086fbdb4c7d
F00267,1,10.1016/j.jpowsour.2021.229909,data_all/x_time_day/10.1016_j.jpowsour.2021.229909/Fig7_A_stability_performance_curve/accepted/10.1016_j.jpowsour.2021.229909__Fig7__A__stability_performance_curve__ZnO__Series_1.csv,10.1016_j.jpowsour.2021.229909/10.1016_j.jpowsour.2021.229909__Fig7__A__stability_performance_curve__ZnO__Series_1.csv,cd629cb2b4bdb020fae7294774178724eae9f5fd0b96f08ee068fc635760b637
F00268,1,10.1016/j.jpowsour.2021.229909,data_all/x_time_day/10.1016_j.jpowsour.2021.229909/Fig7_B_stability_performance_curve/accepted/10.1016_j.jpowsour.2021.229909__Fig7__B__stability_performance_curve__ZnO__Series_1.csv,10.1016_j.jpowsour.2021.229909/10.1016_j.jpowsour.2021.229909__Fig7__B__stability_performance_curve__ZnO__Series_1.csv,672801330d067b299a6933ebeb55e6d035f25c97735d2ad9949dff3100515105
F00269,1,10.1016/j.jpowsour.2021.230212,data_all/x_time_day/10.1016_j.jpowsour.2021.230212/Fig5_F_stability_performance_curve_pce/accepted/10.1016_j.jpowsour.2021.230212__Fig5__F__stability_performance_curve_pce__SC_device__Series_1.csv,10.1016_j.jpowsour.2021.230212/10.1016_j.jpowsour.2021.230212__Fig5__F__stability_performance_curve_pce__SC_device__Series_1.csv,4b58dcf6cfc7c8fe8a7679c037cdcff4e4d6aeadd8aa55371af8ab3b0a27a822
F00270,1,10.1016/j.jpowsour.2021.230302,data_all/x_time_day/10.1016_j.jpowsour.2021.230302/Fig7_B_pce/accepted/10.1016_j.jpowsour.2021.230302__Fig7__B__pce__PEDOT_PSS__Series_2.csv,10.1016_j.jpowsour.2021.230302/10.1016_j.jpowsour.2021.230302__Fig7__B__pce__PEDOT_PSS__Series_2.csv,dbb131a0cf1898626cdd98fbb40477eb50f088b474bd8bb21bc7e857570789c1
F00271,1,10.1016/j.jpowsour.2021.230302,data_all/x_time_day/10.1016_j.jpowsour.2021.230302/Fig7_B_pce/accepted/10.1016_j.jpowsour.2021.230302__Fig7__B__pce__Pristine__Series_3.csv,10.1016_j.jpowsour.2021.230302/10.1016_j.jpowsour.2021.230302__Fig7__B__pce__Pristine__Series_3.csv,01dcca428a086ca4663de8475f15a79b81da2faf576a06b29eb1e004ef04ec47
F00272,1,10.1016/j.jpowsour.2022.231243,data_all/x_time_day/10.1016_j.jpowsour.2022.231243/Fig6_B_jv_curve_stability_performance_pce/accepted/10.1016_j.jpowsour.2022.231243__Fig6__B__jv_curve_stability_performance_pce__W_O_M-P_chloride__Series_2.csv,10.1016_j.jpowsour.2022.231243/10.1016_j.jpowsour.2022.231243__Fig6__B__jv_curve_stability_performance_pce__W_O_M-P_chloride__Series_2.csv,2be1283712cbc59fd2c23194dba780a4570ff9902654cf15cfa99ed9c819e87c
F00273,1,10.1016/j.jssc.2018.10.014,data_all/x_time_day/10.1016_j.jssc.2018.10.014/Fig9_A_stability_performance_curve_pce/accepted/10.1016_j.jssc.2018.10.014__Fig9__A__stability_performance_curve_pce__w_oKSCN__Series_1.csv,10.1016_j.jssc.2018.10.014/10.1016_j.jssc.2018.10.014__Fig9__A__stability_performance_curve_pce__w_oKSCN__Series_1.csv,5a5f32e359ad5910a401bd6f410d377bd11e775ac5ab5cf7f8103e2a2dd87279
F00274,1,10.1016/j.materresbull.2018.03.027,data_all/x_time_day/10.1016_j.materresbull.2018.03.027/Fig6_B_eis_plot_pce/accepted/10.1016_j.materresbull.2018.03.027__Fig6__B__eis_plot_pce__PEDOT_PSS__Series_1.csv,10.1016_j.materresbull.2018.03.027/10.1016_j.materresbull.2018.03.027__Fig6__B__eis_plot_pce__PEDOT_PSS__Series_1.csv,602149029ae34d9cbca8deaf18a9f174304dcf4501e0b5471d4525528cb2d68a
F00276,1,10.1016/j.mssp.2018.10.034,data_all/x_time_day/10.1016_j.mssp.2018.10.034/Fig12_whole_stability/accepted/10.1016_j.mssp.2018.10.034__Fig12__whole__stability__ZnO-TiO2nanorods__Series_1.csv,10.1016_j.mssp.2018.10.034/10.1016_j.mssp.2018.10.034__Fig12__whole__stability__ZnO-TiO2nanorods__Series_1.csv,9c8c1c24f9e06f7b64b0ecc15c6afbee736cafeebc9b2b95acece814d289330f
F00277,1,10.1016/j.mssp.2018.10.034,data_all/x_time_day/10.1016_j.mssp.2018.10.034/Fig12_whole_stability/accepted/10.1016_j.mssp.2018.10.034__Fig12__whole__stability__ZnOnanorods__Series_2.csv,10.1016_j.mssp.2018.10.034/10.1016_j.mssp.2018.10.034__Fig12__whole__stability__ZnOnanorods__Series_2.csv,12730c1d456950371655f6267db2faca8be8bca8e695c60f328dbf40cce7092a
F00278,1,10.1016/j.mssp.2019.03.028,data_all/x_time_day/10.1016_j.mssp.2019.03.028/Fig5_F_stability_performance_curve_eqe/accepted/10.1016_j.mssp.2019.03.028__Fig5__F__stability_performance_curve_eqe__MAPbl3__Series_2.csv,10.1016_j.mssp.2019.03.028/10.1016_j.mssp.2019.03.028__Fig5__F__stability_performance_curve_eqe__MAPbl3__Series_2.csv,d655cc6e755f2933011ed7b9175798e54454b947e12d228341bae670ace4e906
F00279,1,10.1016/j.mssp.2019.104908,data_all/x_time_day/10.1016_j.mssp.2019.104908/Fig11_A_stability_performance_curve_pce/accepted/10.1016_j.mssp.2019.104908__Fig11__A__stability_performance_curve_pce__PEDOT_PSS__Series_1.csv,10.1016_j.mssp.2019.104908/10.1016_j.mssp.2019.104908__Fig11__A__stability_performance_curve_pce__PEDOT_PSS__Series_1.csv,a47f61880ed54d83b4fd1b2308dca734090925731b61c01cb9ffe0e5c8570d77
F00280,1,10.1016/j.mssp.2021.105847,data_all/x_time_day/10.1016_j.mssp.2021.105847/Fig6_C_stability_performance_curve_pce/accepted/10.1016_j.mssp.2021.105847__Fig6__C__stability_performance_curve_pce__。—W_O_QDs__Series_1.csv,10.1016_j.mssp.2021.105847/10.1016_j.mssp.2021.105847__Fig6__C__stability_performance_curve_pce__。—W_O_QDs__Series_1.csv,0154ce04a75d09f683622b395dc96dee7d751f3ada9177a25df771df01e9587c
F00281,1,10.1016/j.mssp.2021.105941,data_all/x_time_day/10.1016_j.mssp.2021.105941/Fig9_whole_figure/accepted/10.1016_j.mssp.2021.105941__Fig9__whole__figure__Pure__Series_4.csv,10.1016_j.mssp.2021.105941/10.1016_j.mssp.2021.105941__Fig9__whole__figure__Pure__Series_4.csv,7d261ebf69fed8d4a4abad77a77a92dd234737836486b846032d30296bcc5aad
F00282,1,10.1016/j.mtener.2018.07.004,data_all/x_time_day/10.1016_j.mtener.2018.07.004/Fig5_A_stability_performance_curve_pce/accepted/10.1016_j.mtener.2018.07.004__Fig5__A__stability_performance_curve_pce__Without_V₂O₅__Series_2.csv,10.1016_j.mtener.2018.07.004/10.1016_j.mtener.2018.07.004__Fig5__A__stability_performance_curve_pce__Without_V₂O₅__Series_2.csv,a7b7116f1200c68d1f02d6749692ffd48d5f00d2c5b73a1d09d7d7d44bc0216d
F00283,1,10.1016/j.mtener.2021.100853,data_all/x_time_day/10.1016_j.mtener.2021.100853/Fig5_A_stability_performance_curve_pce/accepted/10.1016_j.mtener.2021.100853__Fig5__A__stability_performance_curve_pce__0%_GQDs__Series_1.csv,10.1016_j.mtener.2021.100853/10.1016_j.mtener.2021.100853__Fig5__A__stability_performance_curve_pce__0%_GQDs__Series_1.csv,34f1647aceffef8b5a9b86e1d1eea9b56a27456e89c3b1ade4fefa76ca8b65b5
F00284,1,10.1016/j.mtener.2021.100853,data_all/x_time_day/10.1016_j.mtener.2021.100853/Fig5_B_stability_performance_curve_pce/accepted/10.1016_j.mtener.2021.100853__Fig5__B__stability_performance_curve_pce__0%GQDs__Series_1.csv,10.1016_j.mtener.2021.100853/10.1016_j.mtener.2021.100853__Fig5__B__stability_performance_curve_pce__0%GQDs__Series_1.csv,3f2d7fcc70ff9f4d2b6712ddbf800df8b18bd95efae6425ce67fc811dd60a879
F00285,1,10.1016/j.nanoen.2015.11.024,data_all/x_time_day/10.1016_j.nanoen.2015.11.024/Fig8_B_stability_performance_curve_pce/accepted/10.1016_j.nanoen.2015.11.024__Fig8__B__stability_performance_curve_pce__Device_with_S0__Series_1.csv,10.1016_j.nanoen.2015.11.024/10.1016_j.nanoen.2015.11.024__Fig8__B__stability_performance_curve_pce__Device_with_S0__Series_1.csv,97326474b5737049ef50f707f74792424cfda0040b30c05133a6ba09a7c7eda4
F00286,1,10.1016/j.nanoen.2016.06.007,data_all/x_time_day/10.1016_j.nanoen.2016.06.007/Fig7_D_ff/accepted/10.1016_j.nanoen.2016.06.007__Fig7__D__ff__primitive__Series_1.csv,10.1016_j.nanoen.2016.06.007/10.1016_j.nanoen.2016.06.007__Fig7__D__ff__primitive__Series_1.csv,816a2e089d8a8427059b9a44e65cda512df67bcc41b1d165faf335f4d85d7112
F00287,1,10.1016/j.nanoen.2016.08.006,data_all/x_time_day/10.1016_j.nanoen.2016.08.006/Fig5_D_stability_performance_curve_pce/accepted/10.1016_j.nanoen.2016.08.006__Fig5__D__stability_performance_curve_pce__MAPbI₃_Spiro-OMeTAD__Series_2.csv,10.1016_j.nanoen.2016.08.006/10.1016_j.nanoen.2016.08.006__Fig5__D__stability_performance_curve_pce__MAPbI₃_Spiro-OMeTAD__Series_2.csv,2abfd8c86526b09ecd4dd84675360c83c22804727ebf998c3b5ffaee078687ec
F00288,1,10.1016/j.nanoen.2016.08.048,data_all/x_time_day/10.1016_j.nanoen.2016.08.048/Fig5_A_stability_performance_curve_pce/accepted/10.1016_j.nanoen.2016.08.048__Fig5__A__stability_performance_curve_pce__W_OPCBDAN__Series_2.csv,10.1016_j.nanoen.2016.08.048/10.1016_j.nanoen.2016.08.048__Fig5__A__stability_performance_curve_pce__W_OPCBDAN__Series_2.csv,acf7866f99e73707cdd7b8e014817c66f70ec0a1b657ae13b919a65aa50e8410
F00290,1,10.1016/j.nanoen.2016.08.055,data_all/x_time_day/10.1016_j.nanoen.2016.08.055/Fig9_A_stability_performance_curve_pce/accepted/10.1016_j.nanoen.2016.08.055__Fig9__A__stability_performance_curve_pce__Pristine__Series_1.csv,10.1016_j.nanoen.2016.08.055/10.1016_j.nanoen.2016.08.055__Fig9__A__stability_performance_curve_pce__Pristine__Series_1.csv,c49f5324b14ffea40cdff654831ecd1141c7d5a9785c9a7b974440d7b792d147
F00292,1,10.1016/j.nanoen.2016.10.036,data_all/x_time_day/10.1016_j.nanoen.2016.10.036/Fig7_D_xrd_pattern_stability_performance_curve_pce/accepted/10.1016_j.nanoen.2016.10.036__Fig7__D__xrd_pattern_stability_performance_curve_pce__MAPbI₃__Series_2.csv,10.1016_j.nanoen.2016.10.036/10.1016_j.nanoen.2016.10.036__Fig7__D__xrd_pattern_stability_performance_curve_pce__MAPbI₃__Series_2.csv,1cbd5fbc20abb7ab4fe983d008881437443e4a1a73bc1d9e81eea758c6d9de4c
F00295,1,10.1016/j.nanoen.2017.11.024,data_all/x_time_day/10.1016_j.nanoen.2017.11.024/Fig9_A_stability_performance_curve/accepted/10.1016_j.nanoen.2017.11.024__Fig9__A__stability_performance_curve__PS-0__Series_2.csv,10.1016_j.nanoen.2017.11.024/10.1016_j.nanoen.2017.11.024__Fig9__A__stability_performance_curve__PS-0__Series_2.csv,b682ee0f5b12ba5a80d3871cca20d6db33e1bcc2d6b5e7853728be35e6e9908b
F00296,1,10.1016/j.nanoen.2017.12.028,data_all/x_time_day/10.1016_j.nanoen.2017.12.028/Fig5_B_stability_performance_curve_pattern/accepted/10.1016_j.nanoen.2017.12.028__Fig5__B__stability_performance_curve_pattern__PCDTBT8__Series_3.csv,10.1016_j.nanoen.2017.12.028/10.1016_j.nanoen.2017.12.028__Fig5__B__stability_performance_curve_pattern__PCDTBT8__Series_3.csv,2a227c932e83ebb1e42822c661234e29ce47ece5bfbced419d65501ba1ea445d
F00297,1,10.1016/j.nanoen.2017.12.028,data_all/x_time_day/10.1016_j.nanoen.2017.12.028/Fig5_B_stability_performance_curve_pattern/accepted/10.1016_j.nanoen.2017.12.028__Fig5__B__stability_performance_curve_pattern__spiro-OMeTAD__Series_1.csv,10.1016_j.nanoen.2017.12.028/10.1016_j.nanoen.2017.12.028__Fig5__B__stability_performance_curve_pattern__spiro-OMeTAD__Series_1.csv,166ddd82f1a8b067a290c124785b1af988a5206b391005d28cff7d126fad0834
F00298,1,10.1016/j.nanoen.2019.03.014,data_all/x_time_day/10.1016_j.nanoen.2019.03.014/Fig5_C_stability_performance_curve_pce/accepted/10.1016_j.nanoen.2019.03.014__Fig5__C__stability_performance_curve_pce__BAI5min__Series_1.csv,10.1016_j.nanoen.2019.03.014/10.1016_j.nanoen.2019.03.014__Fig5__C__stability_performance_curve_pce__BAI5min__Series_1.csv,3bca277ad0a176dce10c05925bb207cb8377948b1aaaa9c8f3bb2c6886bbc4ca
F00299,1,10.1016/j.nanoen.2019.03.014,data_all/x_time_day/10.1016_j.nanoen.2019.03.014/Fig5_C_stability_performance_curve_pce/accepted/10.1016_j.nanoen.2019.03.014__Fig5__C__stability_performance_curve_pce__wlo__Series_2.csv,10.1016_j.nanoen.2019.03.014/10.1016_j.nanoen.2019.03.014__Fig5__C__stability_performance_curve_pce__wlo__Series_2.csv,be8e47efb752e7e47324388398e31bf1c5e309255aea09cc7f79e70ef398875c
F00300,1,10.1016/j.nanoen.2019.03.081,data_all/x_time_day/10.1016_j.nanoen.2019.03.081/Fig6_C_stability_performance_curve_pce/accepted/10.1016_j.nanoen.2019.03.081__Fig6__C__stability_performance_curve_pce__o—W_o_MoO3__Series_1.csv,10.1016_j.nanoen.2019.03.081/10.1016_j.nanoen.2019.03.081__Fig6__C__stability_performance_curve_pce__o—W_o_MoO3__Series_1.csv,545b189f83ebfa626f618c256e8c51acb66351c4c4e483c090b3903bd2efef34
F00301,1,10.1016/j.nanoen.2019.103866,data_all/x_time_day/10.1016_j.nanoen.2019.103866/Fig5_C_stability_performance_curve_pce/accepted/10.1016_j.nanoen.2019.103866__Fig5__C__stability_performance_curve_pce__Control_(PCBM)__Series_3.csv,10.1016_j.nanoen.2019.103866/10.1016_j.nanoen.2019.103866__Fig5__C__stability_performance_curve_pce__Control_(PCBM)__Series_3.csv,5dde33df527c97e061a3561ff07f33620e839fd0d2b723b2cd86eb4c6160019f
F00305,1,10.1016/j.nanoen.2020.104635,data_all/x_time_day/10.1016_j.nanoen.2020.104635/Fig4_A_stability_performance_curve_pce/accepted/10.1016_j.nanoen.2020.104635__Fig4__A__stability_performance_curve_pce__Spiro-OMeTAD__Series_2.csv,10.1016_j.nanoen.2020.104635/10.1016_j.nanoen.2020.104635__Fig4__A__stability_performance_curve_pce__Spiro-OMeTAD__Series_2.csv,3ad36053bff67fe76b3112423942c6d8e3b8cf922295c311bef832932f7095fd
F00306,1,10.1016/j.nanoen.2021.105788,data_all/x_time_day/10.1016_j.nanoen.2021.105788/Fig2_E_stability_performance_curve_pce/accepted/10.1016_j.nanoen.2021.105788__Fig2__E__stability_performance_curve_pce__Ref__Series_1.csv,10.1016_j.nanoen.2021.105788/10.1016_j.nanoen.2021.105788__Fig2__E__stability_performance_curve_pce__Ref__Series_1.csv,c1cc231e5ffc65baf400a4d403eedd977d2df01fc7a83e65fa7660a46dec49b5
F00308,1,10.1016/j.nanoen.2021.106495,data_all/x_time_day/10.1016_j.nanoen.2021.106495/Fig3_B_stability_performance_curve_pce/accepted/10.1016_j.nanoen.2021.106495__Fig3__B__stability_performance_curve_pce__63%__Series_1.csv,10.1016_j.nanoen.2021.106495/10.1016_j.nanoen.2021.106495__Fig3__B__stability_performance_curve_pce__63%__Series_1.csv,77a40d9a9447d62e6feb894a8410f35148ce754161d91e1b60ef40e9c5bcbc04
F00309,1,10.1016/j.nanoen.2021.106495,data_all/x_time_day/10.1016_j.nanoen.2021.106495/Fig3_B_stability_performance_curve_pce/accepted/10.1016_j.nanoen.2021.106495__Fig3__B__stability_performance_curve_pce__85%__Series_2.csv,10.1016_j.nanoen.2021.106495/10.1016_j.nanoen.2021.106495__Fig3__B__stability_performance_curve_pce__85%__Series_2.csv,f0092af318ed4dc69a6597c95e3fde29f9a23c503764e286ddb01e98e18b2d45
F00311,1,10.1016/j.optmat.2021.111214,data_all/x_time_day/10.1016_j.optmat.2021.111214/Fig7_E_stability_performance_curve_pce/accepted/10.1016_j.optmat.2021.111214__Fig7__E__stability_performance_curve_pce__0_Vol%ofAc__Series_1.csv,10.1016_j.optmat.2021.111214/10.1016_j.optmat.2021.111214__Fig7__E__stability_performance_curve_pce__0_Vol%ofAc__Series_1.csv,8b56a7213b8914a51ae136ff92c12c2020dc8786806e03db2f0deb72cd156418
F00312,1,10.1016/j.optmat.2021.111214,data_all/x_time_day/10.1016_j.optmat.2021.111214/Fig7_E_stability_performance_curve_pce/accepted/10.1016_j.optmat.2021.111214__Fig7__E__stability_performance_curve_pce__8Vol%of_Ac__Series_2.csv,10.1016_j.optmat.2021.111214/10.1016_j.optmat.2021.111214__Fig7__E__stability_performance_curve_pce__8Vol%of_Ac__Series_2.csv,73a1b78d6d8bbe75b465a7e34565ebc781da93c23fa3c9487f2cdad887561024
F00313,1,10.1016/j.optmat.2021.111313,data_all/x_time_day/10.1016_j.optmat.2021.111313/Fig8_whole_stability/accepted/10.1016_j.optmat.2021.111313__Fig8__whole__stability__FTO_cTiO₂_ETL1_CH₃NH₃PbI₃__Series_1.csv,10.1016_j.optmat.2021.111313/10.1016_j.optmat.2021.111313__Fig8__whole__stability__FTO_cTiO₂_ETL1_CH₃NH₃PbI₃__Series_1.csv,4ca82983772185811b13edbbe89c33701abe000adade25bfebf3a87b787755d5
F00314,1,10.1016/j.orgel.2017.06.023,data_all/x_time_day/10.1016_j.orgel.2017.06.023/Fig5_B_stability_performance_curve_pce/accepted/10.1016_j.orgel.2017.06.023__Fig5__B__stability_performance_curve_pce__conventional_device__Series_2.csv,10.1016_j.orgel.2017.06.023/10.1016_j.orgel.2017.06.023__Fig5__B__stability_performance_curve_pce__conventional_device__Series_2.csv,7452bd48d726c1f50f941cbcc0bb74379ff7454439b5487366b302dec0919491
F00316,1,10.1016/j.orgel.2017.11.045,data_all/x_time_day/10.1016_j.orgel.2017.11.045/Fig7_D_pce/accepted/10.1016_j.orgel.2017.11.045__Fig7__D__pce__FA0.8Cs0.2PbI2.68Br0.32__Series_2.csv,10.1016_j.orgel.2017.11.045/10.1016_j.orgel.2017.11.045__Fig7__D__pce__FA0.8Cs0.2PbI2.68Br0.32__Series_2.csv,390f9d5f542dc23284674875f9a06994454723ee25efe36392b78e739dcbe9ab
F00317,1,10.1016/j.orgel.2018.01.029,data_all/x_time_day/10.1016_j.orgel.2018.01.029/Fig4_D_stability_performance_curve_pce/accepted/10.1016_j.orgel.2018.01.029__Fig4__D__stability_performance_curve_pce__Anti-solvent__Series_2.csv,10.1016_j.orgel.2018.01.029/10.1016_j.orgel.2018.01.029__Fig4__D__stability_performance_curve_pce__Anti-solvent__Series_2.csv,c6c3d55845675b1d7dd12594b8c0c090b57f9b2a8d0211d5f8a7bbb34a3f40b3
F00319,1,10.1016/j.orgel.2018.05.024,data_all/x_time_day/10.1016_j.orgel.2018.05.024/Fig9_D_pce/accepted/10.1016_j.orgel.2018.05.024__Fig9__D__pce__Spiro-OMeTAD__Series_1.csv,10.1016_j.orgel.2018.05.024/10.1016_j.orgel.2018.05.024__Fig9__D__pce__Spiro-OMeTAD__Series_1.csv,1571b776ca2227d936bbfc9eeff74ab42698982214cfb1215b82e217e3c179c5
F00320,1,10.1016/j.orgel.2018.07.029,data_all/x_time_day/10.1016_j.orgel.2018.07.029/Fig6_A_stability_performance_curve_pce/accepted/10.1016_j.orgel.2018.07.029__Fig6__A__stability_performance_curve_pce__ITIC-Th__Series_2.csv,10.1016_j.orgel.2018.07.029/10.1016_j.orgel.2018.07.029__Fig6__A__stability_performance_curve_pce__ITIC-Th__Series_2.csv,300196c187d9d625446a20d513615c92d6fb09acbfbca8d73c4e76128f074a90
F00321,1,10.1016/j.orgel.2018.07.029,data_all/x_time_day/10.1016_j.orgel.2018.07.029/Fig6_A_stability_performance_curve_pce/accepted/10.1016_j.orgel.2018.07.029__Fig6__A__stability_performance_curve_pce__PCBM__Series_1.csv,10.1016_j.orgel.2018.07.029/10.1016_j.orgel.2018.07.029__Fig6__A__stability_performance_curve_pce__PCBM__Series_1.csv,aef2ad9fd0a67c4daac8a91ac7393a244f7af21225349698fee71b7181134e63
F00322,1,10.1016/j.orgel.2018.09.040,data_all/x_time_day/10.1016_j.orgel.2018.09.040/Fig8_whole_stability_performance_curve_pce/accepted/10.1016_j.orgel.2018.09.040__Fig8__whole__stability_performance_curve_pce__0mM_KSCN__Series_1.csv,10.1016_j.orgel.2018.09.040/10.1016_j.orgel.2018.09.040__Fig8__whole__stability_performance_curve_pce__0mM_KSCN__Series_1.csv,627eb3d6a2d09876b01048d0b4824dd56539558f8a8e17e5330742ff57e66ebf
F00323,1,10.1016/j.orgel.2018.12.012,data_all/x_time_day/10.1016_j.orgel.2018.12.012/Fig8_whole_figure/accepted/10.1016_j.orgel.2018.12.012__Fig8__whole__figure__without_DOBD__Series_2.csv,10.1016_j.orgel.2018.12.012/10.1016_j.orgel.2018.12.012__Fig8__whole__figure__without_DOBD__Series_2.csv,11a567bedcecd0c96ea0d5785d9047fb183019d08bae914d6d92590268ef77de
F00324,1,10.1016/j.orgel.2019.03.033,data_all/x_time_day/10.1016_j.orgel.2019.03.033/Fig7_D_stability_performance_curve_pce/accepted/10.1016_j.orgel.2019.03.033__Fig7__D__stability_performance_curve_pce__reference__Series_1.csv,10.1016_j.orgel.2019.03.033/10.1016_j.orgel.2019.03.033__Fig7__D__stability_performance_curve_pce__reference__Series_1.csv,a06eeab2003d262f32a45b413520a0d11373f7c69ed73c1570290df62f1ecb1c
F00325,1,10.1016/j.orgel.2019.03.035,data_all/x_time_day/10.1016_j.orgel.2019.03.035/Fig7_whole_stability/accepted/10.1016_j.orgel.2019.03.035__Fig7__whole__stability__Spiro-OMeTAD__Series_2.csv,10.1016_j.orgel.2019.03.035/10.1016_j.orgel.2019.03.035__Fig7__whole__stability__Spiro-OMeTAD__Series_2.csv,e621019d50830f163a1bcca3eaaf7c0fa33eb81b728cf613930d48110bc55542
F00326,1,10.1016/j.orgel.2019.06.039,data_all/x_time_day/10.1016_j.orgel.2019.06.039/Fig5_A_stability_performance_curve_pce/accepted/10.1016_j.orgel.2019.06.039__Fig5__A__stability_performance_curve_pce__control__Series_1.csv,10.1016_j.orgel.2019.06.039/10.1016_j.orgel.2019.06.039__Fig5__A__stability_performance_curve_pce__control__Series_1.csv,ddcd1deb710e9a832f54e37f3d82bb74f7b3d6b81902ff944e42504eefe0d6a5
F00327,1,10.1016/j.orgel.2019.105519,data_all/x_time_day/10.1016_j.orgel.2019.105519/Fig8_whole_pce/accepted/10.1016_j.orgel.2019.105519__Fig8__whole__pce__W_O_Habtc__Series_2.csv,10.1016_j.orgel.2019.105519/10.1016_j.orgel.2019.105519__Fig8__whole__pce__W_O_Habtc__Series_2.csv,80ab5764781fbad28e8fd5a4c2ef93e99fe55b969d81945be73108f1b81c0f6e
F00328,1,10.1016/j.orgel.2020.105681,data_all/x_time_day/10.1016_j.orgel.2020.105681/Fig8_D_stability_performance_curve_pce/accepted/10.1016_j.orgel.2020.105681__Fig8__D__stability_performance_curve_pce__Reference__Series_1.csv,10.1016_j.orgel.2020.105681/10.1016_j.orgel.2020.105681__Fig8__D__stability_performance_curve_pce__Reference__Series_1.csv,ab8303bb16f4aee6f566ab3c55362df7e46b2b0decfca8e40b68fc79dcbce78a
F00329,1,10.1016/j.orgel.2020.105681,data_all/x_time_day/10.1016_j.orgel.2020.105681/Fig8_D_stability_performance_curve_pce/accepted/10.1016_j.orgel.2020.105681__Fig8__D__stability_performance_curve_pce__TSA_passivated__Series_2.csv,10.1016_j.orgel.2020.105681/10.1016_j.orgel.2020.105681__Fig8__D__stability_performance_curve_pce__TSA_passivated__Series_2.csv,546f40eb4177e29a1ff2989a8e7b951c3c6856fc8c1825777e060b5d9c2ca511
F00330,1,10.1016/j.orgel.2020.105922,data_all/x_time_day/10.1016_j.orgel.2020.105922/Fig8_F_stability_performance_curve/accepted/10.1016_j.orgel.2020.105922__Fig8__F__stability_performance_curve__4-CIBA-TiO2__Series_1.csv,10.1016_j.orgel.2020.105922/10.1016_j.orgel.2020.105922__Fig8__F__stability_performance_curve__4-CIBA-TiO2__Series_1.csv,1b9bf551ef5074a88fa17ba424c23fd21e723f9c41831d8385fefe8ecd38f157
F00331,1,10.1016/j.orgel.2020.105922,data_all/x_time_day/10.1016_j.orgel.2020.105922/Fig8_F_stability_performance_curve/accepted/10.1016_j.orgel.2020.105922__Fig8__F__stability_performance_curve__TiO2$__Series_2.csv,10.1016_j.orgel.2020.105922/10.1016_j.orgel.2020.105922__Fig8__F__stability_performance_curve__TiO2$__Series_2.csv,e1b219acb763796d90940e3f2e52ede3cec2e5c2e84037367b44333117018bb3
F00334,1,10.1016/j.orgel.2021.106249,data_all/x_time_day/10.1016_j.orgel.2021.106249/Fig8_B_stability_performance_curve_pce/accepted/10.1016_j.orgel.2021.106249__Fig8__B__stability_performance_curve_pce__Spiro__Series_2.csv,10.1016_j.orgel.2021.106249/10.1016_j.orgel.2021.106249__Fig8__B__stability_performance_curve_pce__Spiro__Series_2.csv,c7054e5a5f52aef5a868b9e135c47dd614de8525e70eb7564e638721b198fbe2
F00335,1,10.1016/j.orgel.2021.106258,data_all/x_time_day/10.1016_j.orgel.2021.106258/Fig9_D_pce/accepted/10.1016_j.orgel.2021.106258__Fig9__D__pce__CH3NH3PbI3__Series_1.csv,10.1016_j.orgel.2021.106258/10.1016_j.orgel.2021.106258__Fig9__D__pce__CH3NH3PbI3__Series_1.csv,fcd355b31a39b891491d94c80e6b60b9243e43799fccce64ae5aeba77d12ae48
F00336,1,10.1016/j.orgel.2021.106258,data_all/x_time_day/10.1016_j.orgel.2021.106258/Fig9_H_pce/accepted/10.1016_j.orgel.2021.106258__Fig9__H__pce__CH3NH3Pbl3__Series_1.csv,10.1016_j.orgel.2021.106258/10.1016_j.orgel.2021.106258__Fig9__H__pce__CH3NH3Pbl3__Series_1.csv,b61631b48dc33fffc533dab80596a0d7bf4e74a1a24d84f019145241d6815174
F00337,1,10.1016/j.orgel.2021.106293,data_all/x_time_day/10.1016_j.orgel.2021.106293/Fig6_C_stability_performance_curve_pce/accepted/10.1016_j.orgel.2021.106293__Fig6__C__stability_performance_curve_pce__TiO₂__Series_1.csv,10.1016_j.orgel.2021.106293/10.1016_j.orgel.2021.106293__Fig6__C__stability_performance_curve_pce__TiO₂__Series_1.csv,12513724094789ee9fbafa1d3b937aaed221f74b88d0bdc848bb3756fe18fc68
F00338,1,10.1016/j.orgel.2021.106428,data_all/x_time_day/10.1016_j.orgel.2021.106428/Fig9_whole_stability/accepted/10.1016_j.orgel.2021.106428__Fig9__whole__stability__NiOx__Series_3.csv,10.1016_j.orgel.2021.106428/10.1016_j.orgel.2021.106428__Fig9__whole__stability__NiOx__Series_3.csv,3959167d1a9960d45cb5ccd3c82bf4466706c6ab8618e0e10304c1c2b3c8e43f
F00339,1,10.1016/j.orgel.2021.106428,data_all/x_time_day/10.1016_j.orgel.2021.106428/Fig9_whole_stability/accepted/10.1016_j.orgel.2021.106428__Fig9__whole__stability__TPA-Py-PTZ__Series_1.csv,10.1016_j.orgel.2021.106428/10.1016_j.orgel.2021.106428__Fig9__whole__stability__TPA-Py-PTZ__Series_1.csv,c9c2bb2c07780f867f190f36e033b70100f8e7f928a93baa40412de887bb5e2a
F00340,1,10.1016/j.orgel.2021.106428,data_all/x_time_day/10.1016_j.orgel.2021.106428/Fig9_whole_stability/accepted/10.1016_j.orgel.2021.106428__Fig9__whole__stability__TPA-TPy__Series_2.csv,10.1016_j.orgel.2021.106428/10.1016_j.orgel.2021.106428__Fig9__whole__stability__TPA-TPy__Series_2.csv,46483c3faded2d876d3900c7013b2dce4565953a6f4665f29b009e5daf7ebe7d
F00341,1,10.1016/j.solener.2016.07.034,data_all/x_time_day/10.1016_j.solener.2016.07.034/Fig8_D_sem_image_stability_performance_curve_pce/accepted/10.1016_j.solener.2016.07.034__Fig8__D__sem_image_stability_performance_curve_pce__device_with_small_crystal__Series_1.csv,10.1016_j.solener.2016.07.034/10.1016_j.solener.2016.07.034__Fig8__D__sem_image_stability_performance_curve_pce__device_with_small_crystal__Series_1.csv,d4ba93fef301c2305b12e9e20c27748e4ec874c1e79bc1f884d360e144581b81
F00342,1,10.1016/j.solener.2016.10.005,data_all/x_time_day/10.1016_j.solener.2016.10.005/Fig7_whole_stability/accepted/10.1016_j.solener.2016.10.005__Fig7__whole__stability__PEDOT_PSS__Series_2.csv,10.1016_j.solener.2016.10.005/10.1016_j.solener.2016.10.005__Fig7__whole__stability__PEDOT_PSS__Series_2.csv,d8478889d9889a97b3548db4ba70093b433488594fd9770d1c29e05d71814b74
F00343,1,10.1016/j.solener.2017.05.089,data_all/x_time_day/10.1016_j.solener.2017.05.089/Fig5_D_stability_performance_curve_ff/accepted/10.1016_j.solener.2017.05.089__Fig5__D__stability_performance_curve_ff__Spiro-OMeTAD__Series_1.csv,10.1016_j.solener.2017.05.089/10.1016_j.solener.2017.05.089__Fig5__D__stability_performance_curve_ff__Spiro-OMeTAD__Series_1.csv,0f442962df4f35ec3a05cbb9b4e7dc2713eb499f574e70a608e252ed52fdf161
F00344,1,10.1016/j.solener.2017.05.089,data_all/x_time_day/10.1016_j.solener.2017.05.089/Fig5_D_stability_performance_curve_ff/accepted/10.1016_j.solener.2017.05.089__Fig5__D__stability_performance_curve_ff__ZnPcNO2-OPh__Series_3.csv,10.1016_j.solener.2017.05.089/10.1016_j.solener.2017.05.089__Fig5__D__stability_performance_curve_ff__ZnPcNO2-OPh__Series_3.csv,1f49c62473807e6c193f93521806ca966d47bf0bb94c48cd5848a76afb9cc3ac
F00345,1,10.1016/j.solener.2018.05.086,data_all/x_time_day/10.1016_j.solener.2018.05.086/Fig7_A_stability_performance_curve/accepted/10.1016_j.solener.2018.05.086__Fig7__A__stability_performance_curve__FMC__Series_2.csv,10.1016_j.solener.2018.05.086/10.1016_j.solener.2018.05.086__Fig7__A__stability_performance_curve__FMC__Series_2.csv,f264f2fe8c929bba5076ab040e99dd0af1dc7835a18a2dbca35c83ffde69b2b7
F00346,1,10.1016/j.solener.2018.05.086,data_all/x_time_day/10.1016_j.solener.2018.05.086/Fig7_A_stability_performance_curve/accepted/10.1016_j.solener.2018.05.086__Fig7__A__stability_performance_curve__MAPI__Series_1.csv,10.1016_j.solener.2018.05.086/10.1016_j.solener.2018.05.086__Fig7__A__stability_performance_curve__MAPI__Series_1.csv,a8969d88065d9952589644abcddbd9d2654690562c0c735f575b2407120a292e
F00347,1,10.1016/j.solener.2019.02.020,data_all/x_time_day/10.1016_j.solener.2019.02.020/Fig7_B_stability_performance_curve_pce/accepted/10.1016_j.solener.2019.02.020__Fig7__B__stability_performance_curve_pce__EA__Series_2.csv,10.1016_j.solener.2019.02.020/10.1016_j.solener.2019.02.020__Fig7__B__stability_performance_curve_pce__EA__Series_2.csv,46d13904616b3aa3ad2b03c2de6de3f82408a406a3895ada9864c0746cfebde9
F00348,1,10.1016/j.solener.2019.02.020,data_all/x_time_day/10.1016_j.solener.2019.02.020/Fig7_B_stability_performance_curve_pce/accepted/10.1016_j.solener.2019.02.020__Fig7__B__stability_performance_curve_pce__EI12__Series_1.csv,10.1016_j.solener.2019.02.020/10.1016_j.solener.2019.02.020__Fig7__B__stability_performance_curve_pce__EI12__Series_1.csv,4c39db9371da5741c2d68c72c590aa7af21c5c6ce8910e70f3e086a9b822ef6e
F00349,1,10.1016/j.solener.2019.02.020,data_all/x_time_day/10.1016_j.solener.2019.02.020/Fig7_B_stability_performance_curve_pce/accepted/10.1016_j.solener.2019.02.020__Fig7__B__stability_performance_curve_pce__IPA__Series_3.csv,10.1016_j.solener.2019.02.020/10.1016_j.solener.2019.02.020__Fig7__B__stability_performance_curve_pce__IPA__Series_3.csv,f8698d3c7fd85d5deb59d6edb2dccb5cc007e81c5136e800f25edee30e6bfa5b
F00350,1,10.1016/j.solener.2019.05.073,data_all/x_time_day/10.1016_j.solener.2019.05.073/Fig6_whole_stability/accepted/10.1016_j.solener.2019.05.073__Fig6__whole__stability__W_oCTAB__Series_1.csv,10.1016_j.solener.2019.05.073/10.1016_j.solener.2019.05.073__Fig6__whole__stability__W_oCTAB__Series_1.csv,4598232b406d5ae123842ac3b5b497883928d3321826e0fd3474ce627275694b
F00352,1,10.1016/j.solener.2019.10.034,data_all/x_time_day/10.1016_j.solener.2019.10.034/Fig1_B_pce/accepted/10.1016_j.solener.2019.10.034__Fig1__B__pce__Spiro-OMeTAD__Series_1.csv,10.1016_j.solener.2019.10.034/10.1016_j.solener.2019.10.034__Fig1__B__pce__Spiro-OMeTAD__Series_1.csv,8e9057a84c5cf499e7d5798a3ad6d6c06aa7d244e8723cf268a02c96bf85882a
F00353,1,10.1016/j.solener.2019.10.034,data_all/x_time_day/10.1016_j.solener.2019.10.034/Fig1_C_pce/accepted/10.1016_j.solener.2019.10.034__Fig1__C__pce__Spiro-OMeTAD__Series_2.csv,10.1016_j.solener.2019.10.034/10.1016_j.solener.2019.10.034__Fig1__C__pce__Spiro-OMeTAD__Series_2.csv,67f58e3fe32493d04ee5fa1adc609247bc6b34b263ce5030e78ab0d2e3145677
F00354,1,10.1016/j.solener.2019.10.067,data_all/x_time_day/10.1016_j.solener.2019.10.067/Fig5_D_stability_performance_curve/accepted/10.1016_j.solener.2019.10.067__Fig5__D__stability_performance_curve__ACN-spiro__Series_1.csv,10.1016_j.solener.2019.10.067/10.1016_j.solener.2019.10.067__Fig5__D__stability_performance_curve__ACN-spiro__Series_1.csv,5dd103d720766f373967b010f97183f765b8e55e23e39c4d8777e756ff4f2314
F00355,1,10.1016/j.solener.2019.12.031,data_all/x_time_day/10.1016_j.solener.2019.12.031/Fig9_A_stability_performance_curve/accepted/10.1016_j.solener.2019.12.031__Fig9__A__stability_performance_curve__Spiro-OMeTAD__Series_2.csv,10.1016_j.solener.2019.12.031/10.1016_j.solener.2019.12.031__Fig9__A__stability_performance_curve__Spiro-OMeTAD__Series_2.csv,3fe1b8ad7928f7164da586bf3064877d246955aead87a44b29400254d2f63a2d
F00360,1,10.1016/j.solener.2020.09.058,data_all/x_time_day/10.1016_j.solener.2020.09.058/Fig6_B_stability_performance_curve_pce/accepted/10.1016_j.solener.2020.09.058__Fig6__B__stability_performance_curve_pce__Spiro-OMeTAD__Series_1.csv,10.1016_j.solener.2020.09.058/10.1016_j.solener.2020.09.058__Fig6__B__stability_performance_curve_pce__Spiro-OMeTAD__Series_1.csv,2becf732dc4caa98d75c5ac541bf18a584d6885667b3a67d97f4d5295ab9a838
F00361,1,10.1016/j.solener.2021.03.036,data_all/x_time_day/10.1016_j.solener.2021.03.036/Fig5_whole_stability/accepted/10.1016_j.solener.2021.03.036__Fig5__whole__stability__without_GuaI__Series_2.csv,10.1016_j.solener.2021.03.036/10.1016_j.solener.2021.03.036__Fig5__whole__stability__without_GuaI__Series_2.csv,69af4e1f2f3ce9b6c99ce5d5b19d5ed1e997b554630a819f9cf0e077f1856762
F00362,1,10.1016/j.solener.2021.03.055,data_all/x_time_day/10.1016_j.solener.2021.03.055/Fig3_D_stability_performance_curve_pce/accepted/10.1016_j.solener.2021.03.055__Fig3__D__stability_performance_curve_pce__P0__Series_1.csv,10.1016_j.solener.2021.03.055/10.1016_j.solener.2021.03.055__Fig3__D__stability_performance_curve_pce__P0__Series_1.csv,b8780dd1675706f68964666cc00551d488eb0107cf506184eee70af6e823b5a7
F00363,1,10.1016/j.solener.2021.04.053,data_all/x_time_day/10.1016_j.solener.2021.04.053/Fig6_whole_stability/accepted/10.1016_j.solener.2021.04.053__Fig6__whole__stability__0.0%_Mg(Ac)₂__Series_1.csv,10.1016_j.solener.2021.04.053/10.1016_j.solener.2021.04.053__Fig6__whole__stability__0.0%_Mg(Ac)₂__Series_1.csv,c724827ada8cd0d0866492cd3418dda5720ec8438242308067895e90cc0dbff9
F00364,1,10.1016/j.solmat.2016.12.025,data_all/x_time_day/10.1016_j.solmat.2016.12.025/Fig3_C_stability_performance_curve_pce/accepted/10.1016_j.solmat.2016.12.025__Fig3__C__stability_performance_curve_pce__By_normal_Pbl2__Series_2.csv,10.1016_j.solmat.2016.12.025/10.1016_j.solmat.2016.12.025__Fig3__C__stability_performance_curve_pce__By_normal_Pbl2__Series_2.csv,cbd07775181f4d014d5833c97b92ab47ecfc3197a6fc89c74913c268fa02458a
F00365,1,10.1016/j.solmat.2017.07.022,data_all/x_time_day/10.1016_j.solmat.2017.07.022/Fig7_whole_stability/accepted/10.1016_j.solmat.2017.07.022__Fig7__whole__stability__Control__Series_1.csv,10.1016_j.solmat.2017.07.022/10.1016_j.solmat.2017.07.022__Fig7__whole__stability__Control__Series_1.csv,b4190735953bf8b91473b6b1156850e9565373ee3811f31b2906c1849ad3e403
F00366,1,10.1016/j.solmat.2017.07.022,data_all/x_time_day/10.1016_j.solmat.2017.07.022/Fig7_whole_stability/accepted/10.1016_j.solmat.2017.07.022__Fig7__whole__stability__PDDA-perovskite__Series_2.csv,10.1016_j.solmat.2017.07.022/10.1016_j.solmat.2017.07.022__Fig7__whole__stability__PDDA-perovskite__Series_2.csv,1c6561121ac62f43113fb7a486d299acef9c9492fd4a6ed98fb9011c563050fc
F00367,1,10.1016/j.solmat.2017.08.032,data_all/x_time_day/10.1016_j.solmat.2017.08.032/Fig8_A_stability_performance_curve_pce/accepted/10.1016_j.solmat.2017.08.032__Fig8__A__stability_performance_curve_pce__CA_Device__Series_2.csv,10.1016_j.solmat.2017.08.032/10.1016_j.solmat.2017.08.032__Fig8__A__stability_performance_curve_pce__CA_Device__Series_2.csv,c5761bbfc46be07c022a8d8c04346d8ccfe0d174a323927bedc81e45c590281d
F00368,1,10.1016/j.solmat.2017.08.032,data_all/x_time_day/10.1016_j.solmat.2017.08.032/Fig8_A_stability_performance_curve_pce/accepted/10.1016_j.solmat.2017.08.032__Fig8__A__stability_performance_curve_pce__CC_Device__Series_1.csv,10.1016_j.solmat.2017.08.032/10.1016_j.solmat.2017.08.032__Fig8__A__stability_performance_curve_pce__CC_Device__Series_1.csv,a294d8844fced62b00a86dd259dc7c388b0252f5ec1d61143c8bc423d45ff646
F00369,1,10.1016/j.solmat.2018.01.025,data_all/x_time_day/10.1016_j.solmat.2018.01.025/Fig3_D_stability_performance_curve_pce/accepted/10.1016_j.solmat.2018.01.025__Fig3__D__stability_performance_curve_pce__0-PEDOT__Series_3.csv,10.1016_j.solmat.2018.01.025/10.1016_j.solmat.2018.01.025__Fig3__D__stability_performance_curve_pce__0-PEDOT__Series_3.csv,1716ec5bc5bf634f08fd596856e872609218e91997a693644b624d84c77ec05e
F00370,1,10.1016/j.solmat.2018.05.022,data_all/x_time_day/10.1016_j.solmat.2018.05.022/Fig5_whole_stability/accepted/10.1016_j.solmat.2018.05.022__Fig5__whole__stability__spiro__Series_2.csv,10.1016_j.solmat.2018.05.022/10.1016_j.solmat.2018.05.022__Fig5__whole__stability__spiro__Series_2.csv,f3040dd722fdd0f908d7bd1da52bde13b9977fa75862bad2d0c1d1bfbfd4f340
F00372,1,10.1016/j.solmat.2018.07.031,"data_all/x_time_day/10.1016_j.solmat.2018.07.031/Fig5_whole_stability_performance_curve/accepted/10.1016_j.solmat.2018.07.031__Fig5__whole__stability_performance_curve__with1,6-DD__Series_2.csv","10.1016_j.solmat.2018.07.031/10.1016_j.solmat.2018.07.031__Fig5__whole__stability_performance_curve__with1,6-DD__Series_2.csv",5235ff39398fd26e1fe3cd26b65be9dd348866fe16fe64027a5de06f349b8de8
F00373,1,10.1016/j.solmat.2018.07.031,data_all/x_time_day/10.1016_j.solmat.2018.07.031/Fig5_whole_stability_performance_curve/accepted/10.1016_j.solmat.2018.07.031__Fig5__whole__stability_performance_curve__一with_1-HH__Series_3.csv,10.1016_j.solmat.2018.07.031/10.1016_j.solmat.2018.07.031__Fig5__whole__stability_performance_curve__一with_1-HH__Series_3.csv,80b682bdd4c26a92b84bf66103f5c59bd5a672753c92dea17f7f7a974c108d0c
F00374,1,10.1016/j.solmat.2018.07.031,data_all/x_time_day/10.1016_j.solmat.2018.07.031/Fig5_whole_stability_performance_curve/accepted/10.1016_j.solmat.2018.07.031__Fig5__whole__stability_performance_curve__一without_additive__Series_1.csv,10.1016_j.solmat.2018.07.031/10.1016_j.solmat.2018.07.031__Fig5__whole__stability_performance_curve__一without_additive__Series_1.csv,3e4fcae2fab0f500a09e8416ef2cd13fa80264f90c43105f5c8512ca2a9e907f
F00375,1,10.1016/j.solmat.2019.110052,data_all/x_time_day/10.1016_j.solmat.2019.110052/Fig4_E_stability_performance_curve/accepted/10.1016_j.solmat.2019.110052__Fig4__E__stability_performance_curve__Control__Series_1.csv,10.1016_j.solmat.2019.110052/10.1016_j.solmat.2019.110052__Fig4__E__stability_performance_curve__Control__Series_1.csv,d66110a88a0cd5f65455619270cb11f450daf725b9851a77b2b111b9562332eb
F00376,1,10.1016/j.solmat.2019.110197,data_all/x_time_day/10.1016_j.solmat.2019.110197/Fig5_D_stability_performance_curve_pce/accepted/10.1016_j.solmat.2019.110197__Fig5__D__stability_performance_curve_pce__x=0__Series_1.csv,10.1016_j.solmat.2019.110197/10.1016_j.solmat.2019.110197__Fig5__D__stability_performance_curve_pce__x=0__Series_1.csv,23e1f8fc16ec49184998ba06b7b5533a3d10a3d81c3c1e7e2bc7086e0f85b735
F00377,1,10.1016/j.solmat.2019.110284,data_all/x_time_day/10.1016_j.solmat.2019.110284/Fig3_A_chart/accepted/10.1016_j.solmat.2019.110284__Fig3__A__chart__illumination__Series_2.csv,10.1016_j.solmat.2019.110284/10.1016_j.solmat.2019.110284__Fig3__A__chart__illumination__Series_2.csv,54ad48c30a3d91233824381e6601e2e3f32359511b5a13db549a4e455eb8565d
F00379,1,10.1016/j.solmat.2019.110284,data_all/x_time_day/10.1016_j.solmat.2019.110284/Fig4_C_stability_performance_curve/accepted/10.1016_j.solmat.2019.110284__Fig4__C__stability_performance_curve__Temperature_30_oC__Series_2.csv,10.1016_j.solmat.2019.110284/10.1016_j.solmat.2019.110284__Fig4__C__stability_performance_curve__Temperature_30_oC__Series_2.csv,2e744e688fa7423bce1364b4d7206c630c428f0896416f894838fca26bc5f906
F00380,1,10.1016/j.solmat.2019.110284,data_all/x_time_day/10.1016_j.solmat.2019.110284/Fig5_B_stability_performance_curve_structure/accepted/10.1016_j.solmat.2019.110284__Fig5__B__stability_performance_curve_structure__planar_regular_(n-i-p)cells__Series_2.csv,10.1016_j.solmat.2019.110284/10.1016_j.solmat.2019.110284__Fig5__B__stability_performance_curve_structure__planar_regular_(n-i-p)cells__Series_2.csv,f4fc0982f3d61d842130bbe34d4015a30908d676c21f301dad5e3c052de32ed9
F00385,1,10.1016/j.solmat.2019.110317,data_all/x_time_day/10.1016_j.solmat.2019.110317/Fig4_D_stability_performance_curve_pce/accepted/10.1016_j.solmat.2019.110317__Fig4__D__stability_performance_curve_pce__OSS_device__Series_2.csv,10.1016_j.solmat.2019.110317/10.1016_j.solmat.2019.110317__Fig4__D__stability_performance_curve_pce__OSS_device__Series_2.csv,54ee043b0cd47e5e21a257ed4d7d514b73af0828aeebaf96d14b138707814090
F00388,1,10.1016/j.solmat.2020.110689,data_all/x_time_day/10.1016_j.solmat.2020.110689/Fig5_A_giwaxs_pattern_stability_performance_curve_pce/accepted/10.1016_j.solmat.2020.110689__Fig5__A__giwaxs_pattern_stability_performance_curve_pce__Spin-coating__Series_1.csv,10.1016_j.solmat.2020.110689/10.1016_j.solmat.2020.110689__Fig5__A__giwaxs_pattern_stability_performance_curve_pce__Spin-coating__Series_1.csv,d2f0876d0bf008ea734f1d847dbb1e9294c13bd269a7dffd115eeac716a7763c
F00389,1,10.1016/j.synthmet.2017.02.022,data_all/x_time_day/10.1016_j.synthmet.2017.02.022/Fig1_B_stability_performance_curve_pce/accepted/10.1016_j.synthmet.2017.02.022__Fig1__B__stability_performance_curve_pce__Series_1__Series_1.csv,10.1016_j.synthmet.2017.02.022/10.1016_j.synthmet.2017.02.022__Fig1__B__stability_performance_curve_pce__Series_1__Series_1.csv,76ee941eb484aff5d197290d1bde4b4e9528893199264097d3d0d1dd7cc69637
F00391,1,10.1016/j.tsf.2018.10.001,data_all/x_time_day/10.1016_j.tsf.2018.10.001/Fig7_A_chart/accepted/10.1016_j.tsf.2018.10.001__Fig7__A__chart__x=0__Series_2.csv,10.1016_j.tsf.2018.10.001/10.1016_j.tsf.2018.10.001__Fig7__A__chart__x=0__Series_2.csv,b260bfd1ada4d052fb3cecab207daa423a34409bdcd05758ff6cd14db0d8d278
F00392,1,10.1016/j.xcrp.2020.100180,data_all/x_time_day/10.1016_j.xcrp.2020.100180/Fig7_F_stability_performance_curve/accepted/10.1016_j.xcrp.2020.100180__Fig7__F__stability_performance_curve__Reference__Series_1.csv,10.1016_j.xcrp.2020.100180/10.1016_j.xcrp.2020.100180__Fig7__F__stability_performance_curve__Reference__Series_1.csv,b479d2ffd50751326a4ea3a0be4e529f7301218ed5abd803061d5f8eb8122ca7
F00393,1,10.1021/acs.chemmater.5b03137,data_all/x_time_day/10.1021_acs.chemmater.5b03137/Fig3_B_profile/accepted/10.1021_acs.chemmater.5b03137__Fig3__B__profile__B__Series_2.csv,10.1021_acs.chemmater.5b03137/10.1021_acs.chemmater.5b03137__Fig3__B__profile__B__Series_2.csv,3667332bda8775848f4a13fda2da6a80b1eaf4333d79b4512fae856a4307c247
F00394,1,10.1021/acs.chemmater.5b03991,data_all/x_time_day/10.1021_acs.chemmater.5b03991/Fig8_A_stability_performance_curve_pce_profile/accepted/10.1021_acs.chemmater.5b03991__Fig8__A__stability_performance_curve_pce_profile__Series_1__Series_1.csv,10.1021_acs.chemmater.5b03991/10.1021_acs.chemmater.5b03991__Fig8__A__stability_performance_curve_pce_profile__Series_1__Series_1.csv,143e1e3e22fc0d86b82f38f2e35d7e3373f54570d8b6766799528c7fbb8a2951
F00395,1,10.1021/acs.chemmater.5b03991,data_all/x_time_day/10.1021_acs.chemmater.5b03991/Fig9_D_stability_performance_curve_pce_profile/accepted/10.1021_acs.chemmater.5b03991__Fig9__D__stability_performance_curve_pce_profile__Series_1__Series_1.csv,10.1021_acs.chemmater.5b03991/10.1021_acs.chemmater.5b03991__Fig9__D__stability_performance_curve_pce_profile__Series_1__Series_1.csv,ca7f54b9416c63217bac57adfac66d34bafdd75c574b620b2c069b4477e6d532
F00396,1,10.1021/acs.iecr.9b05173,data_all/x_time_day/10.1021_acs.iecr.9b05173/Fig8_whole_stability_performance_curve/accepted/10.1021_acs.iecr.9b05173__Fig8__whole__stability_performance_curve__Spiro__Series_1.csv,10.1021_acs.iecr.9b05173/10.1021_acs.iecr.9b05173__Fig8__whole__stability_performance_curve__Spiro__Series_1.csv,7da1d305eb99f746e11a5ee7095b1acd51fe913510b5706f9018cf0c3e4dc571
F00397,1,10.1021/acs.jpcc.0c02628,data_all/x_time_day/10.1021_acs.jpcc.0c02628/Fig6_B_stability_performance_curve_pce/accepted/10.1021_acs.jpcc.0c02628__Fig6__B__stability_performance_curve_pce__SnO₂__Series_2.csv,10.1021_acs.jpcc.0c02628/10.1021_acs.jpcc.0c02628__Fig6__B__stability_performance_curve_pce__SnO₂__Series_2.csv,b687d6f61dce804005964f0a27361ef1b5bd46b50be019686abc1e93dada86d6
F00399,1,10.1021/acs.jpcc.0c05357,data_all/x_time_day/10.1021_acs.jpcc.0c05357/Fig1_C_stability_performance_curve_pce/accepted/10.1021_acs.jpcc.0c05357__Fig1__C__stability_performance_curve_pce__Cs15-U__Series_3.csv,10.1021_acs.jpcc.0c05357/10.1021_acs.jpcc.0c05357__Fig1__C__stability_performance_curve_pce__Cs15-U__Series_3.csv,26a5ec42c5bc8aaab0246da0ad51e16a3f563e848eda59a97f0adcb9d5413844
F00400,1,10.1021/acs.jpcc.0c05357,data_all/x_time_day/10.1021_acs.jpcc.0c05357/Fig1_C_stability_performance_curve_pce/accepted/10.1021_acs.jpcc.0c05357__Fig1__C__stability_performance_curve_pce__Rb5Cs10-M__Series_4.csv,10.1021_acs.jpcc.0c05357/10.1021_acs.jpcc.0c05357__Fig1__C__stability_performance_curve_pce__Rb5Cs10-M__Series_4.csv,f37b1c9c639787ed95448951f8b99983991ba9b3a3d38583a5ca17c142d8f8d4
F00401,1,10.1021/acs.jpcc.0c05357,data_all/x_time_day/10.1021_acs.jpcc.0c05357/Fig1_C_stability_performance_curve_pce/accepted/10.1021_acs.jpcc.0c05357__Fig1__C__stability_performance_curve_pce__Rb5Cs10-U__Series_1.csv,10.1021_acs.jpcc.0c05357/10.1021_acs.jpcc.0c05357__Fig1__C__stability_performance_curve_pce__Rb5Cs10-U__Series_1.csv,9708266a46455e52ffd7a36bfda8708028fb57ce52628f59e7ff7dd06a4125bc
F00402,1,10.1021/acs.jpcc.0c05649,data_all/x_time_day/10.1021_acs.jpcc.0c05649/Fig7_A_stability_performance_curve_pce/accepted/10.1021_acs.jpcc.0c05649__Fig7__A__stability_performance_curve_pce__Control__Series_1.csv,10.1021_acs.jpcc.0c05649/10.1021_acs.jpcc.0c05649__Fig7__A__stability_performance_curve_pce__Control__Series_1.csv,37e02e3e7802cb15a46ca3ea048d1757edcc5a469fba9b361db248e3a4963168
F00403,1,10.1021/acs.jpcc.6b12137,data_all/x_time_day/10.1021_acs.jpcc.6b12137/Fig4_D_stability_performance_curve/accepted/10.1021_acs.jpcc.6b12137__Fig4__D__stability_performance_curve__PMMA0mg_mL__Series_2.csv,10.1021_acs.jpcc.6b12137/10.1021_acs.jpcc.6b12137__Fig4__D__stability_performance_curve__PMMA0mg_mL__Series_2.csv,fff79a315827f0722751f337e9e6afba42cde33144953e4c7d24cd741e8f6cbd
F00407,1,10.1021/acs.jpclett.0c03566,data_all/x_time_day/10.1021_acs.jpclett.0c03566/Fig7_A_stability_performance_curve/accepted/10.1021_acs.jpclett.0c03566__Fig7__A__stability_performance_curve__Pristine__Series_2.csv,10.1021_acs.jpclett.0c03566/10.1021_acs.jpclett.0c03566__Fig7__A__stability_performance_curve__Pristine__Series_2.csv,e2c6df490f4d49def1010d4487093fe1781a9c10e594998a32fe78e5e706da8e
F00408,1,10.1021/acs.langmuir.7b00127,data_all/x_time_day/10.1021_acs.langmuir.7b00127/Fig10_A_pce/accepted/10.1021_acs.langmuir.7b00127__Fig10__A__pce__PEDOT_PSS__Series_1.csv,10.1021_acs.langmuir.7b00127/10.1021_acs.langmuir.7b00127__Fig10__A__pce__PEDOT_PSS__Series_1.csv,854def95b4b3386e299502eebec2959e4e9d70b3100256a343a49f4b85ad95ee
F00409,1,10.1021/acs.langmuir.7b00127,data_all/x_time_day/10.1021_acs.langmuir.7b00127/Fig10_A_pce_2/accepted/10.1021_acs.langmuir.7b00127__Fig10__A__pce_2__PEDOT_PSS__Series_2.csv,10.1021_acs.langmuir.7b00127/10.1021_acs.langmuir.7b00127__Fig10__A__pce_2__PEDOT_PSS__Series_2.csv,326fb92ace5a17a9b09cc14c6063d5d05dd18ce14b5ed467316334d4d1ed75cf
F00410,1,10.1021/acs.nanolett.9b01553,data_all/x_time_day/10.1021_acs.nanolett.9b01553/Fig4_F_stability_performance_curve_pce/accepted/10.1021_acs.nanolett.9b01553__Fig4__F__stability_performance_curve_pce__CuBr(0.2wt%)__Series_2.csv,10.1021_acs.nanolett.9b01553/10.1021_acs.nanolett.9b01553__Fig4__F__stability_performance_curve_pce__CuBr(0.2wt%)__Series_2.csv,a018b2dfdca294f7c25d76271da4a3e6460d33749d44261275707ec6ba4c1495
F00411,1,10.1021/acs.nanolett.9b01553,data_all/x_time_day/10.1021_acs.nanolett.9b01553/Fig4_F_stability_performance_curve_pce/accepted/10.1021_acs.nanolett.9b01553__Fig4__F__stability_performance_curve_pce__Pristine_perovskite__Series_1.csv,10.1021_acs.nanolett.9b01553/10.1021_acs.nanolett.9b01553__Fig4__F__stability_performance_curve_pce__Pristine_perovskite__Series_1.csv,156dd73455916e65419c772554026de552098ea654ccafa45a05626e1f68c1a9
F00416,1,10.1021/acsaelm.0c00808,data_all/x_time_day/10.1021_acsaelm.0c00808/Fig6_E_pattern/accepted/10.1021_acsaelm.0c00808__Fig6__E__pattern__Control__Series_1.csv,10.1021_acsaelm.0c00808/10.1021_acsaelm.0c00808__Fig6__E__pattern__Control__Series_1.csv,7f96d859ce4328f4545e103f8032c1b244cf9bee2ebe3460acae9c471fb8f57a
F00417,1,10.1021/acsaelm.0c00808,data_all/x_time_day/10.1021_acsaelm.0c00808/Fig6_E_pattern/accepted/10.1021_acsaelm.0c00808__Fig6__E__pattern__PFOMA__Series_2.csv,10.1021_acsaelm.0c00808/10.1021_acsaelm.0c00808__Fig6__E__pattern__PFOMA__Series_2.csv,a77b665cba4feaf3f50f6313b07ece10cd7457a8343d8c6b98f0ed9e9a179d7f
F00418,1,10.1021/acsaem.0c00398,data_all/x_time_day/10.1021_acsaem.0c00398/Fig4_D_stability_performance_curve/accepted/10.1021_acsaem.0c00398__Fig4__D__stability_performance_curve__10%_PEAI__Series_3.csv,10.1021_acsaem.0c00398/10.1021_acsaem.0c00398__Fig4__D__stability_performance_curve__10%_PEAI__Series_3.csv,6826baf265681c56fdf21c8ff232f08e77233e13feab779bec80f937b3a663d1
F00420,1,10.1021/acsaem.0c00398,data_all/x_time_day/10.1021_acsaem.0c00398/Fig4_D_stability_performance_curve/accepted/10.1021_acsaem.0c00398__Fig4__D__stability_performance_curve__Control__Series_1.csv,10.1021_acsaem.0c00398/10.1021_acsaem.0c00398__Fig4__D__stability_performance_curve__Control__Series_1.csv,66a66e4aff54b955a69ca4201d7c8af8b8675c792b32c6f19e5008ae39cbe75d
F00422,1,10.1021/acsaem.0c01675,data_all/x_time_day/10.1021_acsaem.0c01675/Fig6_B_stability_performance_curve/accepted/10.1021_acsaem.0c01675__Fig6__B__stability_performance_curve__Control__Series_2.csv,10.1021_acsaem.0c01675/10.1021_acsaem.0c01675__Fig6__B__stability_performance_curve__Control__Series_2.csv,f52aaac08ed102305bd91325f30f3e4287fa732255054b5518a393f5c0a672d6
F00423,1,10.1021/acsaem.0c03227,data_all/x_time_day/10.1021_acsaem.0c03227/Fig5_E_stability/accepted/10.1021_acsaem.0c03227__Fig5__E__stability__reference__Series_1.csv,10.1021_acsaem.0c03227/10.1021_acsaem.0c03227__Fig5__E__stability__reference__Series_1.csv,924c0b3132d80c21ff108987b6eedb3667c43cc47f2b264cb5bc7919e7cbc606
F00425,1,10.1021/acsaem.1c00054,data_all/x_time_day/10.1021_acsaem.1c00054/Fig9_whole_stability/accepted/10.1021_acsaem.1c00054__Fig9__whole__stability__0%Pb(AC)2__Series_1.csv,10.1021_acsaem.1c00054/10.1021_acsaem.1c00054__Fig9__whole__stability__0%Pb(AC)2__Series_1.csv,357a8165747c08e4fc54e18afb24380bf1ed3a44b465ed4d190bb75f48845c3d
F00426,1,10.1021/acsaem.1c00192,data_all/x_time_day/10.1021_acsaem.1c00192/Fig5_D_stability_performance_curve_pce/accepted/10.1021_acsaem.1c00192__Fig5__D__stability_performance_curve_pce__0mg_mL__Series_2.csv,10.1021_acsaem.1c00192/10.1021_acsaem.1c00192__Fig5__D__stability_performance_curve_pce__0mg_mL__Series_2.csv,001b5a59175df7c8e086204738a9154be2adb4b2bc7c4899f0b38ea43efab3ba
F00427,1,10.1021/acsaem.1c00192,data_all/x_time_day/10.1021_acsaem.1c00192/Fig5_D_stability_performance_curve_pce/accepted/10.1021_acsaem.1c00192__Fig5__D__stability_performance_curve_pce__1mg_mL__Series_1.csv,10.1021_acsaem.1c00192/10.1021_acsaem.1c00192__Fig5__D__stability_performance_curve_pce__1mg_mL__Series_1.csv,ef7fd78be7eba0c156fab3b5da41b12e824b268e1b27e2640a348e9d6a424142
F00428,1,10.1021/acsaem.1c00517,data_all/x_time_day/10.1021_acsaem.1c00517/Fig5_D_stability_performance_curve_pce/accepted/10.1021_acsaem.1c00517__Fig5__D__stability_performance_curve_pce__Control__Series_1.csv,10.1021_acsaem.1c00517/10.1021_acsaem.1c00517__Fig5__D__stability_performance_curve_pce__Control__Series_1.csv,540bbf76e4df7d113188b4ad305f2214f1ff5c16ceb9a076a82a03ebc3b201c7
F00429,1,10.1021/acsaem.1c00767,data_all/x_time_day/10.1021_acsaem.1c00767/Fig5_A_stability_performance_curve_pce/accepted/10.1021_acsaem.1c00767__Fig5__A__stability_performance_curve_pce__Control__Series_1.csv,10.1021_acsaem.1c00767/10.1021_acsaem.1c00767__Fig5__A__stability_performance_curve_pce__Control__Series_1.csv,e9f826365fee2b0215d50456db74a57d16f5b87cb383bd002f7640334c271a77
F00430,1,10.1021/acsaem.1c00767,data_all/x_time_day/10.1021_acsaem.1c00767/Fig5_B_stability_performance_curve_pce/accepted/10.1021_acsaem.1c00767__Fig5__B__stability_performance_curve_pce__Control__Series_1.csv,10.1021_acsaem.1c00767/10.1021_acsaem.1c00767__Fig5__B__stability_performance_curve_pce__Control__Series_1.csv,6151130f7f16260c99ccd9e9318d642a9ead48436f288c8c93d17bc4f7673edf
F00431,1,10.1021/acsaem.1c00767,data_all/x_time_day/10.1021_acsaem.1c00767/Fig5_C_stability_performance_curve_pce/accepted/10.1021_acsaem.1c00767__Fig5__C__stability_performance_curve_pce__Control__Series_2.csv,10.1021_acsaem.1c00767/10.1021_acsaem.1c00767__Fig5__C__stability_performance_curve_pce__Control__Series_2.csv,63dfebca0bacb1d42bfe0faa5a482d137b67a36f660c1105774e00f7e976d8b4
F00432,1,10.1021/acsaem.1c00767,data_all/x_time_day/10.1021_acsaem.1c00767/Fig5_D_stability_performance_curve_pce/accepted/10.1021_acsaem.1c00767__Fig5__D__stability_performance_curve_pce__Control__Series_1.csv,10.1021_acsaem.1c00767/10.1021_acsaem.1c00767__Fig5__D__stability_performance_curve_pce__Control__Series_1.csv,e08269f78f789906e1505f05a718c78c5c6d603f14c97aff2591f005d5204260
F00433,1,10.1021/acsaem.8b00277,data_all/x_time_day/10.1021_acsaem.8b00277/Fig9_A_stability_performance_curve_pce/accepted/10.1021_acsaem.8b00277__Fig9__A__stability_performance_curve_pce__PEDOT_PSS__Series_1.csv,10.1021_acsaem.8b00277/10.1021_acsaem.8b00277__Fig9__A__stability_performance_curve_pce__PEDOT_PSS__Series_1.csv,b2f646f3ae8fab028a8c2fc6047317c01973c4a4c48e842f04d2f9367c7288dd
F00434,1,10.1021/acsaem.8b00277,data_all/x_time_day/10.1021_acsaem.8b00277/Fig9_A_stability_performance_curve_pce/accepted/10.1021_acsaem.8b00277__Fig9__A__stability_performance_curve_pce__WOx@PEDOT_PEDOT_PSS__Series_3.csv,10.1021_acsaem.8b00277/10.1021_acsaem.8b00277__Fig9__A__stability_performance_curve_pce__WOx@PEDOT_PEDOT_PSS__Series_3.csv,535ffbb709ef7e03318c20b879a3f2143196cd9ae232aeb5ea8b4e51975fa87a
F00435,1,10.1021/acsaem.8b01075,data_all/x_time_day/10.1021_acsaem.8b01075/Fig6_A_retention/accepted/10.1021_acsaem.8b01075__Fig6__A__retention__VASP_withMAI__Series_2.csv,10.1021_acsaem.8b01075/10.1021_acsaem.8b01075__Fig6__A__retention__VASP_withMAI__Series_2.csv,7d9c5a9b485a0f3376aa6c507409ac96dbe578078b023b49ec2e604d52171a69
F00438,1,10.1021/acsami.0c05527,data_all/x_time_day/10.1021_acsami.0c05527/Fig7_B_stability_performance_curve_pce/accepted/10.1021_acsami.0c05527__Fig7__B__stability_performance_curve_pce__Sn-based__Series_1.csv,10.1021_acsami.0c05527/10.1021_acsami.0c05527__Fig7__B__stability_performance_curve_pce__Sn-based__Series_1.csv,6a43d08f951a66bd8ce279aba79e893d6415c33c4eed938637fd88b38695b470
F00439,1,10.1021/acsami.0c05527,data_all/x_time_day/10.1021_acsami.0c05527/Fig7_C_stability_performance_curve/accepted/10.1021_acsami.0c05527__Fig7__C__stability_performance_curve__Sn-based__Series_2.csv,10.1021_acsami.0c05527/10.1021_acsami.0c05527__Fig7__C__stability_performance_curve__Sn-based__Series_2.csv,b58b140f09bc9155edee130b1c34d84e54bdfc7f1c4c89c9dcec00f5b49f7e81
F00440,1,10.1021/acsami.0c09046,data_all/x_time_day/10.1021_acsami.0c09046/Fig6_A_stability_performance_curve_pce/accepted/10.1021_acsami.0c09046__Fig6__A__stability_performance_curve_pce__Control_Device__Series_1.csv,10.1021_acsami.0c09046/10.1021_acsami.0c09046__Fig6__A__stability_performance_curve_pce__Control_Device__Series_1.csv,c4a75616362638f6fc604207e01fda47230364c2228db30f980a0c088b0364ec
F00441,1,10.1021/acsami.0c09046,data_all/x_time_day/10.1021_acsami.0c09046/Fig6_A_stability_performance_curve_pce/accepted/10.1021_acsami.0c09046__Fig6__A__stability_performance_curve_pce__With_0.02Wt%__Series_2.csv,10.1021_acsami.0c09046/10.1021_acsami.0c09046__Fig6__A__stability_performance_curve_pce__With_0.02Wt%__Series_2.csv,35da5dd8c3c9777c843c0f4dcf3840855ba0b9e6f3b4b8f4d842f9d8f4b70747
F00442,1,10.1021/acsami.0c15042,data_all/x_time_day/10.1021_acsami.0c15042/Fig4_F_stability_performance_curve/accepted/10.1021_acsami.0c15042__Fig4__F__stability_performance_curve__w_o_F8IC__Series_1.csv,10.1021_acsami.0c15042/10.1021_acsami.0c15042__Fig4__F__stability_performance_curve__w_o_F8IC__Series_1.csv,f763fe197a94d83ee4c84d8055d526dc66f66db50d65994960f186987f97c556
F00443,1,10.1021/acsami.0c16939,data_all/x_time_day/10.1021_acsami.0c16939/Fig8_D_stability_performance_curve_pce/accepted/10.1021_acsami.0c16939__Fig8__D__stability_performance_curve_pce__Pristine__Series_1.csv,10.1021_acsami.0c16939/10.1021_acsami.0c16939__Fig8__D__stability_performance_curve_pce__Pristine__Series_1.csv,ca8dfd0f2bf07ead7cd7d47005f905ba187c7e8a2e4b8a788c2505834c0b1175
F00444,1,10.1021/acsami.0c19784,data_all/x_time_day/10.1021_acsami.0c19784/Fig5_C_diagram/accepted/10.1021_acsami.0c19784__Fig5__C__diagram__Control__Series_1.csv,10.1021_acsami.0c19784/10.1021_acsami.0c19784__Fig5__C__diagram__Control__Series_1.csv,a0abde772c58546ed0adf4f209f2399755b028b7490bbf2dc968cc954ba6eb3f
F00445,1,10.1021/acsami.0c19968,data_all/x_time_day/10.1021_acsami.0c19968/Fig6_F_stability_performance_curve_pce/accepted/10.1021_acsami.0c19968__Fig6__F__stability_performance_curve_pce__HTM_Zn-CBOB-0.6__Series_2.csv,10.1021_acsami.0c19968/10.1021_acsami.0c19968__Fig6__F__stability_performance_curve_pce__HTM_Zn-CBOB-0.6__Series_2.csv,17ee23ca67dc0189c0ed266539eb28a04e9dd530ceb11a935cd99d74dfd20dae
F00446,1,10.1021/acsami.0c19968,data_all/x_time_day/10.1021_acsami.0c19968/Fig6_F_stability_performance_curve_pce/accepted/10.1021_acsami.0c19968__Fig6__F__stability_performance_curve_pce__HTM__Series_1.csv,10.1021_acsami.0c19968/10.1021_acsami.0c19968__Fig6__F__stability_performance_curve_pce__HTM__Series_1.csv,fb3b513424eae6f1f377d999c4d9f902c70e9a83ef94decdbc86517c8bb5dcd4
F00447,1,10.1021/acsami.0c20126,data_all/x_time_day/10.1021_acsami.0c20126/Fig5_F_stability_performance_curve_pce/accepted/10.1021_acsami.0c20126__Fig5__F__stability_performance_curve_pce__Ref__Series_1.csv,10.1021_acsami.0c20126/10.1021_acsami.0c20126__Fig5__F__stability_performance_curve_pce__Ref__Series_1.csv,67cce694651bbc73d9a71f7bdbe018bd4e1d599dd921241954a426f126b61be1
F00448,1,10.1021/acsami.0c22817,data_all/x_time_day/10.1021_acsami.0c22817/Fig5_F_stability_performance_curve_pce/accepted/10.1021_acsami.0c22817__Fig5__F__stability_performance_curve_pce__Ambient_stability__Series_2.csv,10.1021_acsami.0c22817/10.1021_acsami.0c22817__Fig5__F__stability_performance_curve_pce__Ambient_stability__Series_2.csv,a5d8dd7e3b154038983e3bed82ac3222beb8c102204244a8f3edcba46e5ab1a8
F00449,1,10.1021/acsami.1c02218,data_all/x_time_day/10.1021_acsami.1c02218/Fig8_F_stability_performance_curve_pce/accepted/10.1021_acsami.1c02218__Fig8__F__stability_performance_curve_pce__W_O_5-TFMAP__Series_1.csv,10.1021_acsami.1c02218/10.1021_acsami.1c02218__Fig8__F__stability_performance_curve_pce__W_O_5-TFMAP__Series_1.csv,358b206a50e985fe3aa8fe2b4bbd69647ed0b6a4fbfa3af5355c82f451651ad4
F00450,1,10.1021/acsami.1c02218,data_all/x_time_day/10.1021_acsami.1c02218/Fig8_F_stability_performance_curve_pce/accepted/10.1021_acsami.1c02218__Fig8__F__stability_performance_curve_pce__With5-TFMAP__Series_2.csv,10.1021_acsami.1c02218/10.1021_acsami.1c02218__Fig8__F__stability_performance_curve_pce__With5-TFMAP__Series_2.csv,f212fbf57de1f4527f0f895c1b35adb108bfed0ea6e2995186f165a99eca21f1
F00451,1,10.1021/acsami.1c02377,data_all/x_time_day/10.1021_acsami.1c02377/Fig8_D_stability_performance_curve/accepted/10.1021_acsami.1c02377__Fig8__D__stability_performance_curve__Cs-0__Series_1.csv,10.1021_acsami.1c02377/10.1021_acsami.1c02377__Fig8__D__stability_performance_curve__Cs-0__Series_1.csv,9c3db4eaed4495beb2427a66acc64a2cad8c129a2a43f42416a6724ab60471c9
F00452,1,10.1021/acsami.1c04601,data_all/x_time_day/10.1021_acsami.1c04601/Fig6_A_stability_performance_curve_pce/accepted/10.1021_acsami.1c04601__Fig6__A__stability_performance_curve_pce__W_O4-ABSA__Series_1.csv,10.1021_acsami.1c04601/10.1021_acsami.1c04601__Fig6__A__stability_performance_curve_pce__W_O4-ABSA__Series_1.csv,7283f5e2a40b64710f7ecca5c807562862aba8d7c6c9ef5d275354bdf1c2fcef
F00453,1,10.1021/acsami.1c05055,data_all/x_time_day/10.1021_acsami.1c05055/Fig10_D_stability_performance_curve_pce/accepted/10.1021_acsami.1c05055__Fig10__D__stability_performance_curve_pce__Reference__Series_2.csv,10.1021_acsami.1c05055/10.1021_acsami.1c05055__Fig10__D__stability_performance_curve_pce__Reference__Series_2.csv,4e67400e9c68cade28af16881c128fb1fb63d8ad3c36a97d3e4854deca351426
F00454,1,10.1021/acsami.1c16519,data_all/x_time_day/10.1021_acsami.1c16519/Fig5_E_stability_performance_curve/accepted/10.1021_acsami.1c16519__Fig5__E__stability_performance_curve__SnO2__Series_1.csv,10.1021_acsami.1c16519/10.1021_acsami.1c16519__Fig5__E__stability_performance_curve__SnO2__Series_1.csv,2543893e04705ebd46b49c1fd8908d9c2751030c07dd3d7310659d7e21888253
F00455,1,10.1021/acsami.6b09532,data_all/x_time_day/10.1021_acsami.6b09532/Fig7_D_stability_performance_curve_pce/accepted/10.1021_acsami.6b09532__Fig7__D__stability_performance_curve_pce__FAₓMA₁₋ₓPbI₃__Series_1.csv,10.1021_acsami.6b09532/10.1021_acsami.6b09532__Fig7__D__stability_performance_curve_pce__FAₓMA₁₋ₓPbI₃__Series_1.csv,9d46e0e7471ba06a48bb6d9ffbc4efdbcb2debfff186a4e369b5a77317002f2c
F00456,1,10.1021/acsami.6b11757,data_all/x_time_day/10.1021_acsami.6b11757/Fig6_A_stability_performance_curve_pce/accepted/10.1021_acsami.6b11757__Fig6__A__stability_performance_curve_pce__a-PEDOT_PSS__Series_2.csv,10.1021_acsami.6b11757/10.1021_acsami.6b11757__Fig6__A__stability_performance_curve_pce__a-PEDOT_PSS__Series_2.csv,61a96045e17f6ed5978932184d22efb3c94d3e2e715413243996f0efd3e577cd
F00457,1,10.1021/acsami.6b11757,data_all/x_time_day/10.1021_acsami.6b11757/Fig6_A_stability_performance_curve_pce/accepted/10.1021_acsami.6b11757__Fig6__A__stability_performance_curve_pce__n-PEDOT_PSS__Series_1.csv,10.1021_acsami.6b11757/10.1021_acsami.6b11757__Fig6__A__stability_performance_curve_pce__n-PEDOT_PSS__Series_1.csv,34601e75accf0f1e226e57e16eb9a0efbed883d92643f8c3aa6e99a1eee16081
F00458,1,10.1021/acsami.6b15563,data_all/x_time_day/10.1021_acsami.6b15563/Fig5_F_stability_performance_curve_pce/accepted/10.1021_acsami.6b15563__Fig5__F__stability_performance_curve_pce__CA__Series_2.csv,10.1021_acsami.6b15563/10.1021_acsami.6b15563__Fig5__F__stability_performance_curve_pce__CA__Series_2.csv,d897677d8d59ef54b084315fd5d9426156cb23a7d2e6fc8d57c624ec791bcd27
F00459,1,10.1021/acsami.7b01136,data_all/x_time_day/10.1021_acsami.7b01136/Fig5_D_stability_performance_curve_pce/accepted/10.1021_acsami.7b01136__Fig5__D__stability_performance_curve_pce__Pristine_PVK__Series_1.csv,10.1021_acsami.7b01136/10.1021_acsami.7b01136__Fig5__D__stability_performance_curve_pce__Pristine_PVK__Series_1.csv,e41242a5062e7d101409cc51687dda54832c19731f0147415062924ab2849109
F00460,1,10.1021/acsami.7b01864,data_all/x_time_day/10.1021_acsami.7b01864/Fig6_B_stability_performance_curve_pce/accepted/10.1021_acsami.7b01864__Fig6__B__stability_performance_curve_pce__I-MAPbl3__Series_2.csv,10.1021_acsami.7b01864/10.1021_acsami.7b01864__Fig6__B__stability_performance_curve_pce__I-MAPbl3__Series_2.csv,62e2c891b2ec3c29f050b392b9d9d074a04959d1949c92b4dfc2c7ce9a04aedd
F00461,1,10.1021/acsami.7b01864,data_all/x_time_day/10.1021_acsami.7b01864/Fig6_B_stability_performance_curve_pce/accepted/10.1021_acsami.7b01864__Fig6__B__stability_performance_curve_pce__N-MAPbl3__Series_1.csv,10.1021_acsami.7b01864/10.1021_acsami.7b01864__Fig6__B__stability_performance_curve_pce__N-MAPbl3__Series_1.csv,bdef2aac1a271a643050db33dae4e71d513a1bc8801d442f1981e4530bf42dbe
F00462,1,10.1021/acsami.7b08488,data_all/x_time_day/10.1021_acsami.7b08488/Fig7_A_stability_performance_curve_pce/accepted/10.1021_acsami.7b08488__Fig7__A__stability_performance_curve_pce__MAPbI₃__Series_1.csv,10.1021_acsami.7b08488/10.1021_acsami.7b08488__Fig7__A__stability_performance_curve_pce__MAPbI₃__Series_1.csv,8e64e367a031ef59ba3b4252edfe092fd827ed0e5dbf9b43edd54d87e906986d
F00463,1,10.1021/acsami.7b10994,data_all/x_time_day/10.1021_acsami.7b10994/Fig5_A_stability_performance_curve/accepted/10.1021_acsami.7b10994__Fig5__A__stability_performance_curve__WithPCBM__Series_1.csv,10.1021_acsami.7b10994/10.1021_acsami.7b10994__Fig5__A__stability_performance_curve__WithPCBM__Series_1.csv,1184a63ca1a9a8a68888eff6c2cf97672c76604af97bc2ee3612bb09ce487bd3
F00464,1,10.1021/acsami.7b10994,data_all/x_time_day/10.1021_acsami.7b10994/Fig5_A_stability_performance_curve/accepted/10.1021_acsami.7b10994__Fig5__A__stability_performance_curve__Without_PCBM__Series_2.csv,10.1021_acsami.7b10994/10.1021_acsami.7b10994__Fig5__A__stability_performance_curve__Without_PCBM__Series_2.csv,798b974e7d3373ff7f4d391610f61c413c1054fdf07ae807405de330bf908acf
F00465,1,10.1021/acsami.7b10994,data_all/x_time_day/10.1021_acsami.7b10994/Fig5_B_stability_performance_curve/accepted/10.1021_acsami.7b10994__Fig5__B__stability_performance_curve__With_PCBM__Series_2.csv,10.1021_acsami.7b10994/10.1021_acsami.7b10994__Fig5__B__stability_performance_curve__With_PCBM__Series_2.csv,5287d254fd586bbc5d87a32398ea4aa737c67276a6d407e58a61843e8f4b9569
F00466,1,10.1021/acsami.7b10994,data_all/x_time_day/10.1021_acsami.7b10994/Fig5_B_stability_performance_curve/accepted/10.1021_acsami.7b10994__Fig5__B__stability_performance_curve__WithoutPCBM__Series_1.csv,10.1021_acsami.7b10994/10.1021_acsami.7b10994__Fig5__B__stability_performance_curve__WithoutPCBM__Series_1.csv,cf2fed9fe6ad854a08f6c5ea40b8d5995fcd276ce6443b3afc0126a4d34272b1
F00467,1,10.1021/acsami.7b16912,data_all/x_time_day/10.1021_acsami.7b16912/Fig5_C_stability_performance_curve_pce/accepted/10.1021_acsami.7b16912__Fig5__C__stability_performance_curve_pce__CH3NH3Pbl3__Series_2.csv,10.1021_acsami.7b16912/10.1021_acsami.7b16912__Fig5__C__stability_performance_curve_pce__CH3NH3Pbl3__Series_2.csv,630b9fe50595318e6879d6c481bae70799f3ddfe72db257970d7c35205d249e2
F00468,1,10.1021/acsami.8b05956,data_all/x_time_day/10.1021_acsami.8b05956/Fig4_A_stability_performance_curve_pce/accepted/10.1021_acsami.8b05956__Fig4__A__stability_performance_curve_pce__PEDOT_PSS__Series_2.csv,10.1021_acsami.8b05956/10.1021_acsami.8b05956__Fig4__A__stability_performance_curve_pce__PEDOT_PSS__Series_2.csv,9bc335e99b6e44836ddb6280ac49e7c554d7b95e2c7578701596493c4f5ee5bf
F00469,1,10.1021/acsami.8b08658,data_all/x_time_day/10.1021_acsami.8b08658/Fig7_D_stability_performance_curve_pce/accepted/10.1021_acsami.8b08658__Fig7__D__stability_performance_curve_pce__MAPbI₃₋ₓClₓ__Series_2.csv,10.1021_acsami.8b08658/10.1021_acsami.8b08658__Fig7__D__stability_performance_curve_pce__MAPbI₃₋ₓClₓ__Series_2.csv,5c528e2a59f237e93e99fe3046d2bb2c7dd9ceb31a6742f1044f294a88916046
F00474,1,10.1021/acsami.8b18807,data_all/x_time_day/10.1021_acsami.8b18807/Fig9_B_pce/accepted/10.1021_acsami.8b18807__Fig9__B__pce__control__Series_1.csv,10.1021_acsami.8b18807/10.1021_acsami.8b18807__Fig9__B__pce__control__Series_1.csv,26c60755fdcdbea61ccbb149392bdc9938464046ec606fc29c689a9c2e51ae4d
F00476,1,10.1021/acsami.9b01740,data_all/x_time_day/10.1021_acsami.9b01740/Fig5_E_stability_performance_curve_pce/accepted/10.1021_acsami.9b01740__Fig5__E__stability_performance_curve_pce__w_o_EC__Series_2.csv,10.1021_acsami.9b01740/10.1021_acsami.9b01740__Fig5__E__stability_performance_curve_pce__w_o_EC__Series_2.csv,e517057d6db059f1f598c30bfeaeaae69b435f7e7cd204a67708dc4760ebef1e
F00477,1,10.1021/acsami.9b07149,data_all/x_time_day/10.1021_acsami.9b07149/Fig4_D_stability_performance_curve_pce/accepted/10.1021_acsami.9b07149__Fig4__D__stability_performance_curve_pce__PVK_C60-PEG__Series_2.csv,10.1021_acsami.9b07149/10.1021_acsami.9b07149__Fig4__D__stability_performance_curve_pce__PVK_C60-PEG__Series_2.csv,5f37c953faf410806b563f394631c1aefe45b398756b6b11b6fdbee5f7a024b7
F00478,1,10.1021/acsami.9b07149,data_all/x_time_day/10.1021_acsami.9b07149/Fig4_D_stability_performance_curve_pce/accepted/10.1021_acsami.9b07149__Fig4__D__stability_performance_curve_pce__PVK_PCBM__Series_3.csv,10.1021_acsami.9b07149/10.1021_acsami.9b07149__Fig4__D__stability_performance_curve_pce__PVK_PCBM__Series_3.csv,72112e3308e16e16770115d7e1cec8f20efbf3badf0996aeed6f122789d4278f
F00479,1,10.1021/acsami.9b07149,data_all/x_time_day/10.1021_acsami.9b07149/Fig4_D_stability_performance_curve_pce/accepted/10.1021_acsami.9b07149__Fig4__D__stability_performance_curve_pce__PVK__Series_1.csv,10.1021_acsami.9b07149/10.1021_acsami.9b07149__Fig4__D__stability_performance_curve_pce__PVK__Series_1.csv,14ad44e2571c822b941319fad08f63218873964b79896c9bdc6fd5488c9dc310
F00484,1,10.1021/acsami.9b12323,data_all/x_time_day/10.1021_acsami.9b12323/Fig4_F_stability_performance_curve_pce/accepted/10.1021_acsami.9b12323__Fig4__F__stability_performance_curve_pce__0%__Series_2.csv,10.1021_acsami.9b12323/10.1021_acsami.9b12323__Fig4__F__stability_performance_curve_pce__0%__Series_2.csv,7f0ae511c6a443e7dfd3bdc338496220c253471bb097113d186b9e9fabc705c6
F00485,1,10.1021/acsami.9b12961,data_all/x_time_day/10.1021_acsami.9b12961/Fig6_A_stability_performance_curve_pce/accepted/10.1021_acsami.9b12961__Fig6__A__stability_performance_curve_pce__Control_device__Series_1.csv,10.1021_acsami.9b12961/10.1021_acsami.9b12961__Fig6__A__stability_performance_curve_pce__Control_device__Series_1.csv,74293953183de900dd61b62c4459f47a7725365fed89e3d6d18a331587d95772
F00486,1,10.1021/acsami.9b12961,data_all/x_time_day/10.1021_acsami.9b12961/Fig6_A_stability_performance_curve_pce/accepted/10.1021_acsami.9b12961__Fig6__A__stability_performance_curve_pce__TFTPA_device__Series_2.csv,10.1021_acsami.9b12961/10.1021_acsami.9b12961__Fig6__A__stability_performance_curve_pce__TFTPA_device__Series_2.csv,6405b4b04da0f9e20616eabeedfed0f0c30257e3677bfde8ca46b565ea5974a9
F00488,1,10.1021/acsami.9b17930,data_all/x_time_day/10.1021_acsami.9b17930/Fig8_B_stability_performance_curve_pce/accepted/10.1021_acsami.9b17930__Fig8__B__stability_performance_curve_pce__3D+BAI__Series_3.csv,10.1021_acsami.9b17930/10.1021_acsami.9b17930__Fig8__B__stability_performance_curve_pce__3D+BAI__Series_3.csv,0698d12b2963672c601d7ac57b1494f74dcbc6c33e366a5fcc7cd2c949215870
F00489,1,10.1021/acsami.9b17930,data_all/x_time_day/10.1021_acsami.9b17930/Fig8_B_stability_performance_curve_pce/accepted/10.1021_acsami.9b17930__Fig8__B__stability_performance_curve_pce__3D__Series_1.csv,10.1021_acsami.9b17930/10.1021_acsami.9b17930__Fig8__B__stability_performance_curve_pce__3D__Series_1.csv,8bfbe116ceed33fc4a088f34560b6810c8969807fa79d19905b37c437cd2a294
F00490,1,10.1021/acsami.9b18572,data_all/x_time_day/10.1021_acsami.9b18572/Fig4_K_stability_performance_curve_pce_2/accepted/10.1021_acsami.9b18572__Fig4__K__stability_performance_curve_pce_2__Control__Series_1.csv,10.1021_acsami.9b18572/10.1021_acsami.9b18572__Fig4__K__stability_performance_curve_pce_2__Control__Series_1.csv,ae4d43d7b72413615281f7fac208eb19de519713b9fb5a8bec71b8638d3c5260
F00491,1,10.1021/acsami.9b20831,data_all/x_time_day/10.1021_acsami.9b20831/Fig5_A_photovoltaic_parameter/accepted/10.1021_acsami.9b20831__Fig5__A__photovoltaic_parameter__Pristine__Series_1.csv,10.1021_acsami.9b20831/10.1021_acsami.9b20831__Fig5__A__photovoltaic_parameter__Pristine__Series_1.csv,c556cd153d387ff079520b218b38d5a006b6d7e6acf4ce168b266de24b1b037a
F00493,1,10.1021/acsenergylett.1c00342,data_all/x_time_day/10.1021_acsenergylett.1c00342/Fig5_D_stability/accepted/10.1021_acsenergylett.1c00342__Fig5__D__stability__CsSnl₃__Series_1.csv,10.1021_acsenergylett.1c00342/10.1021_acsenergylett.1c00342__Fig5__D__stability__CsSnl₃__Series_1.csv,fb641e572d5e2eacd2c0ad2a442d7cf33445c1f7bbab0733152d54d4e02f84f9
F00495,1,10.1021/acsenergylett.8b00085,data_all/x_time_day/10.1021_acsenergylett.8b00085/Fig2_F_stability_performance_curve_image/accepted/10.1021_acsenergylett.8b00085__Fig2__F__stability_performance_curve_image__FASnl3__Series_2.csv,10.1021_acsenergylett.8b00085/10.1021_acsenergylett.8b00085__Fig2__F__stability_performance_curve_image__FASnl3__Series_2.csv,649e4017f0ba08d915317bb1829a320e69d742ad95d5cac4f51e4e42930cb2a6
F00497,1,10.1021/acsomega.0c04593,data_all/x_time_day/10.1021_acsomega.0c04593/Fig10_A_stability_performance_curve/accepted/10.1021_acsomega.0c04593__Fig10__A__stability_performance_curve__Aged__Series_2.csv,10.1021_acsomega.0c04593/10.1021_acsomega.0c04593__Fig10__A__stability_performance_curve__Aged__Series_2.csv,fd85b6c394a2f3be70a6cc8924b9e6f263a79b1a0b615891d488bac2851328bc
F00499,1,10.1021/acssuschemeng.0c02983,data_all/x_time_day/10.1021_acssuschemeng.0c02983/Fig5_A_stability_performance_curve_pce/accepted/10.1021_acssuschemeng.0c02983__Fig5__A__stability_performance_curve_pce__w_PTABr__Series_1.csv,10.1021_acssuschemeng.0c02983/10.1021_acssuschemeng.0c02983__Fig5__A__stability_performance_curve_pce__w_PTABr__Series_1.csv,1acd64edaa894a5492416398dd74c5b4cefd17bd825a35fd5c9b0afca319fb61
F00500,1,10.1021/acssuschemeng.0c02983,data_all/x_time_day/10.1021_acssuschemeng.0c02983/Fig5_A_stability_performance_curve_pce/accepted/10.1021_acssuschemeng.0c02983__Fig5__A__stability_performance_curve_pce__w_o_PTABr__Series_2.csv,10.1021_acssuschemeng.0c02983/10.1021_acssuschemeng.0c02983__Fig5__A__stability_performance_curve_pce__w_o_PTABr__Series_2.csv,5fdb1f201e3af73b1ec44a87d46ae0c724f0283f3c0d015bab0e501f3ea223be
F00501,1,10.1021/acssuschemeng.1c02537,data_all/x_time_day/10.1021_acssuschemeng.1c02537/Fig6_A_stability_performance_curve/accepted/10.1021_acssuschemeng.1c02537__Fig6__A__stability_performance_curve__0.1MABr__Series_2.csv,10.1021_acssuschemeng.1c02537/10.1021_acssuschemeng.1c02537__Fig6__A__stability_performance_curve__0.1MABr__Series_2.csv,3a7d694acb4f0c2425193cee7e674bb071fe7bdc0acce306b970afd1c7ab01ef
F00502,1,10.1021/acssuschemeng.1c02537,data_all/x_time_day/10.1021_acssuschemeng.1c02537/Fig6_A_stability_performance_curve/accepted/10.1021_acssuschemeng.1c02537__Fig6__A__stability_performance_curve__o—Control__Series_1.csv,10.1021_acssuschemeng.1c02537/10.1021_acssuschemeng.1c02537__Fig6__A__stability_performance_curve__o—Control__Series_1.csv,4680386756dcfb0caa129205910505fc01d3fe2572880e40f9e54b84790d2b63
F00503,1,10.1021/acssuschemeng.9b00368,data_all/x_time_day/10.1021_acssuschemeng.9b00368/Fig7_A_stability_performance_curve/accepted/10.1021_acssuschemeng.9b00368__Fig7__A__stability_performance_curve__MAPbI3__Series_2.csv,10.1021_acssuschemeng.9b00368/10.1021_acssuschemeng.9b00368__Fig7__A__stability_performance_curve__MAPbI3__Series_2.csv,a132f86fb8e596981027df93e141c115a90b4f0271bf8a056d087cdead6306f5
F00504,1,10.1021/acssuschemeng.9b02336,data_all/x_time_day/10.1021_acssuschemeng.9b02336/Fig6_whole_figure/accepted/10.1021_acssuschemeng.9b02336__Fig6__whole__figure__PEDOT_PSS__Series_2.csv,10.1021_acssuschemeng.9b02336/10.1021_acssuschemeng.9b02336__Fig6__whole__figure__PEDOT_PSS__Series_2.csv,bbab13ffc1d16247bb0934f02fde9db0499bf73d80f84b48c9bf1c60a3d92ef6
F00505,1,10.1038/nenergy.2017.102,data_all/x_time_day/10.1038_nenergy.2017.102/Fig4_A_pce/accepted/10.1038_nenergy.2017.102__Fig4__A__pce__L-α-phosphatidylcholine__Series_1.csv,10.1038_nenergy.2017.102/10.1038_nenergy.2017.102__Fig4__A__pce__L-α-phosphatidylcholine__Series_1.csv,fbe2f8fdacdc081e97638ada73667c8bebf3d9fbc099563ed0ef06da9bce43f9
F00506,1,10.1038/s41427-018-0055-0,data_all/x_time_day/10.1038_s41427-018-0055-0/Fig5_A_stability_performance_curve/accepted/10.1038_s41427-018-0055-0__Fig5__A__stability_performance_curve__W_O_QDs__Series_1.csv,10.1038_s41427-018-0055-0/10.1038_s41427-018-0055-0__Fig5__A__stability_performance_curve__W_O_QDs__Series_1.csv,80f8019cc725ef5e0314b08f11fb8bdd9c300e528012e1eb04528ea290301f98
F00507,1,10.1038/s41560-018-0192-2,data_all/x_time_day/10.1038_s41560-018-0192-2/Fig5_B_statistics_plot_stability_performance_curve_pce/accepted/10.1038_s41560-018-0192-2__Fig5__B__statistics_plot_stability_performance_curve_pce__CsMAFA__Series_1.csv,10.1038_s41560-018-0192-2/10.1038_s41560-018-0192-2__Fig5__B__statistics_plot_stability_performance_curve_pce__CsMAFA__Series_1.csv,d75001c27d4346b0ebf56a287e35a5c9c5d54db2d120b7df939dc0ce6c7bfcdd
F00509,1,10.1038/s41598-024-78155-2,data_all/x_time_day/10.1038_s41598-024-78155-2/Fig8_C_stability_performance_curve_pce/accepted/10.1038_s41598-024-78155-2__Fig8__C__stability_performance_curve_pce__Control__Series_1.csv,10.1038_s41598-024-78155-2/10.1038_s41598-024-78155-2__Fig8__C__stability_performance_curve_pce__Control__Series_1.csv,0eb280df548e0467c27c23794d53a00337b5217a0e634bc889dc2a7024373d18
F00510,1,10.1038/s41598-024-78155-2,data_all/x_time_day/10.1038_s41598-024-78155-2/Fig8_C_stability_performance_curve_pce/accepted/10.1038_s41598-024-78155-2__Fig8__C__stability_performance_curve_pce__GAI__Series_2.csv,10.1038_s41598-024-78155-2/10.1038_s41598-024-78155-2__Fig8__C__stability_performance_curve_pce__GAI__Series_2.csv,f4272bed940f4f9263b1b80f4c3c94b9e1d1cbd8297ec42f0cd5cda6b56445c2
F00511,1,10.1038/s41598-024-78155-2,data_all/x_time_day/10.1038_s41598-024-78155-2/Fig8_D_stability_performance_curve_pce/accepted/10.1038_s41598-024-78155-2__Fig8__D__stability_performance_curve_pce__Control__Series_1.csv,10.1038_s41598-024-78155-2/10.1038_s41598-024-78155-2__Fig8__D__stability_performance_curve_pce__Control__Series_1.csv,b0460099eefa526f1260f53e6910420c2b88e948ededcfa8f000aeb16a43f18b
F00512,1,10.1038/s41598-024-78155-2,data_all/x_time_day/10.1038_s41598-024-78155-2/Fig8_D_stability_performance_curve_pce/accepted/10.1038_s41598-024-78155-2__Fig8__D__stability_performance_curve_pce__GAI__Series_2.csv,10.1038_s41598-024-78155-2/10.1038_s41598-024-78155-2__Fig8__D__stability_performance_curve_pce__GAI__Series_2.csv,07f96c8079cbdc59d7843894e707c1c80cc75b4f260beae4d4c5db0f4b5a1757
F00513,1,10.1039/c9ta04366g,data_all/x_time_day/10.1039_C9TA04366G/Fig2_D_stability_performance_curve_eqe/accepted/10.1039_C9TA04366G__Fig2__D__stability_performance_curve_eqe__PCBM__Series_1.csv,10.1039_C9TA04366G/10.1039_C9TA04366G__Fig2__D__stability_performance_curve_eqe__PCBM__Series_1.csv,c0b43c0189b74e7d2f191deed82c771a01cee2580ecf09bee5fd53aafd0f7e2c
F00514,1,10.1039/d5sc05095b,data_all/x_time_day/10.1039_D5SC05095B/Fig5_I_eis_plot_stability_performance_curve_pce_device_structure/accepted/10.1039_D5SC05095B__Fig5__I__eis_plot_stability_performance_curve_pce_device_structure__W_O_AMPM__Series_1.csv,10.1039_D5SC05095B/10.1039_D5SC05095B__Fig5__I__eis_plot_stability_performance_curve_pce_device_structure__W_O_AMPM__Series_1.csv,e3b7de914ce1c1da1167b3998e59ab752f4a83b66743ca6e06c96b9f953cd900
F00515,1,10.1039/c5ta06008g,data_all/x_time_day/10.1039_c5ta06008g/Fig4_F_stability_performance_curve_decay/accepted/10.1039_c5ta06008g__Fig4__F__stability_performance_curve_decay__Without_PEI__Series_2.csv,10.1039_c5ta06008g/10.1039_c5ta06008g__Fig4__F__stability_performance_curve_decay__Without_PEI__Series_2.csv,d318c3d01f09ab9657681bd11ca090d1923ca363730ed0b9926eb9da0a427a36
F00516,1,10.1039/c6ee02687g,data_all/x_time_day/10.1039_c6ee02687g/Fig6_D_stability_performance_curve_pce/accepted/10.1039_c6ee02687g__Fig6__D__stability_performance_curve_pce__Without_ALD_AI203__Series_2.csv,10.1039_c6ee02687g/10.1039_c6ee02687g__Fig6__D__stability_performance_curve_pce__Without_ALD_AI203__Series_2.csv,95e342b96e1c17fa9120a07cc0e3aa5ecf65977808f38e74d400fed2f6c4d989
F00517,1,10.1039/c6nr06670d,data_all/x_time_day/10.1039_c6nr06670d/Fig7_whole_stability_performance_curve_pce/accepted/10.1039_c6nr06670d__Fig7__whole__stability_performance_curve_pce__ITO_PEDOT_PSS_MAPb(I1.BrJ₃_PCBM_Al__Series_2.csv,10.1039_c6nr06670d/10.1039_c6nr06670d__Fig7__whole__stability_performance_curve_pce__ITO_PEDOT_PSS_MAPb(I1.BrJ₃_PCBM_Al__Series_2.csv,0f3b76712630de6f2a915c739d20d531580d5ea7e06aa7d2b27ce0fa1e9b6d20
F00519,1,10.1039/c6ta03164a,data_all/x_time_day/10.1039_c6ta03164a/Fig7_A_stability_performance_curve_pce/accepted/10.1039_c6ta03164a__Fig7__A__stability_performance_curve_pce__LN-P3HT__Series_2.csv,10.1039_c6ta03164a/10.1039_c6ta03164a__Fig7__A__stability_performance_curve_pce__LN-P3HT__Series_2.csv,c4e2119d844671f5b1eb48c7402ef6cd2ee74138fa64eb944891e0b75c238b4f
F00520,1,10.1039/c6ta03164a,data_all/x_time_day/10.1039_c6ta03164a/Fig7_A_stability_performance_curve_pce/accepted/10.1039_c6ta03164a__Fig7__A__stability_performance_curve_pce__LP-P3HT__Series_1.csv,10.1039_c6ta03164a/10.1039_c6ta03164a__Fig7__A__stability_performance_curve_pce__LP-P3HT__Series_1.csv,4f61546ac073f748ef14ebfdcd6802637067392cc4e26ae4fe59fbafe79a5198
F00521,1,10.1039/c6ta09174a,data_all/x_time_day/10.1039_c6ta09174a/Fig4_B_stability_performance_curve_pce/accepted/10.1039_c6ta09174a__Fig4__B__stability_performance_curve_pce__b__Series_2.csv,10.1039_c6ta09174a/10.1039_c6ta09174a__Fig4__B__stability_performance_curve_pce__b__Series_2.csv,572a92e43bc9cff7473cd4b8b2ae38b143c60a8117d64e307eb5254356bad62d
F00522,1,10.1039/c6ta09687e,data_all/x_time_day/10.1039_c6ta09687e/Fig1_C_jv_curve_stability_performance_ff/accepted/10.1039_c6ta09687e__Fig1__C__jv_curve_stability_performance_ff__FAPbI3__Series_1.csv,10.1039_c6ta09687e/10.1039_c6ta09687e__Fig1__C__jv_curve_stability_performance_ff__FAPbI3__Series_1.csv,94b4b389cefbaf7f3c94e7108040f7f09aeadfefa42a36376c9270cf12df266d
F00523,1,10.1039/c6ta09687e,data_all/x_time_day/10.1039_c6ta09687e/Fig1_C_jv_curve_stability_performance_ff/accepted/10.1039_c6ta09687e__Fig1__C__jv_curve_stability_performance_ff__MAPbI3__Series_2.csv,10.1039_c6ta09687e/10.1039_c6ta09687e__Fig1__C__jv_curve_stability_performance_ff__MAPbI3__Series_2.csv,21b9b7c85f2af8aa3f16358ed391033ce7178e122214994f67f099ef9a1ce4a4
F00524,1,10.1039/c6ta10588b,data_all/x_time_day/10.1039_c6ta10588b/Fig6_whole_stability/accepted/10.1039_c6ta10588b__Fig6__whole__stability__FTO_TiO2__Series_1.csv,10.1039_c6ta10588b/10.1039_c6ta10588b__Fig6__whole__stability__FTO_TiO2__Series_1.csv,fbe4990182472e017640951048b59701d02ef3c3453efef3f087d178846ec237
F00525,1,10.1039/c6ta10588b,data_all/x_time_day/10.1039_c6ta10588b/Fig6_whole_stability/accepted/10.1039_c6ta10588b__Fig6__whole__stability__ITO_PEDOT_PSS__Series_2.csv,10.1039_c6ta10588b/10.1039_c6ta10588b__Fig6__whole__stability__ITO_PEDOT_PSS__Series_2.csv,b2d752570b2174e9c815c202a826d56382361dab21e001fc1c7d2904ba92fedc
F00526,1,10.1039/c7nr03507a,data_all/x_time_day/10.1039_c7nr03507a/Fig5_A_stability_performance_curve_pce/accepted/10.1039_c7nr03507a__Fig5__A__stability_performance_curve_pce__Control__Series_1.csv,10.1039_c7nr03507a/10.1039_c7nr03507a__Fig5__A__stability_performance_curve_pce__Control__Series_1.csv,c6b51f99b767ccd94a39178ae1423435ac25d7182c3cdef100f07dbcbb92e7ea
F00527,1,10.1039/c7nr03963h,data_all/x_time_day/10.1039_c7nr03963h/Fig5_whole_figure/accepted/10.1039_c7nr03963h__Fig5__whole__figure__PEDOT__Series_2.csv,10.1039_c7nr03963h/10.1039_c7nr03963h__Fig5__whole__figure__PEDOT__Series_2.csv,f4ec2088efcb42ae7f7c8c7692a2d0d1f83fb92ec1d3b00c09ee06108098c790
F00528,1,10.1039/c7nr06812c,data_all/x_time_day/10.1039_c7nr06812c/Fig8_A_stability_performance_curve_pce/accepted/10.1039_c7nr06812c__Fig8__A__stability_performance_curve_pce__ZnO_Device__Series_1.csv,10.1039_c7nr06812c/10.1039_c7nr06812c__Fig8__A__stability_performance_curve_pce__ZnO_Device__Series_1.csv,a8ffa58fab3b2dc6ff6223ebf637a76eddf0f4d8fc0d7cac04c13510d70a878c
F00530,1,10.1039/c7se00036g,data_all/x_time_day/10.1039_c7se00036g/Fig5_C_stability_performance_curve_pce/accepted/10.1039_c7se00036g__Fig5__C__stability_performance_curve_pce__Conventional_dripping__Series_2.csv,10.1039_c7se00036g/10.1039_c7se00036g__Fig5__C__stability_performance_curve_pce__Conventional_dripping__Series_2.csv,1ce7ce38ed69c564f0111d290d46c9496ec0a3544f5c3aa1774d073189197b4c
F00532,1,10.1039/c7ta00894e,data_all/x_time_day/10.1039_c7ta00894e/Fig6_G_stability_performance_curve_pce/accepted/10.1039_c7ta00894e__Fig6__G__stability_performance_curve_pce__CH3NH3PbI3__Series_1.csv,10.1039_c7ta00894e/10.1039_c7ta00894e__Fig6__G__stability_performance_curve_pce__CH3NH3PbI3__Series_1.csv,655390e233e9500bf071733a3fd65ee5501efeb045fb46e97b6c8a1901f9c12d
F00533,1,10.1039/c7ta00894e,data_all/x_time_day/10.1039_c7ta00894e/Fig6_H_stability_performance_curve_pce/accepted/10.1039_c7ta00894e__Fig6__H__stability_performance_curve_pce__CH3NH3PbI3__Series_2.csv,10.1039_c7ta00894e/10.1039_c7ta00894e__Fig6__H__stability_performance_curve_pce__CH3NH3PbI3__Series_2.csv,d24fc671eb6262d540407db71158a13a891e9f0ec86b2d920530f88e8acff762
F00534,1,10.1039/c7ta06088b,data_all/x_time_day/10.1039_c7ta06088b/Fig6_A_stability_performance_curve_pce/accepted/10.1039_c7ta06088b__Fig6__A__stability_performance_curve_pce__perovskite_spiro-OMeTAD__Series_2.csv,10.1039_c7ta06088b/10.1039_c7ta06088b__Fig6__A__stability_performance_curve_pce__perovskite_spiro-OMeTAD__Series_2.csv,de68bc3103c4d06bbbc776dc0fd7ddc782f1c774d53729417157c254e9c697c4
F00536,1,10.1039/c7ta09543k,data_all/x_time_day/10.1039_c7ta09543k/Fig5_D_stability_performance_curve/accepted/10.1039_c7ta09543k__Fig5__D__stability_performance_curve__TiO2__Series_1.csv,10.1039_c7ta09543k/10.1039_c7ta09543k__Fig5__D__stability_performance_curve__TiO2__Series_1.csv,2d05f009ae4295ea0d0d1b366ce29da9548befefdb1ef7f063c7320455e04182
F00537,1,10.1039/c7tc01973d,data_all/x_time_day/10.1039_c7tc01973d/Fig5_D_stability_performance_curve/accepted/10.1039_c7tc01973d__Fig5__D__stability_performance_curve__Compact_Pbl2__Series_2.csv,10.1039_c7tc01973d/10.1039_c7tc01973d__Fig5__D__stability_performance_curve__Compact_Pbl2__Series_2.csv,da4f48bc1ffd3a6cb261c8e6f4a06c164501ad6a425474d92874bd3ac4f21c7a
F00538,1,10.1039/c7tc01973d,data_all/x_time_day/10.1039_c7tc01973d/Fig5_D_stability_performance_curve/accepted/10.1039_c7tc01973d__Fig5__D__stability_performance_curve__Mesoporous_Pbl__Series_1.csv,10.1039_c7tc01973d/10.1039_c7tc01973d__Fig5__D__stability_performance_curve__Mesoporous_Pbl__Series_1.csv,e76b0982382bc14bebbdec932032d3348708f163fe3e9112541352be7a278173
F00541,1,10.1039/c8nh00163d,data_all/x_time_day/10.1039_c8nh00163d/Fig4_A_stability_performance_curve_pce/accepted/10.1039_c8nh00163d__Fig4__A__stability_performance_curve_pce__Pristine__Series_1.csv,10.1039_c8nh00163d/10.1039_c8nh00163d__Fig4__A__stability_performance_curve_pce__Pristine__Series_1.csv,d04e113cecd052cb34e6c2f30a9b4922ed1982c219a031ec66d00c2fe7eb81a9
F00542,1,10.1039/c8nj06146g,data_all/x_time_day/10.1039_c8nj06146g/Fig6_A_stability_performance_curve_pce/accepted/10.1039_c8nj06146g__Fig6__A__stability_performance_curve_pce__Pure_PCBM__Series_2.csv,10.1039_c8nj06146g/10.1039_c8nj06146g__Fig6__A__stability_performance_curve_pce__Pure_PCBM__Series_2.csv,d9eb1c5de7678b9249f025e0b0955d1065f39cfc2eaa1ccfddcc4365699808b0
F00544,1,10.1039/c8ra03162b,data_all/x_time_day/10.1039_c8ra03162b/Fig10_A_stability_performance_curve_plot/accepted/10.1039_c8ra03162b__Fig10__A__stability_performance_curve_plot__ZnO_NPs__Series_1.csv,10.1039_c8ra03162b/10.1039_c8ra03162b__Fig10__A__stability_performance_curve_plot__ZnO_NPs__Series_1.csv,0de932435711dda3f9a368a12b91a2dd5482f4e444d7070d8fc25b8d2b58ec27
F00547,1,10.1039/c8ta00457a,data_all/x_time_day/10.1039_c8ta00457a/Fig9_H_pce/accepted/10.1039_c8ta00457a__Fig9__H__pce__WithoutOTAB__Series_2.csv,10.1039_c8ta00457a/10.1039_c8ta00457a__Fig9__H__pce__WithoutOTAB__Series_2.csv,3e3a6121aa9594766869f0e43258dc8dbabf88873b2b3e65473a6c59ede34a32
F00548,1,10.1039/c8ta00583d,data_all/x_time_day/10.1039_c8ta00583d/Fig5_whole_stability_performance_curve/accepted/10.1039_c8ta00583d__Fig5__whole__stability_performance_curve__MAPbI₃_(IT-4F)__Series_1.csv,10.1039_c8ta00583d/10.1039_c8ta00583d__Fig5__whole__stability_performance_curve__MAPbI₃_(IT-4F)__Series_1.csv,9370cd5a73d103844d670409814472deca877cd78e44253cfb812e5e160660ae
F00549,1,10.1039/c8ta00583d,data_all/x_time_day/10.1039_c8ta00583d/Fig5_whole_stability_performance_curve/accepted/10.1039_c8ta00583d__Fig5__whole__stability_performance_curve__MAPbI₃__Series_2.csv,10.1039_c8ta00583d/10.1039_c8ta00583d__Fig5__whole__stability_performance_curve__MAPbI₃__Series_2.csv,1a69390ef62a0516ccd1b08d8dc3776a71c861c3621388c39f12b0830ddacfe4
F00550,1,10.1039/c8ta03608j,data_all/x_time_day/10.1039_c8ta03608j/Fig4_B_stability_performance_curve_pce/accepted/10.1039_c8ta03608j__Fig4__B__stability_performance_curve_pce__PEDOT_PSS__Series_1.csv,10.1039_c8ta03608j/10.1039_c8ta03608j__Fig4__B__stability_performance_curve_pce__PEDOT_PSS__Series_1.csv,abdba760bbacaf9f83fa7488ccc2c3baead4cb61917276bd932be1c6510d41c8
F00551,1,10.1039/c8ta11925b,data_all/x_time_day/10.1039_c8ta11925b/Fig6_E_stability_performance_curve_pce/accepted/10.1039_c8ta11925b__Fig6__E__stability_performance_curve_pce__ABS-0__Series_1.csv,10.1039_c8ta11925b/10.1039_c8ta11925b__Fig6__E__stability_performance_curve_pce__ABS-0__Series_1.csv,d90974e45b85c1e7c2eb1a8073c12a616d1e97298c064d2141347d0fed2e32af
F00553,1,10.1039/c8ta12206g,data_all/x_time_day/10.1039_c8ta12206g/Fig8_A_pce/accepted/10.1039_c8ta12206g__Fig8__A__pce__Control__Series_1.csv,10.1039_c8ta12206g/10.1039_c8ta12206g__Fig8__A__pce__Control__Series_1.csv,efc5acf306e7f1d797f6098fbcc2e9383df1c84f9be4d85ad08cbaf1c1d40790
F00555,1,10.1039/c9nr05719f,data_all/x_time_day/10.1039_c9nr05719f/Fig6_A_stability_performance_curve_pce/accepted/10.1039_c9nr05719f__Fig6__A__stability_performance_curve_pce__Spiro-OMeTAD_(LiTFSI_+TBP)__Series_2.csv,10.1039_c9nr05719f/10.1039_c9nr05719f__Fig6__A__stability_performance_curve_pce__Spiro-OMeTAD_(LiTFSI_+TBP)__Series_2.csv,4fad20110f5c258ce8370640754713f71dfe6ace331afc510a5e0404b3238375
F00556,1,10.1039/c9nr05719f,data_all/x_time_day/10.1039_c9nr05719f/Fig6_A_stability_performance_curve_pce/accepted/10.1039_c9nr05719f__Fig6__A__stability_performance_curve_pce__TFB_(LiTFSI_+TBP)__Series_1.csv,10.1039_c9nr05719f/10.1039_c9nr05719f__Fig6__A__stability_performance_curve_pce__TFB_(LiTFSI_+TBP)__Series_1.csv,b751ab0bbfab83ff949f209822f813d21691917d4a04e031629a3b3231869c5d
F00557,1,10.1039/c9se00003h,data_all/x_time_day/10.1039_c9se00003h/Fig4_D_stability_performance_curve/accepted/10.1039_c9se00003h__Fig4__D__stability_performance_curve__spiro-OMeTAD__Series_2.csv,10.1039_c9se00003h/10.1039_c9se00003h__Fig4__D__stability_performance_curve__spiro-OMeTAD__Series_2.csv,fd7fb083d151165880695bcd3e2c2b54ff555715c4b2534e409fcfc66ad739b2
F00559,1,10.1039/c9ta00118b,data_all/x_time_day/10.1039_c9ta00118b/Fig6_A_stability_performance_curve_pce/accepted/10.1039_c9ta00118b__Fig6__A__stability_performance_curve_pce__C60__Series_1.csv,10.1039_c9ta00118b/10.1039_c9ta00118b__Fig6__A__stability_performance_curve_pce__C60__Series_1.csv,ba2f2aa0c5db7daf3cd4bdead46a895239a5b99a0891c53167ac1b9f7bec1119
F00564,1,10.1039/c9ta03022k,data_all/x_time_day/10.1039_c9ta03022k/Fig1_F_stability_performance_curve_pce/accepted/10.1039_c9ta03022k__Fig1__F__stability_performance_curve_pce__PTAA__Series_2.csv,10.1039_c9ta03022k/10.1039_c9ta03022k__Fig1__F__stability_performance_curve_pce__PTAA__Series_2.csv,41ecbe2d094315955bd434ead7f972bccdaf3109888bd6f953862800ea8a8b23
F00565,1,10.1039/c9ta08084h,data_all/x_time_day/10.1039_c9ta08084h/Fig7_D_stability_performance_curve_pce/accepted/10.1039_c9ta08084h__Fig7__D__stability_performance_curve_pce__0—NiOx_PS_MAPbl3__Series_2.csv,10.1039_c9ta08084h/10.1039_c9ta08084h__Fig7__D__stability_performance_curve_pce__0—NiOx_PS_MAPbl3__Series_2.csv,3829026736a58c29ce2d6358dce5d5384321d4b6a8f2befaa7b1f7c220f37db1
F00566,1,10.1039/c9ta08084h,data_all/x_time_day/10.1039_c9ta08084h/Fig7_D_stability_performance_curve_pce/accepted/10.1039_c9ta08084h__Fig7__D__stability_performance_curve_pce__NiOx_MAPbl₃__Series_3.csv,10.1039_c9ta08084h/10.1039_c9ta08084h__Fig7__D__stability_performance_curve_pce__NiOx_MAPbl₃__Series_3.csv,e29c4d0095a5a53553dfbc4b03dfb20ce30aeb2863c880f12fc04c2f2a40cb65
F00567,1,10.1039/c9ta08177a,data_all/x_time_day/10.1039_c9ta08177a/Fig6_B_stability_performance_curve/accepted/10.1039_c9ta08177a__Fig6__B__stability_performance_curve__withPEVCNT__Series_2.csv,10.1039_c9ta08177a/10.1039_c9ta08177a__Fig6__B__stability_performance_curve__withPEVCNT__Series_2.csv,80a2a9693d8dfc21d779b64bbc8f6f27bdc09f822a8ef5fb3b303a16966baa3d
F00568,1,10.1039/c9ta08177a,data_all/x_time_day/10.1039_c9ta08177a/Fig6_B_stability_performance_curve/accepted/10.1039_c9ta08177a__Fig6__B__stability_performance_curve__without_PEVCNT__Series_1.csv,10.1039_c9ta08177a/10.1039_c9ta08177a__Fig6__B__stability_performance_curve__without_PEVCNT__Series_1.csv,f0394d60e1c4b177d3d579c27ca5e5b5714a0467976b7cfe926c9288114f8bdd
F00569,1,10.1039/c9ta11744j,data_all/x_time_day/10.1039_c9ta11744j/Fig6_A_stability_performance_curve_pce/accepted/10.1039_c9ta11744j__Fig6__A__stability_performance_curve_pce__Spiro-OMeTAD__Series_1.csv,10.1039_c9ta11744j/10.1039_c9ta11744j__Fig6__A__stability_performance_curve_pce__Spiro-OMeTAD__Series_1.csv,d869c6a2a793a814b9741d60b4a22db384df33f28c8a727513510b089c95de86
F00571,1,10.1039/c9tc00374f,data_all/x_time_day/10.1039_c9tc00374f/Fig4_F_jv_curve_stability_performance_pce/accepted/10.1039_c9tc00374f__Fig4__F__jv_curve_stability_performance_pce__Reference-PSC__Series_1.csv,10.1039_c9tc00374f/10.1039_c9tc00374f__Fig4__F__jv_curve_stability_performance_pce__Reference-PSC__Series_1.csv,ead7cfe28b05fc38c4ba0414ca2147ec7c4ea8cda512690245c1ef599b41d024
F00572,1,10.1039/c9tc02526j,data_all/x_time_day/10.1039_c9tc02526j/Fig7_whole_stability/accepted/10.1039_c9tc02526j__Fig7__whole__stability__NiOX__Series_3.csv,10.1039_c9tc02526j/10.1039_c9tc02526j__Fig7__whole__stability__NiOX__Series_3.csv,57d7d5883a3e38c4cd98c952743cca5dced7ca8be45d92171bed15983d6515ae
F00573,1,10.1039/c9tc03120k,data_all/x_time_day/10.1039_c9tc03120k/Fig7_D_stability_performance_curve_pce/accepted/10.1039_c9tc03120k__Fig7__D__stability_performance_curve_pce__NPB__Series_1.csv,10.1039_c9tc03120k/10.1039_c9tc03120k__Fig7__D__stability_performance_curve_pce__NPB__Series_1.csv,073fbff4b485da74af261a36fc825d9dc076551eb05dd69d8230ff3f56d6d95c
F00574,1,10.1039/c9tc04269e,data_all/x_time_day/10.1039_c9tc04269e/Fig4_D_stability_performance_curve_pce/accepted/10.1039_c9tc04269e__Fig4__D__stability_performance_curve_pce__SnO2__Series_2.csv,10.1039_c9tc04269e/10.1039_c9tc04269e__Fig4__D__stability_performance_curve_pce__SnO2__Series_2.csv,894ac5160323d0f01a5b0336d65f79e39982e526ae4abaff2877038a2b86da29
F00575,1,10.1039/c9tc05227e,data_all/x_time_day/10.1039_c9tc05227e/Fig6_A_stability_performance_curve_pce/accepted/10.1039_c9tc05227e__Fig6__A__stability_performance_curve_pce__Control__Series_1.csv,10.1039_c9tc05227e/10.1039_c9tc05227e__Fig6__A__stability_performance_curve_pce__Control__Series_1.csv,65e61cc1299124ade89a5de327982cc45e00588236f6191e4692a0647817bc81
F00576,1,10.1039/c9tc05410c,data_all/x_time_day/10.1039_c9tc05410c/Fig5_F_stability_performance_curve_image/accepted/10.1039_c9tc05410c__Fig5__F__stability_performance_curve_image__Z8@MWCNT__Series_2.csv,10.1039_c9tc05410c/10.1039_c9tc05410c__Fig5__F__stability_performance_curve_image__Z8@MWCNT__Series_2.csv,14835fd210c1e80b512fca0a05051333c53bd103b9a572d07298c1b22689f053
F00577,1,10.1039/c9tc05410c,data_all/x_time_day/10.1039_c9tc05410c/Fig5_F_stability_performance_curve_image/accepted/10.1039_c9tc05410c__Fig5__F__stability_performance_curve_image__Z8__Series_1.csv,10.1039_c9tc05410c/10.1039_c9tc05410c__Fig5__F__stability_performance_curve_image__Z8__Series_1.csv,95cdac5b97001e20dd97fd1baad821f80d2022013d732fe50c59719994f3029e
F00578,1,10.1039/d0dt03201h,data_all/x_time_day/10.1039_d0dt03201h/Fig6_E_stability_performance_curve_pce/accepted/10.1039_d0dt03201h__Fig6__E__stability_performance_curve_pce__HTMwithout_BiWg-Zn__Series_2.csv,10.1039_d0dt03201h/10.1039_d0dt03201h__Fig6__E__stability_performance_curve_pce__HTMwithout_BiWg-Zn__Series_2.csv,d0cb8e87bde57e9c361e3822e27f9633a71ac251f3680dcef8329e4726ca5ef7
F00579,1,10.1039/d0dt03201h,data_all/x_time_day/10.1039_d0dt03201h/Fig6_G_stability_performance_curve_pce/accepted/10.1039_d0dt03201h__Fig6__G__stability_performance_curve_pce__Without_BiWg-Zn__Series_1.csv,10.1039_d0dt03201h/10.1039_d0dt03201h__Fig6__G__stability_performance_curve_pce__Without_BiWg-Zn__Series_1.csv,0316caa1638f98c55428a611d0388de80653708793b6a5b523b3b308ff6446d8
F00582,1,10.1039/d0qm00983k,data_all/x_time_day/10.1039_d0qm00983k/Fig10_B_stability_performance_curve/accepted/10.1039_d0qm00983k__Fig10__B__stability_performance_curve__o—Pristine__Series_1.csv,10.1039_d0qm00983k/10.1039_d0qm00983k__Fig10__B__stability_performance_curve__o—Pristine__Series_1.csv,0e5c0396cac91ebae88e5b01bc534da6a33b5bf3768821048d99022529ee8970
F00583,1,10.1039/d0ra07254k,data_all/x_time_day/10.1039_d0ra07254k/Fig6_C_stability_performance_curve/accepted/10.1039_d0ra07254k__Fig6__C__stability_performance_curve__W_O_DDQ__Series_1.csv,10.1039_d0ra07254k/10.1039_d0ra07254k__Fig6__C__stability_performance_curve__W_O_DDQ__Series_1.csv,1ce5d2f647770b17f01f93b8231e4af64dcb473c840260e8d397d851cb4a5755
F00584,1,10.1039/d0ra09294k,data_all/x_time_day/10.1039_d0ra09294k/Fig5_C_stability_performance_curve/accepted/10.1039_d0ra09294k__Fig5__C__stability_performance_curve__Cs0.05__Series_1.csv,10.1039_d0ra09294k/10.1039_d0ra09294k__Fig5__C__stability_performance_curve__Cs0.05__Series_1.csv,b797f07755517f2c5874dbfda13913e83c2c22e4908b3bf14424b6c796931b5c
F00585,1,10.1039/d0ra09294k,data_all/x_time_day/10.1039_d0ra09294k/Fig5_C_stability_performance_curve/accepted/10.1039_d0ra09294k__Fig5__C__stability_performance_curve__Cs0.15__Series_2.csv,10.1039_d0ra09294k/10.1039_d0ra09294k__Fig5__C__stability_performance_curve__Cs0.15__Series_2.csv,fa35989a96a6b26117e8ecf22df0dfdd25e99bc55fb13f7a590c508241fc616f
F00586,1,10.1039/d0ra09294k,data_all/x_time_day/10.1039_d0ra09294k/Fig5_C_stability_performance_curve/accepted/10.1039_d0ra09294k__Fig5__C__stability_performance_curve__Cs0.25__Series_3.csv,10.1039_d0ra09294k/10.1039_d0ra09294k__Fig5__C__stability_performance_curve__Cs0.25__Series_3.csv,ffec9f2b782caf30c977c68516ac335e58af999f29df6ca52a5948ba485a3375
F00591,1,10.1039/d0ta06646j,data_all/x_time_day/10.1039_d0ta06646j/Fig4_G_stability_performance_curve_pce/accepted/10.1039_d0ta06646j__Fig4__G__stability_performance_curve_pce__1nmFPPX__Series_2.csv,10.1039_d0ta06646j/10.1039_d0ta06646j__Fig4__G__stability_performance_curve_pce__1nmFPPX__Series_2.csv,2e9779cd136d8ee06ee81a852b9dca5a0b2cd6174f1b53232e18d484e0f5326d
F00592,1,10.1039/d0ta06646j,data_all/x_time_day/10.1039_d0ta06646j/Fig4_G_stability_performance_curve_pce/accepted/10.1039_d0ta06646j__Fig4__G__stability_performance_curve_pce__5nmPPX__Series_1.csv,10.1039_d0ta06646j/10.1039_d0ta06646j__Fig4__G__stability_performance_curve_pce__5nmPPX__Series_1.csv,fc348d927a3bae61b95aee73a852a7161d2d0582bdb6e29642e207a2821d6c20
F00593,1,10.1039/d0ta06646j,data_all/x_time_day/10.1039_d0ta06646j/Fig4_G_stability_performance_curve_pce/accepted/10.1039_d0ta06646j__Fig4__G__stability_performance_curve_pce__Uncoated__Series_3.csv,10.1039_d0ta06646j/10.1039_d0ta06646j__Fig4__G__stability_performance_curve_pce__Uncoated__Series_3.csv,01450c7ae69a8d238e3ad95c7c8f9557c646aa7f8f5839badb25ad7266ed9a52
F00599,1,10.1039/d0tc02535f,data_all/x_time_day/10.1039_d0tc02535f/Fig6_whole_stability/accepted/10.1039_d0tc02535f__Fig6__whole__stability__Control__Series_2.csv,10.1039_d0tc02535f/10.1039_d0tc02535f__Fig6__whole__stability__Control__Series_2.csv,afbb92f418a85fd86f5dd2123284777510f0826525219385325242f4ce14b964
F00600,1,10.1039/d0tc03133j,data_all/x_time_day/10.1039_d0tc03133j/Fig6_D_stability_performance_curve_pce/accepted/10.1039_d0tc03133j__Fig6__D__stability_performance_curve_pce__Without_CB__Series_1.csv,10.1039_d0tc03133j/10.1039_d0tc03133j__Fig6__D__stability_performance_curve_pce__Without_CB__Series_1.csv,d167099b341d2db2ce38c06ab8193b28483dc3092de79b806aa6a296375cd2b3
F00604,1,10.1039/d0tc05455k,data_all/x_time_day/10.1039_d0tc05455k/Fig6_A_stability_performance_curve_pce/accepted/10.1039_d0tc05455k__Fig6__A__stability_performance_curve_pce__CsPbIBr₂__Series_2.csv,10.1039_d0tc05455k/10.1039_d0tc05455k__Fig6__A__stability_performance_curve_pce__CsPbIBr₂__Series_2.csv,8c0948321d8546ead633b82796c59b0a97c0a155b1ac398c4deb5d1ffb66a2a8
F00605,1,10.1039/d0tc05877g,data_all/x_time_day/10.1039_d0tc05877g/Fig9_whole_stability/accepted/10.1039_d0tc05877g__Fig9__whole__stability__o—ITO_SnO2_Perovskite__Series_2.csv,10.1039_d0tc05877g/10.1039_d0tc05877g__Fig9__whole__stability__o—ITO_SnO2_Perovskite__Series_2.csv,b25a223ca08654c583e3119f835d0b24a088ac95f96323918319a8dcc9cf60f0
F00611,1,10.1039/d1ra05399j,data_all/x_time_day/10.1039_d1ra05399j/Fig5_C_stability_performance_curve_pce/accepted/10.1039_d1ra05399j__Fig5__C__stability_performance_curve_pce__Control__Series_2.csv,10.1039_d1ra05399j/10.1039_d1ra05399j__Fig5__C__stability_performance_curve_pce__Control__Series_2.csv,384eb94dadb040c607fe8e2d435df614838423c56fccc4541f54c20959d15a9c
F00612,1,10.1039/d1sc01416a,data_all/x_time_day/10.1039_d1sc01416a/Fig5_B_stability_performance_curve/accepted/10.1039_d1sc01416a__Fig5__B__stability_performance_curve__Spiro-OMeTAD__Series_1.csv,10.1039_d1sc01416a/10.1039_d1sc01416a__Fig5__B__stability_performance_curve__Spiro-OMeTAD__Series_1.csv,84423712f002263f9453dbe7d304326527a3e41cd99591139e1499d371e8a75f
F00614,1,10.1039/d1se00192b,data_all/x_time_day/10.1039_d1se00192b/Fig6_A_stability_performance_curve_pce/accepted/10.1039_d1se00192b__Fig6__A__stability_performance_curve_pce__Control__Series_1.csv,10.1039_d1se00192b/10.1039_d1se00192b__Fig6__A__stability_performance_curve_pce__Control__Series_1.csv,64b4927c4317e986686f41d34399140aec574ee1ae72e3d85d80b7ff4083d4a5
F00615,1,10.1039/d1ta04520b,data_all/x_time_day/10.1039_d1ta04520b/Fig5_A_stability_performance_curve_pce/accepted/10.1039_d1ta04520b__Fig5__A__stability_performance_curve_pce__Pristine__Series_1.csv,10.1039_d1ta04520b/10.1039_d1ta04520b__Fig5__A__stability_performance_curve_pce__Pristine__Series_1.csv,848fae6b3342f82303bdcc2dec869870453fa8bc7f4c3e2b5be94b52c3bf3112
F00616,1,10.1039/d2cp02033e,data_all/x_time_day/10.1039_d2cp02033e/Fig5_A_stability_performance_curve_pce/accepted/10.1039_d2cp02033e__Fig5__A__stability_performance_curve_pce__NiOx_C60_C70__Series_1.csv,10.1039_d2cp02033e/10.1039_d2cp02033e__Fig5__A__stability_performance_curve_pce__NiOx_C60_C70__Series_1.csv,fd8d553b3b86fff33735ec935304d3e51707880f228deaccf16faef8f7096f97
F00617,1,10.1039/d2cp02033e,data_all/x_time_day/10.1039_d2cp02033e/Fig5_A_stability_performance_curve_pce/accepted/10.1039_d2cp02033e__Fig5__A__stability_performance_curve_pce__PEDOT_PSS_PCBM__Series_2.csv,10.1039_d2cp02033e/10.1039_d2cp02033e__Fig5__A__stability_performance_curve_pce__PEDOT_PSS_PCBM__Series_2.csv,7c5752b100e94c8878d833407fa7da962980823bce13337c4d41962e998e1090
F00618,1,10.1039/d2ra03411e,data_all/x_time_day/10.1039_d2ra03411e/Fig8_F_stability_performance_curve_pce/accepted/10.1039_d2ra03411e__Fig8__F__stability_performance_curve_pce__NiOx__Series_1.csv,10.1039_d2ra03411e/10.1039_d2ra03411e__Fig8__F__stability_performance_curve_pce__NiOx__Series_1.csv,792799c26f8b13adb67fe03943805c96b60ccd6f2b1cf8693b1928ec2081ffff
F00623,1,10.1039/d3ra00809f,data_all/x_time_day/10.1039_d3ra00809f/Fig4_C_stability_performance_curve_pce/accepted/10.1039_d3ra00809f__Fig4__C__stability_performance_curve_pce__Control__Series_1.csv,10.1039_d3ra00809f/10.1039_d3ra00809f__Fig4__C__stability_performance_curve_pce__Control__Series_1.csv,2457888b910c3fc48c2fca817a2793641083052afea2f638978aa4369e77e8e8
F00627,1,10.1039/d4ra00583j,data_all/x_time_day/10.1039_d4ra00583j/Fig7_whole_stability_performance_curve_pce/accepted/10.1039_d4ra00583j__Fig7__whole__stability_performance_curve_pce__W_O_BA__Series_2.csv,10.1039_d4ra00583j/10.1039_d4ra00583j__Fig7__whole__stability_performance_curve_pce__W_O_BA__Series_2.csv,e58c23eeadd112703175e0860266c00bd49ee0516514d7d7d6c9e084ec4e38c1
F00628,1,10.1039/d4sc02020k,data_all/x_time_day/10.1039_d4sc02020k/Fig4_A_stability_performance_curve_image/accepted/10.1039_d4sc02020k__Fig4__A__stability_performance_curve_image__PTAA_Li-CYCLIC__Series_2.csv,10.1039_d4sc02020k/10.1039_d4sc02020k__Fig4__A__stability_performance_curve_image__PTAA_Li-CYCLIC__Series_2.csv,ca4289ecab78842b1f22d5f5e4361e7da120dffc22ffaad7f7ee62925e70c462
F00629,1,10.1039/d4sc02020k,data_all/x_time_day/10.1039_d4sc02020k/Fig4_A_stability_performance_curve_image/accepted/10.1039_d4sc02020k__Fig4__A__stability_performance_curve_image__PTAA_Li-TFSI__Series_1.csv,10.1039_d4sc02020k/10.1039_d4sc02020k__Fig4__A__stability_performance_curve_image__PTAA_Li-TFSI__Series_1.csv,83e1e33408b4c97fffc7e51e23390d3233a77ced05fe6436f65aba75cd35cae5
F00630,1,10.1039/d5sc04440e,data_all/x_time_day/10.1039_d5sc04440e/Fig4_A_stability_performance_curve_pce/accepted/10.1039_d5sc04440e__Fig4__A__stability_performance_curve_pce__PTAA_Li-TFSI__Series_1.csv,10.1039_d5sc04440e/10.1039_d5sc04440e__Fig4__A__stability_performance_curve_pce__PTAA_Li-TFSI__Series_1.csv,f7297cc5636e33f21114e3ce20720c5d228d5146a3f3836dcc3dd256e90f77eb
F00631,1,10.1063/5.0012646,data_all/x_time_day/10.1063_5.0012646/Fig4_B_stability_performance_curve_pce/accepted/10.1063_5.0012646__Fig4__B__stability_performance_curve_pce__PCBM_Ag__Series_1.csv,10.1063_5.0012646/10.1063_5.0012646__Fig4__B__stability_performance_curve_pce__PCBM_Ag__Series_1.csv,99547ecec1bb100dfd62c9c059debb92ab81467269021ccbc1768d1d7ad9e4c1
F00639,1,10.1109/jphotov.2017.2775162,data_all/x_time_day/10.1109_jphotov.2017.2775162/Fig6_A_stability_performance_curve/accepted/10.1109_jphotov.2017.2775162__Fig6__A__stability_performance_curve__without_substrate-preheating__Series_2.csv,10.1109_jphotov.2017.2775162/10.1109_jphotov.2017.2775162__Fig6__A__stability_performance_curve__without_substrate-preheating__Series_2.csv,c6306c6bda74abdbbb3b1acdfc2ed0c5df6994f2349c38e7d375c023b145238a
F00640,1,10.1126/science.aad1015,data_all/x_time_day/10.1126_science.aad1015/Fig4_C_jv_curve_stability_performance_jsc/accepted/10.1126_science.aad1015__Fig4__C__jv_curve_stability_performance_jsc__Ca__Series_3.csv,10.1126_science.aad1015/10.1126_science.aad1015__Fig4__C__jv_curve_stability_performance_jsc__Ca__Series_3.csv,e576279ee8a780a688ca8aa4db442aaddee655308902a9cc6ab695d03cd8aa65
F00641,1,10.1126/science.aad1015,data_all/x_time_day/10.1126_science.aad1015/Fig4_C_jv_curve_stability_performance_jsc/accepted/10.1126_science.aad1015__Fig4__C__jv_curve_stability_performance_jsc__LiF__Series_2.csv,10.1126_science.aad1015/10.1126_science.aad1015__Fig4__C__jv_curve_stability_performance_jsc__LiF__Series_2.csv,c9c14622d2793661dc04a9aa4445140772dd8ee98f9edd3502df003b9d1d99fd
F00642,1,10.1134/s1063785020030153,data_all/x_time_day/10.1134_s1063785020030153/Fig3_A_stability_performance_curve_pce_ff/accepted/10.1134_s1063785020030153__Fig3__A__stability_performance_curve_pce_ff__PSC(CH3NH3PbI3)__Series_1.csv,10.1134_s1063785020030153/10.1134_s1063785020030153__Fig3__A__stability_performance_curve_pce_ff__PSC(CH3NH3PbI3)__Series_1.csv,49bad9284303c35d6280f895f24be1787322bb801ba206ee182b0f36a99dc507
F00643,1,10.1142/s0218625x18501378,data_all/x_time_day/10.1142_s0218625x18501378/Fig9_whole_pce/accepted/10.1142_s0218625x18501378__Fig9__whole__pce__x=0__Series_1.csv,10.1142_s0218625x18501378/10.1142_s0218625x18501378__Fig9__whole__pce__x=0__Series_1.csv,3479da71721d893b3f5cddb4f8b5a65ccac48125d294f6b67598475de8f25d13
F00644,1,10.1186/s11671-019-2936-8,data_all/x_time_day/10.1186_s11671-019-2936-8/Fig4_A_stability_performance_curve_pce/accepted/10.1186_s11671-019-2936-8__Fig4__A__stability_performance_curve_pce__Series_1__Series_1.csv,10.1186_s11671-019-2936-8/10.1186_s11671-019-2936-8__Fig4__A__stability_performance_curve_pce__Series_1__Series_1.csv,5e25f5a3bafb0990ffb0e3f3f54de26f8324b4278c15b760cea81d252b392132
F00645,1,10.1186/s11671-020-03406-w,data_all/x_time_day/10.1186_s11671-020-03406-w/Fig4_D_jv_curve_stability_performance_pce/accepted/10.1186_s11671-020-03406-w__Fig4__D__jv_curve_stability_performance_pce__x=0__Series_2.csv,10.1186_s11671-020-03406-w/10.1186_s11671-020-03406-w__Fig4__D__jv_curve_stability_performance_pce__x=0__Series_2.csv,d1eaf8241faec46b2212ab125e70b81f6ed61906c1707f740ee3e394055aa445
F00646,1,10.3390/coatings14040409,data_all/x_time_day/10.3390_coatings14040409/Fig10_D_stability_performance_curve_pce/accepted/10.3390_coatings14040409__Fig10__D__stability_performance_curve_pce__Reference__Series_2.csv,10.3390_coatings14040409/10.3390_coatings14040409__Fig10__D__stability_performance_curve_pce__Reference__Series_2.csv,59b47c1e29a7669c711c80156ec35ac770f31484509353b9bed463225fc643e4
F00647,1,10.3390/cryst11121588,data_all/x_time_day/10.3390_cryst11121588/Fig4_A_stability_performance_curve_pce/accepted/10.3390_cryst11121588__Fig4__A__stability_performance_curve_pce__Control__Series_1.csv,10.3390_cryst11121588/10.3390_cryst11121588__Fig4__A__stability_performance_curve_pce__Control__Series_1.csv,fe05a9dd2228fbfb6085420100be265f92ccf8df2ac11c70dfd502022456e723
F00648,1,10.3390/cryst11121588,data_all/x_time_day/10.3390_cryst11121588/Fig4_A_stability_performance_curve_pce/accepted/10.3390_cryst11121588__Fig4__A__stability_performance_curve_pce__OABr__Series_2.csv,10.3390_cryst11121588/10.3390_cryst11121588__Fig4__A__stability_performance_curve_pce__OABr__Series_2.csv,46212f7b1884da5e2c7038cd28ffc97dca68b98a969afdb2efd03ba5d592533c
F00649,1,10.3390/cryst12020290,data_all/x_time_day/10.3390_cryst12020290/Fig10_whole_stability_performance_curve/accepted/10.3390_cryst12020290__Fig10__whole__stability_performance_curve__PSC_0.0wt%__Series_1.csv,10.3390_cryst12020290/10.3390_cryst12020290__Fig10__whole__stability_performance_curve__PSC_0.0wt%__Series_1.csv,06a7123899d8864eb43fd917e8a6edee4a3a881f9005770c91f3776a5a3de649
F00650,1,10.3390/cryst12081090,data_all/x_time_day/10.3390_cryst12081090/Fig6_D_stability_performance_curve_pce/accepted/10.3390_cryst12081090__Fig6__D__stability_performance_curve_pce__FTO_PEIE__Series_2.csv,10.3390_cryst12081090/10.3390_cryst12081090__Fig6__D__stability_performance_curve_pce__FTO_PEIE__Series_2.csv,2b9885171634ede109763a72f20ded94ffc488cbcb9a3180a53278b7dc80db91
F00651,1,10.3390/cryst12081090,data_all/x_time_day/10.3390_cryst12081090/Fig6_D_stability_performance_curve_pce/accepted/10.3390_cryst12081090__Fig6__D__stability_performance_curve_pce__FTO_TiO2__Series_1.csv,10.3390_cryst12081090/10.3390_cryst12081090__Fig6__D__stability_performance_curve_pce__FTO_TiO2__Series_1.csv,1a04d338297c5a07617b167cd760ec9bd1e0dd89c3e5a5f6efc2bfa526a0bb44
F00652,1,10.3390/en16237849,data_all/x_time_day/10.3390_en16237849/Fig8_F_stability_performance_curve_pce/accepted/10.3390_en16237849__Fig8__F__stability_performance_curve_pce__CsPbI3−xBrx__Series_1.csv,10.3390_en16237849/10.3390_en16237849__Fig8__F__stability_performance_curve_pce__CsPbI3−xBrx__Series_1.csv,b1190f8d6ca8fe1ac91437246ce9e4f9db26ba06265c63b7452b78a96fa5b624
F00654,1,10.3390/ijms232214441,data_all/x_time_day/10.3390_ijms232214441/Fig5_C_stability_performance_curve_pce/accepted/10.3390_ijms232214441__Fig5__C__stability_performance_curve_pce__PCE_(pristine)__Series_2.csv,10.3390_ijms232214441/10.3390_ijms232214441__Fig5__C__stability_performance_curve_pce__PCE_(pristine)__Series_2.csv,221d9170f592c0983ff1494cffc37b8e1cc74761a89122cbf70e77d63420e576
F00655,1,10.3390/mi16040379,data_all/x_time_day/10.3390_mi16040379/Fig5_C_stability_performance_curve_pce/accepted/10.3390_mi16040379__Fig5__C__stability_performance_curve_pce__→—Cs₃Sb2I9__Series_1.csv,10.3390_mi16040379/10.3390_mi16040379__Fig5__C__stability_performance_curve_pce__→—Cs₃Sb2I9__Series_1.csv,701e814bead78c4f46c91fe9474f0a6395b49c709978376b6d2e140d3f11a294
F00656,1,10.3390/molecules28134976,data_all/x_time_day/10.3390_molecules28134976/Fig5_whole_stability/accepted/10.3390_molecules28134976__Fig5__whole__stability__0—0THI__Series_1.csv,10.3390_molecules28134976/10.3390_molecules28134976__Fig5__whole__stability__0—0THI__Series_1.csv,d90c4ca684a90ef1918fb54763b52970520a2728c83753b71ec8fc35ad44555d
F00657,1,10.3390/molecules29112556,data_all/x_time_day/10.3390_molecules29112556/Fig6_whole_stability_performance_curve_pce/accepted/10.3390_molecules29112556__Fig6__whole__stability_performance_curve_pce__PSC_device_30%_UCNPs__Series_1.csv,10.3390_molecules29112556/10.3390_molecules29112556__Fig6__whole__stability_performance_curve_pce__PSC_device_30%_UCNPs__Series_1.csv,e74717723777ef4fb359528e138ae94b8e77ce97267612e9c080c48f64e32637
F00658,1,10.3390/molecules29112556,data_all/x_time_day/10.3390_molecules29112556/Fig6_whole_stability_performance_curve_pce/accepted/10.3390_molecules29112556__Fig6__whole__stability_performance_curve_pce__Pristine_device__Series_3.csv,10.3390_molecules29112556/10.3390_molecules29112556__Fig6__whole__stability_performance_curve_pce__Pristine_device__Series_3.csv,00be64afa740be2cd47e4a3d33a1c7994745692ece23ddc0484e822fdd47f0d0
F00659,1,10.3390/molecules29215064,data_all/x_time_day/10.3390_molecules29215064/Fig5_A_stability_performance_curve/accepted/10.3390_molecules29215064__Fig5__A__stability_performance_curve__PEDOT_PSS__Series_2.csv,10.3390_molecules29215064/10.3390_molecules29215064__Fig5__A__stability_performance_curve__PEDOT_PSS__Series_2.csv,c414834b96cb888d6757c7f892bac5ef535081f078519ef04ce001070d4b1bf5
F00660,1,10.3390/molecules29215064,data_all/x_time_day/10.3390_molecules29215064/Fig5_B_stability_performance_curve_pce/accepted/10.3390_molecules29215064__Fig5__B__stability_performance_curve_pce__PEDOT_PSS__Series_1.csv,10.3390_molecules29215064/10.3390_molecules29215064__Fig5__B__stability_performance_curve_pce__PEDOT_PSS__Series_1.csv,deca8f6a6a58ad06fb9bda133dee601032f0b9b8f6dc3dbffeedc7aa33b0d10b
F00661,1,10.3390/pr10081477,data_all/x_time_day/10.3390_pr10081477/Fig6_whole_figure/accepted/10.3390_pr10081477__Fig6__whole__figure__without_TOPO__Series_2.csv,10.3390_pr10081477/10.3390_pr10081477__Fig6__whole__figure__without_TOPO__Series_2.csv,d5304504544c1e3ae2a001c34b71af19a2b0539a6fdc9235b0a4cd519a133046
F00664,1,10.1002/adem.202000990,data_all/x_time_h/10.1002_adem.202000990/Fig5_C_jv_curve_stability_performance_pce/accepted/10.1002_adem.202000990__Fig5__C__jv_curve_stability_performance_pce__Pero@Pbl2-70°C__Series_3.csv,10.1002_adem.202000990/10.1002_adem.202000990__Fig5__C__jv_curve_stability_performance_pce__Pero@Pbl2-70°C__Series_3.csv,b1ca856e6ef9031443c3441e1df5a72769a1399d3ee9f64dbbcb77e6c0085eec
F00665,1,10.1002/adem.202000990,data_all/x_time_h/10.1002_adem.202000990/Fig5_C_jv_curve_stability_performance_pce/accepted/10.1002_adem.202000990__Fig5__C__jv_curve_stability_performance_pce__Pero@Pbl₂-300°C__Series_1.csv,10.1002_adem.202000990/10.1002_adem.202000990__Fig5__C__jv_curve_stability_performance_pce__Pero@Pbl₂-300°C__Series_1.csv,4d994cd990227d90d819cee28f2ac2a20818ca8fa648f3089d68375849780212
F00667,1,10.1002/adfm.201503559,data_all/x_time_h/10.1002_adfm.201503559/Fig6_whole_figure/accepted/10.1002_adfm.201503559__Fig6__whole__figure__DMF__Series_2.csv,10.1002_adfm.201503559/10.1002_adfm.201503559__Fig6__whole__figure__DMF__Series_2.csv,6b85c9f4e50f8a7acd0ade14ea168fcd1840b98d3fd1341d1c04a863ffa8a123
F00668,1,10.1002/adfm.201600746,data_all/x_time_h/10.1002_adfm.201600746/Fig6_A_stability_performance_curve_pce/accepted/10.1002_adfm.201600746__Fig6__A__stability_performance_curve_pce__PEDOT_PSS__Series_1.csv,10.1002_adfm.201600746/10.1002_adfm.201600746__Fig6__A__stability_performance_curve_pce__PEDOT_PSS__Series_1.csv,9c77940afd10dbb7365fdc16951df8be6dbae0c7ddffd0db755207dd7e67d923
F00669,1,10.1002/adfm.201601119,data_all/x_time_h/10.1002_adfm.201601119/Fig5_B_stability_performance_curve/accepted/10.1002_adfm.201601119__Fig5__B__stability_performance_curve__[spiro-OMeTAD]__Series_2.csv,10.1002_adfm.201601119/10.1002_adfm.201601119__Fig5__B__stability_performance_curve__[spiro-OMeTAD]__Series_2.csv,f8b9bff8d283385c45b9640980c68012face981497ea8b81425a563ccc0da93a
F00670,1,10.1002/adfm.201605988,data_all/x_time_h/10.1002_adfm.201605988/Fig7_D_stability_performance_curve_pce/accepted/10.1002_adfm.201605988__Fig7__D__stability_performance_curve_pce__FAPbl₃__Series_1.csv,10.1002_adfm.201605988/10.1002_adfm.201605988__Fig7__D__stability_performance_curve_pce__FAPbl₃__Series_1.csv,35f6d4382ce173a3d1adb1998744d7977013774e1826f1d46d9c5f1603136ece
F00671,1,10.1002/adfm.201702090,data_all/x_time_h/10.1002_adfm.201702090/Fig4_B_mppt_stability_performance_curve/accepted/10.1002_adfm.201702090__Fig4__B__mppt_stability_performance_curve__Mesoporous_Ts_TiO2__Series_2.csv,10.1002_adfm.201702090/10.1002_adfm.201702090__Fig4__B__mppt_stability_performance_curve__Mesoporous_Ts_TiO2__Series_2.csv,5ad0cbbd2fc7d8a7b082d514c0552ed15833ddb87dff387e0ddbb6789871d1c8
F00672,1,10.1002/adfm.201705363,data_all/x_time_h/10.1002_adfm.201705363/Fig4_C_stability_performance_curve_pce/accepted/10.1002_adfm.201705363__Fig4__C__stability_performance_curve_pce__withPTT__Series_2.csv,10.1002_adfm.201705363/10.1002_adfm.201705363__Fig4__C__stability_performance_curve_pce__withPTT__Series_2.csv,153524a8152eb5a07cb2d3a3000b74c81634379a38cdf87bbf212457e2f63f45
F00673,1,10.1002/adfm.201705363,data_all/x_time_h/10.1002_adfm.201705363/Fig4_C_stability_performance_curve_pce/accepted/10.1002_adfm.201705363__Fig4__C__stability_performance_curve_pce__without_PTT__Series_1.csv,10.1002_adfm.201705363/10.1002_adfm.201705363__Fig4__C__stability_performance_curve_pce__without_PTT__Series_1.csv,e820a292ed1e4508a25bbbe8afa4c84ce0906a877c5f17cadf0a342f697f655c
F00676,1,10.1002/adfm.201706923,data_all/x_time_h/10.1002_adfm.201706923/Fig5_B_stability_performance_curve_pce/accepted/10.1002_adfm.201706923__Fig5__B__stability_performance_curve_pce__→Control__Series_2.csv,10.1002_adfm.201706923/10.1002_adfm.201706923__Fig5__B__stability_performance_curve_pce__→Control__Series_2.csv,2630c9bea55471cfa19cf901c1b1d5f6a1f0670077160734fa043bf281dae8ed
F00677,1,10.1002/adfm.201800346,data_all/x_time_h/10.1002_adfm.201800346/Fig4_A_stability/accepted/10.1002_adfm.201800346__Fig4__A__stability__PCBM__Series_2.csv,10.1002_adfm.201800346/10.1002_adfm.201800346__Fig4__A__stability__PCBM__Series_2.csv,8b3428a14e2aea886c1841c9b7f831bce4f54934a280e7cbbb42e3f4b59f58ad
F00678,1,10.1002/adfm.201803269,data_all/x_time_h/10.1002_adfm.201803269/Fig7_A_stability_performance_curve_pce/accepted/10.1002_adfm.201803269__Fig7__A__stability_performance_curve_pce__w_o_DMSO-adducts__Series_1.csv,10.1002_adfm.201803269/10.1002_adfm.201803269__Fig7__A__stability_performance_curve_pce__w_o_DMSO-adducts__Series_1.csv,6f86df3bfd7319fc71ff5670f90a85665f32c97af839fa9243f22299bf55273b
F00679,1,10.1002/adfm.201804856,data_all/x_time_h/10.1002_adfm.201804856/Fig5_F_stability_performance_curve_eqe/accepted/10.1002_adfm.201804856__Fig5__F__stability_performance_curve_eqe__MAPbI₃__Series_1.csv,10.1002_adfm.201804856/10.1002_adfm.201804856__Fig5__F__stability_performance_curve_eqe__MAPbI₃__Series_1.csv,a89561ca9dabe94fd8b5e375b581116294c26bef8069b395a209b3b58309a76d
F00680,1,10.1002/adfm.201807850,data_all/x_time_h/10.1002_adfm.201807850/Fig7_F_stability_performance_curve_pce/accepted/10.1002_adfm.201807850__Fig7__F__stability_performance_curve_pce__w_NbF₅__Series_1.csv,10.1002_adfm.201807850/10.1002_adfm.201807850__Fig7__F__stability_performance_curve_pce__w_NbF₅__Series_1.csv,7965c69852d6ced8fecebb1ea555a736541aa5171322cab9e27ac196db9c4da7
F00681,1,10.1002/adfm.201807850,data_all/x_time_h/10.1002_adfm.201807850/Fig7_F_stability_performance_curve_pce/accepted/10.1002_adfm.201807850__Fig7__F__stability_performance_curve_pce__w_o_NbF₅__Series_2.csv,10.1002_adfm.201807850/10.1002_adfm.201807850__Fig7__F__stability_performance_curve_pce__w_o_NbF₅__Series_2.csv,dfe167b184b0b39bd9710530aa23964241d741185800da0eee36c12c3147260e
F00682,1,10.1002/adfm.201808119,data_all/x_time_h/10.1002_adfm.201808119/Fig7_B_stability_performance_curve/accepted/10.1002_adfm.201808119__Fig7__B__stability_performance_curve__Control__Series_2.csv,10.1002_adfm.201808119/10.1002_adfm.201808119__Fig7__B__stability_performance_curve__Control__Series_2.csv,15789db74b611eccee44102776a668ea8cb466c97813f8030efbf6c94ab15b47
F00683,1,10.1002/adfm.201901026,data_all/x_time_h/10.1002_adfm.201901026/Fig7_C_stability_performance_curve_pce/accepted/10.1002_adfm.201901026__Fig7__C__stability_performance_curve_pce__0%__Series_3.csv,10.1002_adfm.201901026/10.1002_adfm.201901026__Fig7__C__stability_performance_curve_pce__0%__Series_3.csv,90cab27d342f76c7a52647b4ad3c4f550ed21d8065ea0f05f125ac6a20ffb761
F00684,1,10.1002/adfm.201901296,data_all/x_time_h/10.1002_adfm.201901296/Fig7_B_stability_performance_curve_pce/accepted/10.1002_adfm.201901296__Fig7__B__stability_performance_curve_pce__Doped_Spiro-OMeTAD__Series_1.csv,10.1002_adfm.201901296/10.1002_adfm.201901296__Fig7__B__stability_performance_curve_pce__Doped_Spiro-OMeTAD__Series_1.csv,18b2cc2269619f8634472710b986887224081d3111580ab4fc9a8aa76346d89f
F00685,1,10.1002/adfm.201905951,data_all/x_time_h/10.1002_adfm.201905951/Fig7_A_mppt_stability/accepted/10.1002_adfm.201905951__Fig7__A__mppt_stability__NDI-ID(RS)__Series_2.csv,10.1002_adfm.201905951/10.1002_adfm.201905951__Fig7__A__mppt_stability__NDI-ID(RS)__Series_2.csv,bdcbcf1733c80627c4de7fcf556b951fc0789a0642af136fa9c3183b43cb35f0
F00686,1,10.1002/adfm.201905951,data_all/x_time_h/10.1002_adfm.201905951/Fig7_A_mppt_stability/accepted/10.1002_adfm.201905951__Fig7__A__mppt_stability__PCBM__Series_1.csv,10.1002_adfm.201905951/10.1002_adfm.201905951__Fig7__A__mppt_stability__PCBM__Series_1.csv,4bc2267ebbb6517c616ee3abc658a0ee7042d3f553476314a01d152d14e4c440
F00687,1,10.1002/adfm.201909737,data_all/x_time_h/10.1002_adfm.201909737/Fig8_B_stability_performance_curve_pce/accepted/10.1002_adfm.201909737__Fig8__B__stability_performance_curve_pce__MAPbI₃__Series_1.csv,10.1002_adfm.201909737/10.1002_adfm.201909737__Fig8__B__stability_performance_curve_pce__MAPbI₃__Series_1.csv,84df4378e63eb90e6a3bf8bf3383ada6714cb0961695ff3de8c6c6259d2105b7
F00688,1,10.1002/adfm.201910620,data_all/x_time_h/10.1002_adfm.201910620/Fig5_D_stability_performance_curve_pce/accepted/10.1002_adfm.201910620__Fig5__D__stability_performance_curve_pce__w_oM2P__Series_1.csv,10.1002_adfm.201910620/10.1002_adfm.201910620__Fig5__D__stability_performance_curve_pce__w_oM2P__Series_1.csv,7b1e06e036060d3e2f07b6ddef78816c82c783ba4a711b86be116b8f277a8087
F00689,1,10.1002/adfm.202000034,data_all/x_time_h/10.1002_adfm.202000034/Fig6_F_stability_performance_curve_pce/accepted/10.1002_adfm.202000034__Fig6__F__stability_performance_curve_pce__3D__Series_3.csv,10.1002_adfm.202000034/10.1002_adfm.202000034__Fig6__F__stability_performance_curve_pce__3D__Series_3.csv,d15176becd17a8165e78320a6552480e4d65b1df54c6576ba8e36162331c8ee7
F00690,1,10.1002/adfm.202000034,data_all/x_time_h/10.1002_adfm.202000034/Fig6_F_stability_performance_curve_pce/accepted/10.1002_adfm.202000034__Fig6__F__stability_performance_curve_pce__BA_(n=4)__Series_2.csv,10.1002_adfm.202000034/10.1002_adfm.202000034__Fig6__F__stability_performance_curve_pce__BA_(n=4)__Series_2.csv,d7794e9bb1f7e7be11a12c7d04daa48d8e7afbe4bb597e85a4be922e301d2f10
F00691,1,10.1002/adfm.202001788,data_all/x_time_h/10.1002_adfm.202001788/Fig6_D_stability/accepted/10.1002_adfm.202001788__Fig6__D__stability__Pero-I-0.1__Series_2.csv,10.1002_adfm.202001788/10.1002_adfm.202001788__Fig6__D__stability__Pero-I-0.1__Series_2.csv,3d4c91c08160702efcf22d045af04fc1fbfa0e5cf002f6898f4c0917ad1c9d6c
F00692,1,10.1002/adfm.202001788,data_all/x_time_h/10.1002_adfm.202001788/Fig6_D_stability/accepted/10.1002_adfm.202001788__Fig6__D__stability__Pero-Th-0.05__Series_3.csv,10.1002_adfm.202001788/10.1002_adfm.202001788__Fig6__D__stability__Pero-Th-0.05__Series_3.csv,3932143c8b4bf127633a0b9d539aebe5cc3801da361f52b57e3ab7be7e4dd3c7
F00693,1,10.1002/adfm.202001788,data_all/x_time_h/10.1002_adfm.202001788/Fig6_D_stability/accepted/10.1002_adfm.202001788__Fig6__D__stability__Pero-pristine__Series_1.csv,10.1002_adfm.202001788/10.1002_adfm.202001788__Fig6__D__stability__Pero-pristine__Series_1.csv,54bfdaffd4ced9c3e2befd6459af13b98db0083ae28ea1dfc9f14199ec4631c2
F00694,1,10.1002/adfm.202002230,data_all/x_time_h/10.1002_adfm.202002230/Fig6_B_stability_performance_curve_mapping/accepted/10.1002_adfm.202002230__Fig6__B__stability_performance_curve_mapping__0MABr__Series_2.csv,10.1002_adfm.202002230/10.1002_adfm.202002230__Fig6__B__stability_performance_curve_mapping__0MABr__Series_2.csv,0df2a77839b12120328e7ea3c8670ee0e700da81b45e4e6cb619b27578a1fa9b
F00695,1,10.1002/adfm.202002964,data_all/x_time_h/10.1002_adfm.202002964/Fig5_C_mppt_stability_performance_curve_profile/accepted/10.1002_adfm.202002964__Fig5__C__mppt_stability_performance_curve_profile__o-Control__Series_1.csv,10.1002_adfm.202002964/10.1002_adfm.202002964__Fig5__C__mppt_stability_performance_curve_profile__o-Control__Series_1.csv,c9bb72d513d2175b96493147f54d6b531d345f65bb15b747da95f986df1c2331
F00696,1,10.1002/adfm.202005846,data_all/x_time_h/10.1002_adfm.202005846/Fig4_A_stability/accepted/10.1002_adfm.202005846__Fig4__A__stability__Reference__Series_2.csv,10.1002_adfm.202005846/10.1002_adfm.202005846__Fig4__A__stability__Reference__Series_2.csv,08042a5648d5a6cb89be31e202f81cd8e34d6ec3da6e804a750a5e1763f740fb
F00697,1,10.1002/adfm.202008801,data_all/x_time_h/10.1002_adfm.202008801/Fig6_C_stability_performance_curve_spectrum/accepted/10.1002_adfm.202008801__Fig6__C__stability_performance_curve_spectrum__w_oIMBF4__Series_1.csv,10.1002_adfm.202008801/10.1002_adfm.202008801__Fig6__C__stability_performance_curve_spectrum__w_oIMBF4__Series_1.csv,04e7902265a144293282b03a9f235301e7ce17c624f7e27460aa9ac4825afb82
F00698,1,10.1002/adfm.202008801,data_all/x_time_h/10.1002_adfm.202008801/Fig6_C_stability_performance_curve_spectrum/accepted/10.1002_adfm.202008801__Fig6__C__stability_performance_curve_spectrum__with_IMBF4__Series_2.csv,10.1002_adfm.202008801/10.1002_adfm.202008801__Fig6__C__stability_performance_curve_spectrum__with_IMBF4__Series_2.csv,a6754432f7a5fca2f8563788eb089756e460b639b017672de8c135a7a4098ed7
F00699,1,10.1002/adfm.202010368,data_all/x_time_h/10.1002_adfm.202010368/Fig7_B_stability_performance_curve/accepted/10.1002_adfm.202010368__Fig7__B__stability_performance_curve__Control__Series_1.csv,10.1002_adfm.202010368/10.1002_adfm.202010368__Fig7__B__stability_performance_curve__Control__Series_1.csv,545a4f43dc996b20da0a572019b22dadb5247d2f5f58fd5cd4180ec93abe9eb5
F00700,1,10.1002/adfm.202010368,data_all/x_time_h/10.1002_adfm.202010368/Fig7_E_stability_performance_curve/accepted/10.1002_adfm.202010368__Fig7__E__stability_performance_curve__Control__Series_1.csv,10.1002_adfm.202010368/10.1002_adfm.202010368__Fig7__E__stability_performance_curve__Control__Series_1.csv,23d052763b51c8ab3e58faf22527cfd57d1733e145910b044efe59db63058fc8
F00701,1,10.1002/adfm.202010696,"data_all/x_time_h/10.1002_adfm.202010696/Fig6_B_mppt_stability_performance_curve_pce/accepted/10.1002_adfm.202010696__Fig6__B__mppt_stability_performance_curve_pce__→CsPbl,Br-PT_Spiro-OMeTAD__Series_2.csv","10.1002_adfm.202010696/10.1002_adfm.202010696__Fig6__B__mppt_stability_performance_curve_pce__→CsPbl,Br-PT_Spiro-OMeTAD__Series_2.csv",eb5c3e9e718c1c7431ab24a613de2f62c63813649b82b41c9a1c3293110b0114
F00702,1,10.1002/adfm.202101163,data_all/x_time_h/10.1002_adfm.202101163/Fig7_B_stability_performance_curve_pce/accepted/10.1002_adfm.202101163__Fig7__B__stability_performance_curve_pce__FAPbl3__Series_1.csv,10.1002_adfm.202101163/10.1002_adfm.202101163__Fig7__B__stability_performance_curve_pce__FAPbl3__Series_1.csv,fdea52b0f32b820a480bce78dc92844991f5a9a7f1727e1bc33a741a530b1a14
F00703,1,10.1002/adfm.202103316,data_all/x_time_h/10.1002_adfm.202103316/Fig6_B_stability_performance_curve_pce_image/accepted/10.1002_adfm.202103316__Fig6__B__stability_performance_curve_pce_image__reference__Series_1.csv,10.1002_adfm.202103316/10.1002_adfm.202103316__Fig6__B__stability_performance_curve_pce_image__reference__Series_1.csv,d967f2d2b510aca9a7a4fda19a68ea428dc372f249dee691ac46fcdeb50e371e
F00704,1,10.1002/adfm.202103316,data_all/x_time_h/10.1002_adfm.202103316/Fig6_B_stability_performance_curve_pce_image/accepted/10.1002_adfm.202103316__Fig6__B__stability_performance_curve_pce_image__w_4t-5CzBn__Series_3.csv,10.1002_adfm.202103316/10.1002_adfm.202103316__Fig6__B__stability_performance_curve_pce_image__w_4t-5CzBn__Series_3.csv,237c82874c9e4468d6b84e80b97161980dc24ca13e066ee6aca435fd3e368ad1
F00705,1,10.1002/adfm.202103316,data_all/x_time_h/10.1002_adfm.202103316/Fig6_B_stability_performance_curve_pce_image/accepted/10.1002_adfm.202103316__Fig6__B__stability_performance_curve_pce_image__w_5CzBn__Series_2.csv,10.1002_adfm.202103316/10.1002_adfm.202103316__Fig6__B__stability_performance_curve_pce_image__w_5CzBn__Series_2.csv,35a3adfb904145414c15671b570f67ea07fd7032b541c59d87e5ab2e0a81ae54
F00706,1,10.1002/adfm.202103316,data_all/x_time_h/10.1002_adfm.202103316/Fig6_C_stability_performance_curve_pce_image/accepted/10.1002_adfm.202103316__Fig6__C__stability_performance_curve_pce_image__reference__Series_3.csv,10.1002_adfm.202103316/10.1002_adfm.202103316__Fig6__C__stability_performance_curve_pce_image__reference__Series_3.csv,fc7a2be8c4b57052808f3173f788e991c99cdd46e47b67a767fe69a2cbcb479b
F00707,1,10.1002/adfm.202103316,data_all/x_time_h/10.1002_adfm.202103316/Fig6_C_stability_performance_curve_pce_image/accepted/10.1002_adfm.202103316__Fig6__C__stability_performance_curve_pce_image__w_4t-5CzBn__Series_1.csv,10.1002_adfm.202103316/10.1002_adfm.202103316__Fig6__C__stability_performance_curve_pce_image__w_4t-5CzBn__Series_1.csv,f5203d6c489da0b6269a3c4a1c539a8a1f822bf9387636ab8c0e534414bc3912
F00708,1,10.1002/adfm.202103316,data_all/x_time_h/10.1002_adfm.202103316/Fig6_C_stability_performance_curve_pce_image/accepted/10.1002_adfm.202103316__Fig6__C__stability_performance_curve_pce_image__w_5CzBn__Series_2.csv,10.1002_adfm.202103316/10.1002_adfm.202103316__Fig6__C__stability_performance_curve_pce_image__w_5CzBn__Series_2.csv,d84a368cc51dcc59c3b5e8191cbf9662e20f15697f9a29cfe2d6f615f61a6ea5
F00709,1,10.1002/adfm.202103807,data_all/x_time_h/10.1002_adfm.202103807/Fig5_B_stability_performance_curve_pce/accepted/10.1002_adfm.202103807__Fig5__B__stability_performance_curve_pce__NiO__Series_1.csv,10.1002_adfm.202103807/10.1002_adfm.202103807__Fig5__B__stability_performance_curve_pce__NiO__Series_1.csv,5e7fff111daeb3b9b5b07d6d2d37c64814fcad0a5b4743874edd9c956628c8e0
F00710,1,10.1002/adfm.202106560,"data_all/x_time_h/10.1002_adfm.202106560/Fig4_B_stability_performance_curve/accepted/10.1002_adfm.202106560__Fig4__B__stability_performance_curve__。—FASnl,_based_PSCs_with_HTL__Series_2.csv","10.1002_adfm.202106560/10.1002_adfm.202106560__Fig4__B__stability_performance_curve__。—FASnl,_based_PSCs_with_HTL__Series_2.csv",fcfb413f4545394d48942fd94af53f800def4739854ab02be2d008844a21d3d9
F00711,1,10.1002/adfm.202107710,data_all/x_time_h/10.1002_adfm.202107710/Fig4_F_stability_performance_curve_jsc/accepted/10.1002_adfm.202107710__Fig4__F__stability_performance_curve_jsc__FASnl₃__Series_1.csv,10.1002_adfm.202107710/10.1002_adfm.202107710__Fig4__F__stability_performance_curve_jsc__FASnl₃__Series_1.csv,08516ba0bd68d106d47a5f788fc5ad15c57b38da56a0dcd2c648d0fab248c277
F00712,1,10.1002/adfm.202111116,data_all/x_time_h/10.1002_adfm.202111116/Fig5_B_stability_performance_curve/accepted/10.1002_adfm.202111116__Fig5__B__stability_performance_curve__O-Ref__Series_2.csv,10.1002_adfm.202111116/10.1002_adfm.202111116__Fig5__B__stability_performance_curve__O-Ref__Series_2.csv,1c9bd66f5186d73b7a1e20397815bad436da8cdb7b250472a52680af69833592
F00713,1,10.1002/adfm.202200174,data_all/x_time_h/10.1002_adfm.202200174/Fig3_E_stability_performance_curve_pce/accepted/10.1002_adfm.202200174__Fig3__E__stability_performance_curve_pce__Control__Series_2.csv,10.1002_adfm.202200174/10.1002_adfm.202200174__Fig3__E__stability_performance_curve_pce__Control__Series_2.csv,6114683f56f503e39fed47dd16f5fc37a82d56e2f8c089bd89885ddcbc387022
F00714,1,10.1002/adfm.202200473,data_all/x_time_h/10.1002_adfm.202200473/Fig4_A_stability_performance_curve/accepted/10.1002_adfm.202200473__Fig4__A__stability_performance_curve__FA0.92CS0.08Pbl3__Series_1.csv,10.1002_adfm.202200473/10.1002_adfm.202200473__Fig4__A__stability_performance_curve__FA0.92CS0.08Pbl3__Series_1.csv,de5dbc4fb38ee2cb2506d9054068807379a158d5fd2aa8334681f0b257242a6a
F00715,1,10.1002/adfm.202200473,data_all/x_time_h/10.1002_adfm.202200473/Fig4_B_stability_performance_curve/accepted/10.1002_adfm.202200473__Fig4__B__stability_performance_curve__FA0.92CS0.08PbI3__Series_1.csv,10.1002_adfm.202200473/10.1002_adfm.202200473__Fig4__B__stability_performance_curve__FA0.92CS0.08PbI3__Series_1.csv,e1e8322cb859667ada6b8c2003d08bd90e47e8b42b71d0ba88874ce3dae2afe7
F00716,1,10.1002/adfm.202200473,data_all/x_time_h/10.1002_adfm.202200473/Fig4_C_stability_performance_curve/accepted/10.1002_adfm.202200473__Fig4__C__stability_performance_curve__FA₀.₉₂Cs₀.₀₈PbI₃__Series_1.csv,10.1002_adfm.202200473/10.1002_adfm.202200473__Fig4__C__stability_performance_curve__FA₀.₉₂Cs₀.₀₈PbI₃__Series_1.csv,6a0a0bf62a2040bacc1875dc192791c34dad77b0807cff342e524e1ce3ffd2ad
F00717,1,10.1002/adfm.202215041,data_all/x_time_h/10.1002_adfm.202215041/Fig3_E_stability_performance_curve_pce/accepted/10.1002_adfm.202215041__Fig3__E__stability_performance_curve_pce__Control__Series_1.csv,10.1002_adfm.202215041/10.1002_adfm.202215041__Fig3__E__stability_performance_curve_pce__Control__Series_1.csv,203d83b9c2c8c585835882e5a327339fa5e8d5fd2620d1e1d69b6cbc8e90f668
F00719,1,10.1002/adfm.202501623,data_all/x_time_h/10.1002_adfm.202501623/Fig5_A_mppt_stability_performance_curve_pce_cross_section/accepted/10.1002_adfm.202501623__Fig5__A__mppt_stability_performance_curve_pce_cross_section__Control__Series_1.csv,10.1002_adfm.202501623/10.1002_adfm.202501623__Fig5__A__mppt_stability_performance_curve_pce_cross_section__Control__Series_1.csv,e842c7d968db8e2e5094199057df6673c689ed7156aa57bae9b5fcdde31f6acc
F00720,1,10.1002/adfm.202501623,data_all/x_time_h/10.1002_adfm.202501623/Fig5_B_stability_performance_curve/accepted/10.1002_adfm.202501623__Fig5__B__stability_performance_curve__o—Control__Series_1.csv,10.1002_adfm.202501623/10.1002_adfm.202501623__Fig5__B__stability_performance_curve__o—Control__Series_1.csv,b72e49b0825992adb5a72541748ad0e799956ab3a5bed8421abc7acf71a52e3a
F00721,1,10.1002/adma.201503729,data_all/x_time_h/10.1002_adma.201503729/Fig4_A_stability_performance_curve_retention/accepted/10.1002_adma.201503729__Fig4__A__stability_performance_curve_retention__Spiro-OMeTAD__Series_2.csv,10.1002_adma.201503729/10.1002_adma.201503729__Fig4__A__stability_performance_curve_retention__Spiro-OMeTAD__Series_2.csv,f03acc36a8c10c440b40bd9f9890b0060629f91bb5b811404b698e1e87c980f5
F00722,1,10.1002/adma.201606608,data_all/x_time_h/10.1002_adma.201606608/Fig4_F_stability_performance_curve_pce/accepted/10.1002_adma.201606608__Fig4__F__stability_performance_curve_pce__MAPbI₃_device__Series_2.csv,10.1002_adma.201606608/10.1002_adma.201606608__Fig4__F__stability_performance_curve_pce__MAPbI₃_device__Series_2.csv,334c70d6d25db6b500d521f9cfecdc82b649b99a7303333fdd678bb2ede64164
F00723,1,10.1002/adma.201701221,data_all/x_time_h/10.1002_adma.201701221/Fig5_B_stability_performance_curve_pce/accepted/10.1002_adma.201701221__Fig5__B__stability_performance_curve_pce__spiro__Series_1.csv,10.1002_adma.201701221/10.1002_adma.201701221__Fig5__B__stability_performance_curve_pce__spiro__Series_1.csv,6344773337a9cdaa13aa55e14bc9b845f60b4138d1a1c192631235532b4f2cf5
F00724,1,10.1002/adma.201701221,data_all/x_time_h/10.1002_adma.201701221/Fig5_C_stability_performance_curve_pce/accepted/10.1002_adma.201701221__Fig5__C__stability_performance_curve_pce__w_o__Series_3.csv,10.1002_adma.201701221/10.1002_adma.201701221__Fig5__C__stability_performance_curve_pce__w_o__Series_3.csv,d97412ea3c3350f4af39797840efed358e96f9af1fa3bc76446364e83aa09023
F00725,1,10.1002/adma.201705596,data_all/x_time_h/10.1002_adma.201705596/Fig5_C_image/accepted/10.1002_adma.201705596__Fig5__C__image__MAPbl₃__Series_1.csv,10.1002_adma.201705596/10.1002_adma.201705596__Fig5__C__image__MAPbl₃__Series_1.csv,9af6961f8e7e988e4579fdfa6ab5f0e8bb08016b654248dbd6c6423aefbdae1a
F00728,1,10.1002/adma.201707143,data_all/x_time_h/10.1002_adma.201707143/Fig4_C_mppt_stability_performance_curve/accepted/10.1002_adma.201707143__Fig4__C__mppt_stability_performance_curve__Series_1__Series_1.csv,10.1002_adma.201707143/10.1002_adma.201707143__Fig4__C__mppt_stability_performance_curve__Series_1__Series_1.csv,5eb5858fcdd91b2b3a0d84ee33c80dc9fb8a4635851e63aa83bcf5e5fce8a0b5
F00729,1,10.1002/adma.201707143,data_all/x_time_h/10.1002_adma.201707143/Fig4_D_stability/accepted/10.1002_adma.201707143__Fig4__D__stability__Series_1__Series_1.csv,10.1002_adma.201707143/10.1002_adma.201707143__Fig4__D__stability__Series_1__Series_1.csv,222557cd23ac4fd1b456d720b20a53498949f16551485cbc6d62a6bcd49cb123
F00730,1,10.1002/adma.201800544,data_all/x_time_h/10.1002_adma.201800544/Fig3_A_stability_performance_curve/accepted/10.1002_adma.201800544__Fig3__A__stability_performance_curve__Reference__Series_1.csv,10.1002_adma.201800544/10.1002_adma.201800544__Fig3__A__stability_performance_curve__Reference__Series_1.csv,70380948ea353588cf1ce2539f64be4f62e917f49f15d082d2b31f13f98431ef
F00731,1,10.1002/adma.201800973,data_all/x_time_h/10.1002_adma.201800973/Fig3_D_stability_performance_curve_pce/accepted/10.1002_adma.201800973__Fig3__D__stability_performance_curve_pce__reference_MAPbl__Series_2.csv,10.1002_adma.201800973/10.1002_adma.201800973__Fig3__D__stability_performance_curve_pce__reference_MAPbl__Series_2.csv,ea64d7758d0472662468c435b8a19ddb28f662fdbb385b8b8f496d99c345d2e8
F00732,1,10.1002/adma.201801948,data_all/x_time_h/10.1002_adma.201801948/Fig8_C_stability/accepted/10.1002_adma.201801948__Fig8__C__stability__w_FAPFpost-treatment6__Series_2.csv,10.1002_adma.201801948/10.1002_adma.201801948__Fig8__C__stability__w_FAPFpost-treatment6__Series_2.csv,471ed5f546dc1a485fb9ab5aaaa494230d64cff64f4fc8560c21e6250392e894
F00733,1,10.1002/adma.201801948,data_all/x_time_h/10.1002_adma.201801948/Fig8_C_stability/accepted/10.1002_adma.201801948__Fig8__C__stability__w_o_post-treatment__Series_1.csv,10.1002_adma.201801948/10.1002_adma.201801948__Fig8__C__stability__w_o_post-treatment__Series_1.csv,9d16aad0e5dbf28bef22720b547d5c3ffb98c51697e0c31b7c3ef0097deac6d5
F00736,1,10.1002/adma.201805323,data_all/x_time_h/10.1002_adma.201805323/Fig4_F_stability_performance_curve_pce/accepted/10.1002_adma.201805323__Fig4__F__stability_performance_curve_pce__X=0__Series_1.csv,10.1002_adma.201805323/10.1002_adma.201805323__Fig4__F__stability_performance_curve_pce__X=0__Series_1.csv,cfbea366342721e22a31b2cdc32d4e7ae672e73833773fb63175b4f4a421ce5d
F00737,1,10.1002/adma.201806823,data_all/x_time_h/10.1002_adma.201806823/Fig3_C_pce/accepted/10.1002_adma.201806823__Fig3__C__pce__X=0.17__Series_1.csv,10.1002_adma.201806823/10.1002_adma.201806823__Fig3__C__pce__X=0.17__Series_1.csv,bfa23e42adba6640ec51a2eb15dfb2fc40d3a587296425a38669cb04f2367cd9
F00739,1,10.1002/adma.201901673,data_all/x_time_h/10.1002_adma.201901673/Fig7_C_stability_performance_curve_pce/accepted/10.1002_adma.201901673__Fig7__C__stability_performance_curve_pce__(PEA)₂MA₄Pb₅I₁₆__Series_2.csv,10.1002_adma.201901673/10.1002_adma.201901673__Fig7__C__stability_performance_curve_pce__(PEA)₂MA₄Pb₅I₁₆__Series_2.csv,2dbf3c529fddc276e29472fad6b75722e170693c0dbb1e73a729ad7dfa100d97
F00740,1,10.1002/adma.201901966,data_all/x_time_h/10.1002_adma.201901966/Fig4_E_stability_performance_curve/accepted/10.1002_adma.201901966__Fig4__E__stability_performance_curve__LDRP__Series_1.csv,10.1002_adma.201901966/10.1002_adma.201901966__Fig4__E__stability_performance_curve__LDRP__Series_1.csv,e83fb11fa379eac3ed03f901d8c2c70701094f5ccad6f493f9c718a18b3d5a79
F00741,1,10.1002/adma.201903448,data_all/x_time_h/10.1002_adma.201903448/Fig3_G_stability_performance_curve_pce/accepted/10.1002_adma.201903448__Fig3__G__stability_performance_curve_pce__CsPbI₃__Series_2.csv,10.1002_adma.201903448/10.1002_adma.201903448__Fig3__G__stability_performance_curve_pce__CsPbI₃__Series_2.csv,0906e69e0ba9937dba05c7481895a1db23a9469a144c042359632825546fd94b
F00742,1,10.1002/adma.201904347,data_all/x_time_h/10.1002_adma.201904347/Fig3_F_stability_performance_curve_pce/accepted/10.1002_adma.201904347__Fig3__F__stability_performance_curve_pce__Pristine__Series_1.csv,10.1002_adma.201904347/10.1002_adma.201904347__Fig3__F__stability_performance_curve_pce__Pristine__Series_1.csv,30dfcd9385a9f6530f5289a1fa061f631d13ef089d53c7b3f929d8712b004a1b
F00743,1,10.1002/adma.201904494,data_all/x_time_h/10.1002_adma.201904494/Fig4_D_mppt_stability_performance_curve_profile/accepted/10.1002_adma.201904494__Fig4__D__mppt_stability_performance_curve_profile__with_IEICO-4F__Series_2.csv,10.1002_adma.201904494/10.1002_adma.201904494__Fig4__D__mppt_stability_performance_curve_profile__with_IEICO-4F__Series_2.csv,3e5e7be0e4c627987a7a2624dae6bfcaf34cb724dbc2faf74a34e7bb3063b239
F00744,1,10.1002/adma.201904494,data_all/x_time_h/10.1002_adma.201904494/Fig4_D_mppt_stability_performance_curve_profile/accepted/10.1002_adma.201904494__Fig4__D__mppt_stability_performance_curve_profile__without_IEICO-4F__Series_1.csv,10.1002_adma.201904494/10.1002_adma.201904494__Fig4__D__mppt_stability_performance_curve_profile__without_IEICO-4F__Series_1.csv,e0903b4f4c84b3db3f4427d8ba363b8d771e831af07087ff30dd3ff348d68ce6
F00745,1,10.1002/adma.201905502,data_all/x_time_h/10.1002_adma.201905502/Fig4_H_stability_performance_curve/accepted/10.1002_adma.201905502__Fig4__H__stability_performance_curve__0.15__Series_2.csv,10.1002_adma.201905502/10.1002_adma.201905502__Fig4__H__stability_performance_curve__0.15__Series_2.csv,fc44e586bc320783da787cc6d01b30e499a934f2a957fc466e3e4a99b839b363
F00746,1,10.1002/adma.201905502,data_all/x_time_h/10.1002_adma.201905502/Fig4_H_stability_performance_curve/accepted/10.1002_adma.201905502__Fig4__H__stability_performance_curve__R__Series_1.csv,10.1002_adma.201905502/10.1002_adma.201905502__Fig4__H__stability_performance_curve__R__Series_1.csv,a3ed360b1eb17d24e61089a3d06fcde39095b17eb651236f4e044832ad6f6758
F00749,1,10.1002/adma.201905766,data_all/x_time_h/10.1002_adma.201905766/Fig4_E_stability_performance_curve_pce/accepted/10.1002_adma.201905766__Fig4__E__stability_performance_curve_pce__In₂O₃_SnO₂__Series_1.csv,10.1002_adma.201905766/10.1002_adma.201905766__Fig4__E__stability_performance_curve_pce__In₂O₃_SnO₂__Series_1.csv,3572f59dfa7ffa15f23a490b14f36c891c267a9a9481eabb7b24dbe9902a3b3c
F00747,1,10.1002/adma.201905766,data_all/x_time_h/10.1002_adma.201905766/Fig4_E_mppt_stability_performance_curve_pce/accepted/10.1002_adma.201905766__Fig4__E__mppt_stability_performance_curve_pce__In₂O₃_SnO₂__Series_1.csv,10.1002_adma.201905766/10.1002_adma.201905766__Fig4__E__mppt_stability_performance_curve_pce__In₂O₃_SnO₂__Series_1.csv,6dcc8924e956f329d9331bb034b4fbb3cd4213dd717d6226a27b34feca0a2f11
F00750,1,10.1002/adma.201905766,data_all/x_time_h/10.1002_adma.201905766/Fig4_E_stability_performance_curve_pce/accepted/10.1002_adma.201905766__Fig4__E__stability_performance_curve_pce__SnO₂__Series_2.csv,10.1002_adma.201905766/10.1002_adma.201905766__Fig4__E__stability_performance_curve_pce__SnO₂__Series_2.csv,6732cc8964b4041c590591ae5c27778ad600cb1a1b813919e3cce0a5fc22d0e8
F00748,1,10.1002/adma.201905766,data_all/x_time_h/10.1002_adma.201905766/Fig4_E_mppt_stability_performance_curve_pce/accepted/10.1002_adma.201905766__Fig4__E__mppt_stability_performance_curve_pce__SnO₂__Series_2.csv,10.1002_adma.201905766/10.1002_adma.201905766__Fig4__E__mppt_stability_performance_curve_pce__SnO₂__Series_2.csv,ff7b42ccbfe6fa006fae851d4bec8ebaf159e5405156e22fde1ca20acfd22017
F00752,1,10.1002/adma.201907396,data_all/x_time_h/10.1002_adma.201907396/Fig5_E_mppt_stability_performance_curve_pattern/accepted/10.1002_adma.201907396__Fig5__E__mppt_stability_performance_curve_pattern__Control__Series_1.csv,10.1002_adma.201907396/10.1002_adma.201907396__Fig5__E__mppt_stability_performance_curve_pattern__Control__Series_1.csv,33a2ed36a44e6c4bb5c4519916e787f18590515e49ce78eb35f14902345b6845
F02167,1,10.1002/adma.201907623,final_data/x_time_h/10.1002_adma.201907623/Fig5_C_stability_performance_curve_pce/accepted/10.1002_adma.201907623_Fig5_C_stability_performance_curve_pce_0%PHCI__Series_2.csv,10.1002_adma.201907623/10.1002_adma.201907623_Fig5_C_stability_performance_curve_pce_0%PHCI__Series_2.csv,ee95ca69e04515140c77f7c2d0fa21d95f88e63885346e62bc768b8ccfe43868
F02168,1,10.1002/adma.201907623,final_data/x_time_h/10.1002_adma.201907623/Fig5_C_stability_performance_curve_pce/accepted/10.1002_adma.201907623_Fig5_C_stability_performance_curve_pce_5%PHCI__Series_1.csv,10.1002_adma.201907623/10.1002_adma.201907623_Fig5_C_stability_performance_curve_pce_5%PHCI__Series_1.csv,a05b85af3e3db570298c56a30caa8f2a293835c462d59b3f37b39d5553d4fa26
F00755,1,10.1002/adma.201907769,data_all/x_time_h/10.1002_adma.201907769/Fig4_E_jv_curve_stability_performance_jsc/accepted/10.1002_adma.201907769__Fig4__E__jv_curve_stability_performance_jsc__Control__Series_2.csv,10.1002_adma.201907769/10.1002_adma.201907769__Fig4__E__jv_curve_stability_performance_jsc__Control__Series_2.csv,289192d8b89fde7727b0339bbf98974aa4127a923ca85511ca070072aa61682b
F00756,1,10.1002/adma.201907769,data_all/x_time_h/10.1002_adma.201907769/Fig4_F_jv_curve_stability_performance_jsc/accepted/10.1002_adma.201907769__Fig4__F__jv_curve_stability_performance_jsc__Control__Series_1.csv,10.1002_adma.201907769/10.1002_adma.201907769__Fig4__F__jv_curve_stability_performance_jsc__Control__Series_1.csv,c135c2767507fe0ce96b859cb4fbbaa33ffb46e8e01baf044ecad50c2759f32d
F00757,1,10.1002/adma.201908107,data_all/x_time_h/10.1002_adma.201908107/Fig5_E_stability_performance_curve_pce/accepted/10.1002_adma.201908107__Fig5__E__stability_performance_curve_pce__0%GABr__Series_2.csv,10.1002_adma.201908107/10.1002_adma.201908107__Fig5__E__stability_performance_curve_pce__0%GABr__Series_2.csv,5bb4a018ba69936dcf41aef28f1b935be1ebb8b669d153616b338e603c4a04e7
F00758,1,10.1002/adma.202000865,data_all/x_time_h/10.1002_adma.202000865/Fig4_F_mppt_stability_performance_curve_pce/accepted/10.1002_adma.202000865__Fig4__F__mppt_stability_performance_curve_pce__Control__Series_1.csv,10.1002_adma.202000865/10.1002_adma.202000865__Fig4__F__mppt_stability_performance_curve_pce__Control__Series_1.csv,fd3a44f58cd64275ca2998327b5e8bc86773076a26449c07aea246b9d887c950
F00759,1,10.1002/adma.202001470,data_all/x_time_h/10.1002_adma.202001470/Fig5_G_stability_performance_curve_pattern/accepted/10.1002_adma.202001470__Fig5__G__stability_performance_curve_pattern__Control__Series_1.csv,10.1002_adma.202001470/10.1002_adma.202001470__Fig5__G__stability_performance_curve_pattern__Control__Series_1.csv,a4e585e166fdfdcaec2acc7b6fe94fd1d993a10a7784c7004b2ce356ca9a0690
F00760,1,10.1002/adma.202001470,data_all/x_time_h/10.1002_adma.202001470/Fig5_G_stability_performance_curve_pattern/accepted/10.1002_adma.202001470__Fig5__G__stability_performance_curve_pattern__FAPbI₃__Series_2.csv,10.1002_adma.202001470/10.1002_adma.202001470__Fig5__G__stability_performance_curve_pattern__FAPbI₃__Series_2.csv,495d5cd1a6d440dcb87793fe14193e2a1b90756e74fa02e8964387828f0f960d
F00761,1,10.1002/adma.202001470,data_all/x_time_h/10.1002_adma.202001470/Fig5_H_stability_performance_curve_pattern/accepted/10.1002_adma.202001470__Fig5__H__stability_performance_curve_pattern__Control__Series_2.csv,10.1002_adma.202001470/10.1002_adma.202001470__Fig5__H__stability_performance_curve_pattern__Control__Series_2.csv,64c392d482e8b8475eae39db7b09cee8f031589ea9300c23f935f1c3a57115d2
F00762,1,10.1002/adma.202001470,data_all/x_time_h/10.1002_adma.202001470/Fig5_H_stability_performance_curve_pattern/accepted/10.1002_adma.202001470__Fig5__H__stability_performance_curve_pattern__FAPbl3__Series_1.csv,10.1002_adma.202001470/10.1002_adma.202001470__Fig5__H__stability_performance_curve_pattern__FAPbl3__Series_1.csv,5e0b43576e8f480869b6033d062b6eb43871035c6487918db70f899977056d49
F00763,1,10.1002/adma.202003296,data_all/x_time_h/10.1002_adma.202003296/Fig5_A_stability_performance_curve_pce/accepted/10.1002_adma.202003296__Fig5__A__stability_performance_curve_pce__Control__Series_1.csv,10.1002_adma.202003296/10.1002_adma.202003296__Fig5__A__stability_performance_curve_pce__Control__Series_1.csv,381c986f806f922fe762e84d713ad08f0821bdf509dae4b4fe5cffb38018f581
F00764,1,10.1002/adma.202003296,data_all/x_time_h/10.1002_adma.202003296/Fig5_B_stability_performance_curve_pce/accepted/10.1002_adma.202003296__Fig5__B__stability_performance_curve_pce__Control__Series_2.csv,10.1002_adma.202003296/10.1002_adma.202003296__Fig5__B__stability_performance_curve_pce__Control__Series_2.csv,292e640f4f91782bba5622bb21c3f7c92bc02b43ea66797fead3e91c8dd9def2
F00765,1,10.1002/adma.202003965,data_all/x_time_h/10.1002_adma.202003965/Fig6_A_stability_performance_curve_pce/accepted/10.1002_adma.202003965__Fig6__A__stability_performance_curve_pce__Eth-PSCs__Series_2.csv,10.1002_adma.202003965/10.1002_adma.202003965__Fig6__A__stability_performance_curve_pce__Eth-PSCs__Series_2.csv,e31eabab1b95b20b4f6cbe0e3d178e64592d62ef88982087a0a377ffd3e288e0
F00766,1,10.1002/adma.202003965,data_all/x_time_h/10.1002_adma.202003965/Fig6_B_chart/accepted/10.1002_adma.202003965__Fig6__B__chart__Eth-PsCs__Series_2.csv,10.1002_adma.202003965/10.1002_adma.202003965__Fig6__B__chart__Eth-PsCs__Series_2.csv,1c72eaf82ad77fce00fac88c53bfcd0c3bbd60ee79f4e528f04bbce2bfda7af8
F00768,1,10.1002/adma.202006087,data_all/x_time_h/10.1002_adma.202006087/Fig3_C_stability_performance_curve/accepted/10.1002_adma.202006087__Fig3__C__stability_performance_curve__Spiro-OMeTAD°__Series_2.csv,10.1002_adma.202006087/10.1002_adma.202006087__Fig3__C__stability_performance_curve__Spiro-OMeTAD°__Series_2.csv,5d88d4c8e1398d89c1c0df178d93081d379b11173fe8f75a6f07ea7791521aa8
F00769,1,10.1002/adma.202006087,data_all/x_time_h/10.1002_adma.202006087/Fig7_A_mppt_stability_performance_curve/accepted/10.1002_adma.202006087__Fig7__A__mppt_stability_performance_curve__Control__Series_2.csv,10.1002_adma.202006087/10.1002_adma.202006087__Fig7__A__mppt_stability_performance_curve__Control__Series_2.csv,08284a58f6344126925a7171d70fa2923ef32e5278a79dd8dcc6e56a7d22288c
F00770,1,10.1002/adma.202006087,data_all/x_time_h/10.1002_adma.202006087/Fig7_B_mppt_stability_performance_curve_pce/accepted/10.1002_adma.202006087__Fig7__B__mppt_stability_performance_curve_pce__Control__Series_1.csv,10.1002_adma.202006087/10.1002_adma.202006087__Fig7__B__mppt_stability_performance_curve_pce__Control__Series_1.csv,8aead4a1e05dacb12639bbcc075740f1be7b8b1195c7fcc3a617502ef96e51cb
F00771,1,10.1002/adma.202006753,data_all/x_time_h/10.1002_adma.202006753/Fig6_B_stability_performance_curve_pce/accepted/10.1002_adma.202006753__Fig6__B__stability_performance_curve_pce__PTAA__Series_1.csv,10.1002_adma.202006753/10.1002_adma.202006753__Fig6__B__stability_performance_curve_pce__PTAA__Series_1.csv,53dd0bfa88615129a261032d996875308fbfa8f2b3c0c86b469f15888245db81
F00772,1,10.1002/adma.202007431,data_all/x_time_h/10.1002_adma.202007431/Fig4_F_stability_performance_curve_pce/accepted/10.1002_adma.202007431__Fig4__F__stability_performance_curve_pce__HL38__Series_1.csv,10.1002_adma.202007431/10.1002_adma.202007431__Fig4__F__stability_performance_curve_pce__HL38__Series_1.csv,251b87fa71d6bf9549dcc6bcfe61c22fc8254ac152e9ba7c409a23c1c4c5b55d
F00773,1,10.1002/adma.202007431,data_all/x_time_h/10.1002_adma.202007431/Fig4_F_stability_performance_curve_pce/accepted/10.1002_adma.202007431__Fig4__F__stability_performance_curve_pce__spiro-MeOTAD__Series_2.csv,10.1002_adma.202007431/10.1002_adma.202007431__Fig4__F__stability_performance_curve_pce__spiro-MeOTAD__Series_2.csv,760743f81c8218396ff3455f11c1fa81b8e8f8b2fe29a0cfac16dfeab0e6f56f
F00774,1,10.1002/adma.202101823,data_all/x_time_h/10.1002_adma.202101823/Fig6_D_stability_performance_curve_pce/accepted/10.1002_adma.202101823__Fig6__D__stability_performance_curve_pce__BZA__Series_2.csv,10.1002_adma.202101823/10.1002_adma.202101823__Fig6__D__stability_performance_curve_pce__BZA__Series_2.csv,88ab598effe3ef2df231ed31cb6b00ad11854eeb9a8219106833672b826a723c
F00775,1,10.1002/adma.202101823,data_all/x_time_h/10.1002_adma.202101823/Fig6_D_stability_performance_curve_pce/accepted/10.1002_adma.202101823__Fig6__D__stability_performance_curve_pce__Reference__Series_3.csv,10.1002_adma.202101823/10.1002_adma.202101823__Fig6__D__stability_performance_curve_pce__Reference__Series_3.csv,d3060bb39fedb9bbf9dd0db442da02beab91ef7aecda340ca765b10d318a583f
F00776,1,10.1002/adma.202103231,data_all/x_time_h/10.1002_adma.202103231/Fig6_A_stability_performance_curve/accepted/10.1002_adma.202103231__Fig6__A__stability_performance_curve__Control__Series_2.csv,10.1002_adma.202103231/10.1002_adma.202103231__Fig6__A__stability_performance_curve__Control__Series_2.csv,7eff8789f8e2b9df7b3bf6ae14f99639fb9afb0d7eacfca60418bae08b65b25c
F00778,1,10.1002/adma.202205769,data_all/x_time_h/10.1002_adma.202205769/Fig4_B_stability_performance_curve_pce/accepted/10.1002_adma.202205769__Fig4__B__stability_performance_curve_pce__PEDOT_PSS__Series_2.csv,10.1002_adma.202205769/10.1002_adma.202205769__Fig4__B__stability_performance_curve_pce__PEDOT_PSS__Series_2.csv,6e1a4dceb04c2a7461f37afd20b13ce785b2be1af99cd014ead657f22f0dfe72
F00779,1,10.1002/adma.202205769,data_all/x_time_h/10.1002_adma.202205769/Fig4_C_stability_performance_curve_pce/accepted/10.1002_adma.202205769__Fig4__C__stability_performance_curve_pce__PEDOT_PSS—C₆₀_ALD_SnO₂__Series_3.csv,10.1002_adma.202205769/10.1002_adma.202205769__Fig4__C__stability_performance_curve_pce__PEDOT_PSS—C₆₀_ALD_SnO₂__Series_3.csv,445db4f15fc9001ef01b7e55a50c606dfccbf614725ba75e4b4f5e323223629a
F00780,1,10.1002/adma.202205769,data_all/x_time_h/10.1002_adma.202205769/Fig4_D_stability_performance_curve_pce/accepted/10.1002_adma.202205769__Fig4__D__stability_performance_curve_pce__PEDOT_PSS__Series_2.csv,10.1002_adma.202205769/10.1002_adma.202205769__Fig4__D__stability_performance_curve_pce__PEDOT_PSS__Series_2.csv,77306ba0371ff53aa8eade59b282dbc5cde1e1be81f3e732208d02240e163edf
F00781,1,10.1002/adma.202302839,data_all/x_time_h/10.1002_adma.202302839/Fig2_G_stability_performance_curve/accepted/10.1002_adma.202302839__Fig2__G__stability_performance_curve__Control__Series_2.csv,10.1002_adma.202302839/10.1002_adma.202302839__Fig2__G__stability_performance_curve__Control__Series_2.csv,ab9f64624a823e08c9d13cb595c49b27642c13e243faa570e057f408d99bd3d0
F00783,1,10.1002/adma.202303692,data_all/x_time_h/10.1002_adma.202303692/Fig6_B_stability_performance_curve/accepted/10.1002_adma.202303692__Fig6__B__stability_performance_curve__SP__Series_2.csv,10.1002_adma.202303692/10.1002_adma.202303692__Fig6__B__stability_performance_curve__SP__Series_2.csv,a543b72aa4cfba99151c7222dd6f5b73881b8544e330a7fbaf1ea8b0fac9a9da
F00784,1,10.1002/adma.202303869,data_all/x_time_h/10.1002_adma.202303869/Fig4_E_mppt_stability_performance_curve_pce_voc/accepted/10.1002_adma.202303869__Fig4__E__mppt_stability_performance_curve_pce_voc__CsFAMA__Series_1.csv,10.1002_adma.202303869/10.1002_adma.202303869__Fig4__E__mppt_stability_performance_curve_pce_voc__CsFAMA__Series_1.csv,b510ceeca1556a98fea36d9ab429622f8fcc0e57746ccd1aa17a112e6c9ad3c1
F00785,1,10.1002/adma.202304150,data_all/x_time_h/10.1002_adma.202304150/Fig4_E_stability_performance_curve_pce/accepted/10.1002_adma.202304150__Fig4__E__stability_performance_curve_pce__Ref__Series_1.csv,10.1002_adma.202304150/10.1002_adma.202304150__Fig4__E__stability_performance_curve_pce__Ref__Series_1.csv,a60c059546dbdb0734e1762e187032c8a850c68386fffb6de591176763882513
F00788,1,10.1002/adma.202307422,data_all/x_time_h/10.1002_adma.202307422/Fig6_H_stability_performance_curve_pce/accepted/10.1002_adma.202307422__Fig6__H__stability_performance_curve_pce__Control__Series_1.csv,10.1002_adma.202307422/10.1002_adma.202307422__Fig6__H__stability_performance_curve_pce__Control__Series_1.csv,96435cb52d0e61448c6b74f16d4e6b4dbc499f7fcdd70fa9f6a7db2edfcfd86c
F00786,1,10.1002/adma.202307422,data_all/x_time_h/10.1002_adma.202307422/Fig6_H_mppt_stability_performance_curve_pce/accepted/10.1002_adma.202307422__Fig6__H__mppt_stability_performance_curve_pce__Control__Series_1.csv,10.1002_adma.202307422/10.1002_adma.202307422__Fig6__H__mppt_stability_performance_curve_pce__Control__Series_1.csv,e3f84190232aea7665415d0ed544310908b1dca0af23315432936a1f07aa0327
F00790,1,10.1002/admi.201500799,data_all/x_time_h/10.1002_admi.201500799/Fig7_whole_stability_performance_curve_pce/accepted/10.1002_admi.201500799__Fig7__whole__stability_performance_curve_pce__CrOx__Series_2.csv,10.1002_admi.201500799/10.1002_admi.201500799__Fig7__whole__stability_performance_curve_pce__CrOx__Series_2.csv,c82d62574d1ee38bf371142fa908d347eb3b2fbbf8d48217394fa88b339e86c2
F00791,1,10.1002/admi.201500799,data_all/x_time_h/10.1002_admi.201500799/Fig7_whole_stability_performance_curve_pce/accepted/10.1002_admi.201500799__Fig7__whole__stability_performance_curve_pce__Cu_CrOx__Series_1.csv,10.1002_admi.201500799/10.1002_admi.201500799__Fig7__whole__stability_performance_curve_pce__Cu_CrOx__Series_1.csv,8d7e768feef8d9b7a9f8f1ac4102141226e4ac7f2aa5de6b61ccfb07079cd1bf
F00792,1,10.1002/admi.201800645,data_all/x_time_h/10.1002_admi.201800645/Fig5_whole_mppt_stability/accepted/10.1002_admi.201800645__Fig5__whole__mppt_stability__W_o_5-AVA__Series_2.csv,10.1002_admi.201800645/10.1002_admi.201800645__Fig5__whole__mppt_stability__W_o_5-AVA__Series_2.csv,39994e51c9e8a19d6abfd4c6e5b7d87bb4e4dfba65fd46c26629ca6ac54dec7b
F00793,1,10.1002/admi.201901964,data_all/x_time_h/10.1002_admi.201901964/Fig4_D_stability_performance_curve_pce/accepted/10.1002_admi.201901964__Fig4__D__stability_performance_curve_pce__TiO2__Series_1.csv,10.1002_admi.201901964/10.1002_admi.201901964__Fig4__D__stability_performance_curve_pce__TiO2__Series_1.csv,d3eae5d2b01c15fe0e8fc4771dd3f0967f4861db6e5a5cc37e6540f86c5e0653
F00794,1,10.1002/admi.202000105,data_all/x_time_h/10.1002_admi.202000105/Fig5_D_stability_performance_curve_pce/accepted/10.1002_admi.202000105__Fig5__D__stability_performance_curve_pce__Reference__Series_2.csv,10.1002_admi.202000105/10.1002_admi.202000105__Fig5__D__stability_performance_curve_pce__Reference__Series_2.csv,3ef492ec6b51c34373c1f4f9dee20e5fed964efc2d27eb735fecc1f4fe4d5db1
F00795,1,10.1002/admi.202000105,data_all/x_time_h/10.1002_admi.202000105/Fig5_E_stability_performance_curve_pce_pattern/accepted/10.1002_admi.202000105__Fig5__E__stability_performance_curve_pce_pattern__reference__Series_1.csv,10.1002_admi.202000105/10.1002_admi.202000105__Fig5__E__stability_performance_curve_pce_pattern__reference__Series_1.csv,920ded81bd4fc6e2cb27b5b01040b80a14ed74315daeb82ff5a68daac39b8aa9
F00797,1,10.1002/admi.202001144,data_all/x_time_h/10.1002_admi.202001144/Fig3_A_stability_performance_curve_pce/accepted/10.1002_admi.202001144__Fig3__A__stability_performance_curve_pce__C6-BTC@AuNPs__Series_3.csv,10.1002_admi.202001144/10.1002_admi.202001144__Fig3__A__stability_performance_curve_pce__C6-BTC@AuNPs__Series_3.csv,74c4bde2eb6a0807490c27b4e599697cf63c9e92df00164cdbf92eaae4ecb0bf
F00798,1,10.1002/admi.202001144,data_all/x_time_h/10.1002_admi.202001144/Fig3_A_stability_performance_curve_pce/accepted/10.1002_admi.202001144__Fig3__A__stability_performance_curve_pce__c-TiO2__Series_1.csv,10.1002_admi.202001144/10.1002_admi.202001144__Fig3__A__stability_performance_curve_pce__c-TiO2__Series_1.csv,bcd85da9c73258f421955fd4f34d656b4fa43393fe959fe1635f5d56c861afda
F00799,1,10.1002/admi.202001144,data_all/x_time_h/10.1002_admi.202001144/Fig3_A_stability_performance_curve_pce/accepted/10.1002_admi.202001144__Fig3__A__stability_performance_curve_pce__。—PCBM__Series_2.csv,10.1002_admi.202001144/10.1002_admi.202001144__Fig3__A__stability_performance_curve_pce__。—PCBM__Series_2.csv,a9e4f7143ccd978372344eb78f24f1c0ae4fc25bd2172c9c197362c92929bc5b
F00800,1,10.1002/admi.202001144,data_all/x_time_h/10.1002_admi.202001144/Fig3_B_stability_performance_curve_pce/accepted/10.1002_admi.202001144__Fig3__B__stability_performance_curve_pce__C₆₀-BCT@Au_NPs__Series_1.csv,10.1002_admi.202001144/10.1002_admi.202001144__Fig3__B__stability_performance_curve_pce__C₆₀-BCT@Au_NPs__Series_1.csv,07289e0ca1161da6f2a6e517b0108505c840c852d0f2ba9b4d3745f80ee569fe
F00801,1,10.1002/admi.202001144,data_all/x_time_h/10.1002_admi.202001144/Fig3_B_stability_performance_curve_pce/accepted/10.1002_admi.202001144__Fig3__B__stability_performance_curve_pce__PCBM__Series_2.csv,10.1002_admi.202001144/10.1002_admi.202001144__Fig3__B__stability_performance_curve_pce__PCBM__Series_2.csv,5bc28f4235c07b40aacba82392de08cddc7b00f4b8d8ecb36a0c8302a4d4c474
F00802,1,10.1002/admi.202001144,data_all/x_time_h/10.1002_admi.202001144/Fig3_B_stability_performance_curve_pce/accepted/10.1002_admi.202001144__Fig3__B__stability_performance_curve_pce__c-TiO₂__Series_3.csv,10.1002_admi.202001144/10.1002_admi.202001144__Fig3__B__stability_performance_curve_pce__c-TiO₂__Series_3.csv,e9065d408eccb66edcf74064945c57829dd625daa26f2fcad42c205f5103597a
F00803,1,10.1002/admi.202001425,data_all/x_time_h/10.1002_admi.202001425/Fig4_F_stability_performance_curve_pce/accepted/10.1002_admi.202001425__Fig4__F__stability_performance_curve_pce__PCDTBTw_ofibrils__Series_3.csv,10.1002_admi.202001425/10.1002_admi.202001425__Fig4__F__stability_performance_curve_pce__PCDTBTw_ofibrils__Series_3.csv,af6256beff88fcdce07cf91b36b3ff5a560d6398d87d0c4b08a33738212a01f8
F00804,1,10.1002/admi.202001425,data_all/x_time_h/10.1002_admi.202001425/Fig4_F_stability_performance_curve_pce/accepted/10.1002_admi.202001425__Fig4__F__stability_performance_curve_pce__Spiro-OMeTAD__Series_1.csv,10.1002_admi.202001425/10.1002_admi.202001425__Fig4__F__stability_performance_curve_pce__Spiro-OMeTAD__Series_1.csv,f91afa720b45513e303891bfb84dc12fca9c99322c5d88856f923e03e153c95c
F00806,1,10.1002/admi.202100776,data_all/x_time_h/10.1002_admi.202100776/Fig5_B_stability_performance_curve_pce/accepted/10.1002_admi.202100776__Fig5__B__stability_performance_curve_pce__without_QDs__Series_2.csv,10.1002_admi.202100776/10.1002_admi.202100776__Fig5__B__stability_performance_curve_pce__without_QDs__Series_2.csv,822ef393ac7c7a81571166d7862077bafe46918b528bdf624cc6217b7ec119b2
F00807,1,10.1002/admi.202102324,data_all/x_time_h/10.1002_admi.202102324/Fig6_F_stability_performance_curve_pce/accepted/10.1002_admi.202102324__Fig6__F__stability_performance_curve_pce__25_°C_BDP-NH₂__Series_2.csv,10.1002_admi.202102324/10.1002_admi.202102324__Fig6__F__stability_performance_curve_pce__25_°C_BDP-NH₂__Series_2.csv,d04659f0becd3b0fcd7dcf31ec0f20e9b0c3856610b69666f140c91a3b9b48c7
F00808,1,10.1002/admi.202102324,data_all/x_time_h/10.1002_admi.202102324/Fig6_F_stability_performance_curve_pce/accepted/10.1002_admi.202102324__Fig6__F__stability_performance_curve_pce__25_°C_w_o_BDP__Series_1.csv,10.1002_admi.202102324/10.1002_admi.202102324__Fig6__F__stability_performance_curve_pce__25_°C_w_o_BDP__Series_1.csv,c2673ed9fc0c8da089d8a887cef91db55a05d3cf5d34ee76daa0ee23a8b1c7dc
F00809,1,10.1002/admi.202102324,data_all/x_time_h/10.1002_admi.202102324/Fig6_F_stability_performance_curve_pce/accepted/10.1002_admi.202102324__Fig6__F__stability_performance_curve_pce__65_°C_BDP-NH₂__Series_3.csv,10.1002_admi.202102324/10.1002_admi.202102324__Fig6__F__stability_performance_curve_pce__65_°C_BDP-NH₂__Series_3.csv,8e7feffb424e08cc413d79e41522d80ee4e19be2110f4a0e139998ffa079ca26
F00810,1,10.1002/admi.202102324,data_all/x_time_h/10.1002_admi.202102324/Fig6_F_stability_performance_curve_pce/accepted/10.1002_admi.202102324__Fig6__F__stability_performance_curve_pce__65_°C_w_o_BDP__Series_4.csv,10.1002_admi.202102324/10.1002_admi.202102324__Fig6__F__stability_performance_curve_pce__65_°C_w_o_BDP__Series_4.csv,a2a84e2e76db2f29294be2512e6e0083884fc48056117da3b95d290c87773e20
F00811,1,10.1002/adom.201900542,data_all/x_time_h/10.1002_adom.201900542/Fig5_whole_stability_performance_curve_pce/accepted/10.1002_adom.201900542__Fig5__whole__stability_performance_curve_pce__PCBM__Series_1.csv,10.1002_adom.201900542/10.1002_adom.201900542__Fig5__whole__stability_performance_curve_pce__PCBM__Series_1.csv,2526fbe4c70a5c7a2e458e83b64343eda6e1a459e41a94c16bef678fd421c348
F00812,1,10.1002/advs.201700018,data_all/x_time_h/10.1002_advs.201700018/Fig5_A_stability_performance_curve_pce/accepted/10.1002_advs.201700018__Fig5__A__stability_performance_curve_pce__TiO₂__Series_1.csv,10.1002_advs.201700018/10.1002_advs.201700018__Fig5__A__stability_performance_curve_pce__TiO₂__Series_1.csv,4127bf6a0e362393e0f8f7d3ab23a2a9bc6bd7d934d09121858e21cf29462578
F00815,1,10.1002/advs.201700484,data_all/x_time_h/10.1002_advs.201700484/Fig5_A_stability_performance_curve_pce/accepted/10.1002_advs.201700484__Fig5__A__stability_performance_curve_pce__PCE__Series_1.csv,10.1002_advs.201700484/10.1002_advs.201700484__Fig5__A__stability_performance_curve_pce__PCE__Series_1.csv,e7526c8eb44ca0e5c7aa3bcb2c7799db0d872a2aae8adcdb2fafda6fc7e2014a
F00817,1,10.1002/advs.201901241,data_all/x_time_h/10.1002_advs.201901241/Fig5_B_stability_performance_curve_pce/accepted/10.1002_advs.201901241__Fig5__B__stability_performance_curve_pce__Control__Series_2.csv,10.1002_advs.201901241/10.1002_advs.201901241__Fig5__B__stability_performance_curve_pce__Control__Series_2.csv,975a69328a4be1299e12e6034d546d170d3a6405c3e42c31ece22890f0230fd7
F00818,1,10.1002/advs.201901241,data_all/x_time_h/10.1002_advs.201901241/Fig5_C_stability_performance_curve_pce_plot/accepted/10.1002_advs.201901241__Fig5__C__stability_performance_curve_pce_plot__2%DIFA__Series_2.csv,10.1002_advs.201901241/10.1002_advs.201901241__Fig5__C__stability_performance_curve_pce_plot__2%DIFA__Series_2.csv,6f0d8abfb9c2b7b0b07cd1c612706436a28059ef28a40c5639da25f67cc65578
F00819,1,10.1002/advs.201901241,data_all/x_time_h/10.1002_advs.201901241/Fig5_C_stability_performance_curve_pce_plot/accepted/10.1002_advs.201901241__Fig5__C__stability_performance_curve_pce_plot__Control__Series_1.csv,10.1002_advs.201901241/10.1002_advs.201901241__Fig5__C__stability_performance_curve_pce_plot__Control__Series_1.csv,5d712f18fa5b647cff007cb7269f8524d465f049cf946cc4214be5d62d329edf
F00820,1,10.1002/advs.201901241,data_all/x_time_h/10.1002_advs.201901241/Fig5_D_stability_performance_curve_pce_plot/accepted/10.1002_advs.201901241__Fig5__D__stability_performance_curve_pce_plot__2%DIFA__Series_1.csv,10.1002_advs.201901241/10.1002_advs.201901241__Fig5__D__stability_performance_curve_pce_plot__2%DIFA__Series_1.csv,eff4cd91387a10aaf0b75f74180be86677fec6f24c1d2e7cb2b7b4b33af060a6
F00821,1,10.1002/advs.201901241,data_all/x_time_h/10.1002_advs.201901241/Fig5_D_stability_performance_curve_pce_plot/accepted/10.1002_advs.201901241__Fig5__D__stability_performance_curve_pce_plot__Control__Series_2.csv,10.1002_advs.201901241/10.1002_advs.201901241__Fig5__D__stability_performance_curve_pce_plot__Control__Series_2.csv,02e20d255765378e80acddca535fd56c0cb621db4bfbd910ab1eb9f1fc0aa56c
F00822,1,10.1002/advs.201903044,data_all/x_time_h/10.1002_advs.201903044/Fig6_D_stability_performance_curve_pce/accepted/10.1002_advs.201903044__Fig6__D__stability_performance_curve_pce__NiOx__Series_2.csv,10.1002_advs.201903044/10.1002_advs.201903044__Fig6__D__stability_performance_curve_pce__NiOx__Series_2.csv,4ab98c62b882a1f3f0c5d0789a0ce154596526ff280b9aa31c5be8e0bbc7ab2c
F00823,1,10.1002/advs.201903047,data_all/x_time_h/10.1002_advs.201903047/Fig4_D_stability_performance_curve_pce/accepted/10.1002_advs.201903047__Fig4__D__stability_performance_curve_pce__Current_method__Series_2.csv,10.1002_advs.201903047/10.1002_advs.201903047__Fig4__D__stability_performance_curve_pce__Current_method__Series_2.csv,4ea90d6d2b1f977917e011b0a5f4c4c311702958f461331b3be7639feca6a24e
F00824,1,10.1002/advs.201903047,data_all/x_time_h/10.1002_advs.201903047/Fig4_D_stability_performance_curve_pce/accepted/10.1002_advs.201903047__Fig4__D__stability_performance_curve_pce__One_step__Series_1.csv,10.1002_advs.201903047/10.1002_advs.201903047__Fig4__D__stability_performance_curve_pce__One_step__Series_1.csv,1b02eb82fb2032982235bbfe6411d6f68300544d9dc42d27d3f94c36d25275f0
F00825,1,10.1002/advs.201903250,data_all/x_time_h/10.1002_advs.201903250/Fig5_D_tga_stability_performance_curve_pce/accepted/10.1002_advs.201903250__Fig5__D__tga_stability_performance_curve_pce__Control__Series_2.csv,10.1002_advs.201903250/10.1002_advs.201903250__Fig5__D__tga_stability_performance_curve_pce__Control__Series_2.csv,fbae1d4ca3981c01dbcd6598f1d69666de7bcd69a5437b6c252f64246dfae09f
F00826,1,10.1002/advs.201903250,data_all/x_time_h/10.1002_advs.201903250/Fig5_D_tga_stability_performance_curve_pce/accepted/10.1002_advs.201903250__Fig5__D__tga_stability_performance_curve_pce__wTGA__Series_3.csv,10.1002_advs.201903250/10.1002_advs.201903250__Fig5__D__tga_stability_performance_curve_pce__wTGA__Series_3.csv,2309124b6de0bbda56987371e1188efed17dd2a23d1a716b101bd2805533d293
F00827,1,10.1002/advs.201903250,data_all/x_time_h/10.1002_advs.201903250/Fig5_E_tga_stability_performance_curve_pce/accepted/10.1002_advs.201903250__Fig5__E__tga_stability_performance_curve_pce__Control__Series_1.csv,10.1002_advs.201903250/10.1002_advs.201903250__Fig5__E__tga_stability_performance_curve_pce__Control__Series_1.csv,808c55fd1b381fa8e364d19ac420533c13aea81463eb119b3f6a75177d5c48a7
F00828,1,10.1002/advs.201903250,data_all/x_time_h/10.1002_advs.201903250/Fig5_E_tga_stability_performance_curve_pce/accepted/10.1002_advs.201903250__Fig5__E__tga_stability_performance_curve_pce__wTGA__Series_2.csv,10.1002_advs.201903250/10.1002_advs.201903250__Fig5__E__tga_stability_performance_curve_pce__wTGA__Series_2.csv,d1760d500c76ef2cd3a9d94cb062059b137262cb7c00e2e349664c571ebaad0c
F00829,1,10.1002/advs.201903250,data_all/x_time_h/10.1002_advs.201903250/Fig5_F_tga_stability_performance_curve_pce/accepted/10.1002_advs.201903250__Fig5__F__tga_stability_performance_curve_pce__Control__Series_2.csv,10.1002_advs.201903250/10.1002_advs.201903250__Fig5__F__tga_stability_performance_curve_pce__Control__Series_2.csv,57989b5ad3f049a86016cfe19f31fad0a0881b4f795605310e956143362d37a3
F00830,1,10.1002/advs.201903250,data_all/x_time_h/10.1002_advs.201903250/Fig5_F_tga_stability_performance_curve_pce/accepted/10.1002_advs.201903250__Fig5__F__tga_stability_performance_curve_pce__WTGA__Series_3.csv,10.1002_advs.201903250/10.1002_advs.201903250__Fig5__F__tga_stability_performance_curve_pce__WTGA__Series_3.csv,dce75aa058a5afd41fc4a80483cdb44408f50191aab04246f188a53dbedb5465
F00831,1,10.1002/aelm.202000604,data_all/x_time_h/10.1002_aelm.202000604/Fig4_F_stability_performance_curve/accepted/10.1002_aelm.202000604__Fig4__F__stability_performance_curve__WithoutMI__Series_1.csv,10.1002_aelm.202000604/10.1002_aelm.202000604__Fig4__F__stability_performance_curve__WithoutMI__Series_1.csv,3472455bb44ef31c1c90548be9536ca03807e16e25c7d6fd93853de527f68037
F00832,1,10.1002/aenm.201600285,data_all/x_time_h/10.1002_aenm.201600285/Fig6_whole_stability_performance_curve_pce/accepted/10.1002_aenm.201600285__Fig6__whole__stability_performance_curve_pce__PC[70]BM_AZO_Al__Series_3.csv,10.1002_aenm.201600285/10.1002_aenm.201600285__Fig6__whole__stability_performance_curve_pce__PC[70]BM_AZO_Al__Series_3.csv,72521af5e9ab8a6152230ae410c61698a3d859fcad2e8c8c4e94f11cfe61c876
F00833,1,10.1002/aenm.201600285,data_all/x_time_h/10.1002_aenm.201600285/Fig6_whole_stability_performance_curve_pce/accepted/10.1002_aenm.201600285__Fig6__whole__stability_performance_curve_pce__PC[70]BM_Al__Series_2.csv,10.1002_aenm.201600285/10.1002_aenm.201600285__Fig6__whole__stability_performance_curve_pce__PC[70]BM_Al__Series_2.csv,48b96ad1900721ac0b0423fa79830cf10c328b79ab46442ef9109fdff6f38020
F00835,1,10.1002/aenm.201601156,data_all/x_time_h/10.1002_aenm.201601156/Fig4_A_pce/accepted/10.1002_aenm.201601156__Fig4__A__pce__Spiro-OMeTAD__Series_1.csv,10.1002_aenm.201601156/10.1002_aenm.201601156__Fig4__A__pce__Spiro-OMeTAD__Series_1.csv,9f309d3c0ed4baf8c50fc8b48d75d579267d29561b1af9e82c688cb89c5b7dbb
F00836,1,10.1002/aenm.201602120,data_all/x_time_h/10.1002_aenm.201602120/Fig4_A_pce/accepted/10.1002_aenm.201602120__Fig4__A__pce__PCBM__Series_2.csv,10.1002_aenm.201602120/10.1002_aenm.201602120__Fig4__A__pce__PCBM__Series_2.csv,e1ee992bb206d98552ca58d400fcbf723e5b6d11f0399cfc459314a47f25e540
F00839,1,10.1002/aenm.201700763,data_all/x_time_h/10.1002_aenm.201700763/Fig5_A_stability_performance_curve_pce/accepted/10.1002_aenm.201700763__Fig5__A__stability_performance_curve_pce__r-GO_PTAA__Series_2.csv,10.1002_aenm.201700763/10.1002_aenm.201700763__Fig5__A__stability_performance_curve_pce__r-GO_PTAA__Series_2.csv,0f5f44d42b4c715671e2307d36b96da433295a5c570c3c33a507d87fe4054271
F00840,1,10.1002/aenm.201700763,data_all/x_time_h/10.1002_aenm.201700763/Fig5_A_stability_performance_curve_pce/accepted/10.1002_aenm.201700763__Fig5__A__stability_performance_curve_pce__r-GO__Series_1.csv,10.1002_aenm.201700763/10.1002_aenm.201700763__Fig5__A__stability_performance_curve_pce__r-GO__Series_1.csv,3471335cd8314dc5836c3bb7a5c53fc134f9e4f8f97f65dff3ff9436cb47d130
F00841,1,10.1002/aenm.201701688,data_all/x_time_h/10.1002_aenm.201701688/Fig4_F_device_structure/accepted/10.1002_aenm.201701688__Fig4__F__device_structure__PEDOT_PSS__Series_2.csv,10.1002_aenm.201701688/10.1002_aenm.201701688__Fig4__F__device_structure__PEDOT_PSS__Series_2.csv,a62833faa164f08f254b2bbea6a743c11d8d9896c9d13842c3bb26d536db6514
F00842,1,10.1002/aenm.201703054,data_all/x_time_h/10.1002_aenm.201703054/Fig8_A_stability_performance_curve_pce/accepted/10.1002_aenm.201703054__Fig8__A__stability_performance_curve_pce__Pero-pristine__Series_1.csv,10.1002_aenm.201703054/10.1002_aenm.201703054__Fig8__A__stability_performance_curve_pce__Pero-pristine__Series_1.csv,f46efc1e2e2ab0b69946e01f181cce1a56c5ee1d20c94157f152d85fd57465eb
F00843,1,10.1002/aenm.201802774,data_all/x_time_h/10.1002_aenm.201802774/Fig3_B_stability_performance_curve_pce_pattern/accepted/10.1002_aenm.201802774__Fig3__B__stability_performance_curve_pce_pattern__w_oGDR__Series_2.csv,10.1002_aenm.201802774/10.1002_aenm.201802774__Fig3__B__stability_performance_curve_pce_pattern__w_oGDR__Series_2.csv,dd70e69e07d08b28405e9ff7947f1f4f6ec99e1e72c054309c1e91f1785b1c4f
F00844,1,10.1002/aenm.201802774,data_all/x_time_h/10.1002_aenm.201802774/Fig3_C_stability_performance_curve_pce/accepted/10.1002_aenm.201802774__Fig3__C__stability_performance_curve_pce__w_oGDR__Series_1.csv,10.1002_aenm.201802774/10.1002_aenm.201802774__Fig3__C__stability_performance_curve_pce__w_oGDR__Series_1.csv,18b0a7c9e7d35f00ac5868132af780675581f86163e41ec80fff63abe357748d
F00846,1,10.1002/aenm.201803287,data_all/x_time_h/10.1002_aenm.201803287/Fig6_B_stability_performance_curve_pce/accepted/10.1002_aenm.201803287__Fig6__B__stability_performance_curve_pce__o-Doped_Spiro-OMeTAD__Series_1.csv,10.1002_aenm.201803287/10.1002_aenm.201803287__Fig6__B__stability_performance_curve_pce__o-Doped_Spiro-OMeTAD__Series_1.csv,bce2d4d48afed57989814ecaf0449ff0b29ab3f3d0ca7dad73de64d8916805f3
F00848,1,10.1002/aenm.201901726,data_all/x_time_h/10.1002_aenm.201901726/Fig6_E_stability_performance_curve_pce_pattern/accepted/10.1002_aenm.201901726__Fig6__E__stability_performance_curve_pce_pattern__control_device__Series_2.csv,10.1002_aenm.201901726/10.1002_aenm.201901726__Fig6__E__stability_performance_curve_pce_pattern__control_device__Series_2.csv,5ca74eee1cb08bef23f739179b2fdd84e9988c11392515fa2b9596e27cdfda7d
F00849,1,10.1002/aenm.201901852,data_all/x_time_h/10.1002_aenm.201901852/Fig6_A_stability_performance_curve_pce/accepted/10.1002_aenm.201901852__Fig6__A__stability_performance_curve_pce__control__Series_2.csv,10.1002_aenm.201901852/10.1002_aenm.201901852__Fig6__A__stability_performance_curve_pce__control__Series_2.csv,10209040101155dc87f661f3dfe3e2ae54bce5e7ecc888a02f43bf5587a057b2
F00850,1,10.1002/aenm.201901852,data_all/x_time_h/10.1002_aenm.201901852/Fig6_B_stability_performance_curve_pce/accepted/10.1002_aenm.201901852__Fig6__B__stability_performance_curve_pce__control__Series_1.csv,10.1002_aenm.201901852/10.1002_aenm.201901852__Fig6__B__stability_performance_curve_pce__control__Series_1.csv,1c7d152a349ab2169d5e7347f2041494bbbe83fe161a324c5e90aa9d23ebd2bc
F00851,1,10.1002/aenm.201901852,data_all/x_time_h/10.1002_aenm.201901852/Fig6_C_stability_performance_curve/accepted/10.1002_aenm.201901852__Fig6__C__stability_performance_curve__control__Series_1.csv,10.1002_aenm.201901852/10.1002_aenm.201901852__Fig6__C__stability_performance_curve__control__Series_1.csv,9084745bd33e231fcaf16a4287181f1b17e717187dad6cdf0767306dcd5f3176
F00854,1,10.1002/aenm.201902239,data_all/x_time_h/10.1002_aenm.201902239/Fig5_C_stability_performance_curve_pce/accepted/10.1002_aenm.201902239__Fig5__C__stability_performance_curve_pce__control__Series_1.csv,10.1002_aenm.201902239/10.1002_aenm.201902239__Fig5__C__stability_performance_curve_pce__control__Series_1.csv,f5c0be571cb4b82f203b5957fd2f92a5f0124f234f1df645fc242ac3a1f85255
F00855,1,10.1002/aenm.201902472,data_all/x_time_h/10.1002_aenm.201902472/Fig5_C_stability_performance_curve/accepted/10.1002_aenm.201902472__Fig5__C__stability_performance_curve__UVCA_without_Paraffin__Series_1.csv,10.1002_aenm.201902472/10.1002_aenm.201902472__Fig5__C__stability_performance_curve__UVCA_without_Paraffin__Series_1.csv,98a0011c4b727dcb86d1e26d4a703e20440a0924a2bbaa4c6b40976735f509a2
F00856,1,10.1002/aenm.201902472,data_all/x_time_h/10.1002_aenm.201902472/Fig5_D_stability_performance_curve/accepted/10.1002_aenm.201902472__Fig5__D__stability_performance_curve__UVCA_without_Paraffin__Series_1.csv,10.1002_aenm.201902472/10.1002_aenm.201902472__Fig5__D__stability_performance_curve__UVCA_without_Paraffin__Series_1.csv,e81582e5570db3340c3beabca7d38707285674c41e0e0073e3903aa7651e57ef
F00857,1,10.1002/aenm.201902653,data_all/x_time_h/10.1002_aenm.201902653/Fig5_E_stability_performance_curve_pce/accepted/10.1002_aenm.201902653__Fig5__E__stability_performance_curve_pce__Perovskite__Series_2.csv,10.1002_aenm.201902653/10.1002_aenm.201902653__Fig5__E__stability_performance_curve_pce__Perovskite__Series_2.csv,9008c7e7f1755b7e2b1f4edef32d9bf98dad6577aeec43f0dcab40347a6da026
F00858,1,10.1002/aenm.201903146,data_all/x_time_h/10.1002_aenm.201903146/Fig7_whole_figure/accepted/10.1002_aenm.201903146__Fig7__whole__figure__spiro-OMeTAD__Series_1.csv,10.1002_aenm.201903146/10.1002_aenm.201903146__Fig7__whole__figure__spiro-OMeTAD__Series_1.csv,dace744cbe005988bd4d59b4b5906e2ba36d56578a413e6198605348e6e1c173
F00859,1,10.1002/aenm.201903654,data_all/x_time_h/10.1002_aenm.201903654/Fig5_E_mppt_stability_performance_curve_pce/accepted/10.1002_aenm.201903654__Fig5__E__mppt_stability_performance_curve_pce__3D__Series_2.csv,10.1002_aenm.201903654/10.1002_aenm.201903654__Fig5__E__mppt_stability_performance_curve_pce__3D__Series_2.csv,3e6c3dcfd8dc8421c332080d8ba84d221552d79cfbd8c0128e41dcdef2fcf237
F00860,1,10.1002/aenm.201903751,data_all/x_time_h/10.1002_aenm.201903751/Fig4_D_stability_performance_curve_pce/accepted/10.1002_aenm.201903751__Fig4__D__stability_performance_curve_pce__O-without_STCG__Series_1.csv,10.1002_aenm.201903751/10.1002_aenm.201903751__Fig4__D__stability_performance_curve_pce__O-without_STCG__Series_1.csv,4a441179c92eab02d228f1bc8cc59f02b26352efc6f070432d159952ab9aca72
F00861,1,10.1002/aenm.201903751,data_all/x_time_h/10.1002_aenm.201903751/Fig4_F_stability/accepted/10.1002_aenm.201903751__Fig4__F__stability__MAPbl3__Series_1.csv,10.1002_aenm.201903751/10.1002_aenm.201903751__Fig4__F__stability__MAPbl3__Series_1.csv,d455f779ce3907673a107a8d97c201fa65e061ab393a1e2f435ffdfe88925c82
F00862,1,10.1002/aenm.201903751,data_all/x_time_h/10.1002_aenm.201903751/Fig4_F_stability/accepted/10.1002_aenm.201903751__Fig4__F__stability__O-CsPbl₂without_STCG__Series_3.csv,10.1002_aenm.201903751/10.1002_aenm.201903751__Fig4__F__stability__O-CsPbl₂without_STCG__Series_3.csv,9ec1184ff6cf5a3fb82196fc86d107a56f0494ee5d2f84f45a51fe9053291c82
F00863,1,10.1002/aenm.201903751,data_all/x_time_h/10.1002_aenm.201903751/Fig5_D_stability_performance_curve_pce/accepted/10.1002_aenm.201903751__Fig5__D__stability_performance_curve_pce__Series_1__Series_1.csv,10.1002_aenm.201903751/10.1002_aenm.201903751__Fig5__D__stability_performance_curve_pce__Series_1__Series_1.csv,ecee39bafed110f3c05e67548c556e0911aded46662d3b5429cbf6f043537aaf
F00865,1,10.1002/aenm.202001869,data_all/x_time_h/10.1002_aenm.202001869/Fig8_C_stability_performance_curve/accepted/10.1002_aenm.202001869__Fig8__C__stability_performance_curve__ITO_SnO₂_SAM_FAPbI₃_PDCBT_Ta-WOₓ_Ag__Series_3.csv,10.1002_aenm.202001869/10.1002_aenm.202001869__Fig8__C__stability_performance_curve__ITO_SnO₂_SAM_FAPbI₃_PDCBT_Ta-WOₓ_Ag__Series_3.csv,ce59d6b039ad2e7d0dd3769ef5d0b3809940248b61193c6a95086462ebfc73a0
F00866,1,10.1002/aenm.202001869,data_all/x_time_h/10.1002_aenm.202001869/Fig8_C_stability_performance_curve/accepted/10.1002_aenm.202001869__Fig8__C__stability_performance_curve__ITO_SnO₂_SAM_MAPbI₃_PDCBT_Ta-WOₓ_Carbon__Series_2.csv,10.1002_aenm.202001869/10.1002_aenm.202001869__Fig8__C__stability_performance_curve__ITO_SnO₂_SAM_MAPbI₃_PDCBT_Ta-WOₓ_Carbon__Series_2.csv,83ddc9680737a9ae7dd8ec25dec443f59eaf06d900a4d9c3dc9ef46234fc3fea
F00867,1,10.1002/aenm.202001869,data_all/x_time_h/10.1002_aenm.202001869/Fig8_D_stability/accepted/10.1002_aenm.202001869__Fig8__D__stability__MAPbI₃__Series_2.csv,10.1002_aenm.202001869/10.1002_aenm.202001869__Fig8__D__stability__MAPbI₃__Series_2.csv,ab3a990c6af495b28a34003d6138f4061288b4cddb1684f80411d7def39b15df
F00870,1,10.1002/aenm.202002882,data_all/x_time_h/10.1002_aenm.202002882/Fig5_C_stability_performance_curve_pce/accepted/10.1002_aenm.202002882__Fig5__C__stability_performance_curve_pce__CsPbI₂Br_NSs__Series_2.csv,10.1002_aenm.202002882/10.1002_aenm.202002882__Fig5__C__stability_performance_curve_pce__CsPbI₂Br_NSs__Series_2.csv,cf350cd1ae89d206aeb31dae0393ed888308e553e19ae7b2169895ff410e354a
F00871,1,10.1002/aenm.202002882,data_all/x_time_h/10.1002_aenm.202002882/Fig5_C_stability_performance_curve_pce/accepted/10.1002_aenm.202002882__Fig5__C__stability_performance_curve_pce__CsPbI₂Br__Series_1.csv,10.1002_aenm.202002882/10.1002_aenm.202002882__Fig5__C__stability_performance_curve_pce__CsPbI₂Br__Series_1.csv,58879eac8f5a57a19080bc9e107c9b3fe684b4912bc280a23588ae6ce522940b
F00872,1,10.1002/aenm.202002882,data_all/x_time_h/10.1002_aenm.202002882/Fig5_C_stability_performance_curve_pce/accepted/10.1002_aenm.202002882__Fig5__C__stability_performance_curve_pce__NSs_CsPbI₂Br_NSs__Series_3.csv,10.1002_aenm.202002882/10.1002_aenm.202002882__Fig5__C__stability_performance_curve_pce__NSs_CsPbI₂Br_NSs__Series_3.csv,1f2159cde8ffc0156bfedae1d35d568eafbf29d7490118fe495779d16773aaec
F00873,1,10.1002/aenm.202002966,data_all/x_time_h/10.1002_aenm.202002966/Fig5_F_stability_performance_curve_pce/accepted/10.1002_aenm.202002966__Fig5__F__stability_performance_curve_pce__2D__Series_2.csv,10.1002_aenm.202002966/10.1002_aenm.202002966__Fig5__F__stability_performance_curve_pce__2D__Series_2.csv,b80d6e984ba9f5abe483c938e3d3b1316e5c833cdeb125f1c1ecccd6423fc7fe
F00874,1,10.1002/aenm.202003301,data_all/x_time_h/10.1002_aenm.202003301/Fig5_E_stability_performance_curve_pce/accepted/10.1002_aenm.202003301__Fig5__E__stability_performance_curve_pce__o-Control__Series_2.csv,10.1002_aenm.202003301/10.1002_aenm.202003301__Fig5__E__stability_performance_curve_pce__o-Control__Series_2.csv,2744c53e0e269effeb43d08816ebee033774e358353d32633b0b15f7e106d535
F00875,1,10.1002/aenm.202003301,data_all/x_time_h/10.1002_aenm.202003301/Fig5_F_mppt_stability_performance_curve_pce/accepted/10.1002_aenm.202003301__Fig5__F__mppt_stability_performance_curve_pce__o-Control__Series_2.csv,10.1002_aenm.202003301/10.1002_aenm.202003301__Fig5__F__mppt_stability_performance_curve_pce__o-Control__Series_2.csv,bef2a0a4e2e0cb9663b135abad8ad7fe7bec6f13bbeb61a881bac8ef7a05b2ef
F00876,1,10.1002/aenm.202003785,data_all/x_time_h/10.1002_aenm.202003785/Fig6_F_mppt_stability_performance_curve/accepted/10.1002_aenm.202003785__Fig6__F__mppt_stability_performance_curve__o-Control__Series_2.csv,10.1002_aenm.202003785/10.1002_aenm.202003785__Fig6__F__mppt_stability_performance_curve__o-Control__Series_2.csv,c66295b6c58cc940b2ea3a7e86329136027cb60976ae64b445441a86f549f185
F00878,1,10.1002/aenm.202100967,data_all/x_time_h/10.1002_aenm.202100967/Fig4_F_mppt_stability_performance_curve_pce_jsc/accepted/10.1002_aenm.202100967__Fig4__F__mppt_stability_performance_curve_pce_jsc__Spiro__Series_1.csv,10.1002_aenm.202100967/10.1002_aenm.202100967__Fig4__F__mppt_stability_performance_curve_pce_jsc__Spiro__Series_1.csv,eba5e6147d6db5012ce78d77bb0f88ee48d0f09c47870e99ee93e8b1bb72dccd
F00879,1,10.1002/aenm.202101291,data_all/x_time_h/10.1002_aenm.202101291/Fig5_G_stability_performance_curve_pce/accepted/10.1002_aenm.202101291__Fig5__G__stability_performance_curve_pce__MAPbl₃__Series_1.csv,10.1002_aenm.202101291/10.1002_aenm.202101291__Fig5__G__stability_performance_curve_pce__MAPbl₃__Series_1.csv,0099d98c3c0d8ff2857a0cfb475f7b442078b48990d58bdb62a4f9f08ecd4047
F00880,1,10.1002/aenm.202101539,data_all/x_time_h/10.1002_aenm.202101539/Fig4_F_stability_performance_curve_pce/accepted/10.1002_aenm.202101539__Fig4__F__stability_performance_curve_pce__Reference__Series_1.csv,10.1002_aenm.202101539/10.1002_aenm.202101539__Fig4__F__stability_performance_curve_pce__Reference__Series_1.csv,17c4a8efd69cb8e5919ff39d45a3479fe68ae24052b7fc0e47b49df1ef59eb5d
F00881,1,10.1002/aenm.202200480,data_all/x_time_h/10.1002_aenm.202200480/Fig6_A_stability_performance_curve_pce/accepted/10.1002_aenm.202200480__Fig6__A__stability_performance_curve_pce__85.2%__Series_1.csv,10.1002_aenm.202200480/10.1002_aenm.202200480__Fig6__A__stability_performance_curve_pce__85.2%__Series_1.csv,654f4586fbb0e935b2edd4291979d4758acdb584d8974c7cb2d0bf995d41fa11
F00884,1,10.1002/aenm.202301066,data_all/x_time_h/10.1002_aenm.202301066/Fig4_D_stability_performance_curve_pce/accepted/10.1002_aenm.202301066__Fig4__D__stability_performance_curve_pce__Control__Series_3.csv,10.1002_aenm.202301066/10.1002_aenm.202301066__Fig4__D__stability_performance_curve_pce__Control__Series_3.csv,7c837184cd860f390eea4d5d870c6571133f21c55bc2baf6d14a2bde88a4d1fd
F00885,1,10.1002/aenm.202301066,data_all/x_time_h/10.1002_aenm.202301066/Fig4_D_stability_performance_curve_pce/accepted/10.1002_aenm.202301066__Fig4__D__stability_performance_curve_pce__With_NMAI__Series_1.csv,10.1002_aenm.202301066/10.1002_aenm.202301066__Fig4__D__stability_performance_curve_pce__With_NMAI__Series_1.csv,27eb5403a69ecc8fb5d84257da5a6db56f4ec37bf13af7c03c75737c91d51c30
F00886,1,10.1002/aenm.202301218,data_all/x_time_h/10.1002_aenm.202301218/Fig3_E_mppt_stability_performance_curve_pce_eqe/accepted/10.1002_aenm.202301218__Fig3__E__mppt_stability_performance_curve_pce_eqe__Control__Series_2.csv,10.1002_aenm.202301218/10.1002_aenm.202301218__Fig3__E__mppt_stability_performance_curve_pce_eqe__Control__Series_2.csv,7ee2762ced17f61a5c0a3625f59f52fe56b30b73b4cb631e8ebd0090183d906a
F00887,1,10.1002/aenm.202301218,data_all/x_time_h/10.1002_aenm.202301218/Fig5_F_mppt_stability_performance_curve_pce/accepted/10.1002_aenm.202301218__Fig5__F__mppt_stability_performance_curve_pce__Control__Series_2.csv,10.1002_aenm.202301218/10.1002_aenm.202301218__Fig5__F__mppt_stability_performance_curve_pce__Control__Series_2.csv,42f9205d3e997f5896bc4dde3acc7abac54ef95e18f286eb3500fdbd872884cc
F00888,1,10.1002/aenm.202302169,data_all/x_time_h/10.1002_aenm.202302169/Fig5_A_stability_performance_curve_spectrum/accepted/10.1002_aenm.202302169__Fig5__A__stability_performance_curve_spectrum__Control_(initial_PCE_20.15%)__Series_1.csv,10.1002_aenm.202302169/10.1002_aenm.202302169__Fig5__A__stability_performance_curve_spectrum__Control_(initial_PCE_20.15%)__Series_1.csv,e54d811e52e1d3eb6388b9f79221ad60890331b942a300320658a6b82865e887
F00890,1,10.1002/aenm.202302169,data_all/x_time_h/10.1002_aenm.202302169/Fig5_C_stability_performance_curve_pce/accepted/10.1002_aenm.202302169__Fig5__C__stability_performance_curve_pce__Control_(initial_PCE_21.02%)__Series_1.csv,10.1002_aenm.202302169/10.1002_aenm.202302169__Fig5__C__stability_performance_curve_pce__Control_(initial_PCE_21.02%)__Series_1.csv,fd5f57807729337e9fd8db1d40c54e57bcaa0d2ef5fe6ac7664855e9d6f4ffa3
F00892,1,10.1002/anie.201904195,data_all/x_time_h/10.1002_anie.201904195/Fig4_A_stability_performance_curve/accepted/10.1002_anie.201904195__Fig4__A__stability_performance_curve__PCBM_in_ambient__Series_1.csv,10.1002_anie.201904195/10.1002_anie.201904195__Fig4__A__stability_performance_curve__PCBM_in_ambient__Series_1.csv,1921a9ae918050f5d6d9da7050cc092d448376ade3d21bc17df90d536a38a567
F00893,1,10.1002/anie.201904195,data_all/x_time_h/10.1002_anie.201904195/Fig4_A_stability_performance_curve/accepted/10.1002_anie.201904195__Fig4__A__stability_performance_curve__PDI-C60_in_ambient__Series_2.csv,10.1002_anie.201904195/10.1002_anie.201904195__Fig4__A__stability_performance_curve__PDI-C60_in_ambient__Series_2.csv,a4b8e3b72e5ec428901b7bc8869813ca7f8eaadc0eea9e94f8b333941080c0b0
F00894,1,10.1002/anie.201905690,data_all/x_time_h/10.1002_anie.201905690/Fig1_F_stability_performance_curve_pce/accepted/10.1002_anie.201905690__Fig1__F__stability_performance_curve_pce__BA₂MA₄Pb₅I₁₆__Series_1.csv,10.1002_anie.201905690/10.1002_anie.201905690__Fig1__F__stability_performance_curve_pce__BA₂MA₄Pb₅I₁₆__Series_1.csv,cf98f0abe4496775f7db6a236a98945a9ac7e93d1cfd991df78639c26d46db9e
F00896,1,10.1002/anie.202005211,data_all/x_time_h/10.1002_anie.202005211/Fig4_E_mppt_stability_performance_curve_pce/accepted/10.1002_anie.202005211__Fig4__E__mppt_stability_performance_curve_pce__Bare_FAPbI₃_with_MACI__Series_1.csv,10.1002_anie.202005211/10.1002_anie.202005211__Fig4__E__mppt_stability_performance_curve_pce__Bare_FAPbI₃_with_MACI__Series_1.csv,f6ffb529cf82a2469039e7b1f50ffdcc72d58064e0c5574b91dbcb5d7c19a887
F00897,1,10.1002/anie.202007353,data_all/x_time_h/10.1002_anie.202007353/Fig3_F_stability_performance_curve_pce/accepted/10.1002_anie.202007353__Fig3__F__stability_performance_curve_pce__a__Series_1.csv,10.1002_anie.202007353/10.1002_anie.202007353__Fig3__F__stability_performance_curve_pce__a__Series_1.csv,ad359e80f7de4b61e97f4857f61826bd44e7682e344fe6d913653951d3456afa
F00898,1,10.1002/anie.202007353,data_all/x_time_h/10.1002_anie.202007353/Fig3_F_stability_performance_curve_pce/accepted/10.1002_anie.202007353__Fig3__F__stability_performance_curve_pce__c__Series_2.csv,10.1002_anie.202007353/10.1002_anie.202007353__Fig3__F__stability_performance_curve_pce__c__Series_2.csv,c9a23497193b5b122fdeb399aede011725c5497f9423c3d23b43331cd29ea7e1
F00899,1,10.1002/anie.202012095,data_all/x_time_h/10.1002_anie.202012095/Fig5_E_stability_performance_curve_pce/accepted/10.1002_anie.202012095__Fig5__E__stability_performance_curve_pce__Pristine__Series_1.csv,10.1002_anie.202012095/10.1002_anie.202012095__Fig5__E__stability_performance_curve_pce__Pristine__Series_1.csv,d9973ff69a099635ce9c3067d6a995653b86cf487f744fcab89b0a017aaffcd2
F00902,1,10.1002/anie.202410069,data_all/x_time_h/10.1002_anie.202410069/Fig4_E_stability_performance_curve_pce/accepted/10.1002_anie.202410069__Fig4__E__stability_performance_curve_pce__Control__Series_1.csv,10.1002_anie.202410069/10.1002_anie.202410069__Fig4__E__stability_performance_curve_pce__Control__Series_1.csv,9d71d34de3c8a0ef928ade577c8233888131477d89a59d38c4443528010089a0
F00904,1,10.1002/anie.202505470,data_all/x_time_h/10.1002_anie.202505470/Fig6_D_stability_performance_curve/accepted/10.1002_anie.202505470__Fig6__D__stability_performance_curve__Control__Series_1.csv,10.1002_anie.202505470/10.1002_anie.202505470__Fig6__D__stability_performance_curve__Control__Series_1.csv,ba52791c414203c3186148c2038a77c946af5fdd2dc78bdbe7cba5c3dd96923c
F00905,1,10.1002/anie.202505470,data_all/x_time_h/10.1002_anie.202505470/Fig6_E_stability_performance_curve/accepted/10.1002_anie.202505470__Fig6__E__stability_performance_curve__Control__Series_2.csv,10.1002_anie.202505470/10.1002_anie.202505470__Fig6__E__stability_performance_curve__Control__Series_2.csv,43c7d638cc7285a9908711150b042a86ff274144c2e2d42afba9812444495feb
F00906,1,10.1002/celc.201701054,data_all/x_time_h/10.1002_celc.201701054/Fig7_B_stability_performance_curve/accepted/10.1002_celc.201701054__Fig7__B__stability_performance_curve__α-Fe203__Series_2.csv,10.1002_celc.201701054/10.1002_celc.201701054__Fig7__B__stability_performance_curve__α-Fe203__Series_2.csv,e438c40f4d942d039150e4aa5ef6d53a84e70e878253e6ca328448245c087ea5
F00908,1,10.1002/cjoc.201800469,data_all/x_time_h/10.1002_cjoc.201800469/Fig5_B_stability/accepted/10.1002_cjoc.201800469__Fig5__B__stability__Perovskite__Series_1.csv,10.1002_cjoc.201800469/10.1002_cjoc.201800469__Fig5__B__stability__Perovskite__Series_1.csv,b1e70335638c2ca09640ae4f07fb273505d9367a11257b705bf5c29ea2502072
F00910,1,10.1002/cssc.201600860,data_all/x_time_h/10.1002_cssc.201600860/Fig11_A_stability_performance_curve_pce/accepted/10.1002_cssc.201600860__Fig11__A__stability_performance_curve_pce__ZnO__Series_2.csv,10.1002_cssc.201600860/10.1002_cssc.201600860__Fig11__A__stability_performance_curve_pce__ZnO__Series_2.csv,8221be97e115bf0baf995d25e2f97ddbf7bd53c69606aeedf654cb74a063fd4a
F00911,1,10.1002/cssc.201800658,data_all/x_time_h/10.1002_cssc.201800658/Fig6_C_stability_performance_curve_pce/accepted/10.1002_cssc.201800658__Fig6__C__stability_performance_curve_pce__FA__Series_3.csv,10.1002_cssc.201800658/10.1002_cssc.201800658__Fig6__C__stability_performance_curve_pce__FA__Series_3.csv,8f6a8dbb51b87e7081e7d0036c6f4390470816db9cce3d649e59b4db47892d4d
F00912,1,10.1002/cssc.201802421,data_all/x_time_h/10.1002_cssc.201802421/Fig5_whole_figure/accepted/10.1002_cssc.201802421__Fig5__whole__figure__TiO2__Series_2.csv,10.1002_cssc.201802421/10.1002_cssc.201802421__Fig5__whole__figure__TiO2__Series_2.csv,925047afedbd6af8b21019b1a3f58bbd5b08e5aa9cf08baf0830c32c52e4b808
F00913,1,10.1002/cssc.201900106,data_all/x_time_h/10.1002_cssc.201900106/Fig6_A_stability_performance_curve_pce/accepted/10.1002_cssc.201900106__Fig6__A__stability_performance_curve_pce__W_Ot-BAI__Series_2.csv,10.1002_cssc.201900106/10.1002_cssc.201900106__Fig6__A__stability_performance_curve_pce__W_Ot-BAI__Series_2.csv,d21fea5bb5449911dd7a6ac2d61518d7e556973c4079b7e0f8f7dc27f57859fc
F00914,1,10.1002/cssc.201900106,data_all/x_time_h/10.1002_cssc.201900106/Fig6_C_stability_performance_curve_pce/accepted/10.1002_cssc.201900106__Fig6__C__stability_performance_curve_pce__W_Ot-BAI__Series_1.csv,10.1002_cssc.201900106/10.1002_cssc.201900106__Fig6__C__stability_performance_curve_pce__W_Ot-BAI__Series_1.csv,7d98499b0be6cb414f82ea9a4b660bdd90ec6c48f57c81eed49937897e0740f7
F00915,1,10.1002/cssc.201900509,data_all/x_time_h/10.1002_cssc.201900509/Fig7_C_stability/accepted/10.1002_cssc.201900509__Fig7__C__stability__HTL__Series_1.csv,10.1002_cssc.201900509/10.1002_cssc.201900509__Fig7__C__stability__HTL__Series_1.csv,9cd5444a80a767bbb775ab153567969675c8b24c77dd3acf3449d9d75de8889c
F00916,1,10.1002/cssc.201902488,data_all/x_time_h/10.1002_cssc.201902488/Fig6_A_stability_performance_curve_pce/accepted/10.1002_cssc.201902488__Fig6__A__stability_performance_curve_pce__Controlgroup__Series_1.csv,10.1002_cssc.201902488/10.1002_cssc.201902488__Fig6__A__stability_performance_curve_pce__Controlgroup__Series_1.csv,4fb09b48fe42fad528cb1755d909f9da94a300a80d447d74f367ec31240489ea
F00917,1,10.1002/cssc.201902488,data_all/x_time_h/10.1002_cssc.201902488/Fig6_A_stability_performance_curve_pce/accepted/10.1002_cssc.201902488__Fig6__A__stability_performance_curve_pce__With_ttfa__Series_2.csv,10.1002_cssc.201902488/10.1002_cssc.201902488__Fig6__A__stability_performance_curve_pce__With_ttfa__Series_2.csv,e1922126d621b960932e3d0184da7a66664879de6e0ada0c043ca7ca9caa987a
F00918,1,10.1002/cssc.201903216,data_all/x_time_h/10.1002_cssc.201903216/Fig5_C_stability_performance_curve_pce/accepted/10.1002_cssc.201903216__Fig5__C__stability_performance_curve_pce__BA_Method__Series_2.csv,10.1002_cssc.201903216/10.1002_cssc.201903216__Fig5__C__stability_performance_curve_pce__BA_Method__Series_2.csv,b2e9895bba88c8cb7a3d6e28aaffb4f17cedc71d50d75fbd5dedded2dc5b4a01
F00919,1,10.1002/cssc.201903216,data_all/x_time_h/10.1002_cssc.201903216/Fig5_C_stability_performance_curve_pce/accepted/10.1002_cssc.201903216__Fig5__C__stability_performance_curve_pce__Control__Series_1.csv,10.1002_cssc.201903216/10.1002_cssc.201903216__Fig5__C__stability_performance_curve_pce__Control__Series_1.csv,6125a72f705808157110d063a421d720ca9f5c695eddd84f2d4f08a0b8439cc8
F00920,1,10.1002/cssc.202001527,data_all/x_time_h/10.1002_cssc.202001527/Fig5_A_jsc/accepted/10.1002_cssc.202001527__Fig5__A__jsc__0.3_suns__Series_3.csv,10.1002_cssc.202001527/10.1002_cssc.202001527__Fig5__A__jsc__0.3_suns__Series_3.csv,0860bebd9885496b43290e6125e2c2ccec50dcc728a2b8058618e0b447cd0076
F00921,1,10.1002/cssc.202001527,data_all/x_time_h/10.1002_cssc.202001527/Fig5_A_jsc/accepted/10.1002_cssc.202001527__Fig5__A__jsc__0.5_suns__Series_1.csv,10.1002_cssc.202001527/10.1002_cssc.202001527__Fig5__A__jsc__0.5_suns__Series_1.csv,ba90d033f3486eb3c4858e2a05ab1ac2ff74bc3b06fcbfce35b0f9d1faae75fb
F00922,1,10.1002/cssc.202001527,data_all/x_time_h/10.1002_cssc.202001527/Fig5_A_jsc/accepted/10.1002_cssc.202001527__Fig5__A__jsc__1sun__Series_2.csv,10.1002_cssc.202001527/10.1002_cssc.202001527__Fig5__A__jsc__1sun__Series_2.csv,218d180389a03f6661869cdd4e5606fc2afb8f0b93d312b1a6db7f85ca06a473
F00924,1,10.1002/cssc.202002707,data_all/x_time_h/10.1002_cssc.202002707/Fig7_A_stability_performance_curve_pce/accepted/10.1002_cssc.202002707__Fig7__A__stability_performance_curve_pce__Control__Series_1.csv,10.1002_cssc.202002707/10.1002_cssc.202002707__Fig7__A__stability_performance_curve_pce__Control__Series_1.csv,67fe34593874ed51eba130da45b643a5f85b43fb506f7233a97699dd94e61969
F00925,1,10.1002/eem2.12089,data_all/x_time_h/10.1002_eem2.12089/Fig5_B_stability_performance_curve/accepted/10.1002_eem2.12089__Fig5__B__stability_performance_curve__Ag__Series_2.csv,10.1002_eem2.12089/10.1002_eem2.12089__Fig5__B__stability_performance_curve__Ag__Series_2.csv,1eb4ca99d913d2fecfc25607d1ec3382299140e54559054a80ecd14906b128a0
F00926,1,10.1002/eem2.12595,data_all/x_time_h/10.1002_eem2.12595/Fig3_F_stability_performance_curve_pce/accepted/10.1002_eem2.12595__Fig3__F__stability_performance_curve_pce__PCBM-only_IPSC__Series_1.csv,10.1002_eem2.12595/10.1002_eem2.12595__Fig3__F__stability_performance_curve_pce__PCBM-only_IPSC__Series_1.csv,ef85269611fae84201464912206212836c26404413cb50d5f2961df8efd08bdd
F00927,1,10.1002/ente.201700448,data_all/x_time_h/10.1002_ente.201700448/Fig6_D_stability_performance_curve/accepted/10.1002_ente.201700448__Fig6__D__stability_performance_curve__Spiro-OMeTAD__Series_1.csv,10.1002_ente.201700448/10.1002_ente.201700448__Fig6__D__stability_performance_curve__Spiro-OMeTAD__Series_1.csv,e082f0b76366a2ecdc75931b8183d4e7d157008952e8420c68148dad0f9139b7
F00929,1,10.1002/ente.202000224,data_all/x_time_h/10.1002_ente.202000224/Fig5_C_stability_performance_curve_pce/accepted/10.1002_ente.202000224__Fig5__C__stability_performance_curve_pce__Control__Series_1.csv,10.1002_ente.202000224/10.1002_ente.202000224__Fig5__C__stability_performance_curve_pce__Control__Series_1.csv,9994ce8eedb0579e2a1299210d91325bacfaa919c9df18edbb5287e911f0f6c5
F00932,1,10.1002/pssr.202000062,data_all/x_time_h/10.1002_pssr.202000062/Fig4_B_stability_performance_curve_pce/accepted/10.1002_pssr.202000062__Fig4__B__stability_performance_curve_pce__TiO2__Series_2.csv,10.1002_pssr.202000062/10.1002_pssr.202000062__Fig4__B__stability_performance_curve_pce__TiO2__Series_2.csv,2b3184245ad18445b8ac951bd72185d4e0195c59fb9e3d18c02d5e24bc94544e
F00933,1,10.1002/slct.201904141,data_all/x_time_h/10.1002_slct.201904141/Fig6_D_stability_performance_curve_voc_eqe/accepted/10.1002_slct.201904141__Fig6__D__stability_performance_curve_voc_eqe__Spiro-OMeTAD__Series_1.csv,10.1002_slct.201904141/10.1002_slct.201904141__Fig6__D__stability_performance_curve_voc_eqe__Spiro-OMeTAD__Series_1.csv,64ca73abe293f21c9362e81b889f4464cc99dbf190bcfc664125098faf95114e
F00936,1,10.1002/smll.201904372,data_all/x_time_h/10.1002_smll.201904372/Fig6_A_stability_performance_curve_pce/accepted/10.1002_smll.201904372__Fig6__A__stability_performance_curve_pce__MAPbI₃__Series_1.csv,10.1002_smll.201904372/10.1002_smll.201904372__Fig6__A__stability_performance_curve_pce__MAPbI₃__Series_1.csv,519bdc837f662fcdceb762f8b495806b62d5ce7e78895a642476edebd1048bc8
F00938,1,10.1002/smll.201904399,data_all/x_time_h/10.1002_smll.201904399/Fig6_B_stability/accepted/10.1002_smll.201904399__Fig6__B__stability__P3HT_Li+TBP__Series_1.csv,10.1002_smll.201904399/10.1002_smll.201904399__Fig6__B__stability__P3HT_Li+TBP__Series_1.csv,fa8c7c8d2faee11295716e6cc3f62a89b83b5f2b11ffceb94b5b1c12dc8bad45
F00939,1,10.1002/smll.201904399,data_all/x_time_h/10.1002_smll.201904399/Fig6_C_stability_performance_curve_pce/accepted/10.1002_smll.201904399__Fig6__C__stability_performance_curve_pce__P3HT_Li+TBP__Series_2.csv,10.1002_smll.201904399/10.1002_smll.201904399__Fig6__C__stability_performance_curve_pce__P3HT_Li+TBP__Series_2.csv,98a197e93f214cd1c041cc3ebfdac25387fff2a93bbf431576bc6f2ddd2834a9
F00940,1,10.1002/smll.201904746,data_all/x_time_h/10.1002_smll.201904746/Fig3_B_stability_performance_curve/accepted/10.1002_smll.201904746__Fig3__B__stability_performance_curve__TiO2_Pero_Spiro_Au__Series_2.csv,10.1002_smll.201904746/10.1002_smll.201904746__Fig3__B__stability_performance_curve__TiO2_Pero_Spiro_Au__Series_2.csv,9defb1689ba867d56f9171a16ddc95ffabbbc1ae09253875ac6e6a824a35639e
F00941,1,10.1002/smll.201904746,data_all/x_time_h/10.1002_smll.201904746/Fig3_C_stability_performance_curve/accepted/10.1002_smll.201904746__Fig3__C__stability_performance_curve__TiO₂_Pero_Spiro_Au__Series_2.csv,10.1002_smll.201904746/10.1002_smll.201904746__Fig3__C__stability_performance_curve__TiO₂_Pero_Spiro_Au__Series_2.csv,598d276a2da31b6a2789c68a5ce0d45cfaf971b430dea8a25bedf272b0eb900c
F00942,1,10.1002/smll.201904746,data_all/x_time_h/10.1002_smll.201904746/Fig4_C_stability_performance_curve/accepted/10.1002_smll.201904746__Fig4__C__stability_performance_curve__TiO2_Pero_CuSCN_C__Series_1.csv,10.1002_smll.201904746/10.1002_smll.201904746__Fig4__C__stability_performance_curve__TiO2_Pero_CuSCN_C__Series_1.csv,e59649bf209ea870d03febd3612eb3506c517b788c29f3e013575f0bfd467a11
F00943,1,10.1002/smll.201907283,data_all/x_time_h/10.1002_smll.201907283/Fig6_D_ff/accepted/10.1002_smll.201907283__Fig6__D__ff__WO__Series_2.csv,10.1002_smll.201907283/10.1002_smll.201907283__Fig6__D__ff__WO__Series_2.csv,98a924bb23ef9a2e732bf3a8f6d9b4364ed268d19ea861af21fee4ec68618d0b
F00944,1,10.1002/smll.202003582,data_all/x_time_h/10.1002_smll.202003582/Fig7_F_xrd_pattern_stability_performance_curve/accepted/10.1002_smll.202003582__Fig7__F__xrd_pattern_stability_performance_curve__Pristine__Series_1.csv,10.1002_smll.202003582/10.1002_smll.202003582__Fig7__F__xrd_pattern_stability_performance_curve__Pristine__Series_1.csv,dce09e1c5970a773da836d29a1aecfbc025c339e1d0c0da531b77fcb8d3efb98
F00945,1,10.1002/smll.202004877,data_all/x_time_h/10.1002_smll.202004877/Fig5_I_stability_performance_curve/accepted/10.1002_smll.202004877__Fig5__I__stability_performance_curve__Pristine__Series_2.csv,10.1002_smll.202004877/10.1002_smll.202004877__Fig5__I__stability_performance_curve__Pristine__Series_2.csv,8cdedf6b5a0d1a1661937ea8597bb0932bc74e4a91296aa2c432f083c9a5e4d5
F00946,1,10.1002/smll.202005246,data_all/x_time_h/10.1002_smll.202005246/Fig5_A_stability_performance_curve_pce/accepted/10.1002_smll.202005246__Fig5__A__stability_performance_curve_pce__Series_1__Series_1.csv,10.1002_smll.202005246/10.1002_smll.202005246__Fig5__A__stability_performance_curve_pce__Series_1__Series_1.csv,66a4cd83c7314dbade5055dbe79486b32d1db29ba9daae47f19e3ffe529ab166
F00948,1,10.1002/smll.202101380,data_all/x_time_h/10.1002_smll.202101380/Fig5_H_stability_performance_curve_pce/accepted/10.1002_smll.202101380__Fig5__H__stability_performance_curve_pce__CsPb0.55Sn0.45l2Br-CsCI__Series_3.csv,10.1002_smll.202101380/10.1002_smll.202101380__Fig5__H__stability_performance_curve_pce__CsPb0.55Sn0.45l2Br-CsCI__Series_3.csv,51a07eb6690247f1b5b7a7f356c17af145048aa10846db604436d392f26b0443
F00949,1,10.1002/smll.202101380,data_all/x_time_h/10.1002_smll.202101380/Fig5_H_stability_performance_curve_pce/accepted/10.1002_smll.202101380__Fig5__H__stability_performance_curve_pce__CsPbo.5Sn0.45l2Br__Series_1.csv,10.1002_smll.202101380/10.1002_smll.202101380__Fig5__H__stability_performance_curve_pce__CsPbo.5Sn0.45l2Br__Series_1.csv,46bd38ca5087ec45e371aa8aa96bcdd85469660c341e66b8aa675e7127621d77
F00950,1,10.1002/smll.202101902,data_all/x_time_h/10.1002_smll.202101902/Fig7_A_stability_performance_curve_pce/accepted/10.1002_smll.202101902__Fig7__A__stability_performance_curve_pce__Spiro-OMeTAD__Series_1.csv,10.1002_smll.202101902/10.1002_smll.202101902__Fig7__A__stability_performance_curve_pce__Spiro-OMeTAD__Series_1.csv,5e07124fc6818c9727296b7c69984ebc4e959bc3a10c03b12d5c394f0770bb30
F00952,1,10.1002/smll.202102272,"data_all/x_time_h/10.1002_smll.202102272/Fig6_B_stability_performance_curve_pce/accepted/10.1002_smll.202102272__Fig6__B__stability_performance_curve_pce__o—CsPbI,Br__Series_1.csv","10.1002_smll.202102272/10.1002_smll.202102272__Fig6__B__stability_performance_curve_pce__o—CsPbI,Br__Series_1.csv",e50d167af327781f70ae68ea1b125243920e1ce03e1b41ec953b632019a8e19e
F00954,1,10.1002/smll.202201820,data_all/x_time_h/10.1002_smll.202201820/Fig5_C_stability_performance_curve_pce_pattern/accepted/10.1002_smll.202201820__Fig5__C__stability_performance_curve_pce_pattern__C-C1_C-C1-P__Series_2.csv,10.1002_smll.202201820/10.1002_smll.202201820__Fig5__C__stability_performance_curve_pce_pattern__C-C1_C-C1-P__Series_2.csv,d6aa88f8dc35b0e110c7ebc3998d510280b113792ef47c4c17ead5c0aac52395
F00956,1,10.1002/smtd.201900476,data_all/x_time_h/10.1002_smtd.201900476/Fig5_D_mppt_stability_performance_curve_pce_eqe/accepted/10.1002_smtd.201900476__Fig5__D__mppt_stability_performance_curve_pce_eqe__SnO₂__Series_2.csv,10.1002_smtd.201900476/10.1002_smtd.201900476__Fig5__D__mppt_stability_performance_curve_pce_eqe__SnO₂__Series_2.csv,901697c3c2d07df2477bc50fc24b91376e15918b7c19d7f5663f25f08512e6ba
F00957,1,10.1002/smtd.201900652,data_all/x_time_h/10.1002_smtd.201900652/Fig5_E_stability_performance_curve_pce/accepted/10.1002_smtd.201900652__Fig5__E__stability_performance_curve_pce__150℃__Series_1.csv,10.1002_smtd.201900652/10.1002_smtd.201900652__Fig5__E__stability_performance_curve_pce__150℃__Series_1.csv,4da2521616578b8be8a7549878ec97a4f22fc5f38f4189e0d68ed8e3d17fc35d
F00958,1,10.1002/smtd.201900652,data_all/x_time_h/10.1002_smtd.201900652/Fig5_E_stability_performance_curve_pce/accepted/10.1002_smtd.201900652__Fig5__E__stability_performance_curve_pce__80°℃__Series_2.csv,10.1002_smtd.201900652/10.1002_smtd.201900652__Fig5__E__stability_performance_curve_pce__80°℃__Series_2.csv,aa8466bc4c52f71f09c2fc213564207074160f8c935ad54706dc2e26b2d8c7e1
F00959,1,10.1002/smtd.201900831,data_all/x_time_h/10.1002_smtd.201900831/Fig5_I_stability_performance_curve/accepted/10.1002_smtd.201900831__Fig5__I__stability_performance_curve__0SCN__Series_1.csv,10.1002_smtd.201900831/10.1002_smtd.201900831__Fig5__I__stability_performance_curve__0SCN__Series_1.csv,3af31babb62021740f87cdd8f1b5b157d5c83dd7d6ac09c3ad922445b19c7c50
F00960,1,10.1002/smtd.201900831,data_all/x_time_h/10.1002_smtd.201900831/Fig5_I_stability_performance_curve/accepted/10.1002_smtd.201900831__Fig5__I__stability_performance_curve__2SCN__Series_2.csv,10.1002_smtd.201900831/10.1002_smtd.201900831__Fig5__I__stability_performance_curve__2SCN__Series_2.csv,b9e6d98b0c4d7e564a119f4e800ce45fde999df6aaba1a646f0624423aae02c6
F00962,1,10.1002/solr.201700209,data_all/x_time_h/10.1002_solr.201700209/Fig5_A_pce/accepted/10.1002_solr.201700209__Fig5__A__pce__FA_MA__Series_2.csv,10.1002_solr.201700209/10.1002_solr.201700209__Fig5__A__pce__FA_MA__Series_2.csv,bf24d9a6434c1a6493646c5ab57cedebdbc2273a4c0a7537a108408e4942f998
F00963,1,10.1002/solr.201800004,data_all/x_time_h/10.1002_solr.201800004/Fig6_D_pce/accepted/10.1002_solr.201800004__Fig6__D__pce__W-NiOx__Series_2.csv,10.1002_solr.201800004/10.1002_solr.201800004__Fig6__D__pce__W-NiOx__Series_2.csv,238f8b90615bae87ee795195f29a7abacb849dd4924045c2a7ba63d956596de1
F00964,1,10.1002/solr.201800222,data_all/x_time_h/10.1002_solr.201800222/Fig7_D_stability_performance_curve_pce/accepted/10.1002_solr.201800222__Fig7__D__stability_performance_curve_pce__PCBM__Series_2.csv,10.1002_solr.201800222/10.1002_solr.201800222__Fig7__D__stability_performance_curve_pce__PCBM__Series_2.csv,beda0059470228e7985d9cc8d68d8ba5b8b50caf3af0861406df01ca5a86252a
F00965,1,10.1002/solr.201800290,data_all/x_time_h/10.1002_solr.201800290/Fig7_A_stability_performance_curve/accepted/10.1002_solr.201800290__Fig7__A__stability_performance_curve__W_O_TFEACI__Series_2.csv,10.1002_solr.201800290/10.1002_solr.201800290__Fig7__A__stability_performance_curve__W_O_TFEACI__Series_2.csv,6d966d9e42d297bfa0bf9c4ee40fec61f81a7560b6f4b355c856a1241a60df1a
F00967,1,10.1002/solr.201900029,data_all/x_time_h/10.1002_solr.201900029/Fig7_whole_stability_performance_curve_pce/accepted/10.1002_solr.201900029__Fig7__whole__stability_performance_curve_pce__CB_anti-solvent__Series_1.csv,10.1002_solr.201900029/10.1002_solr.201900029__Fig7__whole__stability_performance_curve_pce__CB_anti-solvent__Series_1.csv,3607e0cc24da1c04be176caaaaeb3a5fba0991649b0f2c9147adf69a29d28479
F00970,1,10.1002/solr.201900072,data_all/x_time_h/10.1002_solr.201900072/Fig6_A_stability_performance_curve_pce/accepted/10.1002_solr.201900072__Fig6__A__stability_performance_curve_pce__WoTPFPB__Series_1.csv,10.1002_solr.201900072/10.1002_solr.201900072__Fig6__A__stability_performance_curve_pce__WoTPFPB__Series_1.csv,820f31230866dc10b6bafa04311680492487e974562e9a831dae9be9473d91f9
F00971,1,10.1002/solr.201900091,data_all/x_time_h/10.1002_solr.201900091/Fig5_A_xps_spectrum_stability_performance_curve/accepted/10.1002_solr.201900091__Fig5__A__xps_spectrum_stability_performance_curve__wc-Nb2O5__Series_1.csv,10.1002_solr.201900091/10.1002_solr.201900091__Fig5__A__xps_spectrum_stability_performance_curve__wc-Nb2O5__Series_1.csv,178f03a3f2479c0ce4855f46262c2cfc65a9363b07da9aa6c08c243f3638eeb2
F00972,1,10.1002/solr.201900091,data_all/x_time_h/10.1002_solr.201900091/Fig5_A_xps_spectrum_stability_performance_curve/accepted/10.1002_solr.201900091__Fig5__A__xps_spectrum_stability_performance_curve__wo__Series_2.csv,10.1002_solr.201900091/10.1002_solr.201900091__Fig5__A__xps_spectrum_stability_performance_curve__wo__Series_2.csv,ddbccb98a67f7a1ae5ae0f37a60a314d653d39d52ece098cec966972de26c3c8
F00973,1,10.1002/solr.201900119,data_all/x_time_h/10.1002_solr.201900119/Fig5_D_stability_performance_curve/accepted/10.1002_solr.201900119__Fig5__D__stability_performance_curve__ZnBu₄Pc__Series_2.csv,10.1002_solr.201900119/10.1002_solr.201900119__Fig5__D__stability_performance_curve__ZnBu₄Pc__Series_2.csv,cd8da50c4a9642db8ad096ffb9975118f9c42dc73efc1426ae19d07cae1f1e6d
F00975,1,10.1002/solr.201900167,data_all/x_time_h/10.1002_solr.201900167/Fig4_D_stability_performance_curve/accepted/10.1002_solr.201900167__Fig4__D__stability_performance_curve__W-TiO₂__Series_1.csv,10.1002_solr.201900167/10.1002_solr.201900167__Fig4__D__stability_performance_curve__W-TiO₂__Series_1.csv,d2c38b8ba4fff8092fa13080b47c6acf590d4f99ed2765eaf6b1f4b3c39f3ba7
F00977,1,10.1002/solr.201900197,data_all/x_time_h/10.1002_solr.201900197/Fig2_C_stability_performance_curve/accepted/10.1002_solr.201900197__Fig2__C__stability_performance_curve__MAPbI₃__Series_1.csv,10.1002_solr.201900197/10.1002_solr.201900197__Fig2__C__stability_performance_curve__MAPbI₃__Series_1.csv,0851929eaa3445e6f34f73ad34a7aa49393b63d7152af5f16c02ca3c595b0a9b
F00980,1,10.1002/solr.201900291,data_all/x_time_h/10.1002_solr.201900291/Fig6_whole_stability/accepted/10.1002_solr.201900291__Fig6__whole__stability__Control_device__Series_1.csv,10.1002_solr.201900291/10.1002_solr.201900291__Fig6__whole__stability__Control_device__Series_1.csv,dab232af2f45bba5f4ffa9414df0c8956326248feb0e1b7557d5d7f1def58723
F00981,1,10.1002/solr.201900293,data_all/x_time_h/10.1002_solr.201900293/Fig6_C_stability_performance_curve_pce/accepted/10.1002_solr.201900293__Fig6__C__stability_performance_curve_pce__Conventional__Series_1.csv,10.1002_solr.201900293/10.1002_solr.201900293__Fig6__C__stability_performance_curve_pce__Conventional__Series_1.csv,910a4a5a3cb037d89fb1e0cd57f9c599a76ea434643c8ef9a27c2eaa7ec909b5
F00982,1,10.1002/solr.201900319,data_all/x_time_h/10.1002_solr.201900319/Fig4_F_stability_performance_curve_eqe/accepted/10.1002_solr.201900319__Fig4__F__stability_performance_curve_eqe__FB-OMeTPA__Series_1.csv,10.1002_solr.201900319/10.1002_solr.201900319__Fig4__F__stability_performance_curve_eqe__FB-OMeTPA__Series_1.csv,9f0158ce4c0696e0505437329e6e2b4454af9722948ff3b93efeb65f97ba6176
F00983,1,10.1002/solr.201900345,data_all/x_time_h/10.1002_solr.201900345/Fig5_A_pce/accepted/10.1002_solr.201900345__Fig5__A__pce__PEV+1mg_ml_N719__Series_1.csv,10.1002_solr.201900345/10.1002_solr.201900345__Fig5__A__pce__PEV+1mg_ml_N719__Series_1.csv,be03ee67c25385df146aca7fdf51903f88b35e92cf68c0dca9e7c23f1d8cfe54
F00984,1,10.1002/solr.201900345,data_all/x_time_h/10.1002_solr.201900345/Fig5_A_pce/accepted/10.1002_solr.201900345__Fig5__A__pce__PEV+2mg_ml_N719__Series_3.csv,10.1002_solr.201900345/10.1002_solr.201900345__Fig5__A__pce__PEV+2mg_ml_N719__Series_3.csv,498551583c89a210b9fc4939e233310077bd0352594c96f13af5e2554aac97f7
F00985,1,10.1002/solr.201900345,data_all/x_time_h/10.1002_solr.201900345/Fig5_A_pce/accepted/10.1002_solr.201900345__Fig5__A__pce__PEV__Series_2.csv,10.1002_solr.201900345/10.1002_solr.201900345__Fig5__A__pce__PEV__Series_2.csv,0835e2f1d0752d672a7681c34511c65f48035d6f7ec0a71785597ae350ecac3c
F00987,1,10.1002/solr.201900380,data_all/x_time_h/10.1002_solr.201900380/Fig4_B_stability_performance_curve_pce/accepted/10.1002_solr.201900380__Fig4__B__stability_performance_curve_pce__pristine_PSC__Series_1.csv,10.1002_solr.201900380/10.1002_solr.201900380__Fig4__B__stability_performance_curve_pce__pristine_PSC__Series_1.csv,7166269bd4f8837acb9987bdd8a02bb93f64014093c0a44fd03a4a3991c2bc31
F00988,1,10.1002/solr.201900406,data_all/x_time_h/10.1002_solr.201900406/Fig5_E_stability_performance_curve_pce/accepted/10.1002_solr.201900406__Fig5__E__stability_performance_curve_pce__pristine__Series_1.csv,10.1002_solr.201900406/10.1002_solr.201900406__Fig5__E__stability_performance_curve_pce__pristine__Series_1.csv,046c21d6917a1538d8c0ea671a83fde51df55855301e7370667dc3b5a6e594bd
F00989,1,10.1002/solr.201900529,data_all/x_time_h/10.1002_solr.201900529/Fig6_A_stability_performance_curve_pce/accepted/10.1002_solr.201900529__Fig6__A__stability_performance_curve_pce__MAPbI₃__Series_2.csv,10.1002_solr.201900529/10.1002_solr.201900529__Fig6__A__stability_performance_curve_pce__MAPbI₃__Series_2.csv,ad6488e550a376fd63e6a793fd6cbfbfaa0773d6a0a99448321508f37832914f
F00990,1,10.1002/solr.202000011,data_all/x_time_h/10.1002_solr.202000011/Fig5_E_jv_curve_stability_performance_pce/accepted/10.1002_solr.202000011__Fig5__E__jv_curve_stability_performance_pce__Puv-polyTPD__Series_1.csv,10.1002_solr.202000011/10.1002_solr.202000011__Fig5__E__jv_curve_stability_performance_pce__Puv-polyTPD__Series_1.csv,72c90b82a90006169420b79294daaf283fc4206e134cfb4041937f3c95e41b80
F00991,1,10.1002/solr.202000113,data_all/x_time_h/10.1002_solr.202000113/Fig6_A_stability_performance_curve_pce/accepted/10.1002_solr.202000113__Fig6__A__stability_performance_curve_pce__w_o__Series_2.csv,10.1002_solr.202000113/10.1002_solr.202000113__Fig6__A__stability_performance_curve_pce__w_o__Series_2.csv,66d04f8eac8dedfa873efc7643e14f3b5d203bfb9868b9c22889031e8fe1ad5c
F00992,1,10.1002/solr.202000164,data_all/x_time_h/10.1002_solr.202000164/Fig4_C_stability_performance_curve_pce/accepted/10.1002_solr.202000164__Fig4__C__stability_performance_curve_pce__CsPbI₂Br__Series_1.csv,10.1002_solr.202000164/10.1002_solr.202000164__Fig4__C__stability_performance_curve_pce__CsPbI₂Br__Series_1.csv,484f6c4d4867ba24662b266fe0aff8ea5593a41fa65ecdd2978f28a240262278
F00993,1,10.1002/solr.202000205,data_all/x_time_h/10.1002_solr.202000205/Fig4_F_stability_performance_curve_pce/accepted/10.1002_solr.202000205__Fig4__F__stability_performance_curve_pce__TiO₂__Series_2.csv,10.1002_solr.202000205/10.1002_solr.202000205__Fig4__F__stability_performance_curve_pce__TiO₂__Series_2.csv,b15d3d4c15a04874b99c63a4ab642ab48db8d86138cb9d7e1aeeba7d445929b3
F00994,1,10.1002/solr.202000292,data_all/x_time_h/10.1002_solr.202000292/Fig6_A_stability_performance_curve_pce_image/accepted/10.1002_solr.202000292__Fig6__A__stability_performance_curve_pce_image__PEDOT_PSS__Series_1.csv,10.1002_solr.202000292/10.1002_solr.202000292__Fig6__A__stability_performance_curve_pce_image__PEDOT_PSS__Series_1.csv,55619292fbe8bc09de37e1eadfa1140e1762188d9157461399cf07ba9c45062a
F00997,1,10.1002/solr.202000621,data_all/x_time_h/10.1002_solr.202000621/Fig6_A_stability_performance_curve_pce/accepted/10.1002_solr.202000621__Fig6__A__stability_performance_curve_pce__MAPbI₃__Series_3.csv,10.1002_solr.202000621/10.1002_solr.202000621__Fig6__A__stability_performance_curve_pce__MAPbI₃__Series_3.csv,06d58f2c37a9a9a15686f881025ba13df8f81203d6a46c3b8915273e623af16c
F00998,1,10.1002/solr.202000621,data_all/x_time_h/10.1002_solr.202000621/Fig6_B_stability_performance_curve_pce/accepted/10.1002_solr.202000621__Fig6__B__stability_performance_curve_pce__MAPbl3__Series_3.csv,10.1002_solr.202000621/10.1002_solr.202000621__Fig6__B__stability_performance_curve_pce__MAPbl3__Series_3.csv,1a6cac3ece62195622ee057923bbad687671e3047757676c56a837318b46eaa2
F00999,1,10.1002/solr.202000621,data_all/x_time_h/10.1002_solr.202000621/Fig6_B_stability_performance_curve_pce/accepted/10.1002_solr.202000621__Fig6__B__stability_performance_curve_pce__MAPblz-BA__Series_2.csv,10.1002_solr.202000621/10.1002_solr.202000621__Fig6__B__stability_performance_curve_pce__MAPblz-BA__Series_2.csv,3694afbd49667cb15faba3030104e74d26844ed41c17089a0cdc1a71ef3d548f
F01000,1,10.1002/solr.202000621,data_all/x_time_h/10.1002_solr.202000621/Fig6_B_stability_performance_curve_pce/accepted/10.1002_solr.202000621__Fig6__B__stability_performance_curve_pce__MAPblz-BP__Series_1.csv,10.1002_solr.202000621/10.1002_solr.202000621__Fig6__B__stability_performance_curve_pce__MAPblz-BP__Series_1.csv,9d071200ac0e55734ddf9c6615ab2addf3738b6d8c4ff4eac85b2f17b3e82f24
F01001,1,10.1002/solr.202000629,data_all/x_time_h/10.1002_solr.202000629/Fig5_B_stability_performance_curve_pce/accepted/10.1002_solr.202000629__Fig5__B__stability_performance_curve_pce__Pristine__Series_2.csv,10.1002_solr.202000629/10.1002_solr.202000629__Fig5__B__stability_performance_curve_pce__Pristine__Series_2.csv,a05d36ab4cde607a1acb7442d0df3b5d48d5bf2b0c8e21f53597b0cdfa3dda6b
F01002,1,10.1002/solr.202000650,data_all/x_time_h/10.1002_solr.202000650/Fig3_C_mppt_stability_performance_curve_voc/accepted/10.1002_solr.202000650__Fig3__C__mppt_stability_performance_curve_voc__Without_PFOTES__Series_1.csv,10.1002_solr.202000650/10.1002_solr.202000650__Fig3__C__mppt_stability_performance_curve_voc__Without_PFOTES__Series_1.csv,e90b936e75de162f79897ce1640a6fdbc2ea0b3a48ef6a8d5f3e93e347442b3c
F01003,1,10.1002/solr.202000681,data_all/x_time_h/10.1002_solr.202000681/Fig5_E_stability_performance_curve_pce_jsc/accepted/10.1002_solr.202000681__Fig5__E__stability_performance_curve_pce_jsc__Control__Series_1.csv,10.1002_solr.202000681/10.1002_solr.202000681__Fig5__E__stability_performance_curve_pce_jsc__Control__Series_1.csv,7664dc240436cd41d151c10036008c2be9396dba85b146f925d1da9fbcb2f1f5
F01004,1,10.1002/solr.202000819,data_all/x_time_h/10.1002_solr.202000819/Fig7_A_stability_performance_curve_pce/accepted/10.1002_solr.202000819__Fig7__A__stability_performance_curve_pce__Pristine__Series_1.csv,10.1002_solr.202000819/10.1002_solr.202000819__Fig7__A__stability_performance_curve_pce__Pristine__Series_1.csv,cff6aadc5c2bdff0654ef33a8971bac75792463d5e49d745c542f8d4e4ec6e99
F01005,1,10.1002/solr.202000819,data_all/x_time_h/10.1002_solr.202000819/Fig7_B_pce/accepted/10.1002_solr.202000819__Fig7__B__pce__Pristine__Series_1.csv,10.1002_solr.202000819/10.1002_solr.202000819__Fig7__B__pce__Pristine__Series_1.csv,a5d1cf0f6bd132c0083b9826db3d00597b6cdf4e34b2f2212b4f698b782111da
F01010,1,10.1002/solr.202100178,data_all/x_time_h/10.1002_solr.202100178/Fig3_E_mppt_stability_performance_curve_pce_jsc/accepted/10.1002_solr.202100178__Fig3__E__mppt_stability_performance_curve_pce_jsc__Control__Series_1.csv,10.1002_solr.202100178/10.1002_solr.202100178__Fig3__E__mppt_stability_performance_curve_pce_jsc__Control__Series_1.csv,90ed82919dbe689c7d2762c7f73af705d7d3db4f9d7b117d27d0b87e012993f9
F01011,1,10.1002/solr.202100236,data_all/x_time_h/10.1002_solr.202100236/Fig6_B_mppt_stability_performance_curve_pce_profile/accepted/10.1002_solr.202100236__Fig6__B__mppt_stability_performance_curve_pce_profile__PCBM__Series_1.csv,10.1002_solr.202100236/10.1002_solr.202100236__Fig6__B__mppt_stability_performance_curve_pce_profile__PCBM__Series_1.csv,d2192bd8937bf319a377208489c64e974816cc7997d018a3f2bced8c7b86bdb7
F01013,1,10.1002/solr.202100257,data_all/x_time_h/10.1002_solr.202100257/Fig8_E_stability_performance_curve_pce/accepted/10.1002_solr.202100257__Fig8__E__stability_performance_curve_pce__PVK__Series_2.csv,10.1002_solr.202100257/10.1002_solr.202100257__Fig8__E__stability_performance_curve_pce__PVK__Series_2.csv,4dadf4218a818dab3b6bf5b2b55c50cffcc9e4288ac6db7d973175ba00744e80
F01015,1,10.1002/solr.202100320,data_all/x_time_h/10.1002_solr.202100320/Fig7_F_stability_performance_curve_pce_pattern/accepted/10.1002_solr.202100320__Fig7__F__stability_performance_curve_pce_pattern__Control__Series_1.csv,10.1002_solr.202100320/10.1002_solr.202100320__Fig7__F__stability_performance_curve_pce_pattern__Control__Series_1.csv,48f8cd0b3939bc5ea55557fff67bf57ff1d4ef8712ea6d7d6b744160c7a7941c
F01016,1,10.1002/solr.202100320,data_all/x_time_h/10.1002_solr.202100320/Fig7_F_stability_performance_curve_pce_pattern/accepted/10.1002_solr.202100320__Fig7__F__stability_performance_curve_pce_pattern__With_4F-PHCl__Series_2.csv,10.1002_solr.202100320/10.1002_solr.202100320__Fig7__F__stability_performance_curve_pce_pattern__With_4F-PHCl__Series_2.csv,d6a024bc39deb2ec9a063351ca9564b35ff505155384301458f6b8b5ffb2ab77
F01017,1,10.1002/solr.202100347,data_all/x_time_h/10.1002_solr.202100347/Fig8_B_stability_performance_curve_pce_diagram/accepted/10.1002_solr.202100347__Fig8__B__stability_performance_curve_pce_diagram__Ag__Series_1.csv,10.1002_solr.202100347/10.1002_solr.202100347__Fig8__B__stability_performance_curve_pce_diagram__Ag__Series_1.csv,bee88126ebf1cb44b845c192d51e2a798674218fc7cf1b0645396c50c04fed92
F01019,1,10.1002/solr.202100555,data_all/x_time_h/10.1002_solr.202100555/Fig5_F_stability_performance_curve_structure/accepted/10.1002_solr.202100555__Fig5__F__stability_performance_curve_structure__N₂__Series_2.csv,10.1002_solr.202100555/10.1002_solr.202100555__Fig5__F__stability_performance_curve_structure__N₂__Series_2.csv,beeaf74cab150290a1d3096a2c9cca35c3ba032242fd55e4bc24cf01465c082e
F01020,1,10.1002/solr.202100622,data_all/x_time_h/10.1002_solr.202100622/Fig3_C_stability_performance_curve_pce_eqe/accepted/10.1002_solr.202100622__Fig3__C__stability_performance_curve_pce_eqe__Spiro-OMeTAD__Series_1.csv,10.1002_solr.202100622/10.1002_solr.202100622__Fig3__C__stability_performance_curve_pce_eqe__Spiro-OMeTAD__Series_1.csv,4dc4fd4e9e5477f11990c9b3d51904ec7f7a23748400927e2c852ee7163d0076
F01021,1,10.1002/solr.202100712,data_all/x_time_h/10.1002_solr.202100712/Fig6_B_stability_performance_curve/accepted/10.1002_solr.202100712__Fig6__B__stability_performance_curve__CF₃BZA-Br__Series_1.csv,10.1002_solr.202100712/10.1002_solr.202100712__Fig6__B__stability_performance_curve__CF₃BZA-Br__Series_1.csv,63380b744f56e334f675489aa1d7371e25e7ea7072e28f1653f02b817489abc4
F01022,1,10.1002/solr.202100712,data_all/x_time_h/10.1002_solr.202100712/Fig6_B_stability_performance_curve/accepted/10.1002_solr.202100712__Fig6__B__stability_performance_curve__CF₃BZA-I__Series_3.csv,10.1002_solr.202100712/10.1002_solr.202100712__Fig6__B__stability_performance_curve__CF₃BZA-I__Series_3.csv,b5fa459a7d633130eb771c8a1f2962517cd63f3e1b11c4edf593d62d019fd730
F01023,1,10.1002/solr.202100712,data_all/x_time_h/10.1002_solr.202100712/Fig6_B_stability_performance_curve/accepted/10.1002_solr.202100712__Fig6__B__stability_performance_curve__Pristine__Series_2.csv,10.1002_solr.202100712/10.1002_solr.202100712__Fig6__B__stability_performance_curve__Pristine__Series_2.csv,53fe2c6cfff4ceb62103d75f85c71d88fcb8debe2f57c41e53bed98b6e84a94f
F01024,1,10.1002/solr.202100899,data_all/x_time_h/10.1002_solr.202100899/Fig5_B_stability_performance_curve_pce/accepted/10.1002_solr.202100899__Fig5__B__stability_performance_curve_pce__w_oBPB__Series_2.csv,10.1002_solr.202100899/10.1002_solr.202100899__Fig5__B__stability_performance_curve_pce__w_oBPB__Series_2.csv,b92b22cfff5df7db1f269d38c6cf3caab6c06cdfb55bacd736a91aeb7d25c2db
F01025,1,10.1002/solr.202100899,data_all/x_time_h/10.1002_solr.202100899/Fig5_C_stability_performance_curve_pce/accepted/10.1002_solr.202100899__Fig5__C__stability_performance_curve_pce__w_o_BPB__Series_2.csv,10.1002_solr.202100899/10.1002_solr.202100899__Fig5__C__stability_performance_curve_pce__w_o_BPB__Series_2.csv,71d1c7f7d35cf22e6341490b9a779c89fb183f376029b47f4937b37af37be562
F01026,1,10.1002/solr.202100899,data_all/x_time_h/10.1002_solr.202100899/Fig5_D_stability_performance_curve_pce/accepted/10.1002_solr.202100899__Fig5__D__stability_performance_curve_pce__w_oBPB__Series_1.csv,10.1002_solr.202100899/10.1002_solr.202100899__Fig5__D__stability_performance_curve_pce__w_oBPB__Series_1.csv,c22c0705b071b3bf6eafeb91f30a45faa144da25c93c64f54528912590e90813
F01027,1,10.1002/solr.202101103,data_all/x_time_h/10.1002_solr.202101103/Fig7_A_pce/accepted/10.1002_solr.202101103__Fig7__A__pce__MAGA_without_NH₄Br__Series_1.csv,10.1002_solr.202101103/10.1002_solr.202101103__Fig7__A__pce__MAGA_without_NH₄Br__Series_1.csv,301e080304bb52ffec6627987a9ec3f1d5eac0d774da8dbff4811d6452ede89e
F01028,1,10.1002/solr.202101103,data_all/x_time_h/10.1002_solr.202101103/Fig7_A_pce/accepted/10.1002_solr.202101103__Fig7__A__pce__MAPbI₃__Series_3.csv,10.1002_solr.202101103/10.1002_solr.202101103__Fig7__A__pce__MAPbI₃__Series_3.csv,8f34b0b82ea122a70f5a42bfa1ed28b4b4b0c5b46a88882c7ce9fa91915fac75
F01029,1,10.1002/solr.202101103,data_all/x_time_h/10.1002_solr.202101103/Fig7_C_pce/accepted/10.1002_solr.202101103__Fig7__C__pce__MAGA_without_NH₄Br__Series_1.csv,10.1002_solr.202101103/10.1002_solr.202101103__Fig7__C__pce__MAGA_without_NH₄Br__Series_1.csv,36c43d9458379e1de76d54b6b61b1ff509167439c1afe58b5482bffa4fa87563
F01030,1,10.1002/solr.202101103,data_all/x_time_h/10.1002_solr.202101103/Fig7_C_pce/accepted/10.1002_solr.202101103__Fig7__C__pce__MAPb₃__Series_3.csv,10.1002_solr.202101103/10.1002_solr.202101103__Fig7__C__pce__MAPb₃__Series_3.csv,fbef91c934c2b837855976a500c16655ddb8edf5349546ecdf2959e305444332
F01031,1,10.1007/s10853-020-04965-0,data_all/x_time_h/10.1007_s10853-020-04965-0/Fig8_B_stability_performance_curve_jsc/accepted/10.1007_s10853-020-04965-0__Fig8__B__stability_performance_curve_jsc__No_passivation__Series_2.csv,10.1007_s10853-020-04965-0/10.1007_s10853-020-04965-0__Fig8__B__stability_performance_curve_jsc__No_passivation__Series_2.csv,25f6c23e65706e09f2d5f2a6f3ce29aee1985b5707b8062ca23cc7e3cb9b5cac
F01033,1,10.1007/s10854-020-03923-5,data_all/x_time_h/10.1007_s10854-020-03923-5/Fig7_D_stability_performance_curve_pce/accepted/10.1007_s10854-020-03923-5__Fig7__D__stability_performance_curve_pce__ZCK__Series_2.csv,10.1007_s10854-020-03923-5/10.1007_s10854-020-03923-5__Fig7__D__stability_performance_curve_pce__ZCK__Series_2.csv,69aa7841af2e399ceed6367e9bc0a125a1beacda8ab1e1e05a9f3d76dc6a293b
F01034,1,10.1007/s11426-020-9741-1,data_all/x_time_h/10.1007_s11426-020-9741-1/Fig5_D_stability_performance_curve_pce/accepted/10.1007_s11426-020-9741-1__Fig5__D__stability_performance_curve_pce__BDT-TPA-sTPA__Series_1.csv,10.1007_s11426-020-9741-1/10.1007_s11426-020-9741-1__Fig5__D__stability_performance_curve_pce__BDT-TPA-sTPA__Series_1.csv,42a4a1f43dea04bf5b29271b369d1689e73c9bb2aa89725aeab4e4f9f573cfdf
F01036,1,10.1007/s11426-020-9866-6,data_all/x_time_h/10.1007_s11426-020-9866-6/Fig4_B_stability_performance_curve_pce/accepted/10.1007_s11426-020-9866-6__Fig4__B__stability_performance_curve_pce__pristine_PsCs__Series_2.csv,10.1007_s11426-020-9866-6/10.1007_s11426-020-9866-6__Fig4__B__stability_performance_curve_pce__pristine_PsCs__Series_2.csv,fc6833d9be91806a9f491dbcd9f572ca9a6586f9c2a9f36bdedccc226b3b5ae4
F01037,1,10.1007/s11426-020-9866-6,data_all/x_time_h/10.1007_s11426-020-9866-6/Fig4_C_stability_performance_curve_pce/accepted/10.1007_s11426-020-9866-6__Fig4__C__stability_performance_curve_pce__pristine_PSCs__Series_2.csv,10.1007_s11426-020-9866-6/10.1007_s11426-020-9866-6__Fig4__C__stability_performance_curve_pce__pristine_PSCs__Series_2.csv,7f686df9421d0745207ee7d75814847d18819c09b16b7a28ccbf2f3ac8bb8e52
F01038,1,10.1007/s11426-021-1075-7,data_all/x_time_h/10.1007_s11426-021-1075-7/Fig5_A_stability_performance_curve/accepted/10.1007_s11426-021-1075-7__Fig5__A__stability_performance_curve__BAI__Series_2.csv,10.1007_s11426-021-1075-7/10.1007_s11426-021-1075-7__Fig5__A__stability_performance_curve__BAI__Series_2.csv,16be80872858cf4647d5eff7f9c219903aec37b19cfc3fcc6f07f38aacb0dc97
F01039,1,10.1007/s12200-023-00103-1,data_all/x_time_h/10.1007_s12200-023-00103-1/Fig4_A_stability_performance_curve/accepted/10.1007_s12200-023-00103-1__Fig4__A__stability_performance_curve__Control__Series_1.csv,10.1007_s12200-023-00103-1/10.1007_s12200-023-00103-1__Fig4__A__stability_performance_curve__Control__Series_1.csv,2481435b3af3092968143f7c959cf6cf4ce334017326a707ae072b4696d38302
F01040,1,10.1007/s12274-020-2836-3,data_all/x_time_h/10.1007_s12274-020-2836-3/Fig5_F_stability_performance_curve/accepted/10.1007_s12274-020-2836-3__Fig5__F__stability_performance_curve__CsPbl₃__Series_1.csv,10.1007_s12274-020-2836-3/10.1007_s12274-020-2836-3__Fig5__F__stability_performance_curve__CsPbl₃__Series_1.csv,ad5d05d579dd9e9f49d9b2a3554768c0196503c1f21074dab62b0b94a81a0724
F01041,1,10.1007/s12274-021-3408-x,data_all/x_time_h/10.1007_s12274-021-3408-x/Fig7_B_stability_performance_curve_pce/accepted/10.1007_s12274-021-3408-x__Fig7__B__stability_performance_curve_pce__Control__Series_1.csv,10.1007_s12274-021-3408-x/10.1007_s12274-021-3408-x__Fig7__B__stability_performance_curve_pce__Control__Series_1.csv,fffb6e8482a97f4ca1c4b1539985e3c41d74c0e6ed07832c4ce95629e894c323
F01042,1,10.1007/s12598-020-01595-y,data_all/x_time_h/10.1007_s12598-020-01595-y/Fig4_whole_stability/accepted/10.1007_s12598-020-01595-y__Fig4__whole__stability__Device_B__Series_1.csv,10.1007_s12598-020-01595-y/10.1007_s12598-020-01595-y__Fig4__whole__stability__Device_B__Series_1.csv,3a0838e14a21ce6c889030051c6a7b690bc06b9bfbf07cfdcc4d3f3821dc37f8
F01043,1,10.1007/s12598-020-01641-9,data_all/x_time_h/10.1007_s12598-020-01641-9/Fig6_F_cv_curve_stability_performance_pce/accepted/10.1007_s12598-020-01641-9__Fig6__F__cv_curve_stability_performance_pce__PEDOT_PSS__Series_2.csv,10.1007_s12598-020-01641-9/10.1007_s12598-020-01641-9__Fig6__F__cv_curve_stability_performance_pce__PEDOT_PSS__Series_2.csv,51c3ad623dea2ab9d8ac3348ac8217c26f64a491d2a37d28256afe75119b9fd6
F01044,1,10.1007/s13391-020-00206-3,data_all/x_time_h/10.1007_s13391-020-00206-3/Fig3_D_mppt_stability_performance_curve_jsc/accepted/10.1007_s13391-020-00206-3__Fig3__D__mppt_stability_performance_curve_jsc__MAPbI₃__Series_1.csv,10.1007_s13391-020-00206-3/10.1007_s13391-020-00206-3__Fig3__D__mppt_stability_performance_curve_jsc__MAPbI₃__Series_1.csv,b6ce0bf3b0b6dae6c5f1a127e51e551578d80b3873ecad287e47d817103a8885
F01045,1,10.1007/s40820-020-00509-y,data_all/x_time_h/10.1007_s40820-020-00509-y/Fig5_A_stability_performance_curve/accepted/10.1007_s40820-020-00509-y__Fig5__A__stability_performance_curve__Ref__Series_2.csv,10.1007_s40820-020-00509-y/10.1007_s40820-020-00509-y__Fig5__A__stability_performance_curve__Ref__Series_2.csv,9c173907a3b5a92cba0381a1a340a6584557de251b9f621dc9f002279c6b6db1
F01046,1,10.1007/s40820-020-00509-y,data_all/x_time_h/10.1007_s40820-020-00509-y/Fig5_C_mppt_stability_performance_curve/accepted/10.1007_s40820-020-00509-y__Fig5__C__mppt_stability_performance_curve__Ref__Series_1.csv,10.1007_s40820-020-00509-y/10.1007_s40820-020-00509-y__Fig5__C__mppt_stability_performance_curve__Ref__Series_1.csv,2edc2848b58b36a89d7864f6d008c494841b40885a6ef1d22cb049c2d0b713c7
F01050,1,10.1007/s40820-021-00675-7,data_all/x_time_h/10.1007_s40820-021-00675-7/Fig5_C_jv_curve_stability_performance/accepted/10.1007_s40820-021-00675-7__Fig5__C__jv_curve_stability_performance__SnO₂_based_5×5_cm²_module__Series_1.csv,10.1007_s40820-021-00675-7/10.1007_s40820-021-00675-7__Fig5__C__jv_curve_stability_performance__SnO₂_based_5×5_cm²_module__Series_1.csv,93a9b7d948ec4da65d52b9ebdd8404d1e5189cc715eb44cfdd7f487dbc98d708
F01052,1,10.1007/s40820-021-00688-2,data_all/x_time_h/10.1007_s40820-021-00688-2/Fig7_D_xrd_pattern_stability_performance_curve_pce/accepted/10.1007_s40820-021-00688-2__Fig7__D__xrd_pattern_stability_performance_curve_pce__w_o__Series_2.csv,10.1007_s40820-021-00688-2/10.1007_s40820-021-00688-2__Fig7__D__xrd_pattern_stability_performance_curve_pce__w_o__Series_2.csv,869d9512dd3486b2cdad93fb9c4979fb38525fe93cb380a0bd9fcc71502459c8
F01053,1,10.1007/s40820-022-00916-3,data_all/x_time_h/10.1007_s40820-022-00916-3/Fig5_F_eis_plot_stability_performance_curve_pce/accepted/10.1007_s40820-022-00916-3__Fig5__F__eis_plot_stability_performance_curve_pce__o—with_TBP__Series_2.csv,10.1007_s40820-022-00916-3/10.1007_s40820-022-00916-3__Fig5__F__eis_plot_stability_performance_curve_pce__o—with_TBP__Series_2.csv,8bf93d0632de60c5de5b97f4dcca6ee93d94486c63159c736b601fdf3b313f88
F01054,1,10.1007/s40820-022-00995-2,data_all/x_time_h/10.1007_s40820-022-00995-2/Fig5_F_sem_image_stability_performance_curve_pce/accepted/10.1007_s40820-022-00995-2__Fig5__F__sem_image_stability_performance_curve_pce__Filtered_OSC__Series_1.csv,10.1007_s40820-022-00995-2/10.1007_s40820-022-00995-2__Fig5__F__sem_image_stability_performance_curve_pce__Filtered_OSC__Series_1.csv,56f5ef8444958ec92978befd0dfd47e88d73ed6d5b96b21aa57c3b7d4cfcddbc
F01055,1,10.1007/s40820-022-00995-2,data_all/x_time_h/10.1007_s40820-022-00995-2/Fig5_F_sem_image_stability_performance_curve_pce/accepted/10.1007_s40820-022-00995-2__Fig5__F__sem_image_stability_performance_curve_pce__OSC__Series_2.csv,10.1007_s40820-022-00995-2/10.1007_s40820-022-00995-2__Fig5__F__sem_image_stability_performance_curve_pce__OSC__Series_2.csv,e8a623cdbd899648005b75a43c4e2a6aea3290ae00a61c0ccb481b2c5208dd4c
F01058,1,10.1007/s40820-023-01130-5,data_all/x_time_h/10.1007_s40820-023-01130-5/Fig5_C_mppt_stability_performance_curve_pce_mapping/accepted/10.1007_s40820-023-01130-5__Fig5__C__mppt_stability_performance_curve_pce_mapping__Control__Series_1.csv,10.1007_s40820-023-01130-5/10.1007_s40820-023-01130-5__Fig5__C__mppt_stability_performance_curve_pce_mapping__Control__Series_1.csv,3ae302d1b632c3f24bc9c03e380f6d55fac77a280a349230509e9dd13bc11b95
F01060,1,10.1007/s40820-024-01401-9,data_all/x_time_h/10.1007_s40820-024-01401-9/Fig5_K_mppt_stability_performance_curve_voc/accepted/10.1007_s40820-024-01401-9__Fig5__K__mppt_stability_performance_curve_voc__3D(initial_PCE_-19.5%)__Series_1.csv,10.1007_s40820-024-01401-9/10.1007_s40820-024-01401-9__Fig5__K__mppt_stability_performance_curve_voc__3D(initial_PCE_-19.5%)__Series_1.csv,adc5e26d366307396b7139b500da990fa6065fb4ba0db69cbc2c7fb019f10176
F01061,1,10.1007/s40820-024-01538-7,data_all/x_time_h/10.1007_s40820-024-01538-7/Fig5_D_mppt_stability_performance_curve_pce/accepted/10.1007_s40820-024-01538-7__Fig5__D__mppt_stability_performance_curve_pce__Control__Series_2.csv,10.1007_s40820-024-01538-7/10.1007_s40820-024-01538-7__Fig5__D__mppt_stability_performance_curve_pce__Control__Series_2.csv,f167473cf8c8e6044089df0775039dab8c06fbf60537c1f652be2d37b5447e64
F01062,1,10.1007/s40820-025-01677-5,data_all/x_time_h/10.1007_s40820-025-01677-5/Fig4_G_mppt_stability_performance_curve_eqe/accepted/10.1007_s40820-025-01677-5__Fig4__G__mppt_stability_performance_curve_eqe__Control__Series_2.csv,10.1007_s40820-025-01677-5/10.1007_s40820-025-01677-5__Fig4__G__mppt_stability_performance_curve_eqe__Control__Series_2.csv,22ec0fd164417f83fe5215e75e55508c035235e0add32614562c288ddde85a8f
F01063,1,10.1007/s40820-025-01817-x,data_all/x_time_h/10.1007_s40820-025-01817-x/Fig5_E_mppt_stability_performance_curve_pce/accepted/10.1007_s40820-025-01817-x__Fig5__E__mppt_stability_performance_curve_pce__Perovskite__Series_1.csv,10.1007_s40820-025-01817-x/10.1007_s40820-025-01817-x__Fig5__E__mppt_stability_performance_curve_pce__Perovskite__Series_1.csv,0e373b9e1d0a00b622e50c8194baaf4571ff76aaaf1c19a18d235506ee62aa83
F01064,1,10.1007/s40820-025-01817-x,data_all/x_time_h/10.1007_s40820-025-01817-x/Fig5_F_mppt_stability_performance_curve_pce/accepted/10.1007_s40820-025-01817-x__Fig5__F__mppt_stability_performance_curve_pce__Perovskite__Series_1.csv,10.1007_s40820-025-01817-x/10.1007_s40820-025-01817-x__Fig5__F__mppt_stability_performance_curve_pce__Perovskite__Series_1.csv,e3fe908777df21c665208a62040863d2b09b1fb71979b0ae5d81f4529cf5d4e5
F01065,1,10.1007/s40843-019-1174-3,data_all/x_time_h/10.1007_s40843-019-1174-3/Fig7_D_stability_performance_curve_pce/accepted/10.1007_s40843-019-1174-3__Fig7__D__stability_performance_curve_pce__3D__Series_2.csv,10.1007_s40843-019-1174-3/10.1007_s40843-019-1174-3__Fig7__D__stability_performance_curve_pce__3D__Series_2.csv,884fd84a101634bc940ed921ff89605662f2d98afa68a2efcfe210b7a8f04dbe
F01066,1,10.1007/s40843-020-1383-3,data_all/x_time_h/10.1007_s40843-020-1383-3/Fig7_B_stability_performance_curve_voc/accepted/10.1007_s40843-020-1383-3__Fig7__B__stability_performance_curve_voc__EACI-0%__Series_2.csv,10.1007_s40843-020-1383-3/10.1007_s40843-020-1383-3__Fig7__B__stability_performance_curve_voc__EACI-0%__Series_2.csv,35cfa874d6d96f7d135aa964bb3dbd55db099929ef5e0d92be818e8379560d76
F01067,1,10.1007/s40843-020-1581-4,data_all/x_time_h/10.1007_s40843-020-1581-4/Fig4_D_stability_performance_curve/accepted/10.1007_s40843-020-1581-4__Fig4__D__stability_performance_curve__Sn-control-1__Series_2.csv,10.1007_s40843-020-1581-4/10.1007_s40843-020-1581-4__Fig4__D__stability_performance_curve__Sn-control-1__Series_2.csv,49ee326af2815121df6ceecd966b2392695b790789bc096841fa2edc86d72702
F01068,1,10.1007/s40843-020-1581-4,data_all/x_time_h/10.1007_s40843-020-1581-4/Fig4_D_stability_performance_curve/accepted/10.1007_s40843-020-1581-4__Fig4__D__stability_performance_curve__Sn-control-2__Series_3.csv,10.1007_s40843-020-1581-4/10.1007_s40843-020-1581-4__Fig4__D__stability_performance_curve__Sn-control-2__Series_3.csv,762261f12ca92608076749188f403dd2945ba6e34ca2de48f66aa0a7593efa98
F01070,1,10.1007/s42114-024-01208-7,data_all/x_time_h/10.1007_s42114-024-01208-7/Fig5_A_statistics_stability_performance_curve_pce/accepted/10.1007_s42114-024-01208-7__Fig5__A__statistics_stability_performance_curve_pce__101Guanine__Series_2.csv,10.1007_s42114-024-01208-7/10.1007_s42114-024-01208-7__Fig5__A__statistics_stability_performance_curve_pce__101Guanine__Series_2.csv,e1b1ba0f658bf2b3e0e29d73c58cc7e4b95d283f33c65fa238443fcc83c05881
F01071,1,10.1007/s42114-024-01208-7,data_all/x_time_h/10.1007_s42114-024-01208-7/Fig5_A_statistics_stability_performance_curve_pce/accepted/10.1007_s42114-024-01208-7__Fig5__A__statistics_stability_performance_curve_pce__o-Control__Series_1.csv,10.1007_s42114-024-01208-7/10.1007_s42114-024-01208-7__Fig5__A__statistics_stability_performance_curve_pce__o-Control__Series_1.csv,b6076a9c23cf140b8df71c2c29ef60681eae54d1ef6c20d4f6eb21031fc067c3
F01072,1,10.1016/j.apsusc.2018.09.080,data_all/x_time_h/10.1016_j.apsusc.2018.09.080/Fig16_whole_stability_performance_curve_pce/accepted/10.1016_j.apsusc.2018.09.080__Fig16__whole__stability_performance_curve_pce__ZnO_NRs__Series_1.csv,10.1016_j.apsusc.2018.09.080/10.1016_j.apsusc.2018.09.080__Fig16__whole__stability_performance_curve_pce__ZnO_NRs__Series_1.csv,4b088b9e4ca4f498da11f5962343b67216c9121441a92bd6f0e8ca7ae5d4e43f
F01073,1,10.1016/j.apsusc.2018.09.080,data_all/x_time_h/10.1016_j.apsusc.2018.09.080/Fig16_whole_stability_performance_curve_pce/accepted/10.1016_j.apsusc.2018.09.080__Fig16__whole__stability_performance_curve_pce__→ZnO@TiO2_NRs__Series_2.csv,10.1016_j.apsusc.2018.09.080/10.1016_j.apsusc.2018.09.080__Fig16__whole__stability_performance_curve_pce__→ZnO@TiO2_NRs__Series_2.csv,57c5f3d00d743d53bf136a9b3bbfb51a689fb85835b1a0bbf98b645b748d01c1
F01074,1,10.1016/j.apsusc.2019.04.069,"data_all/x_time_h/10.1016_j.apsusc.2019.04.069/Fig7_E_stability_performance_curve_pce/accepted/10.1016_j.apsusc.2019.04.069__Fig7__E__stability_performance_curve_pce__MAPbI,_with_TBP__Series_1.csv","10.1016_j.apsusc.2019.04.069/10.1016_j.apsusc.2019.04.069__Fig7__E__stability_performance_curve_pce__MAPbI,_with_TBP__Series_1.csv",076a0c12d434338f51e163a4f6bb01629acc017542257173fa41ccf5a3b1504d
F01075,1,10.1016/j.apsusc.2019.04.069,"data_all/x_time_h/10.1016_j.apsusc.2019.04.069/Fig7_E_stability_performance_curve_pce/accepted/10.1016_j.apsusc.2019.04.069__Fig7__E__stability_performance_curve_pce__MAPbI,_without_TBP__Series_2.csv","10.1016_j.apsusc.2019.04.069/10.1016_j.apsusc.2019.04.069__Fig7__E__stability_performance_curve_pce__MAPbI,_without_TBP__Series_2.csv",d9e08173644a9669fec05cc605f5fa950a6b4d24460795089ffbe7fabcd51daa
F01076,1,10.1016/j.apsusc.2019.143552,data_all/x_time_h/10.1016_j.apsusc.2019.143552/Fig10_whole_figure/accepted/10.1016_j.apsusc.2019.143552__Fig10__whole__figure__ZnO__Series_1.csv,10.1016_j.apsusc.2019.143552/10.1016_j.apsusc.2019.143552__Fig10__whole__figure__ZnO__Series_1.csv,8069d2546c0fe2d12d82307725cf8f27870be7893d4e3319b4d54f53cc25a72c
F01077,1,10.1016/j.apsusc.2021.150153,data_all/x_time_h/10.1016_j.apsusc.2021.150153/Fig7_whole_stability/accepted/10.1016_j.apsusc.2021.150153__Fig7__whole__stability__MAPbI3(spin-coating)__Series_3.csv,10.1016_j.apsusc.2021.150153/10.1016_j.apsusc.2021.150153__Fig7__whole__stability__MAPbI3(spin-coating)__Series_3.csv,841a2cc63c163b9ccfbb431a712ec444c7888d958f1d3bd70813048866e1815f
F01078,1,10.1016/j.apsusc.2023.157901,data_all/x_time_h/10.1016_j.apsusc.2023.157901/Fig5_A_stability_performance_curve_pce/accepted/10.1016_j.apsusc.2023.157901__Fig5__A__stability_performance_curve_pce__Pristine__Series_1.csv,10.1016_j.apsusc.2023.157901/10.1016_j.apsusc.2023.157901__Fig5__A__stability_performance_curve_pce__Pristine__Series_1.csv,2fbfbba3e88dcb7f95111bf6faa67a4a95fd5052901ee031a18eb54d29a36df1
F01079,1,10.1016/j.cclet.2021.08.039,data_all/x_time_h/10.1016_j.cclet.2021.08.039/Fig5_E_stability_performance_curve_pce/accepted/10.1016_j.cclet.2021.08.039__Fig5__E__stability_performance_curve_pce__Pristine__Series_1.csv,10.1016_j.cclet.2021.08.039/10.1016_j.cclet.2021.08.039__Fig5__E__stability_performance_curve_pce__Pristine__Series_1.csv,7bdadd3d9009ff963e5192a63e92ec211204ef60807c665c70cc5d92d3983d23
F01080,1,10.1016/j.cej.2016.12.050,data_all/x_time_h/10.1016_j.cej.2016.12.050/Fig11_whole_stability/accepted/10.1016_j.cej.2016.12.050__Fig11__whole__stability__Au__Series_2.csv,10.1016_j.cej.2016.12.050/10.1016_j.cej.2016.12.050__Fig11__whole__stability__Au__Series_2.csv,b51e13ef649af19611fee68b821c19c818377a750495f075fcf43116bd543120
F01081,1,10.1016/j.cej.2019.04.099,data_all/x_time_h/10.1016_j.cej.2019.04.099/Fig5_B_pce/accepted/10.1016_j.cej.2019.04.099__Fig5__B__pce__W_O_ILPF₆__Series_1.csv,10.1016_j.cej.2019.04.099/10.1016_j.cej.2019.04.099__Fig5__B__pce__W_O_ILPF₆__Series_1.csv,34c15174932d78c02a0ba568a054fe63d56990a565df6c5e437907cd05ecde1a
F01082,1,10.1016/j.cej.2020.126152,data_all/x_time_h/10.1016_j.cej.2020.126152/Fig5_C_stability_performance_curve/accepted/10.1016_j.cej.2020.126152__Fig5__C__stability_performance_curve__Pristine__Series_1.csv,10.1016_j.cej.2020.126152/10.1016_j.cej.2020.126152__Fig5__C__stability_performance_curve__Pristine__Series_1.csv,a9eab184283dd3efb38b8d1b663786c5e3ab02a4c0e03e804e1882003f20dff3
F01083,1,10.1016/j.cej.2020.126152,data_all/x_time_h/10.1016_j.cej.2020.126152/Fig5_C_stability_performance_curve_2/accepted/10.1016_j.cej.2020.126152__Fig5__C__stability_performance_curve_2__Pristine__Series_2.csv,10.1016_j.cej.2020.126152/10.1016_j.cej.2020.126152__Fig5__C__stability_performance_curve_2__Pristine__Series_2.csv,08f9db7432a98e79b7938be51100595dbd92de49cd200619dac7a52971b915c7
F01084,1,10.1016/j.cej.2020.126548,data_all/x_time_h/10.1016_j.cej.2020.126548/Fig7_A_stability_performance_curve_pce/accepted/10.1016_j.cej.2020.126548__Fig7__A__stability_performance_curve_pce__Pristine__Series_1.csv,10.1016_j.cej.2020.126548/10.1016_j.cej.2020.126548__Fig7__A__stability_performance_curve_pce__Pristine__Series_1.csv,5946baea356581725f70cc43f31d5f2810a15759efed2306d18c3f04c9c8b115
F01085,1,10.1016/j.cej.2020.126548,data_all/x_time_h/10.1016_j.cej.2020.126548/Fig7_A_stability_performance_curve_pce/accepted/10.1016_j.cej.2020.126548__Fig7__A__stability_performance_curve_pce__UV-360__Series_2.csv,10.1016_j.cej.2020.126548/10.1016_j.cej.2020.126548__Fig7__A__stability_performance_curve_pce__UV-360__Series_2.csv,c4fe497fe2479f3ffc8e9ecf9e718d46908525e1e2de2a5a33fe2b4e8d88cdaa
F01086,1,10.1016/j.cej.2020.126548,data_all/x_time_h/10.1016_j.cej.2020.126548/Fig7_E_stability_performance_curve_retention_pce/accepted/10.1016_j.cej.2020.126548__Fig7__E__stability_performance_curve_retention_pce__Pristine__Series_1.csv,10.1016_j.cej.2020.126548/10.1016_j.cej.2020.126548__Fig7__E__stability_performance_curve_retention_pce__Pristine__Series_1.csv,2c4c9de0d6500c45e9bbd6a3d2f02bb9520d29a4aad396ee9e723ce0275d3e2d
F01087,1,10.1016/j.cej.2020.126548,data_all/x_time_h/10.1016_j.cej.2020.126548/Fig7_E_stability_performance_curve_retention_pce/accepted/10.1016_j.cej.2020.126548__Fig7__E__stability_performance_curve_retention_pce__UV-360__Series_2.csv,10.1016_j.cej.2020.126548/10.1016_j.cej.2020.126548__Fig7__E__stability_performance_curve_retention_pce__UV-360__Series_2.csv,3befe739a64b363e84835f4aa3feab29090d565f7e20ab4bb7ea5335c18aae33
F01090,1,10.1016/j.cej.2020.126712,data_all/x_time_h/10.1016_j.cej.2020.126712/Fig5_B_stability_performance_curve_pce_pattern/accepted/10.1016_j.cej.2020.126712__Fig5__B__stability_performance_curve_pce_pattern__F0__Series_2.csv,10.1016_j.cej.2020.126712/10.1016_j.cej.2020.126712__Fig5__B__stability_performance_curve_pce_pattern__F0__Series_2.csv,b342db89a8c4e8c4b6c2b24919a456c3f055fb9b6c4099deac0589d7549aec63
F01092,1,10.1016/j.cej.2020.127204,data_all/x_time_h/10.1016_j.cej.2020.127204/Fig6_A_stability_performance_curve_pce/accepted/10.1016_j.cej.2020.127204__Fig6__A__stability_performance_curve_pce__Pristine__Series_1.csv,10.1016_j.cej.2020.127204/10.1016_j.cej.2020.127204__Fig6__A__stability_performance_curve_pce__Pristine__Series_1.csv,2e22778db3b82d951de7b13d547f3d749f1fdd61be95ac0dbff892ea3503ebe2
F01093,1,10.1016/j.cej.2020.127328,data_all/x_time_h/10.1016_j.cej.2020.127328/Fig2_F_stability_performance_curve_pce/accepted/10.1016_j.cej.2020.127328__Fig2__F__stability_performance_curve_pce__PSCs_with_pristine_HTM__Series_1.csv,10.1016_j.cej.2020.127328/10.1016_j.cej.2020.127328__Fig2__F__stability_performance_curve_pce__PSCs_with_pristine_HTM__Series_1.csv,9ebec3c6a727098bc9a4d47aac05f7f8f4b455ec7a0ee4298e6f219beb6fbb65
F01094,1,10.1016/j.cej.2020.127579,data_all/x_time_h/10.1016_j.cej.2020.127579/Fig6_A_stability_performance_curve_pce/accepted/10.1016_j.cej.2020.127579__Fig6__A__stability_performance_curve_pce__control__Series_2.csv,10.1016_j.cej.2020.127579/10.1016_j.cej.2020.127579__Fig6__A__stability_performance_curve_pce__control__Series_2.csv,e96b1b8c1736bf646863403b4ca3cbb3b701d23dbb58450424c4e6a085e269cd
F01096,1,10.1016/j.cej.2020.127997,data_all/x_time_h/10.1016_j.cej.2020.127997/Fig5_F_stability_performance_curve_pce/accepted/10.1016_j.cej.2020.127997__Fig5__F__stability_performance_curve_pce__SnO₂__Series_1.csv,10.1016_j.cej.2020.127997/10.1016_j.cej.2020.127997__Fig5__F__stability_performance_curve_pce__SnO₂__Series_1.csv,ae26fabf85eba8d288327c2244d5d82231579acfbfe747dcad5fb9f79f9353cb
F01098,1,10.1016/j.cej.2021.129678,data_all/x_time_h/10.1016_j.cej.2021.129678/Fig6_D_stability_performance_curve/accepted/10.1016_j.cej.2021.129678__Fig6__D__stability_performance_curve__10.0_0.0__Series_1.csv,10.1016_j.cej.2021.129678/10.1016_j.cej.2021.129678__Fig6__D__stability_performance_curve__10.0_0.0__Series_1.csv,fe090699ced0549a86867909858a1cdc8a7bb48489b9cd23dbbc05c36174ee85
F01099,1,10.1016/j.cej.2021.130324,data_all/x_time_h/10.1016_j.cej.2021.130324/Fig6_A_stability_performance_curve_pce/accepted/10.1016_j.cej.2021.130324__Fig6__A__stability_performance_curve_pce__Pure_CsPbIBr₂__Series_2.csv,10.1016_j.cej.2021.130324/10.1016_j.cej.2021.130324__Fig6__A__stability_performance_curve_pce__Pure_CsPbIBr₂__Series_2.csv,98cd21337a525359ffa331d4f02b6066bc688d0baad7fe5d267a8760521e7f16
F01101,1,10.1016/j.cej.2021.130572,data_all/x_time_h/10.1016_j.cej.2021.130572/Fig5_B_stability_performance_curve_pce/accepted/10.1016_j.cej.2021.130572__Fig5__B__stability_performance_curve_pce__w_o_HEMA__Series_1.csv,10.1016_j.cej.2021.130572/10.1016_j.cej.2021.130572__Fig5__B__stability_performance_curve_pce__w_o_HEMA__Series_1.csv,6aeb81fd2d73d1a7cd29e50eddf59719dd6445c33315d822bcaa33ec12b3c5b5
F01103,1,10.1016/j.cej.2021.130685,data_all/x_time_h/10.1016_j.cej.2021.130685/Fig5_F_stability_performance_curve_pce/accepted/10.1016_j.cej.2021.130685__Fig5__F__stability_performance_curve_pce__Control__Series_2.csv,10.1016_j.cej.2021.130685/10.1016_j.cej.2021.130685__Fig5__F__stability_performance_curve_pce__Control__Series_2.csv,ad9bc72cbb3d930d9cdaefdc9e246d8eff86573a7152d396b29b4cd43cc4e25e
F01105,1,10.1016/j.cej.2021.131185,data_all/x_time_h/10.1016_j.cej.2021.131185/Fig7_A_stability_performance_curve_plot/accepted/10.1016_j.cej.2021.131185__Fig7__A__stability_performance_curve_plot__3D__Series_1.csv,10.1016_j.cej.2021.131185/10.1016_j.cej.2021.131185__Fig7__A__stability_performance_curve_plot__3D__Series_1.csv,17b4524e95fe14a6f4bf5a1e1cda48d35690b834bb00c1f52a918dbf9e18410d
F01106,1,10.1016/j.cej.2021.131185,data_all/x_time_h/10.1016_j.cej.2021.131185/Fig7_B_stability_performance_curve/accepted/10.1016_j.cej.2021.131185__Fig7__B__stability_performance_curve__3D__Series_3.csv,10.1016_j.cej.2021.131185/10.1016_j.cej.2021.131185__Fig7__B__stability_performance_curve__3D__Series_3.csv,354bef99592bc1ab15e35cf668c014608ca34ec03b0a62f638462e36f2748da4
F01107,1,10.1016/j.cej.2021.131499,data_all/x_time_h/10.1016_j.cej.2021.131499/Fig5_B_stability_performance_curve_pce/accepted/10.1016_j.cej.2021.131499__Fig5__B__stability_performance_curve_pce__planar-M_CcO__Series_1.csv,10.1016_j.cej.2021.131499/10.1016_j.cej.2021.131499__Fig5__B__stability_performance_curve_pce__planar-M_CcO__Series_1.csv,277b345a35c5467d70a91eea5f060a07db801a9d5548f6816395a510d5a3bf2d
F01108,1,10.1016/j.cej.2021.131499,data_all/x_time_h/10.1016_j.cej.2021.131499/Fig5_C_stability_performance_curve_pce/accepted/10.1016_j.cej.2021.131499__Fig5__C__stability_performance_curve_pce__planar-M_cco__Series_1.csv,10.1016_j.cej.2021.131499/10.1016_j.cej.2021.131499__Fig5__C__stability_performance_curve_pce__planar-M_cco__Series_1.csv,4858f8acd8420934148640bda7f889eaf862cb82ce3a06622f110ec7a4fd049f
F01109,1,10.1016/j.cej.2021.131609,data_all/x_time_h/10.1016_j.cej.2021.131609/Fig8_whole_figure/accepted/10.1016_j.cej.2021.131609__Fig8__whole__figure__doped_spiro-OMeTAD_with_TABC-coated__Series_1.csv,10.1016_j.cej.2021.131609/10.1016_j.cej.2021.131609__Fig8__whole__figure__doped_spiro-OMeTAD_with_TABC-coated__Series_1.csv,6d2e673520f96277db44fdff7fd064609906a050f3453fa20f665b337aeb2a40
F01110,1,10.1016/j.cej.2022.137851,data_all/x_time_h/10.1016_j.cej.2022.137851/Fig5_E_stability_performance_curve/accepted/10.1016_j.cej.2022.137851__Fig5__E__stability_performance_curve__Pristine__Series_2.csv,10.1016_j.cej.2022.137851/10.1016_j.cej.2022.137851__Fig5__E__stability_performance_curve__Pristine__Series_2.csv,7b03f6e66e270022e26d3e4e236e710932c13aaf5de4a67de220349fb731df1f
F01111,1,10.1016/j.cej.2022.139047,data_all/x_time_h/10.1016_j.cej.2022.139047/Fig5_H_stability_performance_curve/accepted/10.1016_j.cej.2022.139047__Fig5__H__stability_performance_curve__Pristine__Series_2.csv,10.1016_j.cej.2022.139047/10.1016_j.cej.2022.139047__Fig5__H__stability_performance_curve__Pristine__Series_2.csv,6f4274950c2a1d02c07ab719ca37ce9cf91932a6e67cdc18921a6b250e2a7a2e
F01112,1,10.1016/j.cej.2022.139961,data_all/x_time_h/10.1016_j.cej.2022.139961/Fig5_F_stability_performance_curve_pce_image/accepted/10.1016_j.cej.2022.139961__Fig5__F__stability_performance_curve_pce_image__w_0__Series_1.csv,10.1016_j.cej.2022.139961/10.1016_j.cej.2022.139961__Fig5__F__stability_performance_curve_pce_image__w_0__Series_1.csv,172f392f3ebc1ffb94989438884992b910901639072961dd7e4743193e20ce59
F01116,1,10.1016/j.dyepig.2019.01.002,data_all/x_time_h/10.1016_j.dyepig.2019.01.002/Fig4_A_stability_performance_curve_pce/accepted/10.1016_j.dyepig.2019.01.002__Fig4__A__stability_performance_curve_pce__P3HT__Series_1.csv,10.1016_j.dyepig.2019.01.002/10.1016_j.dyepig.2019.01.002__Fig4__A__stability_performance_curve_pce__P3HT__Series_1.csv,1aa11940db9df720a6f8548b70b07a414c1060fc3954d552eed4ed45e10237a6
F01117,1,10.1016/j.dyepig.2019.01.002,data_all/x_time_h/10.1016_j.dyepig.2019.01.002/Fig4_A_stability_performance_curve_pce/accepted/10.1016_j.dyepig.2019.01.002__Fig4__A__stability_performance_curve_pce__Spiro-OMeTAD__Series_2.csv,10.1016_j.dyepig.2019.01.002/10.1016_j.dyepig.2019.01.002__Fig4__A__stability_performance_curve_pce__Spiro-OMeTAD__Series_2.csv,c5426467f3094b3154f51072a6af5ee8e73e16d752af17f310a2444da5135a4a
F01118,1,10.1016/j.dyepig.2020.108301,data_all/x_time_h/10.1016_j.dyepig.2020.108301/Fig6_C_stability_performance_curve/accepted/10.1016_j.dyepig.2020.108301__Fig6__C__stability_performance_curve__Spiro-OMeTAD__Series_3.csv,10.1016_j.dyepig.2020.108301/10.1016_j.dyepig.2020.108301__Fig6__C__stability_performance_curve__Spiro-OMeTAD__Series_3.csv,aa191cda9134fa1f0f0909b0fc0d667ca70de128a8c1181ccb7c7dbc44de6d0a
F01119,1,10.1016/j.electacta.2016.03.002,data_all/x_time_h/10.1016_j.electacta.2016.03.002/Fig7_A_stability_performance_curve/accepted/10.1016_j.electacta.2016.03.002__Fig7__A__stability_performance_curve__FS__Series_1.csv,10.1016_j.electacta.2016.03.002/10.1016_j.electacta.2016.03.002__Fig7__A__stability_performance_curve__FS__Series_1.csv,d7f2b342b364d06d5adfd97745a9904fce66b83cae65f9ed92817c16b3ce52d0
F01120,1,10.1016/j.electacta.2016.03.002,data_all/x_time_h/10.1016_j.electacta.2016.03.002/Fig7_A_stability_performance_curve/accepted/10.1016_j.electacta.2016.03.002__Fig7__A__stability_performance_curve__LS__Series_2.csv,10.1016_j.electacta.2016.03.002/10.1016_j.electacta.2016.03.002__Fig7__A__stability_performance_curve__LS__Series_2.csv,3f8cd35ad7578d034076d843471d60fd9c35b6c8fe0d9f891bb21f5991b4370e
F01121,1,10.1016/j.electacta.2016.03.002,data_all/x_time_h/10.1016_j.electacta.2016.03.002/Fig7_A_stability_performance_curve/accepted/10.1016_j.electacta.2016.03.002__Fig7__A__stability_performance_curve__S__Series_3.csv,10.1016_j.electacta.2016.03.002/10.1016_j.electacta.2016.03.002__Fig7__A__stability_performance_curve__S__Series_3.csv,b9b6490c578a146fa6deab6dbfb8ccdce5ee6ab34a7543538f5dcf956f9293c2
F01122,1,10.1016/j.electacta.2016.09.138,data_all/x_time_h/10.1016_j.electacta.2016.09.138/Fig6_D_eis_plot_stability_performance_curve/accepted/10.1016_j.electacta.2016.09.138__Fig6__D__eis_plot_stability_performance_curve__PEDOT_PSS__Series_1.csv,10.1016_j.electacta.2016.09.138/10.1016_j.electacta.2016.09.138__Fig6__D__eis_plot_stability_performance_curve__PEDOT_PSS__Series_1.csv,c89096d6806acba33a2e9c2cda1839d1b9d34ac33dd34bb6e36d52e981d88f8c
F01123,1,10.1016/j.electacta.2018.07.029,data_all/x_time_h/10.1016_j.electacta.2018.07.029/Fig7_A_stability_performance_curve_pce_spectrum/accepted/10.1016_j.electacta.2018.07.029__Fig7__A__stability_performance_curve_pce_spectrum__PEDOT_PSS__Series_1.csv,10.1016_j.electacta.2018.07.029/10.1016_j.electacta.2018.07.029__Fig7__A__stability_performance_curve_pce_spectrum__PEDOT_PSS__Series_1.csv,51472d59d8f0e6803de6240cff26bf12002af0d499f598f5d49fe7dcadbe72d2
F01127,1,10.1016/j.electacta.2019.135173,data_all/x_time_h/10.1016_j.electacta.2019.135173/Fig9_C_stability_performance_curve/accepted/10.1016_j.electacta.2019.135173__Fig9__C__stability_performance_curve__Pulse-constant_Potential__Series_2.csv,10.1016_j.electacta.2019.135173/10.1016_j.electacta.2019.135173__Fig9__C__stability_performance_curve__Pulse-constant_Potential__Series_2.csv,cbb9e24c7060d97d3ef8a4ed52c34babbf096e6a557ff36d84e986d9825c077a
F01128,1,10.1016/j.electacta.2021.137812,data_all/x_time_h/10.1016_j.electacta.2021.137812/Fig7_A_stability_performance_curve_pce/accepted/10.1016_j.electacta.2021.137812__Fig7__A__stability_performance_curve_pce__SnO2-PSCs__Series_1.csv,10.1016_j.electacta.2021.137812/10.1016_j.electacta.2021.137812__Fig7__A__stability_performance_curve_pce__SnO2-PSCs__Series_1.csv,46f0e705ea21fa51f52c749f11da96a2058fbed71d6ae4aa6994f484e621ef26
F01129,1,10.1016/j.electacta.2022.140172,data_all/x_time_h/10.1016_j.electacta.2022.140172/Fig6_D_stability_performance_curve_pce/accepted/10.1016_j.electacta.2022.140172__Fig6__D__stability_performance_curve_pce__Control__Series_2.csv,10.1016_j.electacta.2022.140172/10.1016_j.electacta.2022.140172__Fig6__D__stability_performance_curve_pce__Control__Series_2.csv,4acd367abcebd404f6c0de41b1e8e091f1f169aa7133504a6d7d949a605dde68
F01130,1,10.1016/j.flatc.2021.100254,data_all/x_time_h/10.1016_j.flatc.2021.100254/Fig10_whole_stability_performance_curve/accepted/10.1016_j.flatc.2021.100254__Fig10__whole__stability_performance_curve__0.08_mg_mL__Series_2.csv,10.1016_j.flatc.2021.100254/10.1016_j.flatc.2021.100254__Fig10__whole__stability_performance_curve__0.08_mg_mL__Series_2.csv,098912461fb64c6c4727d39f0cf6c9dba7bf4b872f8c215582b2bbe3a0a84209
F01131,1,10.1016/j.heliyon.2024.e25352,data_all/x_time_h/10.1016_j.heliyon.2024.e25352/Fig6_whole_stability_performance_curve_pce/accepted/10.1016_j.heliyon.2024.e25352__Fig6__whole__stability_performance_curve_pce__CsI-0__Series_2.csv,10.1016_j.heliyon.2024.e25352/10.1016_j.heliyon.2024.e25352__Fig6__whole__stability_performance_curve_pce__CsI-0__Series_2.csv,7cb723f73632b7c872fada61c2c690d3b0b52b1dc6571226d8fbcd45264cec64
F01133,1,10.1016/j.jallcom.2019.05.148,data_all/x_time_h/10.1016_j.jallcom.2019.05.148/Fig9_A_stability_performance_curve_pce/accepted/10.1016_j.jallcom.2019.05.148__Fig9__A__stability_performance_curve_pce__TBAO__Series_2.csv,10.1016_j.jallcom.2019.05.148/10.1016_j.jallcom.2019.05.148__Fig9__A__stability_performance_curve_pce__TBAO__Series_2.csv,a850a46ef8531f2226f27318d71eb04b3f38bb53f821a5d890c6f6e51fad29f1
F01135,1,10.1016/j.jallcom.2020.155283,data_all/x_time_h/10.1016_j.jallcom.2020.155283/Fig5_G_stability_performance_curve_jsc/accepted/10.1016_j.jallcom.2020.155283__Fig5__G__stability_performance_curve_jsc__o—w_o_BiBr₃__Series_1.csv,10.1016_j.jallcom.2020.155283/10.1016_j.jallcom.2020.155283__Fig5__G__stability_performance_curve_jsc__o—w_o_BiBr₃__Series_1.csv,21df181347caf095e8f7a162ecc7e565259e93a4486288f8f3f369cedb2246ef
F01137,1,10.1016/j.jallcom.2020.157784,data_all/x_time_h/10.1016_j.jallcom.2020.157784/Fig7_H_stability_performance_curve_pce/accepted/10.1016_j.jallcom.2020.157784__Fig7__H__stability_performance_curve_pce__Without__Series_2.csv,10.1016_j.jallcom.2020.157784/10.1016_j.jallcom.2020.157784__Fig7__H__stability_performance_curve_pce__Without__Series_2.csv,8b8e1430622d960de07182fc7b777da0ce0e8e4c256ceb2e8c282a1b762cb489
F01138,1,10.1016/j.jallcom.2021.159658,data_all/x_time_h/10.1016_j.jallcom.2021.159658/Fig23_whole_stability_performance_curve_pce/accepted/10.1016_j.jallcom.2021.159658__Fig23__whole__stability_performance_curve_pce__ZnO_Ag_(5%)_ETL__Series_2.csv,10.1016_j.jallcom.2021.159658/10.1016_j.jallcom.2021.159658__Fig23__whole__stability_performance_curve_pce__ZnO_Ag_(5%)_ETL__Series_2.csv,a88976cd67ab17ffc31eae3975c6c1c1e1b3575834f9d50640f98b6f60429532
F01139,1,10.1016/j.jallcom.2021.159658,data_all/x_time_h/10.1016_j.jallcom.2021.159658/Fig23_whole_stability_performance_curve_pce/accepted/10.1016_j.jallcom.2021.159658__Fig23__whole__stability_performance_curve_pce__ZnO_ETL__Series_1.csv,10.1016_j.jallcom.2021.159658/10.1016_j.jallcom.2021.159658__Fig23__whole__stability_performance_curve_pce__ZnO_ETL__Series_1.csv,86e4cd391a622763ae316d040f9e3d348066342f5576f6dbdace4154fbfbd98e
F01141,1,10.1016/j.jallcom.2023.170856,data_all/x_time_h/10.1016_j.jallcom.2023.170856/Fig7_whole_stability_performance_curve_pce/accepted/10.1016_j.jallcom.2023.170856__Fig7__whole__stability_performance_curve_pce__0—0nmMgF2__Series_2.csv,10.1016_j.jallcom.2023.170856/10.1016_j.jallcom.2023.170856__Fig7__whole__stability_performance_curve_pce__0—0nmMgF2__Series_2.csv,e08f4859275f54dfb2c864599e17333adb934ab89ae35e7593f686888d7f88d5
F01142,1,10.1016/j.jcis.2021.04.055,data_all/x_time_h/10.1016_j.jcis.2021.04.055/Fig8_A_stability_performance_curve_pce/accepted/10.1016_j.jcis.2021.04.055__Fig8__A__stability_performance_curve_pce__w_o_C₆₀-tBu-I__Series_1.csv,10.1016_j.jcis.2021.04.055/10.1016_j.jcis.2021.04.055__Fig8__A__stability_performance_curve_pce__w_o_C₆₀-tBu-I__Series_1.csv,9764465e0df938cd83e5627bf9345a720b311f4e809e201026a5ac890f578e19
F01143,1,10.1016/j.jcis.2021.07.058,data_all/x_time_h/10.1016_j.jcis.2021.07.058/Fig4_B_stability_performance_curve_pce/accepted/10.1016_j.jcis.2021.07.058__Fig4__B__stability_performance_curve_pce__(SnS₂_SnS)_PVK+DTA_CuSCN_C__Series_4.csv,10.1016_j.jcis.2021.07.058/10.1016_j.jcis.2021.07.058__Fig4__B__stability_performance_curve_pce__(SnS₂_SnS)_PVK+DTA_CuSCN_C__Series_4.csv,6cc74313f208576eb8a4c3825748822459cbf4a8f56330489080d94f7182e346
F01148,1,10.1016/j.jechem.2019.08.015,data_all/x_time_h/10.1016_j.jechem.2019.08.015/Fig5_D_stability_performance_curve_ff/accepted/10.1016_j.jechem.2019.08.015__Fig5__D__stability_performance_curve_ff__IDT1__Series_2.csv,10.1016_j.jechem.2019.08.015/10.1016_j.jechem.2019.08.015__Fig5__D__stability_performance_curve_ff__IDT1__Series_2.csv,6423a0cfc2be4bbe168700229daf84ed085e119ea837aad7289ba7a0beaa00a8
F01149,1,10.1016/j.jechem.2019.08.015,data_all/x_time_h/10.1016_j.jechem.2019.08.015/Fig5_D_stability_performance_curve_ff/accepted/10.1016_j.jechem.2019.08.015__Fig5__D__stability_performance_curve_ff__IDT2__Series_1.csv,10.1016_j.jechem.2019.08.015/10.1016_j.jechem.2019.08.015__Fig5__D__stability_performance_curve_ff__IDT2__Series_1.csv,2c8dad011d2ac22447155ab15588782e3e69246bfca063237dec376f4cd53ae9
F01150,1,10.1016/j.jechem.2019.08.015,data_all/x_time_h/10.1016_j.jechem.2019.08.015/Fig5_D_stability_performance_curve_ff/accepted/10.1016_j.jechem.2019.08.015__Fig5__D__stability_performance_curve_ff__Spiro-OMeTAD__Series_3.csv,10.1016_j.jechem.2019.08.015/10.1016_j.jechem.2019.08.015__Fig5__D__stability_performance_curve_ff__Spiro-OMeTAD__Series_3.csv,e176e18f51289d2082ce04c711599b64f02b58cabc11c0e1702c0b8caf902674
F01151,1,10.1016/j.jechem.2019.09.014,data_all/x_time_h/10.1016_j.jechem.2019.09.014/Fig7_D_pce/accepted/10.1016_j.jechem.2019.09.014__Fig7__D__pce__Pristine__Series_1.csv,10.1016_j.jechem.2019.09.014/10.1016_j.jechem.2019.09.014__Fig7__D__pce__Pristine__Series_1.csv,d0bdcdff2a22fc1c3895fa3da975cf33c8069b555ba843e04c11e843f4f33daf
F01152,1,10.1016/j.jechem.2019.10.006,data_all/x_time_h/10.1016_j.jechem.2019.10.006/Fig4_D_stability_performance_curve_pce/accepted/10.1016_j.jechem.2019.10.006__Fig4__D__stability_performance_curve_pce__MAPbl₃__Series_2.csv,10.1016_j.jechem.2019.10.006/10.1016_j.jechem.2019.10.006__Fig4__D__stability_performance_curve_pce__MAPbl₃__Series_2.csv,0cb42c0af19de9ce31a27580bd878238af4d3f95741da7f681a60529c9298776
F01153,1,10.1016/j.jechem.2019.10.006,data_all/x_time_h/10.1016_j.jechem.2019.10.006/Fig4_F_stability_performance_curve_voc/accepted/10.1016_j.jechem.2019.10.006__Fig4__F__stability_performance_curve_voc__MAPbI₃__Series_1.csv,10.1016_j.jechem.2019.10.006/10.1016_j.jechem.2019.10.006__Fig4__F__stability_performance_curve_voc__MAPbI₃__Series_1.csv,f036c4c18d479f0cf9e73cdd109f4ebd1407d566cd480fa03faf8a0cb429b1a0
F01154,1,10.1016/j.jechem.2020.05.047,data_all/x_time_h/10.1016_j.jechem.2020.05.047/Fig5_C_stability_performance_curve/accepted/10.1016_j.jechem.2020.05.047__Fig5__C__stability_performance_curve__W_OTBUP__Series_1.csv,10.1016_j.jechem.2020.05.047/10.1016_j.jechem.2020.05.047__Fig5__C__stability_performance_curve__W_OTBUP__Series_1.csv,643fc51771d67906b65799f27042f969b4aa5da89ee9c8ce055ab6d13639e250
F01156,1,10.1016/j.jechem.2020.06.019,data_all/x_time_h/10.1016_j.jechem.2020.06.019/Fig6_A_jv_curve_stability_performance_pce/accepted/10.1016_j.jechem.2020.06.019__Fig6__A__jv_curve_stability_performance_pce__Pristine__Series_1.csv,10.1016_j.jechem.2020.06.019/10.1016_j.jechem.2020.06.019__Fig6__A__jv_curve_stability_performance_pce__Pristine__Series_1.csv,e5ea47ff1a666c65bff5476f43640609fa182c950615425572396968ba4caba9
F01157,1,10.1016/j.jechem.2020.06.019,data_all/x_time_h/10.1016_j.jechem.2020.06.019/Fig6_A_jv_curve_stability_performance_pce/accepted/10.1016_j.jechem.2020.06.019__Fig6__A__jv_curve_stability_performance_pce__SIP-KCI__Series_2.csv,10.1016_j.jechem.2020.06.019/10.1016_j.jechem.2020.06.019__Fig6__A__jv_curve_stability_performance_pce__SIP-KCI__Series_2.csv,48ec35bfca9b3c30ee6e48796f5db51db2c2360f1b32a4d88ede273636caad12
F01158,1,10.1016/j.jechem.2020.06.019,data_all/x_time_h/10.1016_j.jechem.2020.06.019/Fig6_B_mppt_stability_performance_curve/accepted/10.1016_j.jechem.2020.06.019__Fig6__B__mppt_stability_performance_curve__DIP-KCI__Series_3.csv,10.1016_j.jechem.2020.06.019/10.1016_j.jechem.2020.06.019__Fig6__B__mppt_stability_performance_curve__DIP-KCI__Series_3.csv,a7be4e451ecf0bf70f122bc6900797498dccc64fd0478286e561a31bb2ec0c70
F01159,1,10.1016/j.jechem.2020.06.019,data_all/x_time_h/10.1016_j.jechem.2020.06.019/Fig6_B_mppt_stability_performance_curve/accepted/10.1016_j.jechem.2020.06.019__Fig6__B__mppt_stability_performance_curve__Pristine__Series_1.csv,10.1016_j.jechem.2020.06.019/10.1016_j.jechem.2020.06.019__Fig6__B__mppt_stability_performance_curve__Pristine__Series_1.csv,a155f9a5db863eeb39686c23670f75ca57830492ee2836b91075320423d0d916
F01160,1,10.1016/j.jechem.2020.06.019,data_all/x_time_h/10.1016_j.jechem.2020.06.019/Fig6_B_mppt_stability_performance_curve/accepted/10.1016_j.jechem.2020.06.019__Fig6__B__mppt_stability_performance_curve__SIP-KCI__Series_2.csv,10.1016_j.jechem.2020.06.019/10.1016_j.jechem.2020.06.019__Fig6__B__mppt_stability_performance_curve__SIP-KCI__Series_2.csv,3e03315e591eac856794140156b1657dd76e7902fceb37b59389b6250791da98
F01161,1,10.1016/j.jechem.2020.06.061,data_all/x_time_h/10.1016_j.jechem.2020.06.061/Fig2_D_stability_performance_curve_pce_jsc_2/accepted/10.1016_j.jechem.2020.06.061__Fig2__D__stability_performance_curve_pce_jsc_2__w_o__Series_1.csv,10.1016_j.jechem.2020.06.061/10.1016_j.jechem.2020.06.061__Fig2__D__stability_performance_curve_pce_jsc_2__w_o__Series_1.csv,b77a3f1ea22d84bc8d7884c93143362dbbb2338b08fbf6f0f1c9f3d6878a5ec0
F01163,1,10.1016/j.jechem.2020.08.055,data_all/x_time_h/10.1016_j.jechem.2020.08.055/Fig4_B_stability/accepted/10.1016_j.jechem.2020.08.055__Fig4__B__stability__FA-0__Series_1.csv,10.1016_j.jechem.2020.08.055/10.1016_j.jechem.2020.08.055__Fig4__B__stability__FA-0__Series_1.csv,aa5f64e3d75f7a30b45fc284a5edfa15aa5bbe77bf0d472c4bd8f1f6dec9d443
F01165,1,10.1016/j.jechem.2021.02.017,data_all/x_time_h/10.1016_j.jechem.2021.02.017/Fig4_F_stability_performance_curve_voc/accepted/10.1016_j.jechem.2021.02.017__Fig4__F__stability_performance_curve_voc__Control__Series_1.csv,10.1016_j.jechem.2021.02.017/10.1016_j.jechem.2021.02.017__Fig4__F__stability_performance_curve_voc__Control__Series_1.csv,1aa8e9eb71aea01b6e5eb96de5f347b260866ce83daa27230f5fda266731b996
F01166,1,10.1016/j.jechem.2021.04.023,data_all/x_time_h/10.1016_j.jechem.2021.04.023/Fig3_F_stability_performance_curve_pce/accepted/10.1016_j.jechem.2021.04.023__Fig3__F__stability_performance_curve_pce__o—Control__Series_2.csv,10.1016_j.jechem.2021.04.023/10.1016_j.jechem.2021.04.023__Fig3__F__stability_performance_curve_pce__o—Control__Series_2.csv,bac64fb4111f496c7e6699272bb3b257344198c99fc6669ea376e556776623ed
F01167,1,10.1016/j.jechem.2021.04.063,data_all/x_time_h/10.1016_j.jechem.2021.04.063/Fig6_C_stability_performance_curve_pce/accepted/10.1016_j.jechem.2021.04.063__Fig6__C__stability_performance_curve_pce__Control__Series_1.csv,10.1016_j.jechem.2021.04.063/10.1016_j.jechem.2021.04.063__Fig6__C__stability_performance_curve_pce__Control__Series_1.csv,33eda1c493f5821442bf9ebf8a87af31391a49161dd442edfe77b2a1d85fc5ab
F01168,1,10.1016/j.jechem.2021.04.063,data_all/x_time_h/10.1016_j.jechem.2021.04.063/Fig6_C_stability_performance_curve_pce/accepted/10.1016_j.jechem.2021.04.063__Fig6__C__stability_performance_curve_pce__F-T__Series_2.csv,10.1016_j.jechem.2021.04.063/10.1016_j.jechem.2021.04.063__Fig6__C__stability_performance_curve_pce__F-T__Series_2.csv,a4173649c168bd1f12f66765568b863735332eea97ded917ce5971ff684e0ab9
F01169,1,10.1016/j.jechem.2021.04.063,data_all/x_time_h/10.1016_j.jechem.2021.04.063/Fig6_C_stability_performance_curve_pce/accepted/10.1016_j.jechem.2021.04.063__Fig6__C__stability_performance_curve_pce__F₂-T__Series_3.csv,10.1016_j.jechem.2021.04.063/10.1016_j.jechem.2021.04.063__Fig6__C__stability_performance_curve_pce__F₂-T__Series_3.csv,87fef2969e754b8ca1ed8afa7fb962d5d7eb4fee88a4bb877d7426768f94d053
F01170,1,10.1016/j.jechem.2021.04.063,data_all/x_time_h/10.1016_j.jechem.2021.04.063/Fig6_C_stability_performance_curve_pce/accepted/10.1016_j.jechem.2021.04.063__Fig6__C__stability_performance_curve_pce__F₃-T__Series_4.csv,10.1016_j.jechem.2021.04.063/10.1016_j.jechem.2021.04.063__Fig6__C__stability_performance_curve_pce__F₃-T__Series_4.csv,fa5c457cc4fda01725a58a5f1e9973a278291de9704bc9ebae87499dc3df226f
F01171,1,10.1016/j.jechem.2021.04.063,data_all/x_time_h/10.1016_j.jechem.2021.04.063/Fig6_C_stability_performance_curve_pce/accepted/10.1016_j.jechem.2021.04.063__Fig6__C__stability_performance_curve_pce__F₅-T__Series_5.csv,10.1016_j.jechem.2021.04.063/10.1016_j.jechem.2021.04.063__Fig6__C__stability_performance_curve_pce__F₅-T__Series_5.csv,18775e9a1036b2b06a48e77bb5986553c9baf17e79beb1245379de99119482db
F01174,1,10.1016/j.jechem.2021.05.042,data_all/x_time_h/10.1016_j.jechem.2021.05.042/Fig6_F_stability_performance_curve/accepted/10.1016_j.jechem.2021.05.042__Fig6__F__stability_performance_curve__Control__Series_3.csv,10.1016_j.jechem.2021.05.042/10.1016_j.jechem.2021.05.042__Fig6__F__stability_performance_curve__Control__Series_3.csv,145377040d7af8ef9f5f43fc488f82178b61bbb90c7e72d193170c0591c6f432
F01175,1,10.1016/j.jechem.2021.06.023,data_all/x_time_h/10.1016_j.jechem.2021.06.023/Fig6_F_sem_image_stability_performance_curve_pce/accepted/10.1016_j.jechem.2021.06.023__Fig6__F__sem_image_stability_performance_curve_pce__AA__Series_2.csv,10.1016_j.jechem.2021.06.023/10.1016_j.jechem.2021.06.023__Fig6__F__sem_image_stability_performance_curve_pce__AA__Series_2.csv,0364186d37d34a9132e9ad670ef320785598dc449de3e5a54f79ccf33ab982aa
F01176,1,10.1016/j.jechem.2021.06.023,data_all/x_time_h/10.1016_j.jechem.2021.06.023/Fig6_F_sem_image_stability_performance_curve_pce/accepted/10.1016_j.jechem.2021.06.023__Fig6__F__sem_image_stability_performance_curve_pce__CT__Series_1.csv,10.1016_j.jechem.2021.06.023/10.1016_j.jechem.2021.06.023__Fig6__F__sem_image_stability_performance_curve_pce__CT__Series_1.csv,a34a9a9e26937abb6acc91fd139b98ac0cb1e8ac16d0dfce25d8a16ad1416f8a
F01178,1,10.1016/j.jechem.2021.08.021,data_all/x_time_h/10.1016_j.jechem.2021.08.021/Fig5_G_stability_performance_curve_pce_voc/accepted/10.1016_j.jechem.2021.08.021__Fig5__G__stability_performance_curve_pce_voc__w_o_GABr__Series_2.csv,10.1016_j.jechem.2021.08.021/10.1016_j.jechem.2021.08.021__Fig5__G__stability_performance_curve_pce_voc__w_o_GABr__Series_2.csv,734bb16b1ecee9fbc992d451003249e87de895cede89863048363f9cc16fa4d9
F01180,1,10.1016/j.jmat.2021.02.004,data_all/x_time_h/10.1016_j.jmat.2021.02.004/Fig6_A_stability_performance_curve/accepted/10.1016_j.jmat.2021.02.004__Fig6__A__stability_performance_curve__o-Control__Series_1.csv,10.1016_j.jmat.2021.02.004/10.1016_j.jmat.2021.02.004__Fig6__A__stability_performance_curve__o-Control__Series_1.csv,dc101035fd5b9a5489982f1720d2827bee490b8107daa5ef118e648414ee02e7
F01181,1,10.1016/j.jmat.2021.02.004,data_all/x_time_h/10.1016_j.jmat.2021.02.004/Fig6_B_stability_performance_curve/accepted/10.1016_j.jmat.2021.02.004__Fig6__B__stability_performance_curve__o-Control__Series_1.csv,10.1016_j.jmat.2021.02.004/10.1016_j.jmat.2021.02.004__Fig6__B__stability_performance_curve__o-Control__Series_1.csv,fa668a6bf17f1f9fd80fd600d01487fea70f9fef70f567d6ccf75659c828f79e
F01182,1,10.1016/j.jmat.2021.08.007,data_all/x_time_h/10.1016_j.jmat.2021.08.007/Fig6_A_stability_performance_curve/accepted/10.1016_j.jmat.2021.08.007__Fig6__A__stability_performance_curve__1.0_wt%_CNDs__Series_2.csv,10.1016_j.jmat.2021.08.007/10.1016_j.jmat.2021.08.007__Fig6__A__stability_performance_curve__1.0_wt%_CNDs__Series_2.csv,590731714701616deb8accd866f937bab2e6fc6391d4f1e5a02684873d585200
F01183,1,10.1016/j.jmat.2021.08.007,data_all/x_time_h/10.1016_j.jmat.2021.08.007/Fig6_A_stability_performance_curve/accepted/10.1016_j.jmat.2021.08.007__Fig6__A__stability_performance_curve__pristine__Series_1.csv,10.1016_j.jmat.2021.08.007/10.1016_j.jmat.2021.08.007__Fig6__A__stability_performance_curve__pristine__Series_1.csv,99e4c35d24c4701dc3ac9c1753404d482a9356d2587d609f1f5f11579073b7a8
F01184,1,10.1016/j.jmrt.2021.04.070,data_all/x_time_h/10.1016_j.jmrt.2021.04.070/Fig4_F_sem_image_stability_performance_curve_pce/accepted/10.1016_j.jmrt.2021.04.070__Fig4__F__sem_image_stability_performance_curve_pce__DBP__Series_1.csv,10.1016_j.jmrt.2021.04.070/10.1016_j.jmrt.2021.04.070__Fig4__F__sem_image_stability_performance_curve_pce__DBP__Series_1.csv,83bd50143a33f7bed93ff1554ff0907095e853bc9ac0724e03278c18aa403669
F01186,1,10.1016/j.jmrt.2021.12.012,data_all/x_time_h/10.1016_j.jmrt.2021.12.012/Fig14_D_stability_performance_curve_pce/accepted/10.1016_j.jmrt.2021.12.012__Fig14__D__stability_performance_curve_pce__HTM_free__Series_3.csv,10.1016_j.jmrt.2021.12.012/10.1016_j.jmrt.2021.12.012__Fig14__D__stability_performance_curve_pce__HTM_free__Series_3.csv,8711daacc3a6e9b84a2a27debea5617874c01ad1b0f17c0e51d2471ba41c462a
F01187,1,10.1016/j.jmrt.2021.12.012,data_all/x_time_h/10.1016_j.jmrt.2021.12.012/Fig14_D_stability_performance_curve_pce/accepted/10.1016_j.jmrt.2021.12.012__Fig14__D__stability_performance_curve_pce__Spiro-OMeTAD__Series_2.csv,10.1016_j.jmrt.2021.12.012/10.1016_j.jmrt.2021.12.012__Fig14__D__stability_performance_curve_pce__Spiro-OMeTAD__Series_2.csv,c1205b50fe69ee890d58e66bcfb6ad575fb649e13882509c11455bfe0a4ec5b3
F01188,1,10.1016/j.jmrt.2021.12.012,data_all/x_time_h/10.1016_j.jmrt.2021.12.012/Fig14_D_stability_performance_curve_pce/accepted/10.1016_j.jmrt.2021.12.012__Fig14__D__stability_performance_curve_pce__ZnPor_rGO_CuO_bio-nanocomposite__Series_1.csv,10.1016_j.jmrt.2021.12.012/10.1016_j.jmrt.2021.12.012__Fig14__D__stability_performance_curve_pce__ZnPor_rGO_CuO_bio-nanocomposite__Series_1.csv,10008316e0ea3fa1f2ebf74ae2a80de75f79f576e7ac85508e5d7cbeae1787db
F01189,1,10.1016/j.jmst.2021.05.084,data_all/x_time_h/10.1016_j.jmst.2021.05.084/Fig5_B_stability_performance_curve_pce/accepted/10.1016_j.jmst.2021.05.084__Fig5__B__stability_performance_curve_pce__0wt%__Series_2.csv,10.1016_j.jmst.2021.05.084/10.1016_j.jmst.2021.05.084__Fig5__B__stability_performance_curve_pce__0wt%__Series_2.csv,0867f00e386b179c8fcc8d77cefa2c54ef8b1435f085229401cbb8bcbf24959b
F01190,1,10.1016/j.joule.2017.11.006,data_all/x_time_h/10.1016_j.joule.2017.11.006/Fig3_A_pce/accepted/10.1016_j.joule.2017.11.006__Fig3__A__pce__PCBM__Series_2.csv,10.1016_j.joule.2017.11.006/10.1016_j.joule.2017.11.006__Fig3__A__pce__PCBM__Series_2.csv,65a6ecfb812689b73cc6e21db2bc94c92f27f648b422702696e84bd5231a5e7d
F01192,1,10.1016/j.joule.2018.10.011,data_all/x_time_h/10.1016_j.joule.2018.10.011/Fig4_E_jv_curve_stability_performance_pce/accepted/10.1016_j.joule.2018.10.011__Fig4__E__jv_curve_stability_performance_pce__GTA-ATS-Tol__Series_2.csv,10.1016_j.joule.2018.10.011/10.1016_j.joule.2018.10.011__Fig4__E__jv_curve_stability_performance_pce__GTA-ATS-Tol__Series_2.csv,b7448d800ffcd8e462f6e2b86778da080b60815ed8552f7a262c25b5eb9749fe
F01193,1,10.1016/j.joule.2018.10.011,data_all/x_time_h/10.1016_j.joule.2018.10.011/Fig4_E_jv_curve_stability_performance_pce/accepted/10.1016_j.joule.2018.10.011__Fig4__E__jv_curve_stability_performance_pce__GTA__Series_1.csv,10.1016_j.joule.2018.10.011/10.1016_j.joule.2018.10.011__Fig4__E__jv_curve_stability_performance_pce__GTA__Series_1.csv,6f398610fd5fbdfaae5df9f7689cc51a882016383326c6f6a6fa797e8587dabe
F01196,1,10.1016/j.joule.2018.11.026,data_all/x_time_h/10.1016_j.joule.2018.11.026/Fig6_B_stability_performance_curve_pce/accepted/10.1016_j.joule.2018.11.026__Fig6__B__stability_performance_curve_pce__(PA)2(MA)₃Pb413__Series_2.csv,10.1016_j.joule.2018.11.026/10.1016_j.joule.2018.11.026__Fig6__B__stability_performance_curve_pce__(PA)2(MA)₃Pb413__Series_2.csv,8205edf299143f1028130ea9497efe6cdfd19dad2c16780eccda6c5393895eb9
F01197,1,10.1016/j.joule.2018.11.026,data_all/x_time_h/10.1016_j.joule.2018.11.026/Fig6_B_stability_performance_curve_pce/accepted/10.1016_j.joule.2018.11.026__Fig6__B__stability_performance_curve_pce__MAPbl₃__Series_3.csv,10.1016_j.joule.2018.11.026/10.1016_j.joule.2018.11.026__Fig6__B__stability_performance_curve_pce__MAPbl₃__Series_3.csv,b079a225f17a2f33c80c846c2a8aaeb83c8d2d7111ea0e38f95027008c195c8e
F01198,1,10.1016/j.joule.2018.11.026,data_all/x_time_h/10.1016_j.joule.2018.11.026/Fig6_C_stability_performance_curve_pce/accepted/10.1016_j.joule.2018.11.026__Fig6__C__stability_performance_curve_pce__0-(PA)2(MA)₃Pb₂13-_MAPb13__Series_2.csv,10.1016_j.joule.2018.11.026/10.1016_j.joule.2018.11.026__Fig6__C__stability_performance_curve_pce__0-(PA)2(MA)₃Pb₂13-_MAPb13__Series_2.csv,44e72c18e4c7296dde93e6b5d1f8817ca0241ca7ae9deda20f7e3b5e525e1ef9
F01199,1,10.1016/j.joule.2018.11.026,data_all/x_time_h/10.1016_j.joule.2018.11.026/Fig6_C_stability_performance_curve_pce/accepted/10.1016_j.joule.2018.11.026__Fig6__C__stability_performance_curve_pce__MAPb13__Series_3.csv,10.1016_j.joule.2018.11.026/10.1016_j.joule.2018.11.026__Fig6__C__stability_performance_curve_pce__MAPb13__Series_3.csv,d18c8677fa47ca58f9ea15f634b0ea3654847118ea3cbc1efef72d5555a49f14
F01201,1,10.1016/j.joule.2019.07.030,data_all/x_time_h/10.1016_j.joule.2019.07.030/Fig5_A_stability_performance_curve_ff_pce/accepted/10.1016_j.joule.2019.07.030__Fig5__A__stability_performance_curve_ff_pce__w_o_DBL__Series_2.csv,10.1016_j.joule.2019.07.030/10.1016_j.joule.2019.07.030__Fig5__A__stability_performance_curve_ff_pce__w_o_DBL__Series_2.csv,cdaea0fd9b3aa2e17cdc15670414fb1c7014385e0653510e484ec31405af6ec0
F01202,1,10.1016/j.joule.2019.07.030,data_all/x_time_h/10.1016_j.joule.2019.07.030/Fig5_B_mppt_stability_performance_curve_pce/accepted/10.1016_j.joule.2019.07.030__Fig5__B__mppt_stability_performance_curve_pce__w_o_DBL__Series_1.csv,10.1016_j.joule.2019.07.030/10.1016_j.joule.2019.07.030__Fig5__B__mppt_stability_performance_curve_pce__w_o_DBL__Series_1.csv,54fd9cb7a4b76041502515ddaa03cb0452f4bcbcf08196c8d2e8d6e30f140c5b
F01203,1,10.1016/j.joule.2020.12.003,data_all/x_time_h/10.1016_j.joule.2020.12.003/Fig6_C_mppt_stability_performance_curve_pce/accepted/10.1016_j.joule.2020.12.003__Fig6__C__mppt_stability_performance_curve_pce__o-w_Spiro__Series_2.csv,10.1016_j.joule.2020.12.003/10.1016_j.joule.2020.12.003__Fig6__C__mppt_stability_performance_curve_pce__o-w_Spiro__Series_2.csv,6c96972dae992ddc73f5b99729269bf634fe2eede84d6422d85d4716cdc4262d
F01205,1,10.1016/j.joule.2021.06.001,data_all/x_time_h/10.1016_j.joule.2021.06.001/Fig4_F_stability_performance_curve_pce/accepted/10.1016_j.joule.2021.06.001__Fig4__F__stability_performance_curve_pce__Control__Series_1.csv,10.1016_j.joule.2021.06.001/10.1016_j.joule.2021.06.001__Fig4__F__stability_performance_curve_pce__Control__Series_1.csv,cda0806d1038770fc94b8d927995fccb8c7c9173555735bbcff326f73132078e
F01206,1,10.1016/j.jpcs.2020.109792,data_all/x_time_h/10.1016_j.jpcs.2020.109792/Fig5_B_stability_performance_curve_pce/accepted/10.1016_j.jpcs.2020.109792__Fig5__B__stability_performance_curve_pce__ACN_0%__Series_2.csv,10.1016_j.jpcs.2020.109792/10.1016_j.jpcs.2020.109792__Fig5__B__stability_performance_curve_pce__ACN_0%__Series_2.csv,04ae5c1999b09f347d24ec209bbfa3dec239866108bc9f6aeaa6e8cd7850a2c2
F01207,1,10.1016/j.jpcs.2020.109792,data_all/x_time_h/10.1016_j.jpcs.2020.109792/Fig5_C_stability_performance_curve_pce/accepted/10.1016_j.jpcs.2020.109792__Fig5__C__stability_performance_curve_pce__ACN_0%__Series_1.csv,10.1016_j.jpcs.2020.109792/10.1016_j.jpcs.2020.109792__Fig5__C__stability_performance_curve_pce__ACN_0%__Series_1.csv,ce45a3bf5ff5bd8c47700249f5dedb4d8d0707aa0a951651a9be981140d3d184
F01211,1,10.1016/j.jpowsour.2019.227386,data_all/x_time_h/10.1016_j.jpowsour.2019.227386/Fig8_D_stability_performance_curve_pce/accepted/10.1016_j.jpowsour.2019.227386__Fig8__D__stability_performance_curve_pce__FABr-0__Series_1.csv,10.1016_j.jpowsour.2019.227386/10.1016_j.jpowsour.2019.227386__Fig8__D__stability_performance_curve_pce__FABr-0__Series_1.csv,361963af05fe28782eb4006c135b2b10b96d84b93cf587743ad00d8a756742fa
F01212,1,10.1016/j.jpowsour.2019.227386,data_all/x_time_h/10.1016_j.jpowsour.2019.227386/Fig8_D_stability_performance_curve_pce/accepted/10.1016_j.jpowsour.2019.227386__Fig8__D__stability_performance_curve_pce__Trad-Mixed-PSC__Series_3.csv,10.1016_j.jpowsour.2019.227386/10.1016_j.jpowsour.2019.227386__Fig8__D__stability_performance_curve_pce__Trad-Mixed-PSC__Series_3.csv,eed340a8e315ad91ec6a1ff24fa11f1f436214db1aec5437f0152b22755cd8d7
F01213,1,10.1016/j.jpowsour.2019.227504,data_all/x_time_h/10.1016_j.jpowsour.2019.227504/Fig7_whole_stability/accepted/10.1016_j.jpowsour.2019.227504__Fig7__whole__stability__TiO2__Series_2.csv,10.1016_j.jpowsour.2019.227504/10.1016_j.jpowsour.2019.227504__Fig7__whole__stability__TiO2__Series_2.csv,7a878a8a8ce8da2d4ed8a2e3faa1de3e2dfc67070a2ef7181f64b32c168c494f
F01214,1,10.1016/j.jpowsour.2020.228818,data_all/x_time_h/10.1016_j.jpowsour.2020.228818/Fig6_B_stability_performance_curve_pce/accepted/10.1016_j.jpowsour.2020.228818__Fig6__B__stability_performance_curve_pce__MAPb0.99TI0.013__Series_2.csv,10.1016_j.jpowsour.2020.228818/10.1016_j.jpowsour.2020.228818__Fig6__B__stability_performance_curve_pce__MAPb0.99TI0.013__Series_2.csv,46da50a4789a10de319852e306e8b3597028bc0a03fa113fe656225c0f55c078
F01215,1,10.1016/j.jpowsour.2020.228818,data_all/x_time_h/10.1016_j.jpowsour.2020.228818/Fig6_B_stability_performance_curve_pce/accepted/10.1016_j.jpowsour.2020.228818__Fig6__B__stability_performance_curve_pce__MAPbl3__Series_1.csv,10.1016_j.jpowsour.2020.228818/10.1016_j.jpowsour.2020.228818__Fig6__B__stability_performance_curve_pce__MAPbl3__Series_1.csv,cad7061906842699e325cd53790911d4bd7671da4bcb5262d3417a6e19a09ed3
F01216,1,10.1016/j.jpowsour.2020.228965,data_all/x_time_h/10.1016_j.jpowsour.2020.228965/Fig6_D_stability_performance_curve/accepted/10.1016_j.jpowsour.2020.228965__Fig6__D__stability_performance_curve__Control__Series_2.csv,10.1016_j.jpowsour.2020.228965/10.1016_j.jpowsour.2020.228965__Fig6__D__stability_performance_curve__Control__Series_2.csv,a6a3cfddeb255f3620e4c2bcbdc0763e41e64e1b51c2b13fbfaaaae64cec2bab
F01217,1,10.1016/j.jpowsour.2020.229345,data_all/x_time_h/10.1016_j.jpowsour.2020.229345/Fig8_D_stability_performance_curve_jsc/accepted/10.1016_j.jpowsour.2020.229345__Fig8__D__stability_performance_curve_jsc__Bare__Series_1.csv,10.1016_j.jpowsour.2020.229345/10.1016_j.jpowsour.2020.229345__Fig8__D__stability_performance_curve_jsc__Bare__Series_1.csv,5300af30524bb273d9191507b42b92fdbbdf173c5e6556a86bfb00aa7bf74bd1
F01218,1,10.1016/j.jpowsour.2020.229345,data_all/x_time_h/10.1016_j.jpowsour.2020.229345/Fig8_D_stability_performance_curve_jsc/accepted/10.1016_j.jpowsour.2020.229345__Fig8__D__stability_performance_curve_jsc__Perovskite_PEG__Series_2.csv,10.1016_j.jpowsour.2020.229345/10.1016_j.jpowsour.2020.229345__Fig8__D__stability_performance_curve_jsc__Perovskite_PEG__Series_2.csv,0a18a6e4a3345109f183ff12dffeb68a3f22191e9f1bc44aae9739409b637380
F01220,1,10.1016/j.jpowsour.2021.229621,data_all/x_time_h/10.1016_j.jpowsour.2021.229621/Fig4_E_stability_performance_curve_pce/accepted/10.1016_j.jpowsour.2021.229621__Fig4__E__stability_performance_curve_pce__TEAH_treated__Series_2.csv,10.1016_j.jpowsour.2021.229621/10.1016_j.jpowsour.2021.229621__Fig4__E__stability_performance_curve_pce__TEAH_treated__Series_2.csv,684a3a1cb0fcce8896f104c69c01e8b8d3288197d40aaf59f5fad52630db90d7
F01225,1,10.1016/j.jpowsour.2021.230120,data_all/x_time_h/10.1016_j.jpowsour.2021.230120/Fig5_whole_stability_performance_curve_pce/accepted/10.1016_j.jpowsour.2021.230120__Fig5__whole__stability_performance_curve_pce__Dopant-free__Series_1.csv,10.1016_j.jpowsour.2021.230120/10.1016_j.jpowsour.2021.230120__Fig5__whole__stability_performance_curve_pce__Dopant-free__Series_1.csv,6f3a97932d91acd83fefc11bef5a0017a08bab60ccf438795ba6430191b7ab4c
F01226,1,10.1016/j.jpowsour.2021.230213,data_all/x_time_h/10.1016_j.jpowsour.2021.230213/Fig5_A_stability_performance_curve_pce/accepted/10.1016_j.jpowsour.2021.230213__Fig5__A__stability_performance_curve_pce__Control__Series_1.csv,10.1016_j.jpowsour.2021.230213/10.1016_j.jpowsour.2021.230213__Fig5__A__stability_performance_curve_pce__Control__Series_1.csv,5858352292d90d8093ded3120160db3292aee72de65f9191c191821238c37a95
F01227,1,10.1016/j.jpowsour.2021.230213,data_all/x_time_h/10.1016_j.jpowsour.2021.230213/Fig5_B_stability_performance_curve_pce/accepted/10.1016_j.jpowsour.2021.230213__Fig5__B__stability_performance_curve_pce__Control__Series_2.csv,10.1016_j.jpowsour.2021.230213/10.1016_j.jpowsour.2021.230213__Fig5__B__stability_performance_curve_pce__Control__Series_2.csv,4257d7980a8f74b9f5b8939748ff02b75c154b8c2bb15708aef7ef555c3cdb9b
F01228,1,10.1016/j.jpowsour.2021.230213,data_all/x_time_h/10.1016_j.jpowsour.2021.230213/Fig5_C_stability_performance_curve_pce/accepted/10.1016_j.jpowsour.2021.230213__Fig5__C__stability_performance_curve_pce__Control__Series_1.csv,10.1016_j.jpowsour.2021.230213/10.1016_j.jpowsour.2021.230213__Fig5__C__stability_performance_curve_pce__Control__Series_1.csv,843a8f2513791e8efc0a104104b6568d8db95c63d8e080c337cc7f35e0aa458a
F01229,1,10.1016/j.jpowsour.2021.230534,data_all/x_time_h/10.1016_j.jpowsour.2021.230534/Fig4_A_stability_performance_curve_pce/accepted/10.1016_j.jpowsour.2021.230534__Fig4__A__stability_performance_curve_pce__Control__Series_2.csv,10.1016_j.jpowsour.2021.230534/10.1016_j.jpowsour.2021.230534__Fig4__A__stability_performance_curve_pce__Control__Series_2.csv,f9806cc8f05e28dde4960b80c2749bb8b3bb1e99f5635a8d3962706f092f7821
F01230,1,10.1016/j.jpowsour.2021.230534,data_all/x_time_h/10.1016_j.jpowsour.2021.230534/Fig4_A_stability_performance_curve_pce/accepted/10.1016_j.jpowsour.2021.230534__Fig4__A__stability_performance_curve_pce__Y6_treated'__Series_1.csv,10.1016_j.jpowsour.2021.230534/10.1016_j.jpowsour.2021.230534__Fig4__A__stability_performance_curve_pce__Y6_treated'__Series_1.csv,42e24141f430744d130e14d133f577262f47db2aa36b0af77de85c4fe5fc0644
F01231,1,10.1016/j.jpowsour.2021.230534,data_all/x_time_h/10.1016_j.jpowsour.2021.230534/Fig4_C_stability/accepted/10.1016_j.jpowsour.2021.230534__Fig4__C__stability__Crotrol_devices__Series_1.csv,10.1016_j.jpowsour.2021.230534/10.1016_j.jpowsour.2021.230534__Fig4__C__stability__Crotrol_devices__Series_1.csv,da6aa07a79e4b5de258d0a6c66775f78fa3c102c5e64b2df3c84e43d1731383c
F01232,1,10.1016/j.jpowsour.2021.230534,data_all/x_time_h/10.1016_j.jpowsour.2021.230534/Fig4_C_stability/accepted/10.1016_j.jpowsour.2021.230534__Fig4__C__stability__Y6_treated__Series_2.csv,10.1016_j.jpowsour.2021.230534/10.1016_j.jpowsour.2021.230534__Fig4__C__stability__Y6_treated__Series_2.csv,27ff27a5414333324d3342a7c3ee0b3c39f2fce01f0e403588b9380d88087863
F01234,1,10.1016/j.materresbull.2020.111182,data_all/x_time_h/10.1016_j.materresbull.2020.111182/Fig8_A_stability_performance_curve_pce/accepted/10.1016_j.materresbull.2020.111182__Fig8__A__stability_performance_curve_pce__Control_PSCs__Series_2.csv,10.1016_j.materresbull.2020.111182/10.1016_j.materresbull.2020.111182__Fig8__A__stability_performance_curve_pce__Control_PSCs__Series_2.csv,e92097ead3ed5792cfd5eaae98d29a7e8e90776378d0fa5018e0ba0be50ad3ba
F01235,1,10.1016/j.materresbull.2020.111182,data_all/x_time_h/10.1016_j.materresbull.2020.111182/Fig8_B_stability_performance_curve_pce/accepted/10.1016_j.materresbull.2020.111182__Fig8__B__stability_performance_curve_pce__Control_PSCs__Series_2.csv,10.1016_j.materresbull.2020.111182/10.1016_j.materresbull.2020.111182__Fig8__B__stability_performance_curve_pce__Control_PSCs__Series_2.csv,648d9e92f9ac58226c107e67ced400e18a89c040addfcb17fae6145e319de645
F01236,1,10.1016/j.mtchem.2021.100557,data_all/x_time_h/10.1016_j.mtchem.2021.100557/Fig6_B_stability_performance_curve_pce/accepted/10.1016_j.mtchem.2021.100557__Fig6__B__stability_performance_curve_pce__CsPbI₂Br__Series_1.csv,10.1016_j.mtchem.2021.100557/10.1016_j.mtchem.2021.100557__Fig6__B__stability_performance_curve_pce__CsPbI₂Br__Series_1.csv,41ef2d6f539f097fa79863dccaa893605bc38b47ede8912c0d8999baef687c87
F01237,1,10.1016/j.mtener.2020.100590,data_all/x_time_h/10.1016_j.mtener.2020.100590/Fig9_G_schematic_diagram_stability_performance_curve_pce/accepted/10.1016_j.mtener.2020.100590__Fig9__G__schematic_diagram_stability_performance_curve_pce__Au__Series_1.csv,10.1016_j.mtener.2020.100590/10.1016_j.mtener.2020.100590__Fig9__G__schematic_diagram_stability_performance_curve_pce__Au__Series_1.csv,e8ea3acb179186ee4bc7a6c3c6e0f7a20a63b1529b101664d51ecf204005c6fb
F01238,1,10.1016/j.mtener.2021.100724,data_all/x_time_h/10.1016_j.mtener.2021.100724/Fig6_A_stability_performance_curve/accepted/10.1016_j.mtener.2021.100724__Fig6__A__stability_performance_curve__SnO2__Series_1.csv,10.1016_j.mtener.2021.100724/10.1016_j.mtener.2021.100724__Fig6__A__stability_performance_curve__SnO2__Series_1.csv,f42d6a0009ada2cbeb88046c08867ccaadd0994e3f16202bc1e58d2aa9f28fd8
F01239,1,10.1016/j.mtener.2021.100724,data_all/x_time_h/10.1016_j.mtener.2021.100724/Fig6_C_curve/accepted/10.1016_j.mtener.2021.100724__Fig6__C__curve__→SnO2__Series_1.csv,10.1016_j.mtener.2021.100724/10.1016_j.mtener.2021.100724__Fig6__C__curve__→SnO2__Series_1.csv,6bef984ecc51f769a5a38930eae77f4ac17f75a089616d7ad90a941cded2bbb7
F01240,1,10.1016/j.mtener.2021.100837,data_all/x_time_h/10.1016_j.mtener.2021.100837/Fig5_C_stability_performance_curve_pce/accepted/10.1016_j.mtener.2021.100837__Fig5__C__stability_performance_curve_pce__w_o_CsPbI₂Br__Series_1.csv,10.1016_j.mtener.2021.100837/10.1016_j.mtener.2021.100837__Fig5__C__stability_performance_curve_pce__w_o_CsPbI₂Br__Series_1.csv,6ce6214b6724c44a8bbbf15df6533f93095ad36b079d3f51dc648ec3f49776c1
F01242,1,10.1016/j.nanoen.2014.12.022,data_all/x_time_h/10.1016_j.nanoen.2014.12.022/Fig4_A_photovoltaic_parameter/accepted/10.1016_j.nanoen.2014.12.022__Fig4__A__photovoltaic_parameter__PEDOT_PSS__Series_2.csv,10.1016_j.nanoen.2014.12.022/10.1016_j.nanoen.2014.12.022__Fig4__A__photovoltaic_parameter__PEDOT_PSS__Series_2.csv,39ac7c3385bda8b4e7a0e1ecd798abf726e48d772e4098b04625eb6251742750
F01243,1,10.1016/j.nanoen.2015.10.006,data_all/x_time_h/10.1016_j.nanoen.2015.10.006/Fig3_D_jv_curve/accepted/10.1016_j.nanoen.2015.10.006__Fig3__D__jv_curve__'Partial'_Encapsulation__Series_1.csv,10.1016_j.nanoen.2015.10.006/10.1016_j.nanoen.2015.10.006__Fig3__D__jv_curve__'Partial'_Encapsulation__Series_1.csv,76adac94f02e3ae3b14eabf22d4caa7cc0e4bf227bd2cd427c0b023b05e64134
F01244,1,10.1016/j.nanoen.2015.10.006,data_all/x_time_h/10.1016_j.nanoen.2015.10.006/Fig3_D_jv_curve/accepted/10.1016_j.nanoen.2015.10.006__Fig3__D__jv_curve__No_Encapsulation__Series_3.csv,10.1016_j.nanoen.2015.10.006/10.1016_j.nanoen.2015.10.006__Fig3__D__jv_curve__No_Encapsulation__Series_3.csv,73513751e060b4cc2275d02fa07af602f2e269edd25fb5173617b2be7023c205
F01245,1,10.1016/j.nanoen.2015.10.010,data_all/x_time_h/10.1016_j.nanoen.2015.10.010/Fig7_D_stability_performance_curve_pce/accepted/10.1016_j.nanoen.2015.10.010__Fig7__D__stability_performance_curve_pce__PbCl₂__Series_3.csv,10.1016_j.nanoen.2015.10.010/10.1016_j.nanoen.2015.10.010__Fig7__D__stability_performance_curve_pce__PbCl₂__Series_3.csv,0aa85f0dea80e6fb3a84de658e3e0659a0db851d2de91fe008e1c8e1343d93d8
F01246,1,10.1016/j.nanoen.2016.09.041,data_all/x_time_h/10.1016_j.nanoen.2016.09.041/Fig2_A_pce/accepted/10.1016_j.nanoen.2016.09.041__Fig2__A__pce__SP-D__Series_2.csv,10.1016_j.nanoen.2016.09.041/10.1016_j.nanoen.2016.09.041__Fig2__A__pce__SP-D__Series_2.csv,6a2a129e43b5559c56b3752034f315dfbff05f3894b91a2da9a4cf0433af86a2
F01251,1,10.1016/j.nanoen.2017.08.008,data_all/x_time_h/10.1016_j.nanoen.2017.08.008/Fig5_A_pce/accepted/10.1016_j.nanoen.2017.08.008__Fig5__A__pce__PCBM__Series_2.csv,10.1016_j.nanoen.2017.08.008/10.1016_j.nanoen.2017.08.008__Fig5__A__pce__PCBM__Series_2.csv,2df800276a0532d82f67ed91435791b744e863d55cc3285fffe7b42a581c8e77
F01252,1,10.1016/j.nanoen.2017.11.008,data_all/x_time_h/10.1016_j.nanoen.2017.11.008/Fig3_F_stability_performance_curve_pce/accepted/10.1016_j.nanoen.2017.11.008__Fig3__F__stability_performance_curve_pce__口—TiO2__Series_2.csv,10.1016_j.nanoen.2017.11.008/10.1016_j.nanoen.2017.11.008__Fig3__F__stability_performance_curve_pce__口—TiO2__Series_2.csv,22fbaf7142e1fdefa3db665ef0c04361b3c2f246ca2e7c64d0dc3ba166ede171
F01253,1,10.1016/j.nanoen.2018.03.046,data_all/x_time_h/10.1016_j.nanoen.2018.03.046/Fig4_G_sem_image_stability_performance_curve_pce/accepted/10.1016_j.nanoen.2018.03.046__Fig4__G__sem_image_stability_performance_curve_pce__Control__Series_1.csv,10.1016_j.nanoen.2018.03.046/10.1016_j.nanoen.2018.03.046__Fig4__G__sem_image_stability_performance_curve_pce__Control__Series_1.csv,62c4d1887c8e323e6518d68990549f00a2787f269712b3bf287d1e5e67ece3d4
F01254,1,10.1016/j.nanoen.2018.09.037,data_all/x_time_h/10.1016_j.nanoen.2018.09.037/Fig6_B_stability_performance_curve_pce/accepted/10.1016_j.nanoen.2018.09.037__Fig6__B__stability_performance_curve_pce__without_DRCN5T__Series_2.csv,10.1016_j.nanoen.2018.09.037/10.1016_j.nanoen.2018.09.037__Fig6__B__stability_performance_curve_pce__without_DRCN5T__Series_2.csv,ff0f8082dcfdde4f0ae6b479e7815051f233a88bd87f35673c8a551a1a2e16fb
F01255,1,10.1016/j.nanoen.2018.09.037,data_all/x_time_h/10.1016_j.nanoen.2018.09.037/Fig6_D_stability_performance_curve/accepted/10.1016_j.nanoen.2018.09.037__Fig6__D__stability_performance_curve__TiO₂_based_PSCs__Series_2.csv,10.1016_j.nanoen.2018.09.037/10.1016_j.nanoen.2018.09.037__Fig6__D__stability_performance_curve__TiO₂_based_PSCs__Series_2.csv,e6589c9ffd7867af46e203123d55e0064f60390be8163b25085d97e13b1ad094
F01256,1,10.1016/j.nanoen.2018.11.021,data_all/x_time_h/10.1016_j.nanoen.2018.11.021/Fig4_F_stability_performance_curve/accepted/10.1016_j.nanoen.2018.11.021__Fig4__F__stability_performance_curve__Before__Series_1.csv,10.1016_j.nanoen.2018.11.021/10.1016_j.nanoen.2018.11.021__Fig4__F__stability_performance_curve__Before__Series_1.csv,5715ad52e714794d73c4378554596f139aee44660b63e1798aaeb47ba0297b70
F01257,1,10.1016/j.nanoen.2019.02.002,data_all/x_time_h/10.1016_j.nanoen.2019.02.002/Fig2_D_stability_performance_curve_pce/accepted/10.1016_j.nanoen.2019.02.002__Fig2__D__stability_performance_curve_pce__Hot_3%_degradation__Series_2.csv,10.1016_j.nanoen.2019.02.002/10.1016_j.nanoen.2019.02.002__Fig2__D__stability_performance_curve_pce__Hot_3%_degradation__Series_2.csv,33536e4de72674ea2afeea21f1d89a995a06d88fed66d7a0e2c74701992d03bf
F01259,1,10.1016/j.nanoen.2019.02.009,data_all/x_time_h/10.1016_j.nanoen.2019.02.009/Fig6_A_stability_performance_curve/accepted/10.1016_j.nanoen.2019.02.009__Fig6__A__stability_performance_curve__MAPbI₃__Series_1.csv,10.1016_j.nanoen.2019.02.009/10.1016_j.nanoen.2019.02.009__Fig6__A__stability_performance_curve__MAPbI₃__Series_1.csv,580b76eefacb08cff25dd4d6a8788d4fe7f2369a9b2c7b7616dcdc19d73e9ae3
F01261,1,10.1016/j.nanoen.2019.02.064,data_all/x_time_h/10.1016_j.nanoen.2019.02.064/Fig5_C_stability_performance_curve_pce/accepted/10.1016_j.nanoen.2019.02.064__Fig5__C__stability_performance_curve_pce__Pristine__Series_2.csv,10.1016_j.nanoen.2019.02.064/10.1016_j.nanoen.2019.02.064__Fig5__C__stability_performance_curve_pce__Pristine__Series_2.csv,a3749dbd6456759c75c2beef2186963db77062946f2ea50312c5428ba73a75b5
F01262,1,10.1016/j.nanoen.2019.02.070,data_all/x_time_h/10.1016_j.nanoen.2019.02.070/Fig6_A_stability_performance_curve_pce/accepted/10.1016_j.nanoen.2019.02.070__Fig6__A__stability_performance_curve_pce__MAPbI__Series_2.csv,10.1016_j.nanoen.2019.02.070/10.1016_j.nanoen.2019.02.070__Fig6__A__stability_performance_curve_pce__MAPbI__Series_2.csv,e5d3f5f6b1644b40ae45e6df6a3d732c1f21b31e7dda3af7a5544f86809e85df
F02193,1,10.1016/j.nanoen.2019.03.029,final_data/x_time_h/10.1016_j.nanoen.2019.03.029/Fig4_B_stability_performance_curve_pce/accepted/10.1016_j.nanoen.2019.03.029_Fig4_B_stability_performance_curve_pce_0%__Series_1.csv,10.1016_j.nanoen.2019.03.029/10.1016_j.nanoen.2019.03.029_Fig4_B_stability_performance_curve_pce_0%__Series_1.csv,22738bf0194ac93c8dee94e646c280bcd6e85dd313ed2fa3e6a6bee463a9de58
F01264,1,10.1016/j.nanoen.2019.03.044,data_all/x_time_h/10.1016_j.nanoen.2019.03.044/Fig3_F_stability_performance_curve/accepted/10.1016_j.nanoen.2019.03.044__Fig3__F__stability_performance_curve__C-SnO2__Series_1.csv,10.1016_j.nanoen.2019.03.044/10.1016_j.nanoen.2019.03.044__Fig3__F__stability_performance_curve__C-SnO2__Series_1.csv,c7d0d1c39372f4c48f277c2e5522c71e0dcd36ad9434284c888ed841bb18886b
F01265,1,10.1016/j.nanoen.2019.03.044,data_all/x_time_h/10.1016_j.nanoen.2019.03.044/Fig3_F_stability_performance_curve/accepted/10.1016_j.nanoen.2019.03.044__Fig3__F__stability_performance_curve__G-SnO2__Series_2.csv,10.1016_j.nanoen.2019.03.044/10.1016_j.nanoen.2019.03.044__Fig3__F__stability_performance_curve__G-SnO2__Series_2.csv,ec03a65e75054125f3951d5dbe54e2d542580ed6a1d1a4311edfd0a797d763a3
F01266,1,10.1016/j.nanoen.2019.03.091,data_all/x_time_h/10.1016_j.nanoen.2019.03.091/Fig7_B_mppt_stability_performance_curve_pce/accepted/10.1016_j.nanoen.2019.03.091__Fig7__B__mppt_stability_performance_curve_pce__Control_device__Series_1.csv,10.1016_j.nanoen.2019.03.091/10.1016_j.nanoen.2019.03.091__Fig7__B__mppt_stability_performance_curve_pce__Control_device__Series_1.csv,5c8484acc05a246f5fc8b8c2c14c01eaabb71db85f6ead0c52c73a6cbedbd29c
F01267,1,10.1016/j.nanoen.2019.03.091,data_all/x_time_h/10.1016_j.nanoen.2019.03.091/Fig7_B_mppt_stability_performance_curve_pce/accepted/10.1016_j.nanoen.2019.03.091__Fig7__B__mppt_stability_performance_curve_pce__QDs-10_modified__Series_2.csv,10.1016_j.nanoen.2019.03.091/10.1016_j.nanoen.2019.03.091__Fig7__B__mppt_stability_performance_curve_pce__QDs-10_modified__Series_2.csv,fe0f0db6cc8c8aa9268cd7796f82dc0658a7b72b3b27236ea3b8b4910fb544bf
F01268,1,10.1016/j.nanoen.2019.05.072,data_all/x_time_h/10.1016_j.nanoen.2019.05.072/Fig7_B_stability_performance_curve_pce/accepted/10.1016_j.nanoen.2019.05.072__Fig7__B__stability_performance_curve_pce__GO__Series_2.csv,10.1016_j.nanoen.2019.05.072/10.1016_j.nanoen.2019.05.072__Fig7__B__stability_performance_curve_pce__GO__Series_2.csv,05423cef93a12f12286bdfec5b24ec1ed756cfbf1a6ad62a1b441972e4536be4
F01270,1,10.1016/j.nanoen.2019.103962,data_all/x_time_h/10.1016_j.nanoen.2019.103962/Fig5_B_stability_performance_curve/accepted/10.1016_j.nanoen.2019.103962__Fig5__B__stability_performance_curve__FAMA__Series_1.csv,10.1016_j.nanoen.2019.103962/10.1016_j.nanoen.2019.103962__Fig5__B__stability_performance_curve__FAMA__Series_1.csv,74a36f3b314ac5d3639394dcc1376f3dc3a3d3d8f602fddc376f13449e331ea7
F01271,1,10.1016/j.nanoen.2019.103962,data_all/x_time_h/10.1016_j.nanoen.2019.103962/Fig5_C_stability_performance_curve/accepted/10.1016_j.nanoen.2019.103962__Fig5__C__stability_performance_curve__FAMA__Series_1.csv,10.1016_j.nanoen.2019.103962/10.1016_j.nanoen.2019.103962__Fig5__C__stability_performance_curve__FAMA__Series_1.csv,e3b0ceb3d90684997a7f1e6d474949cde0e29d22b56425ec0aeb121fd5bf80b2
F01272,1,10.1016/j.nanoen.2019.103962,data_all/x_time_h/10.1016_j.nanoen.2019.103962/Fig6_A_stability_performance_curve_structure/accepted/10.1016_j.nanoen.2019.103962__Fig6__A__stability_performance_curve_structure__FAMA_PCBMhalfPSCs__Series_2.csv,10.1016_j.nanoen.2019.103962/10.1016_j.nanoen.2019.103962__Fig6__A__stability_performance_curve_structure__FAMA_PCBMhalfPSCs__Series_2.csv,f620fb0a6f0943a7084a20ccafd3b73977287f436ac0e345392a5094b260addf
F01273,1,10.1016/j.nanoen.2019.103962,data_all/x_time_h/10.1016_j.nanoen.2019.103962/Fig6_A_stability_performance_curve_structure/accepted/10.1016_j.nanoen.2019.103962__Fig6__A__stability_performance_curve_structure__FAMAfullPSCs__Series_3.csv,10.1016_j.nanoen.2019.103962/10.1016_j.nanoen.2019.103962__Fig6__A__stability_performance_curve_structure__FAMAfullPSCs__Series_3.csv,e8c8af34ecd128dc78e7385eed5434c78d3660fdeba206c36d7d1cee76b6e67e
F01274,1,10.1016/j.nanoen.2019.103962,data_all/x_time_h/10.1016_j.nanoen.2019.103962/Fig6_A_stability_performance_curve_structure/accepted/10.1016_j.nanoen.2019.103962__Fig6__A__stability_performance_curve_structure__FAMAhalfPSCs__Series_1.csv,10.1016_j.nanoen.2019.103962/10.1016_j.nanoen.2019.103962__Fig6__A__stability_performance_curve_structure__FAMAhalfPSCs__Series_1.csv,97e571e37aa5a192e555768020e29ee078c56fc540d17dad1408b450506721c7
F01275,1,10.1016/j.nanoen.2019.103964,"data_all/x_time_h/10.1016_j.nanoen.2019.103964/Fig4_B_stability_performance_curve_pce/accepted/10.1016_j.nanoen.2019.103964__Fig4__B__stability_performance_curve_pce__FTO_SnO,_AI,O,_MAPbI,CI_Spiro-IAu-2__Series_2.csv","10.1016_j.nanoen.2019.103964/10.1016_j.nanoen.2019.103964__Fig4__B__stability_performance_curve_pce__FTO_SnO,_AI,O,_MAPbI,CI_Spiro-IAu-2__Series_2.csv",e88751e581d55016a314a7194d1d303e3b81c3f3e20e0c5a47354bcb65eec742
F01276,1,10.1016/j.nanoen.2019.104018,data_all/x_time_h/10.1016_j.nanoen.2019.104018/Fig3_D_stability_performance_curve_pce_jsc/accepted/10.1016_j.nanoen.2019.104018__Fig3__D__stability_performance_curve_pce_jsc__PATCVD-Gr_device__Series_2.csv,10.1016_j.nanoen.2019.104018/10.1016_j.nanoen.2019.104018__Fig3__D__stability_performance_curve_pce_jsc__PATCVD-Gr_device__Series_2.csv,b91c92592fb087242f76ba293013556e93e1ce3fc5fee103775b0858c0f25ab6
F01277,1,10.1016/j.nanoen.2019.104244,data_all/x_time_h/10.1016_j.nanoen.2019.104244/Fig5_A_stability_performance_curve_pce/accepted/10.1016_j.nanoen.2019.104244__Fig5__A__stability_performance_curve_pce__PHJ__Series_1.csv,10.1016_j.nanoen.2019.104244/10.1016_j.nanoen.2019.104244__Fig5__A__stability_performance_curve_pce__PHJ__Series_1.csv,1867936a2205cd8b9ad2e55e43532aef3a0341f44fbc550aabc158cb8e3b1928
F01278,1,10.1016/j.nanoen.2019.104244,data_all/x_time_h/10.1016_j.nanoen.2019.104244/Fig5_B_stability_performance_curve_pce/accepted/10.1016_j.nanoen.2019.104244__Fig5__B__stability_performance_curve_pce__PHJ__Series_2.csv,10.1016_j.nanoen.2019.104244/10.1016_j.nanoen.2019.104244__Fig5__B__stability_performance_curve_pce__PHJ__Series_2.csv,86d6bf9e736aa48e157fc320674fd8bbaea3e5d2faf34d026761e018123d0933
F01279,1,10.1016/j.nanoen.2019.104249,data_all/x_time_h/10.1016_j.nanoen.2019.104249/Fig16_C_stability_performance_curve_pce/accepted/10.1016_j.nanoen.2019.104249__Fig16__C__stability_performance_curve_pce__CsPbl₂Br__Series_2.csv,10.1016_j.nanoen.2019.104249/10.1016_j.nanoen.2019.104249__Fig16__C__stability_performance_curve_pce__CsPbl₂Br__Series_2.csv,7a283ce9f6c9e2d0262382f814bd2c828a4c05d1f4399f7e3796a57cdfb0fff3
F01280,1,10.1016/j.nanoen.2019.104313,data_all/x_time_h/10.1016_j.nanoen.2019.104313/Fig5_C_stability_performance_curve_pce/accepted/10.1016_j.nanoen.2019.104313__Fig5__C__stability_performance_curve_pce__CH₃NH₃PbI₃_PbSO₄(PbO)₄__Series_2.csv,10.1016_j.nanoen.2019.104313/10.1016_j.nanoen.2019.104313__Fig5__C__stability_performance_curve_pce__CH₃NH₃PbI₃_PbSO₄(PbO)₄__Series_2.csv,215478d5b0b9bfa96f73b9fafe84396736b3746073db1b6fa1906632eb1bb51e
F01281,1,10.1016/j.nanoen.2019.104313,data_all/x_time_h/10.1016_j.nanoen.2019.104313/Fig5_C_stability_performance_curve_pce/accepted/10.1016_j.nanoen.2019.104313__Fig5__C__stability_performance_curve_pce__CH₃NH₃PbI₃__Series_1.csv,10.1016_j.nanoen.2019.104313/10.1016_j.nanoen.2019.104313__Fig5__C__stability_performance_curve_pce__CH₃NH₃PbI₃__Series_1.csv,b6f269ce8445a0262c2e3da5d4aff1adee31685fce67bf435e031d45beb9eaa5
F01282,1,10.1016/j.nanoen.2019.104375,data_all/x_time_h/10.1016_j.nanoen.2019.104375/Fig4_D_pce/accepted/10.1016_j.nanoen.2019.104375__Fig4__D__pce__PSC_W_O_encapsulation__Series_2.csv,10.1016_j.nanoen.2019.104375/10.1016_j.nanoen.2019.104375__Fig4__D__pce__PSC_W_O_encapsulation__Series_2.csv,d4a1d6011d0d3ebeffe030bcc5b2f39575d050ff36ea42dc875a2997665ccf3c
F01286,1,10.1016/j.nanoen.2020.104929,data_all/x_time_h/10.1016_j.nanoen.2020.104929/Fig5_C_stability_performance_curve_pce/accepted/10.1016_j.nanoen.2020.104929__Fig5__C__stability_performance_curve_pce__MAPbI₃__Series_2.csv,10.1016_j.nanoen.2020.104929/10.1016_j.nanoen.2020.104929__Fig5__C__stability_performance_curve_pce__MAPbI₃__Series_2.csv,bccbf66424e5287e0d9d7fa46ccf433491e3a55d7ecc21b268a7c577a25ce1c0
F01287,1,10.1016/j.nanoen.2020.104929,data_all/x_time_h/10.1016_j.nanoen.2020.104929/Fig5_D_stability_performance_curve_pce/accepted/10.1016_j.nanoen.2020.104929__Fig5__D__stability_performance_curve_pce__MAPbI₃__Series_2.csv,10.1016_j.nanoen.2020.104929/10.1016_j.nanoen.2020.104929__Fig5__D__stability_performance_curve_pce__MAPbI₃__Series_2.csv,1d44feb89f5164f5161ec355234dedcc33a55a85b020f45e3fef07d1c2028283
F01288,1,10.1016/j.nanoen.2020.104940,data_all/x_time_h/10.1016_j.nanoen.2020.104940/Fig5_B_stability_performance_curve_pce/accepted/10.1016_j.nanoen.2020.104940__Fig5__B__stability_performance_curve_pce__4-ePy__Series_2.csv,10.1016_j.nanoen.2020.104940/10.1016_j.nanoen.2020.104940__Fig5__B__stability_performance_curve_pce__4-ePy__Series_2.csv,a11a9186b935ad94301e3cf0b944d8a9f54d5a30df926a368795cb0882217408
F01289,1,10.1016/j.nanoen.2020.104940,data_all/x_time_h/10.1016_j.nanoen.2020.104940/Fig5_B_stability_performance_curve_pce/accepted/10.1016_j.nanoen.2020.104940__Fig5__B__stability_performance_curve_pce__O-Control__Series_1.csv,10.1016_j.nanoen.2020.104940/10.1016_j.nanoen.2020.104940__Fig5__B__stability_performance_curve_pce__O-Control__Series_1.csv,5b4179525da52b73e911d3dc47c680a570ef227ebb448de152f40e4c9806606a
F01290,1,10.1016/j.nanoen.2020.105019,data_all/x_time_h/10.1016_j.nanoen.2020.105019/Fig2_C_stability_performance_curve/accepted/10.1016_j.nanoen.2020.105019__Fig2__C__stability_performance_curve__TiO2_Pero_CuSCN_C__Series_1.csv,10.1016_j.nanoen.2020.105019/10.1016_j.nanoen.2020.105019__Fig2__C__stability_performance_curve__TiO2_Pero_CuSCN_C__Series_1.csv,c8bbcea66298fd68e23b2d1f2aa44a47ccc9d8a3354ce187483d5ac01dac5bdd
F01291,1,10.1016/j.nanoen.2020.105019,data_all/x_time_h/10.1016_j.nanoen.2020.105019/Fig2_C_stability_performance_curve/accepted/10.1016_j.nanoen.2020.105019__Fig2__C__stability_performance_curve__TiO2_Pero_Spiro_Au__Series_2.csv,10.1016_j.nanoen.2020.105019/10.1016_j.nanoen.2020.105019__Fig2__C__stability_performance_curve__TiO2_Pero_Spiro_Au__Series_2.csv,ae081e63ff9aa3247c063e6cad6cf8cc41845641509de7816188bca95690524e
F01292,1,10.1016/j.nanoen.2020.105127,data_all/x_time_h/10.1016_j.nanoen.2020.105127/Fig8_A_stability_performance_curve_ff/accepted/10.1016_j.nanoen.2020.105127__Fig8__A__stability_performance_curve_ff__0mM__Series_1.csv,10.1016_j.nanoen.2020.105127/10.1016_j.nanoen.2020.105127__Fig8__A__stability_performance_curve_ff__0mM__Series_1.csv,22ff15202b3e1f415e64bf078f4843650558fefc7f4deb79b824a09acd7ad542
F01293,1,10.1016/j.nanoen.2020.105181,data_all/x_time_h/10.1016_j.nanoen.2020.105181/Fig6_A_stability_performance_curve_pce/accepted/10.1016_j.nanoen.2020.105181__Fig6__A__stability_performance_curve_pce__S3__Series_2.csv,10.1016_j.nanoen.2020.105181/10.1016_j.nanoen.2020.105181__Fig6__A__stability_performance_curve_pce__S3__Series_2.csv,7bdc181db3f85313f4e55282cb11b5c0a4d5e92849ca067aa8a82ca66a2cbd9e
F01294,1,10.1016/j.nanoen.2020.105181,data_all/x_time_h/10.1016_j.nanoen.2020.105181/Fig6_A_stability_performance_curve_pce/accepted/10.1016_j.nanoen.2020.105181__Fig6__A__stability_performance_curve_pce__S5__Series_1.csv,10.1016_j.nanoen.2020.105181/10.1016_j.nanoen.2020.105181__Fig6__A__stability_performance_curve_pce__S5__Series_1.csv,de10a6c28dc52fcd2e783d9df4041796727244e58905469e8c4a1bfd10ec3414
F01295,1,10.1016/j.nanoen.2020.105181,data_all/x_time_h/10.1016_j.nanoen.2020.105181/Fig6_A_stability_performance_curve_pce/accepted/10.1016_j.nanoen.2020.105181__Fig6__A__stability_performance_curve_pce__S6__Series_3.csv,10.1016_j.nanoen.2020.105181/10.1016_j.nanoen.2020.105181__Fig6__A__stability_performance_curve_pce__S6__Series_3.csv,ae7287e16cb71cba17104c9e0fc8b7cb839a3d757fbcdedcde7de90e96a6dc54
F01296,1,10.1016/j.nanoen.2020.105181,data_all/x_time_h/10.1016_j.nanoen.2020.105181/Fig6_B_stability_performance_curve_pce/accepted/10.1016_j.nanoen.2020.105181__Fig6__B__stability_performance_curve_pce__S6__Series_3.csv,10.1016_j.nanoen.2020.105181/10.1016_j.nanoen.2020.105181__Fig6__B__stability_performance_curve_pce__S6__Series_3.csv,8d4fc84c865ae153ecfaa9f06af8780a146b32a2d4bad20fe1f457eb7aeda53c
F01299,1,10.1016/j.nanoen.2020.105462,data_all/x_time_h/10.1016_j.nanoen.2020.105462/Fig5_B_stability_performance_curve_pce/accepted/10.1016_j.nanoen.2020.105462__Fig5__B__stability_performance_curve_pce__SMe-TATPyr_Spiro-OMeTAD__Series_2.csv,10.1016_j.nanoen.2020.105462/10.1016_j.nanoen.2020.105462__Fig5__B__stability_performance_curve_pce__SMe-TATPyr_Spiro-OMeTAD__Series_2.csv,c3b1191de57e7960833a0ef1e49b3d58f5108ea0827b1685263fe83e89e0e2d1
F01300,1,10.1016/j.nanoen.2020.105462,data_all/x_time_h/10.1016_j.nanoen.2020.105462/Fig5_B_stability_performance_curve_pce/accepted/10.1016_j.nanoen.2020.105462__Fig5__B__stability_performance_curve_pce__→Spiro-OMeTAD__Series_1.csv,10.1016_j.nanoen.2020.105462/10.1016_j.nanoen.2020.105462__Fig5__B__stability_performance_curve_pce__→Spiro-OMeTAD__Series_1.csv,fc2346223e112f7059b92b4dcd902a320b0e3a9764c0e92114f15c4ac4bb59a7
F01301,1,10.1016/j.nanoen.2020.105462,data_all/x_time_h/10.1016_j.nanoen.2020.105462/Fig5_C_stability_performance_curve_pce/accepted/10.1016_j.nanoen.2020.105462__Fig5__C__stability_performance_curve_pce__SMe-TATPyr_Spiro-OMeTAD__Series_1.csv,10.1016_j.nanoen.2020.105462/10.1016_j.nanoen.2020.105462__Fig5__C__stability_performance_curve_pce__SMe-TATPyr_Spiro-OMeTAD__Series_1.csv,c3120df4603e2577a4157263db27f49001de600eac944c8a586bd3e148144454
F01302,1,10.1016/j.nanoen.2020.105462,data_all/x_time_h/10.1016_j.nanoen.2020.105462/Fig5_C_stability_performance_curve_pce/accepted/10.1016_j.nanoen.2020.105462__Fig5__C__stability_performance_curve_pce__Spiro-OMeTAD__Series_2.csv,10.1016_j.nanoen.2020.105462/10.1016_j.nanoen.2020.105462__Fig5__C__stability_performance_curve_pce__Spiro-OMeTAD__Series_2.csv,959b3257dfe5b4c067d932c842cdcce968f71ef88d909fb4284831477c8a2425
F01303,1,10.1016/j.nanoen.2020.105564,data_all/x_time_h/10.1016_j.nanoen.2020.105564/Fig6_A_stability_performance_curve/accepted/10.1016_j.nanoen.2020.105564__Fig6__A__stability_performance_curve__Control__Series_1.csv,10.1016_j.nanoen.2020.105564/10.1016_j.nanoen.2020.105564__Fig6__A__stability_performance_curve__Control__Series_1.csv,2260d1aa5b016df5222e71e2996d4b66dfefde8582b88d64be7fd624373fb8ca
F01304,1,10.1016/j.nanoen.2020.105564,data_all/x_time_h/10.1016_j.nanoen.2020.105564/Fig6_B_stability_performance_curve/accepted/10.1016_j.nanoen.2020.105564__Fig6__B__stability_performance_curve__Control__Series_1.csv,10.1016_j.nanoen.2020.105564/10.1016_j.nanoen.2020.105564__Fig6__B__stability_performance_curve__Control__Series_1.csv,57ed00c67bdaac9e551278d406b1e617c6dcd35f8ed9bbbd2e0f43016ca7e597
F01306,1,10.1016/j.nanoen.2020.105737,data_all/x_time_h/10.1016_j.nanoen.2020.105737/Fig4_G_stability_performance_curve/accepted/10.1016_j.nanoen.2020.105737__Fig4__G__stability_performance_curve__w_o_PPFC__Series_1.csv,10.1016_j.nanoen.2020.105737/10.1016_j.nanoen.2020.105737__Fig4__G__stability_performance_curve__w_o_PPFC__Series_1.csv,c7ef0ae345d1152f78aeb195ff467fdd06930d5dbf8c197b8eb730bd8ee1f52c
F01308,1,10.1016/j.nanoen.2021.105742,data_all/x_time_h/10.1016_j.nanoen.2021.105742/Fig5_C_stability/accepted/10.1016_j.nanoen.2021.105742__Fig5__C__stability__CsFAMA__Series_1.csv,10.1016_j.nanoen.2021.105742/10.1016_j.nanoen.2021.105742__Fig5__C__stability__CsFAMA__Series_1.csv,e9a4e84ec03e0abd578a0b5552affc0c3a323299708282dbf7577feb4f1bb2af
F01309,1,10.1016/j.nanoen.2021.105742,data_all/x_time_h/10.1016_j.nanoen.2021.105742/Fig5_D_stability_performance_curve_pce_spectrum/accepted/10.1016_j.nanoen.2021.105742__Fig5__D__stability_performance_curve_pce_spectrum__CsFAMA__Series_1.csv,10.1016_j.nanoen.2021.105742/10.1016_j.nanoen.2021.105742__Fig5__D__stability_performance_curve_pce_spectrum__CsFAMA__Series_1.csv,1b2c4236a3f08ecee9777a480fc489fa75a240f034441ffd08c06f4110ac3b0b
F01310,1,10.1016/j.nanoen.2021.105751,data_all/x_time_h/10.1016_j.nanoen.2021.105751/Fig4_A_stability_performance_curve_pce/accepted/10.1016_j.nanoen.2021.105751__Fig4__A__stability_performance_curve_pce__Li-TFSI_t-BP__Series_2.csv,10.1016_j.nanoen.2021.105751/10.1016_j.nanoen.2021.105751__Fig4__A__stability_performance_curve_pce__Li-TFSI_t-BP__Series_2.csv,74f3f223df2f5d5a955e81bdc71d4a23e47e48a8aa114f9dee0e4043d37299ca
F01311,1,10.1016/j.nanoen.2021.105751,data_all/x_time_h/10.1016_j.nanoen.2021.105751/Fig4_B_stability_performance_curve_pce_pattern/accepted/10.1016_j.nanoen.2021.105751__Fig4__B__stability_performance_curve_pce_pattern__Li-TFSI_t-BP__Series_2.csv,10.1016_j.nanoen.2021.105751/10.1016_j.nanoen.2021.105751__Fig4__B__stability_performance_curve_pce_pattern__Li-TFSI_t-BP__Series_2.csv,d3a284a448f0fce8f7038008871cc02fd227d2a08479c602cd0a21d5e0e58a00
F01312,1,10.1016/j.nanoen.2021.106157,data_all/x_time_h/10.1016_j.nanoen.2021.106157/Fig3_G_stability_performance_curve_pce/accepted/10.1016_j.nanoen.2021.106157__Fig3__G__stability_performance_curve_pce__0%FeCl2__Series_2.csv,10.1016_j.nanoen.2021.106157/10.1016_j.nanoen.2021.106157__Fig3__G__stability_performance_curve_pce__0%FeCl2__Series_2.csv,3a2c526e960bd4f7f223c77cf60c1bea6ec99504019d7cdcb256c082865a0e43
F01313,1,10.1016/j.nanoen.2021.106286,data_all/x_time_h/10.1016_j.nanoen.2021.106286/Fig1_F_stability_performance_curve_pce/accepted/10.1016_j.nanoen.2021.106286__Fig1__F__stability_performance_curve_pce__Control__Series_2.csv,10.1016_j.nanoen.2021.106286/10.1016_j.nanoen.2021.106286__Fig1__F__stability_performance_curve_pce__Control__Series_2.csv,b7f03c6da898b0be31e4ac9e97ec34f9659eb124c03c529fb607b625e56aecc8
F01314,1,10.1016/j.nanoen.2021.106286,data_all/x_time_h/10.1016_j.nanoen.2021.106286/Fig1_G_stability_performance_curve_pce/accepted/10.1016_j.nanoen.2021.106286__Fig1__G__stability_performance_curve_pce__Control__Series_1.csv,10.1016_j.nanoen.2021.106286/10.1016_j.nanoen.2021.106286__Fig1__G__stability_performance_curve_pce__Control__Series_1.csv,efe1550961046f2df03e54841546e24f894faa737484e57cbf96e63290f5fd3c
F01315,1,10.1016/j.nanoen.2021.106445,data_all/x_time_h/10.1016_j.nanoen.2021.106445/Fig5_C_stability_performance_curve_pce/accepted/10.1016_j.nanoen.2021.106445__Fig5__C__stability_performance_curve_pce__Control__Series_2.csv,10.1016_j.nanoen.2021.106445/10.1016_j.nanoen.2021.106445__Fig5__C__stability_performance_curve_pce__Control__Series_2.csv,4eaef8712bffb0cad8f635f96c06f38099e3c17d649086a968aa368d9ed090cc
F01316,1,10.1016/j.nanoen.2021.106445,data_all/x_time_h/10.1016_j.nanoen.2021.106445/Fig5_D_stability_performance_curve_pce/accepted/10.1016_j.nanoen.2021.106445__Fig5__D__stability_performance_curve_pce__Control__Series_1.csv,10.1016_j.nanoen.2021.106445/10.1016_j.nanoen.2021.106445__Fig5__D__stability_performance_curve_pce__Control__Series_1.csv,e7ce9077c8a872c2decfc306387a5e692c6b798919352cf26e539121bad62d8d
F01317,1,10.1016/j.nanoen.2022.107416,data_all/x_time_h/10.1016_j.nanoen.2022.107416/Fig3_F_stability_performance_curve_pce/accepted/10.1016_j.nanoen.2022.107416__Fig3__F__stability_performance_curve_pce__Control__Series_1.csv,10.1016_j.nanoen.2022.107416/10.1016_j.nanoen.2022.107416__Fig3__F__stability_performance_curve_pce__Control__Series_1.csv,49ca75933c070638b5d3d3cba6397c934ed6cc2b9cb4f7100c209384f13de030
F01318,1,10.1016/j.nanoen.2022.107416,data_all/x_time_h/10.1016_j.nanoen.2022.107416/Fig3_G_stability_performance_curve_pce/accepted/10.1016_j.nanoen.2022.107416__Fig3__G__stability_performance_curve_pce__Control__Series_1.csv,10.1016_j.nanoen.2022.107416/10.1016_j.nanoen.2022.107416__Fig3__G__stability_performance_curve_pce__Control__Series_1.csv,1e1aaa59d5fed98a533a42d2109946bdeefbb371b57d6e33c72765ec69e47b4e
F01319,1,10.1016/j.nanoen.2022.107818,data_all/x_time_h/10.1016_j.nanoen.2022.107818/Fig5_E_mppt_stability_performance_curve_pce/accepted/10.1016_j.nanoen.2022.107818__Fig5__E__mppt_stability_performance_curve_pce__Control__Series_3.csv,10.1016_j.nanoen.2022.107818/10.1016_j.nanoen.2022.107818__Fig5__E__mppt_stability_performance_curve_pce__Control__Series_3.csv,a75e1fc87ed75eb13adc65381937fbe87fe95a9ae58341272f242d4481e190fa
F01321,1,10.1016/j.nantod.2021.101164,data_all/x_time_h/10.1016_j.nantod.2021.101164/Fig6_A_stability_performance_curve_pce/accepted/10.1016_j.nantod.2021.101164__Fig6__A__stability_performance_curve_pce__o—wlo__Series_1.csv,10.1016_j.nantod.2021.101164/10.1016_j.nantod.2021.101164__Fig6__A__stability_performance_curve_pce__o—wlo__Series_1.csv,29a30dd1179bcc32ac2bf9e3677c231858f7e8033edc2e825bacf5c5c5cee893
F01322,1,10.1016/j.nantod.2021.101164,data_all/x_time_h/10.1016_j.nantod.2021.101164/Fig6_D_stability_performance_curve_pce/accepted/10.1016_j.nantod.2021.101164__Fig6__D__stability_performance_curve_pce__w_o__Series_2.csv,10.1016_j.nantod.2021.101164/10.1016_j.nantod.2021.101164__Fig6__D__stability_performance_curve_pce__w_o__Series_2.csv,8d534cfc09b52ee0771c8189dbadbb81282a0bb25e33a2c83d1a4a01d71292c0
F01323,1,10.1016/j.optmat.2020.110377,data_all/x_time_h/10.1016_j.optmat.2020.110377/Fig4_whole_pce/accepted/10.1016_j.optmat.2020.110377__Fig4__whole__pce__P3HT_PEDOT_PS__Series_2.csv,10.1016_j.optmat.2020.110377/10.1016_j.optmat.2020.110377__Fig4__whole__pce__P3HT_PEDOT_PS__Series_2.csv,86b8e35af8f452d8e83ab9977e0bfaad163835dbbfe29c6ea3cef95c493c73fa
F01324,1,10.1016/j.optmat.2020.110377,data_all/x_time_h/10.1016_j.optmat.2020.110377/Fig4_whole_pce/accepted/10.1016_j.optmat.2020.110377__Fig4__whole__pce__P3HT__Series_3.csv,10.1016_j.optmat.2020.110377/10.1016_j.optmat.2020.110377__Fig4__whole__pce__P3HT__Series_3.csv,ab7c9fe829a8540ecd32428342c823aaa2bf6bd273741e50c7244b4ad016b34b
F01325,1,10.1016/j.optmat.2020.110377,data_all/x_time_h/10.1016_j.optmat.2020.110377/Fig4_whole_pce/accepted/10.1016_j.optmat.2020.110377__Fig4__whole__pce__Spiro-OMeTAD__Series_1.csv,10.1016_j.optmat.2020.110377/10.1016_j.optmat.2020.110377__Fig4__whole__pce__Spiro-OMeTAD__Series_1.csv,4807cc25897971369567d7de96151fbbbb538bc165cd4890199de63d20174d61
F01327,1,10.1016/j.optmat.2020.110794,data_all/x_time_h/10.1016_j.optmat.2020.110794/Fig7_A_stability_performance_curve/accepted/10.1016_j.optmat.2020.110794__Fig7__A__stability_performance_curve__RT__Series_1.csv,10.1016_j.optmat.2020.110794/10.1016_j.optmat.2020.110794__Fig7__A__stability_performance_curve__RT__Series_1.csv,de9d5579f59ef24e9420bcdc8892ab8740af317dfec28de3d54e02f264082319
F01328,1,10.1016/j.orgel.2016.05.004,data_all/x_time_h/10.1016_j.orgel.2016.05.004/Fig5_B_stability_performance_curve_pce/accepted/10.1016_j.orgel.2016.05.004__Fig5__B__stability_performance_curve_pce__spiro-OMeTAD__Series_1.csv,10.1016_j.orgel.2016.05.004/10.1016_j.orgel.2016.05.004__Fig5__B__stability_performance_curve_pce__spiro-OMeTAD__Series_1.csv,f62270dd63759ba41288cd63f4aef73f447be1c942032857306c2ee45f61756f
F01329,1,10.1016/j.orgel.2018.02.026,data_all/x_time_h/10.1016_j.orgel.2018.02.026/Fig8_A_stability_performance_curve_pce/accepted/10.1016_j.orgel.2018.02.026__Fig8__A__stability_performance_curve_pce__CB__Series_3.csv,10.1016_j.orgel.2018.02.026/10.1016_j.orgel.2018.02.026__Fig8__A__stability_performance_curve_pce__CB__Series_3.csv,f8736c8d8baf8dcd31df7c81904cafe545382b3b6336990437f3c32dc0e1e3d3
F01330,1,10.1016/j.orgel.2018.02.026,data_all/x_time_h/10.1016_j.orgel.2018.02.026/Fig8_A_stability_performance_curve_pce/accepted/10.1016_j.orgel.2018.02.026__Fig8__A__stability_performance_curve_pce__CF__Series_2.csv,10.1016_j.orgel.2018.02.026/10.1016_j.orgel.2018.02.026__Fig8__A__stability_performance_curve_pce__CF__Series_2.csv,28556ed21a95d57db05a6bf912732610c6f866a9a60dfbf8762463191356699a
F01331,1,10.1016/j.orgel.2018.02.026,data_all/x_time_h/10.1016_j.orgel.2018.02.026/Fig8_A_stability_performance_curve_pce/accepted/10.1016_j.orgel.2018.02.026__Fig8__A__stability_performance_curve_pce__DCB__Series_1.csv,10.1016_j.orgel.2018.02.026/10.1016_j.orgel.2018.02.026__Fig8__A__stability_performance_curve_pce__DCB__Series_1.csv,62a5b4cebe702ea2af0adbe536bf65a31a0d762ec21f4dc13861dbf7b8814280
F01332,1,10.1016/j.orgel.2018.05.030,data_all/x_time_h/10.1016_j.orgel.2018.05.030/Fig6_C_density_of_states/accepted/10.1016_j.orgel.2018.05.030__Fig6__C__density_of_states__Reference__Series_2.csv,10.1016_j.orgel.2018.05.030/10.1016_j.orgel.2018.05.030__Fig6__C__density_of_states__Reference__Series_2.csv,7acbe58f968aa2cf8073e054b4fe942ef596a0303e749c5ac4870faf8c00ea63
F01333,1,10.1016/j.orgel.2018.09.019,data_all/x_time_h/10.1016_j.orgel.2018.09.019/Fig4_A_stability_performance_curve_pce/accepted/10.1016_j.orgel.2018.09.019__Fig4__A__stability_performance_curve_pce__TiO₂_(UV)__Series_3.csv,10.1016_j.orgel.2018.09.019/10.1016_j.orgel.2018.09.019__Fig4__A__stability_performance_curve_pce__TiO₂_(UV)__Series_3.csv,c3b23802c5923aba5cd52474d60c36ed8a9b0f5f291f53120a24152f7d6b07ea
F01334,1,10.1016/j.orgel.2018.09.019,data_all/x_time_h/10.1016_j.orgel.2018.09.019/Fig4_A_stability_performance_curve_pce/accepted/10.1016_j.orgel.2018.09.019__Fig4__A__stability_performance_curve_pce__TiO₂_SrO_(UV)__Series_2.csv,10.1016_j.orgel.2018.09.019/10.1016_j.orgel.2018.09.019__Fig4__A__stability_performance_curve_pce__TiO₂_SrO_(UV)__Series_2.csv,248662a741af37bb1ef8324db8595d7ec773c3c2d1a28c1a22d26a5e31f48174
F01335,1,10.1016/j.orgel.2018.09.045,data_all/x_time_h/10.1016_j.orgel.2018.09.045/Fig6_B_mppt_stability_performance_curve_pce/accepted/10.1016_j.orgel.2018.09.045__Fig6__B__mppt_stability_performance_curve_pce__Spiro-OMeTAD__Series_2.csv,10.1016_j.orgel.2018.09.045/10.1016_j.orgel.2018.09.045__Fig6__B__mppt_stability_performance_curve_pce__Spiro-OMeTAD__Series_2.csv,d3eab29ebfe38e972b7e799055c80acbf67bd9b4df41ce75eeca6686a70b0558
F01336,1,10.1016/j.orgel.2019.03.002,data_all/x_time_h/10.1016_j.orgel.2019.03.002/Fig6_whole_stability/accepted/10.1016_j.orgel.2019.03.002__Fig6__whole__stability__C₆₀__Series_2.csv,10.1016_j.orgel.2019.03.002/10.1016_j.orgel.2019.03.002__Fig6__whole__stability__C₆₀__Series_2.csv,d1eb89889fe7f60d5ebcca33941f07d43b8b8c29088fdf37953ff6e0877b56b7
F01337,1,10.1016/j.orgel.2019.03.033,data_all/x_time_h/10.1016_j.orgel.2019.03.033/Fig7_C_stability_performance_curve_pce/accepted/10.1016_j.orgel.2019.03.033__Fig7__C__stability_performance_curve_pce__reference__Series_2.csv,10.1016_j.orgel.2019.03.033/10.1016_j.orgel.2019.03.033__Fig7__C__stability_performance_curve_pce__reference__Series_2.csv,e10f50caa6ad950084c204b19b879522029d7575a2ec8010eb4065fbc204683a
F01338,1,10.1016/j.orgel.2019.03.036,data_all/x_time_h/10.1016_j.orgel.2019.03.036/Fig5_C_stability_performance_curve_pce/accepted/10.1016_j.orgel.2019.03.036__Fig5__C__stability_performance_curve_pce__Spiro-OMeTAD_Agl(3%)__Series_1.csv,10.1016_j.orgel.2019.03.036/10.1016_j.orgel.2019.03.036__Fig5__C__stability_performance_curve_pce__Spiro-OMeTAD_Agl(3%)__Series_1.csv,af5c28b6dfc5ccf943ed4a77bd51801ad938dead3ca7a5bf0be59852efb530b6
F01339,1,10.1016/j.orgel.2019.03.036,data_all/x_time_h/10.1016_j.orgel.2019.03.036/Fig5_D_stability_performance_curve_pce/accepted/10.1016_j.orgel.2019.03.036__Fig5__D__stability_performance_curve_pce__o—Spiro-OMeTAD_AgI(3%)__Series_1.csv,10.1016_j.orgel.2019.03.036/10.1016_j.orgel.2019.03.036__Fig5__D__stability_performance_curve_pce__o—Spiro-OMeTAD_AgI(3%)__Series_1.csv,23aca30c143bbab951ca7e87f7a5a41478e6a88865c3b0b294563aecabed9f30
F01340,1,10.1016/j.orgel.2019.07.004,data_all/x_time_h/10.1016_j.orgel.2019.07.004/Fig4_E_stability/accepted/10.1016_j.orgel.2019.07.004__Fig4__E__stability__CdS_PCBM__Series_1.csv,10.1016_j.orgel.2019.07.004/10.1016_j.orgel.2019.07.004__Fig4__E__stability__CdS_PCBM__Series_1.csv,588df496c15e0d70c6f1265ac303302a7e54dafeaae9f6dd09e820878ff8fda4
F01341,1,10.1016/j.orgel.2019.07.004,data_all/x_time_h/10.1016_j.orgel.2019.07.004/Fig4_E_stability/accepted/10.1016_j.orgel.2019.07.004__Fig4__E__stability__Cds__Series_2.csv,10.1016_j.orgel.2019.07.004/10.1016_j.orgel.2019.07.004__Fig4__E__stability__Cds__Series_2.csv,172428613e33cacd03657884fd0ca23e0de99f4fb07797d69e137afa36314498
F01342,1,10.1016/j.orgel.2019.105384,data_all/x_time_h/10.1016_j.orgel.2019.105384/Fig5_whole_figure/accepted/10.1016_j.orgel.2019.105384__Fig5__whole__figure__MAPbI3_PCBM__Series_1.csv,10.1016_j.orgel.2019.105384/10.1016_j.orgel.2019.105384__Fig5__whole__figure__MAPbI3_PCBM__Series_1.csv,e315ce0410c3e2edab5479e6292a270e46ae490e2f3c44a08b670ca687ffc1e2
F01343,1,10.1016/j.orgel.2019.105384,data_all/x_time_h/10.1016_j.orgel.2019.105384/Fig5_whole_figure/accepted/10.1016_j.orgel.2019.105384__Fig5__whole__figure__MAPbl3__Series_2.csv,10.1016_j.orgel.2019.105384/10.1016_j.orgel.2019.105384__Fig5__whole__figure__MAPbl3__Series_2.csv,ba572eeb79ddfb48750300ff252462dc1bc93a1b8a4e130d23da84a0bd97c89e
F01344,1,10.1016/j.orgel.2019.105396,data_all/x_time_h/10.1016_j.orgel.2019.105396/Fig4_A_stability_performance_curve_pce/accepted/10.1016_j.orgel.2019.105396__Fig4__A__stability_performance_curve_pce__in_air__Series_1.csv,10.1016_j.orgel.2019.105396/10.1016_j.orgel.2019.105396__Fig4__A__stability_performance_curve_pce__in_air__Series_1.csv,b9fac77087f25a25b1cf97195c6384e401edc35c7ad1dc512b1695f06b857fdf
F01346,1,10.1016/j.orgel.2019.105573,data_all/x_time_h/10.1016_j.orgel.2019.105573/Fig6_A_stability_performance_curve_pce/accepted/10.1016_j.orgel.2019.105573__Fig6__A__stability_performance_curve_pce__PC61BM_BIZ__Series_2.csv,10.1016_j.orgel.2019.105573/10.1016_j.orgel.2019.105573__Fig6__A__stability_performance_curve_pce__PC61BM_BIZ__Series_2.csv,7157efa6a808c01bb6bb72464a16c4a4993391d2966e48295f51de3a981a037a
F01347,1,10.1016/j.orgel.2019.105573,data_all/x_time_h/10.1016_j.orgel.2019.105573/Fig6_A_stability_performance_curve_pce/accepted/10.1016_j.orgel.2019.105573__Fig6__A__stability_performance_curve_pce__PC61BM__Series_1.csv,10.1016_j.orgel.2019.105573/10.1016_j.orgel.2019.105573__Fig6__A__stability_performance_curve_pce__PC61BM__Series_1.csv,255709ac4ea8b275e467ce4c9d0a5c98ccd39e65d9f41da30f6225e5bd1fdc3a
F01348,1,10.1016/j.orgel.2020.105627,data_all/x_time_h/10.1016_j.orgel.2020.105627/Fig6_whole_stability_performance_curve_pce/accepted/10.1016_j.orgel.2020.105627__Fig6__whole__stability_performance_curve_pce__w_o_NH₄F__Series_1.csv,10.1016_j.orgel.2020.105627/10.1016_j.orgel.2020.105627__Fig6__whole__stability_performance_curve_pce__w_o_NH₄F__Series_1.csv,15af0d607147ddc6f16f708412496fc22e32bb31d1cd3846a95b02b3da449dd0
F01349,1,10.1016/j.orgel.2020.105937,data_all/x_time_h/10.1016_j.orgel.2020.105937/Fig3_E_stability_performance_curve_pce/accepted/10.1016_j.orgel.2020.105937__Fig3__E__stability_performance_curve_pce__KF__Series_2.csv,10.1016_j.orgel.2020.105937/10.1016_j.orgel.2020.105937__Fig3__E__stability_performance_curve_pce__KF__Series_2.csv,fbb712d74b72a6c00cf752cb7b9792abf735381868eb07bd78bb5e2b72c97697
F01350,1,10.1016/j.orgel.2020.105937,data_all/x_time_h/10.1016_j.orgel.2020.105937/Fig3_E_stability_performance_curve_pce/accepted/10.1016_j.orgel.2020.105937__Fig3__E__stability_performance_curve_pce__Pristine__Series_1.csv,10.1016_j.orgel.2020.105937/10.1016_j.orgel.2020.105937__Fig3__E__stability_performance_curve_pce__Pristine__Series_1.csv,6eb3d6605409c17d24bdeaa9cb6a73bc1a396af6856bbea2af3bf88cf7c18119
F01351,1,10.1016/j.orgel.2020.106052,data_all/x_time_h/10.1016_j.orgel.2020.106052/Fig4_F_stability_performance_curve/accepted/10.1016_j.orgel.2020.106052__Fig4__F__stability_performance_curve__Control__Series_2.csv,10.1016_j.orgel.2020.106052/10.1016_j.orgel.2020.106052__Fig4__F__stability_performance_curve__Control__Series_2.csv,e5259433ee14088c8a64b67dbce770c11d3d30f7f26f62ca7db6d9f0f20eb4d4
F01352,1,10.1016/j.orgel.2021.106244,data_all/x_time_h/10.1016_j.orgel.2021.106244/Fig7_whole_stability_performance_curve_pce/accepted/10.1016_j.orgel.2021.106244__Fig7__whole__stability_performance_curve_pce__Spiro__Series_1.csv,10.1016_j.orgel.2021.106244/10.1016_j.orgel.2021.106244__Fig7__whole__stability_performance_curve_pce__Spiro__Series_1.csv,9ea89d98a55c39a9f2412295ee478a77a32b575d2e99fd2acfe23358186520ea
F01354,1,10.1016/j.physb.2020.412124,data_all/x_time_h/10.1016_j.physb.2020.412124/Fig11_A_stability_performance_curve_pce/accepted/10.1016_j.physb.2020.412124__Fig11__A__stability_performance_curve_pce__X60WLi-TFSI__Series_1.csv,10.1016_j.physb.2020.412124/10.1016_j.physb.2020.412124__Fig11__A__stability_performance_curve_pce__X60WLi-TFSI__Series_1.csv,8214868c373fa102d2503704a95e6cca4a661ed0d79739a1abb7ac3ad38bb36d
F01355,1,10.1016/j.rser.2021.111608,data_all/x_time_h/10.1016_j.rser.2021.111608/Fig23_B_stability_performance_curve_pce/accepted/10.1016_j.rser.2021.111608__Fig23__B__stability_performance_curve_pce__PsCw_O_encapsulation__Series_2.csv,10.1016_j.rser.2021.111608/10.1016_j.rser.2021.111608__Fig23__B__stability_performance_curve_pce__PsCw_O_encapsulation__Series_2.csv,9a6119b3fcafe3818eef3f49d48d38eaee4d5460fed4b4d0a725cf790300b8aa
F01356,1,10.1016/j.rser.2021.111608,data_all/x_time_h/10.1016_j.rser.2021.111608/Fig25_C_stability_performance_curve_pce/accepted/10.1016_j.rser.2021.111608__Fig25__C__stability_performance_curve_pce__No_Encapsulation__Series_3.csv,10.1016_j.rser.2021.111608/10.1016_j.rser.2021.111608__Fig25__C__stability_performance_curve_pce__No_Encapsulation__Series_3.csv,235ff445536624e5e3a96169fc735f9ac933311e67da5626b4fbaf59844ab674
F01357,1,10.1016/j.rser.2021.111608,data_all/x_time_h/10.1016_j.rser.2021.111608/Fig25_C_stability_performance_curve_pce/accepted/10.1016_j.rser.2021.111608__Fig25__C__stability_performance_curve_pce__Partial'_Encapsulation__Series_1.csv,10.1016_j.rser.2021.111608/10.1016_j.rser.2021.111608__Fig25__C__stability_performance_curve_pce__Partial'_Encapsulation__Series_1.csv,9699379a4e5669fa03b7d37c1cbb75009ae4332e8d395576902708ba37b53197
F01358,1,10.1016/j.scib.2021.02.029,data_all/x_time_h/10.1016_j.scib.2021.02.029/Fig4_C_stability_performance_curve/accepted/10.1016_j.scib.2021.02.029__Fig4__C__stability_performance_curve__C60__Series_2.csv,10.1016_j.scib.2021.02.029/10.1016_j.scib.2021.02.029__Fig4__C__stability_performance_curve__C60__Series_2.csv,4cc59f0d18c22f68f442f2302c23fbf523eb2db521f951f574e853879f11f9af
F01359,1,10.1016/j.solener.2016.10.003,data_all/x_time_h/10.1016_j.solener.2016.10.003/Fig7_F_stability_performance_curve_pce/accepted/10.1016_j.solener.2016.10.003__Fig7__F__stability_performance_curve_pce__Sprayed_TiO₂__Series_1.csv,10.1016_j.solener.2016.10.003/10.1016_j.solener.2016.10.003__Fig7__F__stability_performance_curve_pce__Sprayed_TiO₂__Series_1.csv,01ae6061eb819b9eb566a688fb81b756b83ebfe1f2b1d282b26746127b1cc410
F01362,1,10.1016/j.solener.2019.10.080,data_all/x_time_h/10.1016_j.solener.2019.10.080/Fig6_A_stability_performance_curve_pce/accepted/10.1016_j.solener.2019.10.080__Fig6__A__stability_performance_curve_pce__(a)_Spiro_-_0.04mmol__Series_2.csv,10.1016_j.solener.2019.10.080/10.1016_j.solener.2019.10.080__Fig6__A__stability_performance_curve_pce__(a)_Spiro_-_0.04mmol__Series_2.csv,d2811f9eb61bbe88b992cc39618147fc1347c69442d146efb693990e536b2f63
F01363,1,10.1016/j.solener.2019.10.080,data_all/x_time_h/10.1016_j.solener.2019.10.080/Fig6_B_stability_performance_curve_pce/accepted/10.1016_j.solener.2019.10.080__Fig6__B__stability_performance_curve_pce__(a)_Spiro_-0.06mmol__Series_1.csv,10.1016_j.solener.2019.10.080/10.1016_j.solener.2019.10.080__Fig6__B__stability_performance_curve_pce__(a)_Spiro_-0.06mmol__Series_1.csv,96a9b60483f57f23f8ab07dfa0e45b99b44c831f88ecdd0d98c69635638404bf
F01364,1,10.1016/j.solener.2019.11.030,data_all/x_time_h/10.1016_j.solener.2019.11.030/Fig6_E_stability_performance_curve_pce/accepted/10.1016_j.solener.2019.11.030__Fig6__E__stability_performance_curve_pce__CH₃NH₃PbI₃_(w_o_BL)__Series_1.csv,10.1016_j.solener.2019.11.030/10.1016_j.solener.2019.11.030__Fig6__E__stability_performance_curve_pce__CH₃NH₃PbI₃_(w_o_BL)__Series_1.csv,112065fe4349d6f33ce73244a17217c6d106d7a398e06396bf7a9ce0cfae16cc
F01365,1,10.1016/j.solener.2020.01.048,data_all/x_time_h/10.1016_j.solener.2020.01.048/Fig4_D_stability_performance_curve_eqe/accepted/10.1016_j.solener.2020.01.048__Fig4__D__stability_performance_curve_eqe__Uncoated_PsCs__Series_2.csv,10.1016_j.solener.2020.01.048/10.1016_j.solener.2020.01.048__Fig4__D__stability_performance_curve_eqe__Uncoated_PsCs__Series_2.csv,6719c7c16002c14ae511f723ac00428c999cb06edcdab246957fa7da5bb4491b
F01366,1,10.1016/j.solener.2020.02.025,data_all/x_time_h/10.1016_j.solener.2020.02.025/Fig6_B_mppt_stability_performance_curve/accepted/10.1016_j.solener.2020.02.025__Fig6__B__mppt_stability_performance_curve__CsF_SnO₂_CsFAMA_IL__Series_1.csv,10.1016_j.solener.2020.02.025/10.1016_j.solener.2020.02.025__Fig6__B__mppt_stability_performance_curve__CsF_SnO₂_CsFAMA_IL__Series_1.csv,42be5d16696db4afa85841e97dede4c380cec21bd45beacd5e6138d9681a6a2c
F01367,1,10.1016/j.solener.2020.02.025,data_all/x_time_h/10.1016_j.solener.2020.02.025/Fig6_B_mppt_stability_performance_curve/accepted/10.1016_j.solener.2020.02.025__Fig6__B__mppt_stability_performance_curve__CsF_SnO₂_CsFAMA__Series_2.csv,10.1016_j.solener.2020.02.025/10.1016_j.solener.2020.02.025__Fig6__B__mppt_stability_performance_curve__CsF_SnO₂_CsFAMA__Series_2.csv,3a60b48b4480a2706153f8f52b61f8dfa833d8323c52f2e4f44b8d286ec313ad
F01369,1,10.1016/j.solener.2020.04.021,data_all/x_time_h/10.1016_j.solener.2020.04.021/Fig5_whole_stability/accepted/10.1016_j.solener.2020.04.021__Fig5__whole__stability__Spin_coating__Series_2.csv,10.1016_j.solener.2020.04.021/10.1016_j.solener.2020.04.021__Fig5__whole__stability__Spin_coating__Series_2.csv,956ebf1c509c4907142c7f49fe9367ad2508c479cd2ba110459d0cbe2605fadd
F01370,1,10.1016/j.solener.2020.05.042,data_all/x_time_h/10.1016_j.solener.2020.05.042/Fig4_E_stability_performance_curve/accepted/10.1016_j.solener.2020.05.042__Fig4__E__stability_performance_curve__without_PEABr__Series_1.csv,10.1016_j.solener.2020.05.042/10.1016_j.solener.2020.05.042__Fig4__E__stability_performance_curve__without_PEABr__Series_1.csv,13bc96df0f368dd7b249179589cfc222b6e8a14a3bd9eece44e1e649b908845f
F01371,1,10.1016/j.solener.2020.06.057,data_all/x_time_h/10.1016_j.solener.2020.06.057/Fig7_A_stability_performance_curve_pce/accepted/10.1016_j.solener.2020.06.057__Fig7__A__stability_performance_curve_pce__Controlled__Series_1.csv,10.1016_j.solener.2020.06.057/10.1016_j.solener.2020.06.057__Fig7__A__stability_performance_curve_pce__Controlled__Series_1.csv,7fdbad3e2846041f1caa5d2098498dcd6e3ca0e0e009a53928f0d5af5f7421f0
F01372,1,10.1016/j.solener.2020.07.050,data_all/x_time_h/10.1016_j.solener.2020.07.050/Fig4_A_stability_performance_curve_pce/accepted/10.1016_j.solener.2020.07.050__Fig4__A__stability_performance_curve_pce__PCBM_Ag__Series_2.csv,10.1016_j.solener.2020.07.050/10.1016_j.solener.2020.07.050__Fig4__A__stability_performance_curve_pce__PCBM_Ag__Series_2.csv,6f2391cbf07884bd94bc65bc916e39b93ae8a055f58526d12682930bf8fb34a2
F01373,1,10.1016/j.solener.2020.07.050,data_all/x_time_h/10.1016_j.solener.2020.07.050/Fig4_B_stability_performance_curve_pce/accepted/10.1016_j.solener.2020.07.050__Fig4__B__stability_performance_curve_pce__PCBM_Ag__Series_1.csv,10.1016_j.solener.2020.07.050/10.1016_j.solener.2020.07.050__Fig4__B__stability_performance_curve_pce__PCBM_Ag__Series_1.csv,51332236705f533a76002e08e04b0a6142ac6b3c5264eacac1c8c47e3c71207d
F01374,1,10.1016/j.solener.2020.12.002,data_all/x_time_h/10.1016_j.solener.2020.12.002/Fig5_B_stability_performance_curve_pce/accepted/10.1016_j.solener.2020.12.002__Fig5__B__stability_performance_curve_pce__H2O-SnO2$__Series_1.csv,10.1016_j.solener.2020.12.002/10.1016_j.solener.2020.12.002__Fig5__B__stability_performance_curve_pce__H2O-SnO2$__Series_1.csv,c64e0236e2e8ef0190ca81913e2b44919fa236235575cc18d1a8f75e07ed5439
F01375,1,10.1016/j.solener.2021.01.030,data_all/x_time_h/10.1016_j.solener.2021.01.030/Fig6_A_stability_performance_curve_pce/accepted/10.1016_j.solener.2021.01.030__Fig6__A__stability_performance_curve_pce__without_TM__Series_2.csv,10.1016_j.solener.2021.01.030/10.1016_j.solener.2021.01.030__Fig6__A__stability_performance_curve_pce__without_TM__Series_2.csv,b74b63669061bfe5166a891adb10d53a4006fd43e40f0fa12f65c49027815631
F01376,1,10.1016/j.solener.2021.02.035,data_all/x_time_h/10.1016_j.solener.2021.02.035/Fig6_A_stability_performance_curve_pce/accepted/10.1016_j.solener.2021.02.035__Fig6__A__stability_performance_curve_pce__Series_1__Series_1.csv,10.1016_j.solener.2021.02.035/10.1016_j.solener.2021.02.035__Fig6__A__stability_performance_curve_pce__Series_1__Series_1.csv,c70cc49c3b5da0396a4b16bc5b3f1d373dfe1af3a2220b113e08d1ce9b49a570
F01378,1,10.1016/j.solener.2021.06.001,data_all/x_time_h/10.1016_j.solener.2021.06.001/Fig7_D_stability_performance_curve_pce/accepted/10.1016_j.solener.2021.06.001__Fig7__D__stability_performance_curve_pce__Control__Series_2.csv,10.1016_j.solener.2021.06.001/10.1016_j.solener.2021.06.001__Fig7__D__stability_performance_curve_pce__Control__Series_2.csv,3a7e234fd75bdae011adaaac7844a28c096ad9501e54d933218047bb659ace9a
F01379,1,10.1016/j.solener.2021.06.076,data_all/x_time_h/10.1016_j.solener.2021.06.076/Fig9_A_stability_performance_curve_pce/accepted/10.1016_j.solener.2021.06.076__Fig9__A__stability_performance_curve_pce__PC₀NH₀__Series_1.csv,10.1016_j.solener.2021.06.076/10.1016_j.solener.2021.06.076__Fig9__A__stability_performance_curve_pce__PC₀NH₀__Series_1.csv,681d7f2774af5636c6ee01c96d6740676ef5bb87e7c185c85a455191e1553592
F01382,1,10.1016/j.solmat.2015.10.008,data_all/x_time_h/10.1016_j.solmat.2015.10.008/Fig6_D_ff/accepted/10.1016_j.solmat.2015.10.008__Fig6__D__ff__O-PDPP3T__Series_2.csv,10.1016_j.solmat.2015.10.008/10.1016_j.solmat.2015.10.008__Fig6__D__ff__O-PDPP3T__Series_2.csv,fb8d62902db757551eb119c028ec3b3bb3f7324b029dc79bfc74f089c7005e72
F01383,1,10.1016/j.solmat.2015.10.008,data_all/x_time_h/10.1016_j.solmat.2015.10.008/Fig6_D_ff/accepted/10.1016_j.solmat.2015.10.008__Fig6__D__ff__Spiro-OMeTAD__Series_1.csv,10.1016_j.solmat.2015.10.008/10.1016_j.solmat.2015.10.008__Fig6__D__ff__Spiro-OMeTAD__Series_1.csv,9415d8760aa019868bf43d3704ecec18b39856cf189927e088c1b9b665cec9b7
F01384,1,10.1016/j.solmat.2017.12.015,data_all/x_time_h/10.1016_j.solmat.2017.12.015/Fig8_D_stability_performance_curve_pce/accepted/10.1016_j.solmat.2017.12.015__Fig8__D__stability_performance_curve_pce__Reference__Series_2.csv,10.1016_j.solmat.2017.12.015/10.1016_j.solmat.2017.12.015__Fig8__D__stability_performance_curve_pce__Reference__Series_2.csv,f8a0c16a3bb4924604393e6b2d79971081e1a9517541cdfc4190f3e509a58118
F01385,1,10.1016/j.solmat.2019.04.007,data_all/x_time_h/10.1016_j.solmat.2019.04.007/Fig6_B_stability/accepted/10.1016_j.solmat.2019.04.007__Fig6__B__stability__PCBM__Series_2.csv,10.1016_j.solmat.2019.04.007/10.1016_j.solmat.2019.04.007__Fig6__B__stability__PCBM__Series_2.csv,3ad8af6bcf9d2187cddee4614fac0687f09fd1a0466a93dee4d6aa3b6c62e5a4
F01386,1,10.1016/j.solmat.2019.110130,data_all/x_time_h/10.1016_j.solmat.2019.110130/Fig8_A_stability_performance_curve_pce/accepted/10.1016_j.solmat.2019.110130__Fig8__A__stability_performance_curve_pce__PS0__Series_1.csv,10.1016_j.solmat.2019.110130/10.1016_j.solmat.2019.110130__Fig8__A__stability_performance_curve_pce__PS0__Series_1.csv,aaad73673956c6ca7960901cfc33e4720f98cd14a548c6af0c240372890c9ca0
F01387,1,10.1016/j.solmat.2019.110130,data_all/x_time_h/10.1016_j.solmat.2019.110130/Fig8_A_stability_performance_curve_pce/accepted/10.1016_j.solmat.2019.110130__Fig8__A__stability_performance_curve_pce__PS1__Series_2.csv,10.1016_j.solmat.2019.110130/10.1016_j.solmat.2019.110130__Fig8__A__stability_performance_curve_pce__PS1__Series_2.csv,18254ef342a5c5e2f26fc0767cbc4ac0212f6ba6b2ab8f297b956a9e9981f0e2
F01388,1,10.1016/j.solmat.2019.110297,data_all/x_time_h/10.1016_j.solmat.2019.110297/Fig6_F_stability_performance_curve_pce/accepted/10.1016_j.solmat.2019.110297__Fig6__F__stability_performance_curve_pce__Au_NSs__Series_2.csv,10.1016_j.solmat.2019.110297/10.1016_j.solmat.2019.110297__Fig6__F__stability_performance_curve_pce__Au_NSs__Series_2.csv,a3d96b7dcf6fca708f1f061ccffd40d3e29c6b66ceb8a1017e16a4b0c4044f40
F01389,1,10.1016/j.solmat.2019.110297,data_all/x_time_h/10.1016_j.solmat.2019.110297/Fig6_F_stability_performance_curve_pce/accepted/10.1016_j.solmat.2019.110297__Fig6__F__stability_performance_curve_pce__control_device__Series_3.csv,10.1016_j.solmat.2019.110297/10.1016_j.solmat.2019.110297__Fig6__F__stability_performance_curve_pce__control_device__Series_3.csv,e79fb5802133a87e46fc11305a3cf60b09540b6f92e49f21a4a363b62a82aef0
F01390,1,10.1016/j.solmat.2019.110335,data_all/x_time_h/10.1016_j.solmat.2019.110335/Fig1_E_schematic_diagram_pce/accepted/10.1016_j.solmat.2019.110335__Fig1__E__schematic_diagram_pce__withoutPC6oBM__Series_1.csv,10.1016_j.solmat.2019.110335/10.1016_j.solmat.2019.110335__Fig1__E__schematic_diagram_pce__withoutPC6oBM__Series_1.csv,7763abbdb9748f125d070ae8001a213f5233c0933c9ba4a7aed88233404b4988
F01392,1,10.1016/j.solmat.2019.110351,data_all/x_time_h/10.1016_j.solmat.2019.110351/Fig11_whole_figure/accepted/10.1016_j.solmat.2019.110351__Fig11__whole__figure__PEDOT_PSS__Series_1.csv,10.1016_j.solmat.2019.110351/10.1016_j.solmat.2019.110351__Fig11__whole__figure__PEDOT_PSS__Series_1.csv,6942ee3aff6e7702340121204ae8e0002904c2ebeb11d100df819a99cfd32b38
F01394,1,10.1016/j.solmat.2020.110407,data_all/x_time_h/10.1016_j.solmat.2020.110407/Fig12_whole_sem_image_stability_performance_curve_pce/accepted/10.1016_j.solmat.2020.110407__Fig12__whole__sem_image_stability_performance_curve_pce__Modified_PSCs_with_GQDs__Series_1.csv,10.1016_j.solmat.2020.110407/10.1016_j.solmat.2020.110407__Fig12__whole__sem_image_stability_performance_curve_pce__Modified_PSCs_with_GQDs__Series_1.csv,a2fc4d79dd88ab543ffbd287c34461ad955a8317a000d4a24af86f59068ca998
F01395,1,10.1016/j.solmat.2020.110407,data_all/x_time_h/10.1016_j.solmat.2020.110407/Fig12_whole_sem_image_stability_performance_curve_pce/accepted/10.1016_j.solmat.2020.110407__Fig12__whole__sem_image_stability_performance_curve_pce__Unmodified_PSCs__Series_2.csv,10.1016_j.solmat.2020.110407/10.1016_j.solmat.2020.110407__Fig12__whole__sem_image_stability_performance_curve_pce__Unmodified_PSCs__Series_2.csv,6911bc8609e5463d38f158c3fe3d8bea7678599b55d1cf37dd8c471231bf1962
F01398,1,10.1016/j.solmat.2020.110862,data_all/x_time_h/10.1016_j.solmat.2020.110862/Fig5_D_stability_performance_curve_pce/accepted/10.1016_j.solmat.2020.110862__Fig5__D__stability_performance_curve_pce__Reference__Series_1.csv,10.1016_j.solmat.2020.110862/10.1016_j.solmat.2020.110862__Fig5__D__stability_performance_curve_pce__Reference__Series_1.csv,0e1bf1a0270cd3a5d377341347e8b381cc6119e6bcb6c5953c0493029e425c74
F01399,1,10.1016/j.solmat.2020.110862,data_all/x_time_h/10.1016_j.solmat.2020.110862/Fig5_D_stability_performance_curve_pce/accepted/10.1016_j.solmat.2020.110862__Fig5__D__stability_performance_curve_pce__With_IR-P__Series_2.csv,10.1016_j.solmat.2020.110862/10.1016_j.solmat.2020.110862__Fig5__D__stability_performance_curve_pce__With_IR-P__Series_2.csv,c64f32d1628787854ae5be5f1efe48f55fad5e1a8d78764dccc5d3ad5ea994df
F01400,1,10.1016/j.solmat.2021.111278,data_all/x_time_h/10.1016_j.solmat.2021.111278/Fig5_A_curve/accepted/10.1016_j.solmat.2021.111278__Fig5__A__curve__Cu_cathode__Series_2.csv,10.1016_j.solmat.2021.111278/10.1016_j.solmat.2021.111278__Fig5__A__curve__Cu_cathode__Series_2.csv,9015cd629d66d353538f882798b6d380cbf3b134d03e98575da4f21e0bb2d4fd
F01401,1,10.1016/j.surfin.2021.101213,data_all/x_time_h/10.1016_j.surfin.2021.101213/Fig5_A_stability_performance_curve_pce/accepted/10.1016_j.surfin.2021.101213__Fig5__A__stability_performance_curve_pce__Control__Series_1.csv,10.1016_j.surfin.2021.101213/10.1016_j.surfin.2021.101213__Fig5__A__stability_performance_curve_pce__Control__Series_1.csv,fc618ad3cab3845f14a64e1393a2969367d044aecd8923b8d7a162ee80ef4ffc
F01402,1,10.1016/j.surfin.2021.101213,data_all/x_time_h/10.1016_j.surfin.2021.101213/Fig5_B_stability_performance_curve_pce/accepted/10.1016_j.surfin.2021.101213__Fig5__B__stability_performance_curve_pce__Control__Series_1.csv,10.1016_j.surfin.2021.101213/10.1016_j.surfin.2021.101213__Fig5__B__stability_performance_curve_pce__Control__Series_1.csv,4a79c91ebdbf5d369fc293f9e84aa0bd4a4dc88fc23da64c1359d1f1b0e49086
F01403,1,10.1016/j.synthmet.2020.116428,data_all/x_time_h/10.1016_j.synthmet.2020.116428/Fig6_A_stability_performance_curve_pce/accepted/10.1016_j.synthmet.2020.116428__Fig6__A__stability_performance_curve_pce__WithoutPMMA__Series_1.csv,10.1016_j.synthmet.2020.116428/10.1016_j.synthmet.2020.116428__Fig6__A__stability_performance_curve_pce__WithoutPMMA__Series_1.csv,1d4a6f4b1072bdcca328d44dfa04afd07d1bdc5145b8154d9957978b304c5a13
F01405,1,10.1016/j.xcrp.2020.100224,data_all/x_time_h/10.1016_j.xcrp.2020.100224/Fig5_A_stability_performance_curve/accepted/10.1016_j.xcrp.2020.100224__Fig5__A__stability_performance_curve__control__Series_1.csv,10.1016_j.xcrp.2020.100224/10.1016_j.xcrp.2020.100224__Fig5__A__stability_performance_curve__control__Series_1.csv,b47177e4781a260f453caec64c8fe455b3cc55978ee1049baea4183d5b538eb8
F01407,1,10.1016/j.xcrp.2020.100224,data_all/x_time_h/10.1016_j.xcrp.2020.100224/Fig5_D_stability_performance_curve/accepted/10.1016_j.xcrp.2020.100224__Fig5__D__stability_performance_curve__control__Series_2.csv,10.1016_j.xcrp.2020.100224/10.1016_j.xcrp.2020.100224__Fig5__D__stability_performance_curve__control__Series_2.csv,ec3ad1abfc87b7e8af881724fef0a0b3fead120c35f66ecd9703799deebd135a
F01411,1,10.1016/j.xcrp.2021.100395,data_all/x_time_h/10.1016_j.xcrp.2021.100395/Fig6_F_stability_performance_curve_pce/accepted/10.1016_j.xcrp.2021.100395__Fig6__F__stability_performance_curve_pce__中RH0%__Series_2.csv,10.1016_j.xcrp.2021.100395/10.1016_j.xcrp.2021.100395__Fig6__F__stability_performance_curve_pce__中RH0%__Series_2.csv,7dabf38aa8d24ab1e6fb9a469ea1368fe87a422d5fdb0bdad0d27d7dc390ea64
F01413,1,10.1016/j.xcrp.2021.100450,data_all/x_time_h/10.1016_j.xcrp.2021.100450/Fig5_F_stability_performance_curve_pce_image/accepted/10.1016_j.xcrp.2021.100450__Fig5__F__stability_performance_curve_pce_image__Control__Series_2.csv,10.1016_j.xcrp.2021.100450/10.1016_j.xcrp.2021.100450__Fig5__F__stability_performance_curve_pce_image__Control__Series_2.csv,78279baed03158f999f1fec1e0c639b3cd424cab82e2332b7e006a6a8a2dafe6
F01414,1,10.1016/j.xcrp.2021.100475,data_all/x_time_h/10.1016_j.xcrp.2021.100475/Fig4_E_stability_performance_curve_pce/accepted/10.1016_j.xcrp.2021.100475__Fig4__E__stability_performance_curve_pce__Without_[Bcim][TFSI]__Series_1.csv,10.1016_j.xcrp.2021.100475/10.1016_j.xcrp.2021.100475__Fig4__E__stability_performance_curve_pce__Without_[Bcim][TFSI]__Series_1.csv,3390eed60f1e3b64f9f442f6bdf904edf9730b2082ebaf5c995b6b428b78f524
F01415,1,10.1021/acs.chemmater.0c00995,data_all/x_time_h/10.1021_acs.chemmater.0c00995/Fig6_D_xrd_pattern_stability_performance_curve_pce_spectrum/accepted/10.1021_acs.chemmater.0c00995__Fig6__D__xrd_pattern_stability_performance_curve_pce_spectrum__MAPI_PSC__Series_1.csv,10.1021_acs.chemmater.0c00995/10.1021_acs.chemmater.0c00995__Fig6__D__xrd_pattern_stability_performance_curve_pce_spectrum__MAPI_PSC__Series_1.csv,94e0f3ce7f9fc2b14d2a18b6f87bf371f25d0c09ceae5c37b674977f7bf6c3bc
F01416,1,10.1021/acs.chemmater.0c00995,data_all/x_time_h/10.1021_acs.chemmater.0c00995/Fig6_E_xrd_pattern_stability_performance_curve_pce_spectrum/accepted/10.1021_acs.chemmater.0c00995__Fig6__E__xrd_pattern_stability_performance_curve_pce_spectrum__MAPI_PSC__Series_2.csv,10.1021_acs.chemmater.0c00995/10.1021_acs.chemmater.0c00995__Fig6__E__xrd_pattern_stability_performance_curve_pce_spectrum__MAPI_PSC__Series_2.csv,561b0214ad2a47ce6af62f02f79929099ad9737c236a2a2213d5f38b4750cba4
F01419,1,10.1021/acs.chemmater.1c00662,data_all/x_time_h/10.1021_acs.chemmater.1c00662/Fig4_B_stability_performance_curve_pce/accepted/10.1021_acs.chemmater.1c00662__Fig4__B__stability_performance_curve_pce__PCBM_PDINO__Series_1.csv,10.1021_acs.chemmater.1c00662/10.1021_acs.chemmater.1c00662__Fig4__B__stability_performance_curve_pce__PCBM_PDINO__Series_1.csv,bcb71ca6761b1fbde452e655eb9df8aec25eaa4c16df1a0086b11342e83c00b2
F01420,1,10.1021/acs.chemmater.1c00662,data_all/x_time_h/10.1021_acs.chemmater.1c00662/Fig4_B_stability_performance_curve_pce/accepted/10.1021_acs.chemmater.1c00662__Fig4__B__stability_performance_curve_pce__PCBM_ZnO__Series_2.csv,10.1021_acs.chemmater.1c00662/10.1021_acs.chemmater.1c00662__Fig4__B__stability_performance_curve_pce__PCBM_ZnO__Series_2.csv,a5a637c23062e84c81a2d35f5274c1eeb69063fcf9acc253cf91999f35eca96c
F01421,1,10.1021/acs.chemmater.1c01436,data_all/x_time_h/10.1021_acs.chemmater.1c01436/Fig6_C_stability_performance_curve_pce_pattern/accepted/10.1021_acs.chemmater.1c01436__Fig6__C__stability_performance_curve_pce_pattern__Pristine__Series_1.csv,10.1021_acs.chemmater.1c01436/10.1021_acs.chemmater.1c01436__Fig6__C__stability_performance_curve_pce_pattern__Pristine__Series_1.csv,c8cd17b964c64f815880b1e3c7d8fee8c5b8857652d5366ac95abc9cef437f34
F01425,1,10.1021/acs.chemmater.8b02970,data_all/x_time_h/10.1021_acs.chemmater.8b02970/Fig6_C_stability_performance_curve_pce/accepted/10.1021_acs.chemmater.8b02970__Fig6__C__stability_performance_curve_pce__MD-Br10__Series_2.csv,10.1021_acs.chemmater.8b02970/10.1021_acs.chemmater.8b02970__Fig6__C__stability_performance_curve_pce__MD-Br10__Series_2.csv,63e76791b25c58853ebe4e7a19b6eb5d8559bd7a3eb14967fab6a7dd77821291
F01427,1,10.1021/acs.energyfuels.0c01280,data_all/x_time_h/10.1021_acs.energyfuels.0c01280/Fig4_whole_stability/accepted/10.1021_acs.energyfuels.0c01280__Fig4__whole__stability__Control_device_Without_encapsulation__Series_3.csv,10.1021_acs.energyfuels.0c01280/10.1021_acs.energyfuels.0c01280__Fig4__whole__stability__Control_device_Without_encapsulation__Series_3.csv,fba149b4889c49f3727c7d6331b986edd321c0412e47367c1f5938d6e2a0764a
F01429,1,10.1021/acs.energyfuels.2c03191,data_all/x_time_h/10.1021_acs.energyfuels.2c03191/Fig6_D_schematic_diagram_stability_performance_curve/accepted/10.1021_acs.energyfuels.2c03191__Fig6__D__schematic_diagram_stability_performance_curve__Control_PSC__Series_2.csv,10.1021_acs.energyfuels.2c03191/10.1021_acs.energyfuels.2c03191__Fig6__D__schematic_diagram_stability_performance_curve__Control_PSC__Series_2.csv,c46d550d36f817bdfa6fc585d19dffc5f70c35a3a3bcda57011fcdd5f19b1494
F01430,1,10.1021/acs.jpcc.0c02289,data_all/x_time_h/10.1021_acs.jpcc.0c02289/Fig5_E_pce/accepted/10.1021_acs.jpcc.0c02289__Fig5__E__pce__CPA__Series_2.csv,10.1021_acs.jpcc.0c02289/10.1021_acs.jpcc.0c02289__Fig5__E__pce__CPA__Series_2.csv,82d9129644aa0aa66f53c249d24ab30aadc96c738195a79f1c75a114eda7d81a
F01431,1,10.1021/acs.jpcc.0c02289,data_all/x_time_h/10.1021_acs.jpcc.0c02289/Fig5_E_pce/accepted/10.1021_acs.jpcc.0c02289__Fig5__E__pce__Control__Series_1.csv,10.1021_acs.jpcc.0c02289/10.1021_acs.jpcc.0c02289__Fig5__E__pce__Control__Series_1.csv,78751f1a1b68d1c61f8dd5c2f48cf7bde6d2bc9c73d6cabf4ee6729a26c6bf4c
F01432,1,10.1021/acs.jpcc.0c02628,data_all/x_time_h/10.1021_acs.jpcc.0c02628/Fig6_A_stability_performance_curve_pce_optimized_structure/accepted/10.1021_acs.jpcc.0c02628__Fig6__A__stability_performance_curve_pce_optimized_structure__SnO₂__Series_1.csv,10.1021_acs.jpcc.0c02628/10.1021_acs.jpcc.0c02628__Fig6__A__stability_performance_curve_pce_optimized_structure__SnO₂__Series_1.csv,6ca2fd5eba588087d086bed137288f3e1582d4c7ab17544ed0854bb04f3e2f59
F01434,1,10.1021/acs.jpcc.0c09794,data_all/x_time_h/10.1021_acs.jpcc.0c09794/Fig1_B_stability_performance_curve_pce/accepted/10.1021_acs.jpcc.0c09794__Fig1__B__stability_performance_curve_pce__Pristine__Series_1.csv,10.1021_acs.jpcc.0c09794/10.1021_acs.jpcc.0c09794__Fig1__B__stability_performance_curve_pce__Pristine__Series_1.csv,542a9dc833f7252425f421671be31721699ed14090102cf57041e9064e121754
F01436,1,10.1021/acs.jpcc.1c04343,data_all/x_time_h/10.1021_acs.jpcc.1c04343/Fig5_A_stability_performance_curve_pce/accepted/10.1021_acs.jpcc.1c04343__Fig5__A__stability_performance_curve_pce__Control__Series_1.csv,10.1021_acs.jpcc.1c04343/10.1021_acs.jpcc.1c04343__Fig5__A__stability_performance_curve_pce__Control__Series_1.csv,8746ba6f04477d98a8c929ecfe75b1f44198055727b2382e1aac1ea3101b2130
F01437,1,10.1021/acs.jpcc.1c04343,data_all/x_time_h/10.1021_acs.jpcc.1c04343/Fig5_A_stability_performance_curve_pce/accepted/10.1021_acs.jpcc.1c04343__Fig5__A__stability_performance_curve_pce__PEAI-2D_3D__Series_3.csv,10.1021_acs.jpcc.1c04343/10.1021_acs.jpcc.1c04343__Fig5__A__stability_performance_curve_pce__PEAI-2D_3D__Series_3.csv,3439adcda51eee1d590d16a6d061c725ab40b4cde700c4fe0e36fc411c41f3f6
F01438,1,10.1021/acs.jpcc.1c04343,data_all/x_time_h/10.1021_acs.jpcc.1c04343/Fig5_B_stability_performance_curve_pce/accepted/10.1021_acs.jpcc.1c04343__Fig5__B__stability_performance_curve_pce__Control__Series_3.csv,10.1021_acs.jpcc.1c04343/10.1021_acs.jpcc.1c04343__Fig5__B__stability_performance_curve_pce__Control__Series_3.csv,8f6037b655676a6613ea2bca089d7fd0cc9bab875b9a656018c7bc4d2b87b380
F01439,1,10.1021/acs.jpcc.1c04343,data_all/x_time_h/10.1021_acs.jpcc.1c04343/Fig5_B_stability_performance_curve_pce/accepted/10.1021_acs.jpcc.1c04343__Fig5__B__stability_performance_curve_pce__PEAI-2D_3D__Series_1.csv,10.1021_acs.jpcc.1c04343/10.1021_acs.jpcc.1c04343__Fig5__B__stability_performance_curve_pce__PEAI-2D_3D__Series_1.csv,d7e5ece82bf9821017f5264b8b6b1e9d33129a43a8889e237381b6e24e5eab41
F01440,1,10.1021/acs.jpclett.1c01074,data_all/x_time_h/10.1021_acs.jpclett.1c01074/Fig4_C_stability_performance_curve_pce/accepted/10.1021_acs.jpclett.1c01074__Fig4__C__stability_performance_curve_pce__Control__Series_1.csv,10.1021_acs.jpclett.1c01074/10.1021_acs.jpclett.1c01074__Fig4__C__stability_performance_curve_pce__Control__Series_1.csv,ce333a8052972a4e2c07ebb28ab9cb2e3c482cc29f096efa81c71ea1ab6cdce2
F01442,1,10.1021/acs.jpclett.1c02371,data_all/x_time_h/10.1021_acs.jpclett.1c02371/Fig5_A_stability_performance_curve_pce/accepted/10.1021_acs.jpclett.1c02371__Fig5__A__stability_performance_curve_pce__TiO₂__Series_1.csv,10.1021_acs.jpclett.1c02371/10.1021_acs.jpclett.1c02371__Fig5__A__stability_performance_curve_pce__TiO₂__Series_1.csv,4ba9494374d8fbf9ddb3285e685d63d008bc277eb58090c8d90e96bf5aad658e
F01445,1,10.1021/acs.jpclett.9b03414,data_all/x_time_h/10.1021_acs.jpclett.9b03414/Fig5_H_stability/accepted/10.1021_acs.jpclett.9b03414__Fig5__H__stability__n=5__Series_1.csv,10.1021_acs.jpclett.9b03414/10.1021_acs.jpclett.9b03414__Fig5__H__stability__n=5__Series_1.csv,acf523b1b43d7847ea5b53e4492d65a5bc3ca6afb946bc6d8a9df0da76e052f2
F01446,1,10.1021/acs.jpclett.9b03414,data_all/x_time_h/10.1021_acs.jpclett.9b03414/Fig5_H_stability/accepted/10.1021_acs.jpclett.9b03414__Fig5__H__stability__n=∞__Series_4.csv,10.1021_acs.jpclett.9b03414/10.1021_acs.jpclett.9b03414__Fig5__H__stability__n=∞__Series_4.csv,068fe7f6ffb581e3969b774e44b4e9178276a37a2a63998ed687d169e7f2c692
F01447,1,10.1021/acs.langmuir.8b01650,data_all/x_time_h/10.1021_acs.langmuir.8b01650/Fig6_whole_stability/accepted/10.1021_acs.langmuir.8b01650__Fig6__whole__stability__Control__Series_1.csv,10.1021_acs.langmuir.8b01650/10.1021_acs.langmuir.8b01650__Fig6__whole__stability__Control__Series_1.csv,15805c3752f109e2752f8da3f2f77af9eb03f059250db9e66d7db02b399b8088
F01448,1,10.1021/acs.nanolett.8b04190,data_all/x_time_h/10.1021_acs.nanolett.8b04190/Fig5_A_stability_performance_curve_pce/accepted/10.1021_acs.nanolett.8b04190__Fig5__A__stability_performance_curve_pce__bare_CNT__Series_2.csv,10.1021_acs.nanolett.8b04190/10.1021_acs.nanolett.8b04190__Fig5__A__stability_performance_curve_pce__bare_CNT__Series_2.csv,6afed91b3ddcae38453d17d79587489b68d63a1f6d6589d246c7fd25637a25ef
F01449,1,10.1021/acs.nanolett.8b04190,data_all/x_time_h/10.1021_acs.nanolett.8b04190/Fig5_A_stability_performance_curve_pce/accepted/10.1021_acs.nanolett.8b04190__Fig5__A__stability_performance_curve_pce__metal_electrode_(Ag)__Series_1.csv,10.1021_acs.nanolett.8b04190/10.1021_acs.nanolett.8b04190__Fig5__A__stability_performance_curve_pce__metal_electrode_(Ag)__Series_1.csv,149c88a3ddd3809db1805b62cf9d6b6d34bf3ba79abb0c08eadc781f4b1c5bd2
F01450,1,10.1021/acs.nanolett.9b04661,data_all/x_time_h/10.1021_acs.nanolett.9b04661/Fig4_H_stability_performance_curve_pce/accepted/10.1021_acs.nanolett.9b04661__Fig4__H__stability_performance_curve_pce__3D_2D__Series_3.csv,10.1021_acs.nanolett.9b04661/10.1021_acs.nanolett.9b04661__Fig4__H__stability_performance_curve_pce__3D_2D__Series_3.csv,8a624183c06420a56f03208ceeda08ef52b33948d16543a63f14eabcba11dfee
F01451,1,10.1021/acs.nanolett.9b04661,data_all/x_time_h/10.1021_acs.nanolett.9b04661/Fig4_H_stability_performance_curve_pce/accepted/10.1021_acs.nanolett.9b04661__Fig4__H__stability_performance_curve_pce__3D__Series_2.csv,10.1021_acs.nanolett.9b04661/10.1021_acs.nanolett.9b04661__Fig4__H__stability_performance_curve_pce__3D__Series_2.csv,00a7b1285beaaa784564964a8136995a0b9644b32ce6a4d3fa9e0c8d457042fd
F01452,1,10.1021/acsaelm.1c00084,data_all/x_time_h/10.1021_acsaelm.1c00084/Fig2_F_stability_performance_curve_pce/accepted/10.1021_acsaelm.1c00084__Fig2__F__stability_performance_curve_pce__一with_α-terpineol__Series_1.csv,10.1021_acsaelm.1c00084/10.1021_acsaelm.1c00084__Fig2__F__stability_performance_curve_pce__一with_α-terpineol__Series_1.csv,e70d6f22b1d35ebc671e9cfe86b68ef82a83e40ea1ca4aa0895b1f2787764e3b
F01453,1,10.1021/acsaem.0c00179,data_all/x_time_h/10.1021_acsaem.0c00179/Fig5_A_stability_performance_curve_pce/accepted/10.1021_acsaem.0c00179__Fig5__A__stability_performance_curve_pce__Spiro-OMeTAD__Series_3.csv,10.1021_acsaem.0c00179/10.1021_acsaem.0c00179__Fig5__A__stability_performance_curve_pce__Spiro-OMeTAD__Series_3.csv,366fdc79a7490f9e02a2a65ef5d287a4cb011f14e907aeb4d4d28daf03ee12d7
F01454,1,10.1021/acsaem.0c00584,data_all/x_time_h/10.1021_acsaem.0c00584/Fig3_D_stability_performance_curve_pce/accepted/10.1021_acsaem.0c00584__Fig3__D__stability_performance_curve_pce__145mg_ml×3LFAIQDs__Series_2.csv,10.1021_acsaem.0c00584/10.1021_acsaem.0c00584__Fig3__D__stability_performance_curve_pce__145mg_ml×3LFAIQDs__Series_2.csv,9fff4a0cf2b0cfb29f8d97803581cb99f912b172c865b251a3a8ca0b050a48bf
F01455,1,10.1021/acsaem.0c00584,data_all/x_time_h/10.1021_acsaem.0c00584/Fig3_D_stability_performance_curve_pce/accepted/10.1021_acsaem.0c00584__Fig3__D__stability_performance_curve_pce__145mg_ml×3L_Control_QDs__Series_1.csv,10.1021_acsaem.0c00584/10.1021_acsaem.0c00584__Fig3__D__stability_performance_curve_pce__145mg_ml×3L_Control_QDs__Series_1.csv,c6b9591f935a47fae0785f87dd3529cd5ea1fea8cfbe0c29333c63a0bf4e894e
F01456,1,10.1021/acsaem.0c00584,data_all/x_time_h/10.1021_acsaem.0c00584/Fig3_D_stability_performance_curve_pce/accepted/10.1021_acsaem.0c00584__Fig3__D__stability_performance_curve_pce__75mg_ml×5LFAIQDs__Series_4.csv,10.1021_acsaem.0c00584/10.1021_acsaem.0c00584__Fig3__D__stability_performance_curve_pce__75mg_ml×5LFAIQDs__Series_4.csv,0d170413c6a1585b849b188ab74bb233784936bcff348059f74967a8ab50f123
F01457,1,10.1021/acsaem.0c00584,data_all/x_time_h/10.1021_acsaem.0c00584/Fig3_D_stability_performance_curve_pce/accepted/10.1021_acsaem.0c00584__Fig3__D__stability_performance_curve_pce__75mg_ml×5L_Control_QDs__Series_3.csv,10.1021_acsaem.0c00584/10.1021_acsaem.0c00584__Fig3__D__stability_performance_curve_pce__75mg_ml×5L_Control_QDs__Series_3.csv,686f8bb2c213dc62eb21bd740ceb38d78ccb1e84d561f64cf85d7a5b0f91b93a
F01459,1,10.1021/acsaem.0c00811,data_all/x_time_h/10.1021_acsaem.0c00811/Fig5_B_curve/accepted/10.1021_acsaem.0c00811__Fig5__B__curve__spiro-MeOTAD__Series_2.csv,10.1021_acsaem.0c00811/10.1021_acsaem.0c00811__Fig5__B__curve__spiro-MeOTAD__Series_2.csv,c944c36b5afa8c3d3fe6c867c01dd5ee5afae78c41b5d4283746d3b365ffd80b
F01461,1,10.1021/acsaem.0c01214,data_all/x_time_h/10.1021_acsaem.0c01214/Fig6_A_stability_performance_curve_pce/accepted/10.1021_acsaem.0c01214__Fig6__A__stability_performance_curve_pce__Ref._cells__Series_1.csv,10.1021_acsaem.0c01214/10.1021_acsaem.0c01214__Fig6__A__stability_performance_curve_pce__Ref._cells__Series_1.csv,ae22a1c7311dcb51b8102bf96821089ebb12e31a16129b125cb14c83e1da6ec5
F01463,1,10.1021/acsaem.0c01329,data_all/x_time_h/10.1021_acsaem.0c01329/Fig5_F_stability_performance_curve_pce/accepted/10.1021_acsaem.0c01329__Fig5__F__stability_performance_curve_pce__0_mg_mL__Series_1.csv,10.1021_acsaem.0c01329/10.1021_acsaem.0c01329__Fig5__F__stability_performance_curve_pce__0_mg_mL__Series_1.csv,3f73ca73fc637e325c46ed195ade9d839e19ea34a73c0703cb0fce48596d1df4
F01465,1,10.1021/acsaem.0c01796,data_all/x_time_h/10.1021_acsaem.0c01796/Fig9_D_stability_performance_curve_pce/accepted/10.1021_acsaem.0c01796__Fig9__D__stability_performance_curve_pce__spiro-OMeTAD__Series_2.csv,10.1021_acsaem.0c01796/10.1021_acsaem.0c01796__Fig9__D__stability_performance_curve_pce__spiro-OMeTAD__Series_2.csv,24e8fff76d8cfb4134e00764af10224d608488e99d99a9fc3d1639900aadf5f1
F01467,1,10.1021/acsaem.0c02213,data_all/x_time_h/10.1021_acsaem.0c02213/Fig7_B_stability_performance_curve_pce/accepted/10.1021_acsaem.0c02213__Fig7__B__stability_performance_curve_pce__Standard(30NR-D)__Series_2.csv,10.1021_acsaem.0c02213/10.1021_acsaem.0c02213__Fig7__B__stability_performance_curve_pce__Standard(30NR-D)__Series_2.csv,100673ccb56644e8853f5b01e263a8395dcd564ca88770425989af375c355e42
F01469,1,10.1021/acsaem.0c02895,data_all/x_time_h/10.1021_acsaem.0c02895/Fig6_C_stability_performance_curve_pce/accepted/10.1021_acsaem.0c02895__Fig6__C__stability_performance_curve_pce__Control__Series_2.csv,10.1021_acsaem.0c02895/10.1021_acsaem.0c02895__Fig6__C__stability_performance_curve_pce__Control__Series_2.csv,700524a4ed27a3dc9ea8f9cc66e0bdb622d83700f88f5a97bf0785cd327fe124
F01470,1,10.1021/acsaem.0c02941,data_all/x_time_h/10.1021_acsaem.0c02941/Fig4_A_stability_performance_curve_pce/accepted/10.1021_acsaem.0c02941__Fig4__A__stability_performance_curve_pce__Control__Series_1.csv,10.1021_acsaem.0c02941/10.1021_acsaem.0c02941__Fig4__A__stability_performance_curve_pce__Control__Series_1.csv,e08b7066eddcd7b1ba861bcf3480540d0c21af25fcec6ef28c074ed7c877c4e0
F01471,1,10.1021/acsaem.0c03036,data_all/x_time_h/10.1021_acsaem.0c03036/Fig7_whole_stability/accepted/10.1021_acsaem.0c03036__Fig7__whole__stability__TiO₂_NRs__Series_1.csv,10.1021_acsaem.0c03036/10.1021_acsaem.0c03036__Fig7__whole__stability__TiO₂_NRs__Series_1.csv,0f2bbc4447aa35bfdb833210c69342856c59bff76d81ae6968156757daef5cb1
F01472,1,10.1021/acsaem.0c03185,data_all/x_time_h/10.1021_acsaem.0c03185/Fig1_B_mppt_stability_performance_curve_pce/accepted/10.1021_acsaem.0c03185__Fig1__B__mppt_stability_performance_curve_pce__TiO₂__Series_2.csv,10.1021_acsaem.0c03185/10.1021_acsaem.0c03185__Fig1__B__mppt_stability_performance_curve_pce__TiO₂__Series_2.csv,87fe49122c3bae15fcb0e7f120760f67ccc4a8951a460e45d667afbd839a753d
F01473,1,10.1021/acsaem.1c00009,data_all/x_time_h/10.1021_acsaem.1c00009/Fig5_E_stability_performance_curve_pce/accepted/10.1021_acsaem.1c00009__Fig5__E__stability_performance_curve_pce__Pristine__Series_1.csv,10.1021_acsaem.1c00009/10.1021_acsaem.1c00009__Fig5__E__stability_performance_curve_pce__Pristine__Series_1.csv,b162dd8514aedad2a88957a599a33ed26e3d22d710cbacf8fbc65d7fa4141bff
F01474,1,10.1021/acsaem.1c00232,data_all/x_time_h/10.1021_acsaem.1c00232/Fig5_whole_pce/accepted/10.1021_acsaem.1c00232__Fig5__whole__pce__CuSCN-Au__Series_1.csv,10.1021_acsaem.1c00232/10.1021_acsaem.1c00232__Fig5__whole__pce__CuSCN-Au__Series_1.csv,8758dd386968161c180780fca69740afe1a6b0f32d9a5d5b7b292e2a167246c3
F01476,1,10.1021/acsaem.1c00826,data_all/x_time_h/10.1021_acsaem.1c00826/Fig4_C_stability_performance_curve/accepted/10.1021_acsaem.1c00826__Fig4__C__stability_performance_curve__Reference__Series_1.csv,10.1021_acsaem.1c00826/10.1021_acsaem.1c00826__Fig4__C__stability_performance_curve__Reference__Series_1.csv,ff0b3c56a695698095d55233ea47f72e4bc52940dd95743a04f677abf96f10dc
F01478,1,10.1021/acsaem.2c00923,data_all/x_time_h/10.1021_acsaem.2c00923/Fig4_E_stability_performance_curve/accepted/10.1021_acsaem.2c00923__Fig4__E__stability_performance_curve__Control__Series_1.csv,10.1021_acsaem.2c00923/10.1021_acsaem.2c00923__Fig4__E__stability_performance_curve__Control__Series_1.csv,a934c66fea29dff121743622cfee5c69aa04ccb08a536086f0542e2ace38381d
F01479,1,10.1021/acsaem.8b00060,data_all/x_time_h/10.1021_acsaem.8b00060/Fig6_C_stability_performance_curve/accepted/10.1021_acsaem.8b00060__Fig6__C__stability_performance_curve__MAPbI₃__Series_2.csv,10.1021_acsaem.8b00060/10.1021_acsaem.8b00060__Fig6__C__stability_performance_curve__MAPbI₃__Series_2.csv,540ba71c2898a0b7def27b2c65b7be8268f71a06071e1ae97c0b7787878315ab
F01480,1,10.1021/acsaem.8b00602,data_all/x_time_h/10.1021_acsaem.8b00602/Fig8_whole_stability/accepted/10.1021_acsaem.8b00602__Fig8__whole__stability__TiO2__Series_1.csv,10.1021_acsaem.8b00602/10.1021_acsaem.8b00602__Fig8__whole__stability__TiO2__Series_1.csv,552acc7d3b9fbd7d4bde9bd0630ea0c88638d2b745fd48609aad454a098589ea
F01481,1,10.1021/acsaem.9b00164,data_all/x_time_h/10.1021_acsaem.9b00164/Fig2_B_stability_performance_curve/accepted/10.1021_acsaem.9b00164__Fig2__B__stability_performance_curve__PEDOT_PSS__Series_2.csv,10.1021_acsaem.9b00164/10.1021_acsaem.9b00164__Fig2__B__stability_performance_curve__PEDOT_PSS__Series_2.csv,d7e78fdc47ce47aa749e097064a830fdbddd9cb0b20631e9872a57e94edfe439
F01482,1,10.1021/acsaem.9b00486,data_all/x_time_h/10.1021_acsaem.9b00486/Fig7_H_stability_performance_curve_pce/accepted/10.1021_acsaem.9b00486__Fig7__H__stability_performance_curve_pce__Without_passivation__Series_2.csv,10.1021_acsaem.9b00486/10.1021_acsaem.9b00486__Fig7__H__stability_performance_curve_pce__Without_passivation__Series_2.csv,0b37cab4f31558339f79ff6b57fd9750e681db32ecbfe93b7b575ba6d97e4612
F01483,1,10.1021/acsaem.9b00603,data_all/x_time_h/10.1021_acsaem.9b00603/Fig5_A_stability_performance_curve_pce_2/accepted/10.1021_acsaem.9b00603__Fig5__A__stability_performance_curve_pce_2__Spiro-OMeTAD__Series_2.csv,10.1021_acsaem.9b00603/10.1021_acsaem.9b00603__Fig5__A__stability_performance_curve_pce_2__Spiro-OMeTAD__Series_2.csv,a23dd6941e1ce92938c768ab4564799ba3898280cea91aeec36c5c4f8888520c
F01484,1,10.1021/acsaem.9b01004,data_all/x_time_h/10.1021_acsaem.9b01004/Fig4_A_stability_performance_curve_pce/accepted/10.1021_acsaem.9b01004__Fig4__A__stability_performance_curve_pce__MoOx__Series_1.csv,10.1021_acsaem.9b01004/10.1021_acsaem.9b01004__Fig4__A__stability_performance_curve_pce__MoOx__Series_1.csv,131eadc20c808864c7f848f6dc51d47ce63f66c190b300ef54b16a614061cd5d
F01485,1,10.1021/acsaem.9b01598,data_all/x_time_h/10.1021_acsaem.9b01598/Fig6_D_stability_performance_curve/accepted/10.1021_acsaem.9b01598__Fig6__D__stability_performance_curve__Spiro-OMeTAD__Series_3.csv,10.1021_acsaem.9b01598/10.1021_acsaem.9b01598__Fig6__D__stability_performance_curve__Spiro-OMeTAD__Series_3.csv,6346ae5172be4f8aeada37129a2adb0bd934c6f6b1749910169cbec58d071073
F01486,1,10.1021/acsaem.9b01652,data_all/x_time_h/10.1021_acsaem.9b01652/Fig6_B_rate/accepted/10.1021_acsaem.9b01652__Fig6__B__rate__SnO₂__Series_1.csv,10.1021_acsaem.9b01652/10.1021_acsaem.9b01652__Fig6__B__rate__SnO₂__Series_1.csv,9a3492f1d0529c0acda01e8635fee33fa561a04ffd106ef235d3f0e20b157451
F01487,1,10.1021/acsaem.9b02037,data_all/x_time_h/10.1021_acsaem.9b02037/Fig3_D_stability_performance_curve_pce/accepted/10.1021_acsaem.9b02037__Fig3__D__stability_performance_curve_pce__without_rGO__Series_2.csv,10.1021_acsaem.9b02037/10.1021_acsaem.9b02037__Fig3__D__stability_performance_curve_pce__without_rGO__Series_2.csv,1a1c23ac0d70db1d2908a5c857b44d6c94120dbc3ab84b72c5c61eafdccc4132
F01488,1,10.1021/acsaem.9b02117,data_all/x_time_h/10.1021_acsaem.9b02117/Fig8_A_stability_performance_curve_pce/accepted/10.1021_acsaem.9b02117__Fig8__A__stability_performance_curve_pce__3D__Series_2.csv,10.1021_acsaem.9b02117/10.1021_acsaem.9b02117__Fig8__A__stability_performance_curve_pce__3D__Series_2.csv,3f77b248569394bde6e0c00314cfa4ccdb14e779473ad771238fdf596f2c1b99
F01489,1,10.1021/acsami.0c00142,data_all/x_time_h/10.1021_acsami.0c00142/Fig4_F_stability/accepted/10.1021_acsami.0c00142__Fig4__F__stability__NbOₓ__Series_1.csv,10.1021_acsami.0c00142/10.1021_acsami.0c00142__Fig4__F__stability__NbOₓ__Series_1.csv,8b49406c0b1c5d2f9b8b49941feedeb7b872fffcca912825652ae2b02e128f4d
F01491,1,10.1021/acsami.0c01311,data_all/x_time_h/10.1021_acsami.0c01311/Fig5_E_stability_performance_curve_pce/accepted/10.1021_acsami.0c01311__Fig5__E__stability_performance_curve_pce__FASnI₃__Series_1.csv,10.1021_acsami.0c01311/10.1021_acsami.0c01311__Fig5__E__stability_performance_curve_pce__FASnI₃__Series_1.csv,9c0c824e47bd09d21ddeeebe24d9d8f30556c4284d88f3d0047ec0c3956ba5a1
F01492,1,10.1021/acsami.0c02751,data_all/x_time_h/10.1021_acsami.0c02751/Fig9_A_stability_performance_curve_pce/accepted/10.1021_acsami.0c02751__Fig9__A__stability_performance_curve_pce__CJ-03__Series_2.csv,10.1021_acsami.0c02751/10.1021_acsami.0c02751__Fig9__A__stability_performance_curve_pce__CJ-03__Series_2.csv,7944e408f3f6f735d1e83a7b1395e3ab4e31fec852f38afeef85724d71724697
F01493,1,10.1021/acsami.0c02751,data_all/x_time_h/10.1021_acsami.0c02751/Fig9_A_stability_performance_curve_pce/accepted/10.1021_acsami.0c02751__Fig9__A__stability_performance_curve_pce__CJ-04__Series_1.csv,10.1021_acsami.0c02751/10.1021_acsami.0c02751__Fig9__A__stability_performance_curve_pce__CJ-04__Series_1.csv,35ed01e4a7e2bf7cf10493ec9ad5fcde65ecf70910d444ccdd71791c32f77359
F01494,1,10.1021/acsami.0c02751,data_all/x_time_h/10.1021_acsami.0c02751/Fig9_A_stability_performance_curve_pce/accepted/10.1021_acsami.0c02751__Fig9__A__stability_performance_curve_pce__spiro-OMeTAD__Series_3.csv,10.1021_acsami.0c02751/10.1021_acsami.0c02751__Fig9__A__stability_performance_curve_pce__spiro-OMeTAD__Series_3.csv,fea901bba916aa6590683fa6b846619beb1199da2c611b3dbd0dbf59d84294f2
F01495,1,10.1021/acsami.0c02837,data_all/x_time_h/10.1021_acsami.0c02837/Fig5_D_stability_performance_curve_pce/accepted/10.1021_acsami.0c02837__Fig5__D__stability_performance_curve_pce__c-PSCs__Series_2.csv,10.1021_acsami.0c02837/10.1021_acsami.0c02837__Fig5__D__stability_performance_curve_pce__c-PSCs__Series_2.csv,e66c0a5ab367c7c12e4958d1eda15f8deaa794b79a4d1856938d1bbb39770c33
F01496,1,10.1021/acsami.0c03660,data_all/x_time_h/10.1021_acsami.0c03660/Fig5_A_stability_performance_curve_voc/accepted/10.1021_acsami.0c03660__Fig5__A__stability_performance_curve_voc__o—Li-doped_cell__Series_1.csv,10.1021_acsami.0c03660/10.1021_acsami.0c03660__Fig5__A__stability_performance_curve_voc__o—Li-doped_cell__Series_1.csv,b8436454c6fa42e04534f0184c4a37b83c3d1bc4960130d8430e34c0e6af0b95
F01497,1,10.1021/acsami.0c04258,data_all/x_time_h/10.1021_acsami.0c04258/Fig6_A_stability_performance_curve_pce/accepted/10.1021_acsami.0c04258__Fig6__A__stability_performance_curve_pce__control__Series_1.csv,10.1021_acsami.0c04258/10.1021_acsami.0c04258__Fig6__A__stability_performance_curve_pce__control__Series_1.csv,c89b6094f96ac11dde6ebca2c69e0a3c7841a3fe10a1b0bd4a26124b09078023
F01498,1,10.1021/acsami.0c04938,data_all/x_time_h/10.1021_acsami.0c04938/Fig6_A_stability_performance_curve_pce/accepted/10.1021_acsami.0c04938__Fig6__A__stability_performance_curve_pce__Pristine_CsPbIBr₂__Series_2.csv,10.1021_acsami.0c04938/10.1021_acsami.0c04938__Fig6__A__stability_performance_curve_pce__Pristine_CsPbIBr₂__Series_2.csv,4651e80db75dfaa31bc06256d6a111a242c96c741a028c9e2f776d2f0d3c4960
F01501,1,10.1021/acsami.0c04975,data_all/x_time_h/10.1021_acsami.0c04975/Fig6_A_stability_performance_curve_pce/accepted/10.1021_acsami.0c04975__Fig6__A__stability_performance_curve_pce__4-F__Series_2.csv,10.1021_acsami.0c04975/10.1021_acsami.0c04975__Fig6__A__stability_performance_curve_pce__4-F__Series_2.csv,13bfabb1c7cca478a32de521dbcfdd09db8111dd25683c8ee59e1841d4f33011
F01502,1,10.1021/acsami.0c04975,data_all/x_time_h/10.1021_acsami.0c04975/Fig6_A_stability_performance_curve_pce/accepted/10.1021_acsami.0c04975__Fig6__A__stability_performance_curve_pce__Control__Series_1.csv,10.1021_acsami.0c04975/10.1021_acsami.0c04975__Fig6__A__stability_performance_curve_pce__Control__Series_1.csv,558a699b8d70f98ae8f3101306e046877d5e1b9c0e74eeb35f375cc78fc08903
F01503,1,10.1021/acsami.0c04975,data_all/x_time_h/10.1021_acsami.0c04975/Fig6_B_stability_performance_curve_pce/accepted/10.1021_acsami.0c04975__Fig6__B__stability_performance_curve_pce__4-F__Series_1.csv,10.1021_acsami.0c04975/10.1021_acsami.0c04975__Fig6__B__stability_performance_curve_pce__4-F__Series_1.csv,72e44a836126113d9cf27a6c2eaa64988339e6474b09b052cfff63f77273b92e
F01505,1,10.1021/acsami.0c05632,data_all/x_time_h/10.1021_acsami.0c05632/Fig8_I_stability_performance_curve_pce_pattern/accepted/10.1021_acsami.0c05632__Fig8__I__stability_performance_curve_pce_pattern__MAPbI₃__Series_1.csv,10.1021_acsami.0c05632/10.1021_acsami.0c05632__Fig8__I__stability_performance_curve_pce_pattern__MAPbI₃__Series_1.csv,af948113349edb9f2186696fecdb29bd89a5622d01601e44183c56ae943ef609
F01506,1,10.1021/acsami.0c06823,data_all/x_time_h/10.1021_acsami.0c06823/Fig4_A_stability_performance_curve_pce/accepted/10.1021_acsami.0c06823__Fig4__A__stability_performance_curve_pce__Control__Series_3.csv,10.1021_acsami.0c06823/10.1021_acsami.0c06823__Fig4__A__stability_performance_curve_pce__Control__Series_3.csv,60ec5968ed072b6c0cadd35edde0ebe92e7515be3cefe4c230f5897196fbad43
F01507,1,10.1021/acsami.0c06823,data_all/x_time_h/10.1021_acsami.0c06823/Fig4_A_stability_performance_curve_pce/accepted/10.1021_acsami.0c06823__Fig4__A__stability_performance_curve_pce__DCL__Series_1.csv,10.1021_acsami.0c06823/10.1021_acsami.0c06823__Fig4__A__stability_performance_curve_pce__DCL__Series_1.csv,e9a5f21740cb2555499aeb4688093f081613813675126d55618bb9c5262b4ee7
F01508,1,10.1021/acsami.0c06823,data_all/x_time_h/10.1021_acsami.0c06823/Fig4_A_stability_performance_curve_pce/accepted/10.1021_acsami.0c06823__Fig4__A__stability_performance_curve_pce__SCL__Series_2.csv,10.1021_acsami.0c06823/10.1021_acsami.0c06823__Fig4__A__stability_performance_curve_pce__SCL__Series_2.csv,6839193ee029254a05a97e48094eceb78f56e67988a4ba4036c2014495ee631e
F01509,1,10.1021/acsami.0c06823,data_all/x_time_h/10.1021_acsami.0c06823/Fig4_B_stability_performance_curve_pce/accepted/10.1021_acsami.0c06823__Fig4__B__stability_performance_curve_pce__Control__Series_2.csv,10.1021_acsami.0c06823/10.1021_acsami.0c06823__Fig4__B__stability_performance_curve_pce__Control__Series_2.csv,6c5d940d8bcdf8e439c002cbd67f6f381c081a9db430b805f0f57d7d75417636
F01512,1,10.1021/acsami.0c08827,data_all/x_time_h/10.1021_acsami.0c08827/Fig5_C_stability_performance_curve_pce/accepted/10.1021_acsami.0c08827__Fig5__C__stability_performance_curve_pce__。Pristine__Series_1.csv,10.1021_acsami.0c08827/10.1021_acsami.0c08827__Fig5__C__stability_performance_curve_pce__。Pristine__Series_1.csv,c7287df9e103ee9eddaf80177808057dc0f66c113282f1e827cd2ce81cc2ed3e
F01513,1,10.1021/acsami.0c10310,data_all/x_time_h/10.1021_acsami.0c10310/Fig6_whole_modeling/accepted/10.1021_acsami.0c10310__Fig6__whole__modeling__WBG__Series_1.csv,10.1021_acsami.0c10310/10.1021_acsami.0c10310__Fig6__whole__modeling__WBG__Series_1.csv,f22591ae71c05f826dddf03814a021caf847bcc0db998a2344546d2b51ffd0bc
F01514,1,10.1021/acsami.0c11164,data_all/x_time_h/10.1021_acsami.0c11164/Fig4_D_stability_performance_curve_pce/accepted/10.1021_acsami.0c11164__Fig4__D__stability_performance_curve_pce__Control__Series_2.csv,10.1021_acsami.0c11164/10.1021_acsami.0c11164__Fig4__D__stability_performance_curve_pce__Control__Series_2.csv,4929fd9ddc9dc9d1846d0466c03bb8cf34e9711690510f26ab702d93d9b888c2
F01515,1,10.1021/acsami.0c11247,data_all/x_time_h/10.1021_acsami.0c11247/Fig5_A_stability_performance_curve_pce/accepted/10.1021_acsami.0c11247__Fig5__A__stability_performance_curve_pce__PEDOT_PSS__Series_2.csv,10.1021_acsami.0c11247/10.1021_acsami.0c11247__Fig5__A__stability_performance_curve_pce__PEDOT_PSS__Series_2.csv,6cf9cab349033b2355085f8d7bb022858e443449e5a9c2303e2e4989091b2924
F01516,1,10.1021/acsami.0c12044,data_all/x_time_h/10.1021_acsami.0c12044/Fig2_C_stability_performance_curve_pce/accepted/10.1021_acsami.0c12044__Fig2__C__stability_performance_curve_pce__Control__Series_1.csv,10.1021_acsami.0c12044/10.1021_acsami.0c12044__Fig2__C__stability_performance_curve_pce__Control__Series_1.csv,89ac84d75a88aa6ba7bce51cc46a7e21337787ec6c60af5cddc9bbec88ba19db
F01517,1,10.1021/acsami.0c12044,data_all/x_time_h/10.1021_acsami.0c12044/Fig2_D_stability_performance_curve/accepted/10.1021_acsami.0c12044__Fig2__D__stability_performance_curve__Control__Series_1.csv,10.1021_acsami.0c12044/10.1021_acsami.0c12044__Fig2__D__stability_performance_curve__Control__Series_1.csv,a97fc0c8879222eb2de1b26a1601bc588ca2443885efe1149b6579e389a62225
F01518,1,10.1021/acsami.0c13116,data_all/x_time_h/10.1021_acsami.0c13116/Fig5_A_stability_performance_curve_pce_decay/accepted/10.1021_acsami.0c13116__Fig5__A__stability_performance_curve_pce_decay__O—W_EDEA__Series_2.csv,10.1021_acsami.0c13116/10.1021_acsami.0c13116__Fig5__A__stability_performance_curve_pce_decay__O—W_EDEA__Series_2.csv,0ce7a950607ff5f8eafd2d0df9abb78a25c7576466de0012c6947bc2cdaf9c8e
F01519,1,10.1021/acsami.0c13116,data_all/x_time_h/10.1021_acsami.0c13116/Fig5_A_stability_performance_curve_pce_decay/accepted/10.1021_acsami.0c13116__Fig5__A__stability_performance_curve_pce_decay__reference__Series_3.csv,10.1021_acsami.0c13116/10.1021_acsami.0c13116__Fig5__A__stability_performance_curve_pce_decay__reference__Series_3.csv,c42d3986ab0c98ca7f1682dadee0720cbf07dc32f00ac20a25c6d584b17b683a
F01520,1,10.1021/acsami.0c14218,data_all/x_time_h/10.1021_acsami.0c14218/Fig3_A_stability_performance_curve_pce_ff/accepted/10.1021_acsami.0c14218__Fig3__A__stability_performance_curve_pce_ff__0%__Series_3.csv,10.1021_acsami.0c14218/10.1021_acsami.0c14218__Fig3__A__stability_performance_curve_pce_ff__0%__Series_3.csv,0e04ed1459865a9b72a16457016d677dc8257dcbf4e1cdbd79b648c37a445309
F01522,1,10.1021/acsami.0c14218,data_all/x_time_h/10.1021_acsami.0c14218/Fig4_A_stability_performance_curve_ff/accepted/10.1021_acsami.0c14218__Fig4__A__stability_performance_curve_ff__0%__Series_3.csv,10.1021_acsami.0c14218/10.1021_acsami.0c14218__Fig4__A__stability_performance_curve_ff__0%__Series_3.csv,cd5f4ba2954c95ca8cd91cc297903301d4a3dbf4b059808a1c55c2c0a5fb2bd2
F01523,1,10.1021/acsami.0c14218,data_all/x_time_h/10.1021_acsami.0c14218/Fig4_A_stability_performance_curve_ff/accepted/10.1021_acsami.0c14218__Fig4__A__stability_performance_curve_ff__0.5%__Series_4.csv,10.1021_acsami.0c14218/10.1021_acsami.0c14218__Fig4__A__stability_performance_curve_ff__0.5%__Series_4.csv,70ca2ae81724b7cc0a2223638bcfa8cc1c696acae09a08771de4747963460d75
F01525,1,10.1021/acsami.0c15676,data_all/x_time_h/10.1021_acsami.0c15676/Fig9_whole_stability/accepted/10.1021_acsami.0c15676__Fig9__whole__stability__V-1__Series_3.csv,10.1021_acsami.0c15676/10.1021_acsami.0c15676__Fig9__whole__stability__V-1__Series_3.csv,6ef089907721ca3cfa66fcd4ad5f8e4e5338ea03edd4bfeb25fc82ea54e11e8b
F01526,1,10.1021/acsami.0c15676,data_all/x_time_h/10.1021_acsami.0c15676/Fig9_whole_stability/accepted/10.1021_acsami.0c15676__Fig9__whole__stability__spiro-OMeTAD__Series_1.csv,10.1021_acsami.0c15676/10.1021_acsami.0c15676__Fig9__whole__stability__spiro-OMeTAD__Series_1.csv,969f941b7011e3e1d1e10b03b65fc875b652942bef981cdfb08e0f594e2b05aa
F01527,1,10.1021/acsami.0c17141,data_all/x_time_h/10.1021_acsami.0c17141/Fig6_B_stability_performance_curve_pce/accepted/10.1021_acsami.0c17141__Fig6__B__stability_performance_curve_pce__CNTs-8__Series_1.csv,10.1021_acsami.0c17141/10.1021_acsami.0c17141__Fig6__B__stability_performance_curve_pce__CNTs-8__Series_1.csv,2cdea6cb5e54a4cdd1f944ae5702134ead6b27784c8787104598ecde113bf0d3
F01528,1,10.1021/acsami.0c17141,data_all/x_time_h/10.1021_acsami.0c17141/Fig6_B_stability_performance_curve_pce/accepted/10.1021_acsami.0c17141__Fig6__B__stability_performance_curve_pce__graphene-1_CNTs-8__Series_2.csv,10.1021_acsami.0c17141/10.1021_acsami.0c17141__Fig6__B__stability_performance_curve_pce__graphene-1_CNTs-8__Series_2.csv,068623c1c99ed2b8bea8c32f703bb28e75aed4d453a9a11cadb4b949154738a2
F01529,1,10.1021/acsami.0c17141,data_all/x_time_h/10.1021_acsami.0c17141/Fig6_B_stability_performance_curve_pce/accepted/10.1021_acsami.0c17141__Fig6__B__stability_performance_curve_pce__reference_Ag_electrode__Series_4.csv,10.1021_acsami.0c17141/10.1021_acsami.0c17141__Fig6__B__stability_performance_curve_pce__reference_Ag_electrode__Series_4.csv,01f5cfcbb52ace87a7332dc6226456e688d237d720962b723a579ef0e242fa36
F01530,1,10.1021/acsami.0c17773,data_all/x_time_h/10.1021_acsami.0c17773/Fig4_F_eis_plot_stability_performance_curve_pce_voc/accepted/10.1021_acsami.0c17773__Fig4__F__eis_plot_stability_performance_curve_pce_voc__W_O_F-PEAI__Series_1.csv,10.1021_acsami.0c17773/10.1021_acsami.0c17773__Fig4__F__eis_plot_stability_performance_curve_pce_voc__W_O_F-PEAI__Series_1.csv,dafc6c85b4d3f6bc790b29ca09f23cb7165bdbde61c1c57ded7336abd8d911f2
F01531,1,10.1021/acsami.0c18009,data_all/x_time_h/10.1021_acsami.0c18009/Fig5_C_stability_performance_curve_pce/accepted/10.1021_acsami.0c18009__Fig5__C__stability_performance_curve_pce__Control__Series_1.csv,10.1021_acsami.0c18009/10.1021_acsami.0c18009__Fig5__C__stability_performance_curve_pce__Control__Series_1.csv,52ca3bfa5bae971ed9f143bef8ddc77a30006b99353cc839a8df04b73d344e33
F01532,1,10.1021/acsami.0c18862,data_all/x_time_h/10.1021_acsami.0c18862/Fig4_G_stability_performance_curve/accepted/10.1021_acsami.0c18862__Fig4__G__stability_performance_curve__Control__Series_2.csv,10.1021_acsami.0c18862/10.1021_acsami.0c18862__Fig4__G__stability_performance_curve__Control__Series_2.csv,7a7f1ed4e30dee208d56631632595ecc4c336e39f8097696fa836773a79ad6f2
F01533,1,10.1021/acsami.0c22817,data_all/x_time_h/10.1021_acsami.0c22817/Fig5_E_stability_performance_curve_pce/accepted/10.1021_acsami.0c22817__Fig5__E__stability_performance_curve_pce__Pristine__Series_1.csv,10.1021_acsami.0c22817/10.1021_acsami.0c22817__Fig5__E__stability_performance_curve_pce__Pristine__Series_1.csv,ec7ca3fee6c3b9c451f27152922d4655418e4f0e61ccd04c53c8bdaba5702829
F01535,1,10.1021/acsami.1c01408,data_all/x_time_h/10.1021_acsami.1c01408/Fig5_A_stability_performance_curve_pce/accepted/10.1021_acsami.1c01408__Fig5__A__stability_performance_curve_pce__w_oBMIBr__Series_1.csv,10.1021_acsami.1c01408/10.1021_acsami.1c01408__Fig5__A__stability_performance_curve_pce__w_oBMIBr__Series_1.csv,e1f6f24ac4ae8c354d95f23ac414a703ea9d69ece5d0e9b3b7e4f229b8030508
F01538,1,10.1021/acsami.1c05498,data_all/x_time_h/10.1021_acsami.1c05498/Fig5_A_stability_performance_curve_pce/accepted/10.1021_acsami.1c05498__Fig5__A__stability_performance_curve_pce__w_o_CDTA__Series_1.csv,10.1021_acsami.1c05498/10.1021_acsami.1c05498__Fig5__A__stability_performance_curve_pce__w_o_CDTA__Series_1.csv,2e618343d9bf6b525849f9602929105309d8cd75a712fc686792d3115ea9537a
F01539,1,10.1021/acsami.1c05498,data_all/x_time_h/10.1021_acsami.1c05498/Fig5_B_stability_performance_curve_pce/accepted/10.1021_acsami.1c05498__Fig5__B__stability_performance_curve_pce__w_oCDTA__Series_2.csv,10.1021_acsami.1c05498/10.1021_acsami.1c05498__Fig5__B__stability_performance_curve_pce__w_oCDTA__Series_2.csv,059038492aa1323492b4fa8544f61474cb7434804a1f5c1d80f6dc7e61d6cc0c
F01540,1,10.1021/acsami.1c05498,data_all/x_time_h/10.1021_acsami.1c05498/Fig5_C_stability_performance_curve_pce/accepted/10.1021_acsami.1c05498__Fig5__C__stability_performance_curve_pce__w_o_CDTA__Series_2.csv,10.1021_acsami.1c05498/10.1021_acsami.1c05498__Fig5__C__stability_performance_curve_pce__w_o_CDTA__Series_2.csv,e0f03dfb07d9fe19c8c8a6627dd53fb99780791f7a1983e99859f08e7bc5758a
F01542,1,10.1021/acsami.1c09742,data_all/x_time_h/10.1021_acsami.1c09742/Fig4_D_stability_performance_curve_pce/accepted/10.1021_acsami.1c09742__Fig4__D__stability_performance_curve_pce__Control_device__Series_2.csv,10.1021_acsami.1c09742/10.1021_acsami.1c09742__Fig4__D__stability_performance_curve_pce__Control_device__Series_2.csv,7062af2bad27d01aac6cb7bc601922d571e604777266e1f1670b3502ae4c3690
F01543,1,10.1021/acsami.1c12826,data_all/x_time_h/10.1021_acsami.1c12826/Fig4_B_stability_performance_curve_pce/accepted/10.1021_acsami.1c12826__Fig4__B__stability_performance_curve_pce__Pristine__Series_1.csv,10.1021_acsami.1c12826/10.1021_acsami.1c12826__Fig4__B__stability_performance_curve_pce__Pristine__Series_1.csv,355481ab9ab4c22b616d1996b4173793e126af22137461563a499e79dc0997d4
F01544,1,10.1021/acsami.1c18375,data_all/x_time_h/10.1021_acsami.1c18375/Fig5_D_stability_performance_curve_pce/accepted/10.1021_acsami.1c18375__Fig5__D__stability_performance_curve_pce__SnO2_CsPbI3__Series_1.csv,10.1021_acsami.1c18375/10.1021_acsami.1c18375__Fig5__D__stability_performance_curve_pce__SnO2_CsPbI3__Series_1.csv,f6b5c881a1454abc2ac415e5bd5eaa46a542c9192f0e5bda4f7dbdcea5841507
F01545,1,10.1021/acsami.1c19587,data_all/x_time_h/10.1021_acsami.1c19587/Fig4_G_stability_performance_curve_pce/accepted/10.1021_acsami.1c19587__Fig4__G__stability_performance_curve_pce__PTI-30__Series_1.csv,10.1021_acsami.1c19587/10.1021_acsami.1c19587__Fig4__G__stability_performance_curve_pce__PTI-30__Series_1.csv,cfbc7dc747ed1e4afb97ec621ca68fa8206738e1cb27409ac2b08b05e4a1101f
F01546,1,10.1021/acsami.1c19587,data_all/x_time_h/10.1021_acsami.1c19587/Fig4_G_stability_performance_curve_pce/accepted/10.1021_acsami.1c19587__Fig4__G__stability_performance_curve_pce__Reference__Series_2.csv,10.1021_acsami.1c19587/10.1021_acsami.1c19587__Fig4__G__stability_performance_curve_pce__Reference__Series_2.csv,5320042c010c9de654a4f1241bfdf44a36f54866d428eb333c802c66bcfdb9f1
F01547,1,10.1021/acsami.1c19587,data_all/x_time_h/10.1021_acsami.1c19587/Fig4_H_stability_performance_curve_pce/accepted/10.1021_acsami.1c19587__Fig4__H__stability_performance_curve_pce__PT-30__Series_1.csv,10.1021_acsami.1c19587/10.1021_acsami.1c19587__Fig4__H__stability_performance_curve_pce__PT-30__Series_1.csv,e0c07548adee6a1286f03819775ec5c2fab4bcc73486c3544c2f982507f9c6ec
F01548,1,10.1021/acsami.1c19587,data_all/x_time_h/10.1021_acsami.1c19587/Fig4_H_stability_performance_curve_pce/accepted/10.1021_acsami.1c19587__Fig4__H__stability_performance_curve_pce__Reference__Series_2.csv,10.1021_acsami.1c19587/10.1021_acsami.1c19587__Fig4__H__stability_performance_curve_pce__Reference__Series_2.csv,9ca50e3d4f7663ed00f8cc9d1c5c3b2b2d8850aae3c3dbe7a47489a59a391eef
F01551,1,10.1021/acsami.6b03724,data_all/x_time_h/10.1021_acsami.6b03724/Fig5_D_chart/accepted/10.1021_acsami.6b03724__Fig5__D__chart__ZnO_PFN__Series_3.csv,10.1021_acsami.6b03724/10.1021_acsami.6b03724__Fig5__D__chart__ZnO_PFN__Series_3.csv,548c58004b76ff4fdc34c39d9cfc19bc91b7ac533e9ddb476015a552e3238be2
F01552,1,10.1021/acsami.6b03724,data_all/x_time_h/10.1021_acsami.6b03724/Fig5_D_chart/accepted/10.1021_acsami.6b03724__Fig5__D__chart__wlo__Series_2.csv,10.1021_acsami.6b03724/10.1021_acsami.6b03724__Fig5__D__chart__wlo__Series_2.csv,ec3241cd024e4102bfdaa4d8e696a6f3d67def362d46fd9635d32e64cc6e5488
F01553,1,10.1021/acsami.6b03724,data_all/x_time_h/10.1021_acsami.6b03724/Fig5_D_chart/accepted/10.1021_acsami.6b03724__Fig5__D__chart__zno__Series_1.csv,10.1021_acsami.6b03724/10.1021_acsami.6b03724__Fig5__D__chart__zno__Series_1.csv,7697415d550c02c483fa7ed825e67cea1235abf181b674addef27abefc64db4d
F01554,1,10.1021/acsami.6b11393,data_all/x_time_h/10.1021_acsami.6b11393/Fig5_C_stability_performance_curve_pce/accepted/10.1021_acsami.6b11393__Fig5__C__stability_performance_curve_pce__MAPbI₃__Series_2.csv,10.1021_acsami.6b11393/10.1021_acsami.6b11393__Fig5__C__stability_performance_curve_pce__MAPbI₃__Series_2.csv,6ad35a6510936b3715ddca46bfc14831cbbdbe26f791c68a62c41b0e0d711d75
F01555,1,10.1021/acsami.7b01282,data_all/x_time_h/10.1021_acsami.7b01282/Fig8_whole_sem_stability/accepted/10.1021_acsami.7b01282__Fig8__whole__sem_stability__Spin-coated_ETL__Series_1.csv,10.1021_acsami.7b01282/10.1021_acsami.7b01282__Fig8__whole__sem_stability__Spin-coated_ETL__Series_1.csv,26dab7b325886bcccec9591ec39ed5fc4600976fcbd5b07802623e1d238e7dc5
F01556,1,10.1021/acsami.7b02223,data_all/x_time_h/10.1021_acsami.7b02223/Fig5_A_chart/accepted/10.1021_acsami.7b02223__Fig5__A__chart__O-PEDOT_PSS__Series_1.csv,10.1021_acsami.7b02223/10.1021_acsami.7b02223__Fig5__A__chart__O-PEDOT_PSS__Series_1.csv,efba1b52686b17ad890cb23d35df412b08e1fb715a68c17b578d57cc71a2ad71
F01557,1,10.1021/acsami.7b06681,data_all/x_time_h/10.1021_acsami.7b06681/Fig6_D_stability_performance_curve_pce/accepted/10.1021_acsami.7b06681__Fig6__D__stability_performance_curve_pce__Bphen__Series_2.csv,10.1021_acsami.7b06681/10.1021_acsami.7b06681__Fig6__D__stability_performance_curve_pce__Bphen__Series_2.csv,0a78b8dd306e5feb3f84934c0626a933b676241a5d14e53df1b454177edd1774
F01559,1,10.1021/acsami.8b02035,data_all/x_time_h/10.1021_acsami.8b02035/Fig5_A_stability_performance_curve_pce/accepted/10.1021_acsami.8b02035__Fig5__A__stability_performance_curve_pce__NiO(m)&PCBM__Series_2.csv,10.1021_acsami.8b02035/10.1021_acsami.8b02035__Fig5__A__stability_performance_curve_pce__NiO(m)&PCBM__Series_2.csv,d6135c034d7029132ec3594833266f013b4f1c50700f202d9905810f80d575ef
F01561,1,10.1021/acsami.8b02035,"data_all/x_time_h/10.1021_acsami.8b02035/Fig5_A_stability_performance_curve_pce/accepted/10.1021_acsami.8b02035__Fig5__A__stability_performance_curve_pce__NiO,&PCBM__Series_1.csv","10.1021_acsami.8b02035/10.1021_acsami.8b02035__Fig5__A__stability_performance_curve_pce__NiO,&PCBM__Series_1.csv",43c64a7264dfc8f39e24eecb01f0e7cfbc1c7482b38a7cfdcb6b064d4239c363
F01562,1,10.1021/acsami.8b02256,data_all/x_time_h/10.1021_acsami.8b02256/Fig8_whole_stability_performance_curve_pce/accepted/10.1021_acsami.8b02256__Fig8__whole__stability_performance_curve_pce__w_o__Series_1.csv,10.1021_acsami.8b02256/10.1021_acsami.8b02256__Fig8__whole__stability_performance_curve_pce__w_o__Series_1.csv,5008c4c9bfb329d33636d6de870fe7f650dfbd39a98ba1001aea9836445928a9
F01563,1,10.1021/acsami.8b03543,data_all/x_time_h/10.1021_acsami.8b03543/Fig4_E_stability_performance_curve_pce/accepted/10.1021_acsami.8b03543__Fig4__E__stability_performance_curve_pce__PEDOT_PSS__Series_2.csv,10.1021_acsami.8b03543/10.1021_acsami.8b03543__Fig4__E__stability_performance_curve_pce__PEDOT_PSS__Series_2.csv,04ea49f82501c95b693dd36db5d21fe1a12c40c7c7c58f8cf91d290a61899e4b
F01564,1,10.1021/acsami.8b04003,data_all/x_time_h/10.1021_acsami.8b04003/Fig7_B_stability_performance_curve_retention/accepted/10.1021_acsami.8b04003__Fig7__B__stability_performance_curve_retention__YN1__Series_2.csv,10.1021_acsami.8b04003/10.1021_acsami.8b04003__Fig7__B__stability_performance_curve_retention__YN1__Series_2.csv,ae6ed44f0b0b61080f8353893e8b8ab4f25500a5a023a59dd1d6a320c3069c60
F01565,1,10.1021/acsami.8b06619,data_all/x_time_h/10.1021_acsami.8b06619/Fig4_F_stability_performance_curve_ff/accepted/10.1021_acsami.8b06619__Fig4__F__stability_performance_curve_ff__0.0%__Series_1.csv,10.1021_acsami.8b06619/10.1021_acsami.8b06619__Fig4__F__stability_performance_curve_ff__0.0%__Series_1.csv,dd0043a00f2a2c5dcdb19e06fccb68f5adb4b87d788e702107036075825e1b11
F01566,1,10.1021/acsami.8b07346,data_all/x_time_h/10.1021_acsami.8b07346/Fig5_A_schematic_diagram_stability_performance_curve_pce/accepted/10.1021_acsami.8b07346__Fig5__A__schematic_diagram_stability_performance_curve_pce__control_devices__Series_3.csv,10.1021_acsami.8b07346/10.1021_acsami.8b07346__Fig5__A__schematic_diagram_stability_performance_curve_pce__control_devices__Series_3.csv,29188ae3726ae0848f535683b96145956937a88d4f740d63470ef8ad3bfb09ce
F01567,1,10.1021/acsami.8b07346,data_all/x_time_h/10.1021_acsami.8b07346/Fig5_A_schematic_diagram_stability_performance_curve_pce/accepted/10.1021_acsami.8b07346__Fig5__A__schematic_diagram_stability_performance_curve_pce__with_TiO₂_and_Al₂O₃__Series_1.csv,10.1021_acsami.8b07346/10.1021_acsami.8b07346__Fig5__A__schematic_diagram_stability_performance_curve_pce__with_TiO₂_and_Al₂O₃__Series_1.csv,eb43a64e1e7ef7e67b20ba93936155f3892b2d63581ad873612ca2762912bd85
F01568,1,10.1021/acsami.8b07346,data_all/x_time_h/10.1021_acsami.8b07346/Fig5_A_schematic_diagram_stability_performance_curve_pce/accepted/10.1021_acsami.8b07346__Fig5__A__schematic_diagram_stability_performance_curve_pce__with_TiO₂_interface_layer__Series_4.csv,10.1021_acsami.8b07346/10.1021_acsami.8b07346__Fig5__A__schematic_diagram_stability_performance_curve_pce__with_TiO₂_interface_layer__Series_4.csv,93df0336454e44d64f8149bfd1c625bc62173c8f8785e38bbb823724b0dcb1f1
F01569,1,10.1021/acsami.8b08888,data_all/x_time_h/10.1021_acsami.8b08888/Fig3_B_stability_performance_curve_pce/accepted/10.1021_acsami.8b08888__Fig3__B__stability_performance_curve_pce__Li-TFSI_doped_Spiro-OMeTAD__Series_2.csv,10.1021_acsami.8b08888/10.1021_acsami.8b08888__Fig3__B__stability_performance_curve_pce__Li-TFSI_doped_Spiro-OMeTAD__Series_2.csv,dd5ec35723c0b2efa431b06ff17483061f10cc446cbe07cfc9335dd92947720d
F01570,1,10.1021/acsami.8b10332,data_all/x_time_h/10.1021_acsami.8b10332/Fig5_B_stability_performance_curve_ff/accepted/10.1021_acsami.8b10332__Fig5__B__stability_performance_curve_ff__SnO₂__Series_1.csv,10.1021_acsami.8b10332/10.1021_acsami.8b10332__Fig5__B__stability_performance_curve_ff__SnO₂__Series_1.csv,cd1c1fe05cd39a2ee932fcf78d5b5d7dc1884f5736e7cf6dd81decdece47f137
F01571,1,10.1021/acsami.8b12675,data_all/x_time_h/10.1021_acsami.8b12675/Fig6_whole_stability/accepted/10.1021_acsami.8b12675__Fig6__whole__stability__pcBM__Series_1.csv,10.1021_acsami.8b12675/10.1021_acsami.8b12675__Fig6__whole__stability__pcBM__Series_1.csv,ce6765971f9892d41934f49503665dfe73805e59af9a25b0dbc61da3210873e1
F01572,1,10.1021/acsami.8b12678,data_all/x_time_h/10.1021_acsami.8b12678/Fig7_D_stability_performance_curve_pce/accepted/10.1021_acsami.8b12678__Fig7__D__stability_performance_curve_pce__POZ9__Series_1.csv,10.1021_acsami.8b12678/10.1021_acsami.8b12678__Fig7__D__stability_performance_curve_pce__POZ9__Series_1.csv,bb4d8b741c715745307d75d33d1c39aec27ddd5629a896aed24187dc40574ff6
F01573,1,10.1021/acsami.8b12678,data_all/x_time_h/10.1021_acsami.8b12678/Fig7_D_stability_performance_curve_pce/accepted/10.1021_acsami.8b12678__Fig7__D__stability_performance_curve_pce__Spiro-OMeTAD__Series_3.csv,10.1021_acsami.8b12678/10.1021_acsami.8b12678__Fig7__D__stability_performance_curve_pce__Spiro-OMeTAD__Series_3.csv,1d475e2d3f3b365a4e61e2d569472c38369636e11eeb3c153dd2b852da6a1c62
F01574,1,10.1021/acsami.8b15665,data_all/x_time_h/10.1021_acsami.8b15665/Fig6_whole_stability_performance_curve_pce/accepted/10.1021_acsami.8b15665__Fig6__whole__stability_performance_curve_pce__SnO₂_device__Series_2.csv,10.1021_acsami.8b15665/10.1021_acsami.8b15665__Fig6__whole__stability_performance_curve_pce__SnO₂_device__Series_2.csv,25088bf6336f2daeb68beff6b29fc5111829819b3862deb54490bf02c9aa0389
F01575,1,10.1021/acsami.8b17300,data_all/x_time_h/10.1021_acsami.8b17300/Fig6_F_stability/accepted/10.1021_acsami.8b17300__Fig6__F__stability__o-Sample-A__Series_1.csv,10.1021_acsami.8b17300/10.1021_acsami.8b17300__Fig6__F__stability__o-Sample-A__Series_1.csv,bdcba9fe8f88f0ad780cc266ec47847e5b7bbfc49506df64a3a9fc61fb9913ef
F01576,1,10.1021/acsami.8b19036,data_all/x_time_h/10.1021_acsami.8b19036/Fig6_B_stability_performance_curve_pce/accepted/10.1021_acsami.8b19036__Fig6__B__stability_performance_curve_pce__PCBM__Series_3.csv,10.1021_acsami.8b19036/10.1021_acsami.8b19036__Fig6__B__stability_performance_curve_pce__PCBM__Series_3.csv,45dd9c8d710d69df3b6cd773e0f85da8c72ad35de51ff97cdcea212ee7e79471
F01577,1,10.1021/acsami.8b19036,data_all/x_time_h/10.1021_acsami.8b19036/Fig6_B_stability_performance_curve_pce/accepted/10.1021_acsami.8b19036__Fig6__B__stability_performance_curve_pce__PN__Series_4.csv,10.1021_acsami.8b19036/10.1021_acsami.8b19036__Fig6__B__stability_performance_curve_pce__PN__Series_4.csv,f1fdfabee3295feee76bb0e7ef736dfa5571c79a52ed2e7634aa4a9dc5a29166
F01579,1,10.1021/acsami.9b00923,data_all/x_time_h/10.1021_acsami.9b00923/Fig9_A_stability_performance_curve_pce/accepted/10.1021_acsami.9b00923__Fig9__A__stability_performance_curve_pce__Au__Series_1.csv,10.1021_acsami.9b00923/10.1021_acsami.9b00923__Fig9__A__stability_performance_curve_pce__Au__Series_1.csv,f32a1cc5715b38d6e30fbe0e82fb4a02eedd254fa9449f2b3b3a6ae6471dd283
F01582,1,10.1021/acsami.9b06513,"data_all/x_time_h/10.1021_acsami.9b06513/Fig4_E_jv_curve_stability_performance/accepted/10.1021_acsami.9b06513__Fig4__E__jv_curve_stability_performance__w_o_doping_encapsulated,_under_1_sun_at_MPP__Series_1.csv","10.1021_acsami.9b06513/10.1021_acsami.9b06513__Fig4__E__jv_curve_stability_performance__w_o_doping_encapsulated,_under_1_sun_at_MPP__Series_1.csv",26438ef076875912411b1117d432a2cbc80fb993e240460c559169e7c90459ac
F01583,1,10.1021/acsami.9b06933,data_all/x_time_h/10.1021_acsami.9b06933/Fig4_F_stability_performance_curve_pce/accepted/10.1021_acsami.9b06933__Fig4__F__stability_performance_curve_pce__o-spiro-OMeTAD__Series_2.csv,10.1021_acsami.9b06933/10.1021_acsami.9b06933__Fig4__F__stability_performance_curve_pce__o-spiro-OMeTAD__Series_2.csv,09e7f4d5fa3845e20b5136277e7c99a35d5e7dbc0aaffb5df54ccce1289975ee
F01584,1,10.1021/acsami.9b11229,data_all/x_time_h/10.1021_acsami.9b11229/Fig5_B_stability_performance_curve/accepted/10.1021_acsami.9b11229__Fig5__B__stability_performance_curve__TiO₂__Series_2.csv,10.1021_acsami.9b11229/10.1021_acsami.9b11229__Fig5__B__stability_performance_curve__TiO₂__Series_2.csv,43166806978b5bb4db10144f55dc29eb4e2884ba0695b9f5bf5b0a3666c7272b
F01585,1,10.1021/acsami.9b11229,data_all/x_time_h/10.1021_acsami.9b11229/Fig5_C_stability_performance_curve/accepted/10.1021_acsami.9b11229__Fig5__C__stability_performance_curve__TiO₂__Series_2.csv,10.1021_acsami.9b11229/10.1021_acsami.9b11229__Fig5__C__stability_performance_curve__TiO₂__Series_2.csv,ae52a7197211981e8f2db04dcf289bee45bb2fd025e3b5fa18bda495741f4ece
F01586,1,10.1021/acsami.9b11229,data_all/x_time_h/10.1021_acsami.9b11229/Fig5_D_stability_performance_curve/accepted/10.1021_acsami.9b11229__Fig5__D__stability_performance_curve__TiO₂__Series_1.csv,10.1021_acsami.9b11229/10.1021_acsami.9b11229__Fig5__D__stability_performance_curve__TiO₂__Series_1.csv,dd238e37548f7354e8a182bfd780d85b2b6bc1e1de5d12de1781c84c0f412d4c
F01587,1,10.1021/acsami.9b12346,data_all/x_time_h/10.1021_acsami.9b12346/Fig4_D_stability_performance_curve/accepted/10.1021_acsami.9b12346__Fig4__D__stability_performance_curve__PHJ_PSCs_by_CH₃NH₃PbI₂.₅₅Br₀.₄₅__Series_2.csv,10.1021_acsami.9b12346/10.1021_acsami.9b12346__Fig4__D__stability_performance_curve__PHJ_PSCs_by_CH₃NH₃PbI₂.₅₅Br₀.₄₅__Series_2.csv,17bdfd011462630f037eef0f309ad95c614722bb2090813fe62b8613158b5df0
F01588,1,10.1021/acsami.9b14740,data_all/x_time_h/10.1021_acsami.9b14740/Fig4_A_stability_performance_curve_pce/accepted/10.1021_acsami.9b14740__Fig4__A__stability_performance_curve_pce__Spiro-OMeTAD__Series_1.csv,10.1021_acsami.9b14740/10.1021_acsami.9b14740__Fig4__A__stability_performance_curve_pce__Spiro-OMeTAD__Series_1.csv,75ff11b7692fd518ba68a0e6ff8f7c8728bf468b286a9c1eeb61c88b1dcd3028
F01589,1,10.1021/acsami.9b14740,data_all/x_time_h/10.1021_acsami.9b14740/Fig4_C_stability_performance_curve_pce/accepted/10.1021_acsami.9b14740__Fig4__C__stability_performance_curve_pce__Spiro-OMeTAD__Series_1.csv,10.1021_acsami.9b14740/10.1021_acsami.9b14740__Fig4__C__stability_performance_curve_pce__Spiro-OMeTAD__Series_1.csv,66d7ca39f0dd37f8a129a8819dce119add45ab3e36b85d6bf70354f38c718ef9
F01590,1,10.1021/acsami.9b14957,data_all/x_time_h/10.1021_acsami.9b14957/Fig5_A_stability_performance_curve_pce/accepted/10.1021_acsami.9b14957__Fig5__A__stability_performance_curve_pce__spiro-OMeTAD__Series_1.csv,10.1021_acsami.9b14957/10.1021_acsami.9b14957__Fig5__A__stability_performance_curve_pce__spiro-OMeTAD__Series_1.csv,b40be9fd306c2bef3b4a42010fcd5a7c1144bbc629bc98719414bbfebf67ef11
F01591,1,10.1021/acsami.9b15320,data_all/x_time_h/10.1021_acsami.9b15320/Fig5_A_xrd_pattern_stability_performance_curve_pce_structure/accepted/10.1021_acsami.9b15320__Fig5__A__xrd_pattern_stability_performance_curve_pce_structure__Ag__Series_1.csv,10.1021_acsami.9b15320/10.1021_acsami.9b15320__Fig5__A__xrd_pattern_stability_performance_curve_pce_structure__Ag__Series_1.csv,a0164b651dd883bdac694906cbd66dbd5f40412d9fb67fc54529506df825f128
F01592,1,10.1021/acsami.9b15320,data_all/x_time_h/10.1021_acsami.9b15320/Fig6_B_stability_performance_curve_ff/accepted/10.1021_acsami.9b15320__Fig6__B__stability_performance_curve_ff__Ag__Series_1.csv,10.1021_acsami.9b15320/10.1021_acsami.9b15320__Fig6__B__stability_performance_curve_ff__Ag__Series_1.csv,4d62f83f26acb575ade31a96eea040854b9596b0fc85db4626da593d09cd2a7f
F01593,1,10.1021/acsami.9b15320,data_all/x_time_h/10.1021_acsami.9b15320/Fig8_whole_stability/accepted/10.1021_acsami.9b15320__Fig8__whole__stability__Ag__Series_1.csv,10.1021_acsami.9b15320/10.1021_acsami.9b15320__Fig8__whole__stability__Ag__Series_1.csv,d5ae0af5536da12e50ae376218241673833cdd2beaef8640731d78a6affe5f83
F01595,1,10.1021/acsami.9b16194,data_all/x_time_h/10.1021_acsami.9b16194/Fig5_B_jv_curve_stability_performance/accepted/10.1021_acsami.9b16194__Fig5__B__jv_curve_stability_performance__CsFAMA_CuSCN__Series_2.csv,10.1021_acsami.9b16194/10.1021_acsami.9b16194__Fig5__B__jv_curve_stability_performance__CsFAMA_CuSCN__Series_2.csv,41a60c325907f83ba764cbd212e1e112de1932b83774c29780be14326d5adb32
F01596,1,10.1021/acsami.9b17580,data_all/x_time_h/10.1021_acsami.9b17580/Fig5_D_stability_performance_curve_pce/accepted/10.1021_acsami.9b17580__Fig5__D__stability_performance_curve_pce__BZnTPP_MAPbI₃__Series_2.csv,10.1021_acsami.9b17580/10.1021_acsami.9b17580__Fig5__D__stability_performance_curve_pce__BZnTPP_MAPbI₃__Series_2.csv,a7664c1a1b2fd35d672f4c482b8643bbaa4e511f696bee572859d16e805401cc
F01597,1,10.1021/acsami.9b17580,data_all/x_time_h/10.1021_acsami.9b17580/Fig5_D_stability_performance_curve_pce/accepted/10.1021_acsami.9b17580__Fig5__D__stability_performance_curve_pce__MAPbI₃__Series_1.csv,10.1021_acsami.9b17580/10.1021_acsami.9b17580__Fig5__D__stability_performance_curve_pce__MAPbI₃__Series_1.csv,476d9b9a39d9ec3d4e4f6cf59f5535369574f161d7de97db6850c51482107dd9
F01598,1,10.1021/acsami.9b17930,data_all/x_time_h/10.1021_acsami.9b17930/Fig8_C_pce/accepted/10.1021_acsami.9b17930__Fig8__C__pce__3D__Series_1.csv,10.1021_acsami.9b17930/10.1021_acsami.9b17930__Fig8__C__pce__3D__Series_1.csv,24244971f0b536caa4be440a944fb5eeb5fd337b3b48df05aac639d63b1a2371
F01599,1,10.1021/acsami.9b18082,data_all/x_time_h/10.1021_acsami.9b18082/Fig3_E_stability_performance_curve/accepted/10.1021_acsami.9b18082__Fig3__E__stability_performance_curve__mp-TiO2__Series_1.csv,10.1021_acsami.9b18082/10.1021_acsami.9b18082__Fig3__E__stability_performance_curve__mp-TiO2__Series_1.csv,fdb6a0a66eb7b8bcaed72a35958ca81d4f2185dc6b9ceb205d38812cb897f691
F01600,1,10.1021/acsami.9b19691,data_all/x_time_h/10.1021_acsami.9b19691/Fig7_C_stability_performance_curve_pce/accepted/10.1021_acsami.9b19691__Fig7__C__stability_performance_curve_pce__MAPbI₃__Series_2.csv,10.1021_acsami.9b19691/10.1021_acsami.9b19691__Fig7__C__stability_performance_curve_pce__MAPbI₃__Series_2.csv,2aef2be7e83a29aabcac4deb913de25297abe381319e04a6b373c70e7d2a126a
F01601,1,10.1021/acsami.9b21348,data_all/x_time_h/10.1021_acsami.9b21348/Fig5_A_stability_performance_curve_pce/accepted/10.1021_acsami.9b21348__Fig5__A__stability_performance_curve_pce__Perovskite__Series_3.csv,10.1021_acsami.9b21348/10.1021_acsami.9b21348__Fig5__A__stability_performance_curve_pce__Perovskite__Series_3.csv,f3625ac6feeb6eee84ef5e281f68e3249e215088958ab7acc848320ea377b1bb
F01602,1,10.1021/acsami.9b22627,data_all/x_time_h/10.1021_acsami.9b22627/Fig9_C_mppt_stability_performance_curve/accepted/10.1021_acsami.9b22627__Fig9__C__mppt_stability_performance_curve__MAPbI_C1__Series_1.csv,10.1021_acsami.9b22627/10.1021_acsami.9b22627__Fig9__C__mppt_stability_performance_curve__MAPbI_C1__Series_1.csv,92458025e0677aa866fb53ad113e7d88f3d13bb198f0aebb8e97b9f0592ce365
F01603,1,10.1021/acsami.9b22719,data_all/x_time_h/10.1021_acsami.9b22719/Fig6_F_stability_performance_curve_pce/accepted/10.1021_acsami.9b22719__Fig6__F__stability_performance_curve_pce__Control__Series_1.csv,10.1021_acsami.9b22719/10.1021_acsami.9b22719__Fig6__F__stability_performance_curve_pce__Control__Series_1.csv,1173b296b1024531930ffab70bd5d3dac38025481dd6e66febd2c750906a7ad2
F01604,1,10.1021/acsami.9b22719,data_all/x_time_h/10.1021_acsami.9b22719/Fig6_F_stability_performance_curve_pce/accepted/10.1021_acsami.9b22719__Fig6__F__stability_performance_curve_pce__MACI-20__Series_2.csv,10.1021_acsami.9b22719/10.1021_acsami.9b22719__Fig6__F__stability_performance_curve_pce__MACI-20__Series_2.csv,fe24581941a1db0b4dad267b15fea12fdfeae9c0e3bc92830c9f21b61403ce08
F01605,1,10.1021/acsami.9b23255,data_all/x_time_h/10.1021_acsami.9b23255/Fig4_E_stability_performance_curve_pce/accepted/10.1021_acsami.9b23255__Fig4__E__stability_performance_curve_pce__Reference__Series_2.csv,10.1021_acsami.9b23255/10.1021_acsami.9b23255__Fig4__E__stability_performance_curve_pce__Reference__Series_2.csv,41f8b829d61691f5b71861bde19d5567b2a905e225bf6939d2d5e8f74173758c
F01606,1,10.1021/acsami.9b23532,data_all/x_time_h/10.1021_acsami.9b23532/Fig5_C_stability_performance_curve_pce/accepted/10.1021_acsami.9b23532__Fig5__C__stability_performance_curve_pce__W_O_N749__Series_1.csv,10.1021_acsami.9b23532/10.1021_acsami.9b23532__Fig5__C__stability_performance_curve_pce__W_O_N749__Series_1.csv,4ad75d0b18edaafbf5b6b97b6c0848d8970704e37e3d9aff854558b889576c0b
F01607,1,10.1021/acsenergylett.0c00526,data_all/x_time_h/10.1021_acsenergylett.0c00526/Fig2_F_sem_image_stability_performance_curve_pce/accepted/10.1021_acsenergylett.0c00526__Fig2__F__sem_image_stability_performance_curve_pce__w_o_GA__Series_1.csv,10.1021_acsenergylett.0c00526/10.1021_acsenergylett.0c00526__Fig2__F__sem_image_stability_performance_curve_pce__w_o_GA__Series_1.csv,90acb65af3035a419231e030e3921537dcf8d85bcbb3b819414d585266c8d92b
F01609,1,10.1021/acsenergylett.0c00596,data_all/x_time_h/10.1021_acsenergylett.0c00596/Fig4_B_stability_performance_curve_retention/accepted/10.1021_acsenergylett.0c00596__Fig4__B__stability_performance_curve_retention__Control_L-PSC__Series_2.csv,10.1021_acsenergylett.0c00596/10.1021_acsenergylett.0c00596__Fig4__B__stability_performance_curve_retention__Control_L-PSC__Series_2.csv,eed6bbfe52c1a57ffd01404837f8000d8bf3685fa1bc3c8026bb0b467deac8a7
F01610,1,10.1021/acsenergylett.0c00596,data_all/x_time_h/10.1021_acsenergylett.0c00596/Fig4_C_mppt_stability_performance_curve_pce/accepted/10.1021_acsenergylett.0c00596__Fig4__C__mppt_stability_performance_curve_pce__Control_L-PSC__Series_1.csv,10.1021_acsenergylett.0c00596/10.1021_acsenergylett.0c00596__Fig4__C__mppt_stability_performance_curve_pce__Control_L-PSC__Series_1.csv,91210c2552912c5502f90911172d5131d16e2d22c2a489114f8447706787b3c5
F01613,1,10.1021/acsenergylett.0c01648,data_all/x_time_h/10.1021_acsenergylett.0c01648/Fig3_B_structure/accepted/10.1021_acsenergylett.0c01648__Fig3__B__structure__Ag-doped__Series_1.csv,10.1021_acsenergylett.0c01648/10.1021_acsenergylett.0c01648__Fig3__B__structure__Ag-doped__Series_1.csv,7e2e745af3279fdf141cec1023aca154eb5feaf22e3aff01dae36b4d7affd9f0
F01614,1,10.1021/acsenergylett.0c01648,data_all/x_time_h/10.1021_acsenergylett.0c01648/Fig3_B_structure/accepted/10.1021_acsenergylett.0c01648__Fig3__B__structure__undoped__Series_2.csv,10.1021_acsenergylett.0c01648/10.1021_acsenergylett.0c01648__Fig3__B__structure__undoped__Series_2.csv,30b866cf0bf95ba925cbbc875042451c3a5bbf53d2774539e24f0a5e5f9b0790
F01615,1,10.1021/acsenergylett.0c01728,data_all/x_time_h/10.1021_acsenergylett.0c01728/Fig5_B_stability_performance_curve_image/accepted/10.1021_acsenergylett.0c01728__Fig5__B__stability_performance_curve_image__O-Ref__Series_2.csv,10.1021_acsenergylett.0c01728/10.1021_acsenergylett.0c01728__Fig5__B__stability_performance_curve_image__O-Ref__Series_2.csv,0655114bbda979c605ac37b74482a1ceec92c367242fae2e264885ea5bfb42da
F01616,1,10.1021/acsenergylett.0c01728,data_all/x_time_h/10.1021_acsenergylett.0c01728/Fig5_C_stability_performance_curve/accepted/10.1021_acsenergylett.0c01728__Fig5__C__stability_performance_curve__O-Ref__Series_2.csv,10.1021_acsenergylett.0c01728/10.1021_acsenergylett.0c01728__Fig5__C__stability_performance_curve__O-Ref__Series_2.csv,b52eb54809201b5ae41ff8b548c0b0050982bdea926325b36ac7bc20f11a50b6
F01617,1,10.1021/acsenergylett.0c01848,data_all/x_time_h/10.1021_acsenergylett.0c01848/Fig4_A_stability_performance_curve_pce/accepted/10.1021_acsenergylett.0c01848__Fig4__A__stability_performance_curve_pce__Control__Series_2.csv,10.1021_acsenergylett.0c01848/10.1021_acsenergylett.0c01848__Fig4__A__stability_performance_curve_pce__Control__Series_2.csv,fd7e383004ab07e5caa3b218172291f6896a7b8744710b1e7909d50891347ac2
F01618,1,10.1021/acsenergylett.0c02210,data_all/x_time_h/10.1021_acsenergylett.0c02210/Fig4_B_stability_performance_curve_pce/accepted/10.1021_acsenergylett.0c02210__Fig4__B__stability_performance_curve_pce__spiro-OMeTAD__Series_2.csv,10.1021_acsenergylett.0c02210/10.1021_acsenergylett.0c02210__Fig4__B__stability_performance_curve_pce__spiro-OMeTAD__Series_2.csv,c1d7b2b32431b241e524c604b8728235eac0e80081029d8bb6c846b0b3fe26e7
F01619,1,10.1021/acsenergylett.1c00443,data_all/x_time_h/10.1021_acsenergylett.1c00443/Fig3_I_stability_performance_curve/accepted/10.1021_acsenergylett.1c00443__Fig3__I__stability_performance_curve__SnO₂__Series_1.csv,10.1021_acsenergylett.1c00443/10.1021_acsenergylett.1c00443__Fig3__I__stability_performance_curve__SnO₂__Series_1.csv,6755a823c88868392d72e2cd3c8d1a5c8afe6bfacfc9f855f890c2b65f1ad249
F01620,1,10.1021/acsenergylett.1c00452,data_all/x_time_h/10.1021_acsenergylett.1c00452/Fig4_A_stability_performance_curve_pce/accepted/10.1021_acsenergylett.1c00452__Fig4__A__stability_performance_curve_pce__ANCI__Series_2.csv,10.1021_acsenergylett.1c00452/10.1021_acsenergylett.1c00452__Fig4__A__stability_performance_curve_pce__ANCI__Series_2.csv,e41c139030b95eee85f856e28439081174552a5093ec872e35fc2e1998a6800c
F01621,1,10.1021/acsenergylett.1c00452,data_all/x_time_h/10.1021_acsenergylett.1c00452/Fig4_A_stability_performance_curve_pce/accepted/10.1021_acsenergylett.1c00452__Fig4__A__stability_performance_curve_pce__Control__Series_1.csv,10.1021_acsenergylett.1c00452/10.1021_acsenergylett.1c00452__Fig4__A__stability_performance_curve_pce__Control__Series_1.csv,486e42a823d11bc6c2e8a6a448993a3a8e3a9e1b2543c446f4c946076669cc17
F01622,1,10.1021/acsenergylett.1c00685,data_all/x_time_h/10.1021_acsenergylett.1c00685/Fig5_B_stability_performance_curve_pce/accepted/10.1021_acsenergylett.1c00685__Fig5__B__stability_performance_curve_pce__Li-FSI__Series_3.csv,10.1021_acsenergylett.1c00685/10.1021_acsenergylett.1c00685__Fig5__B__stability_performance_curve_pce__Li-FSI__Series_3.csv,4c5a7bd1276b505cfb17cd895914f0b04d7a7ca57e3f6004ab4fffe6aecd8009
F01623,1,10.1021/acsenergylett.1c00685,data_all/x_time_h/10.1021_acsenergylett.1c00685/Fig5_B_stability_performance_curve_pce/accepted/10.1021_acsenergylett.1c00685__Fig5__B__stability_performance_curve_pce__Li-TFSI__Series_1.csv,10.1021_acsenergylett.1c00685/10.1021_acsenergylett.1c00685__Fig5__B__stability_performance_curve_pce__Li-TFSI__Series_1.csv,b9ea2ff150714a30bcf20f67dab8c499ff313d00f62ae0197b86d09637fcc383
F01624,1,10.1021/acsenergylett.1c00685,data_all/x_time_h/10.1021_acsenergylett.1c00685/Fig5_C_stability/accepted/10.1021_acsenergylett.1c00685__Fig5__C__stability__Li-TFSI__Series_2.csv,10.1021_acsenergylett.1c00685/10.1021_acsenergylett.1c00685__Fig5__C__stability__Li-TFSI__Series_2.csv,123bf2bdcc6f705c7c859101e4f4c1eaa1f630169d2870cc10a7907643cdfdd6
F01625,1,10.1021/acsenergylett.1c00685,data_all/x_time_h/10.1021_acsenergylett.1c00685/Fig5_C_stability/accepted/10.1021_acsenergylett.1c00685__Fig5__C__stability__o—Li-FSI__Series_1.csv,10.1021_acsenergylett.1c00685/10.1021_acsenergylett.1c00685__Fig5__C__stability__o—Li-FSI__Series_1.csv,7805c47a5d14804576a757d111ad4ac525e9d554d84e2a349220405f5efc1be4
F01626,1,10.1021/acsenergylett.1c00685,data_all/x_time_h/10.1021_acsenergylett.1c00685/Fig5_C_stability/accepted/10.1021_acsenergylett.1c00685__Fig5__C__stability__o—Li-PFSI__Series_3.csv,10.1021_acsenergylett.1c00685/10.1021_acsenergylett.1c00685__Fig5__C__stability__o—Li-PFSI__Series_3.csv,f70dda8901e2e2d6866e2e244593d21b8e38e5151f19be6bd2f9e62563b94688
F01627,1,10.1021/acsenergylett.1c00685,data_all/x_time_h/10.1021_acsenergylett.1c00685/Fig5_D_stability_performance_curve/accepted/10.1021_acsenergylett.1c00685__Fig5__D__stability_performance_curve__Li-FSI__Series_1.csv,10.1021_acsenergylett.1c00685/10.1021_acsenergylett.1c00685__Fig5__D__stability_performance_curve__Li-FSI__Series_1.csv,c92672a81eae00ef79a192759ba7043679f87a55a1bbbb444f608f30ab733e58
F01629,1,10.1021/acsenergylett.1c00794,data_all/x_time_h/10.1021_acsenergylett.1c00794/Fig5_E_stability_performance_curve_pce/accepted/10.1021_acsenergylett.1c00794__Fig5__E__stability_performance_curve_pce__Control__Series_1.csv,10.1021_acsenergylett.1c00794/10.1021_acsenergylett.1c00794__Fig5__E__stability_performance_curve_pce__Control__Series_1.csv,e97ba52f80bdd0c645f58e1f0e0af447645d470d0971ecbc881ab319b78a5157
F01630,1,10.1021/acsenergylett.1c00794,data_all/x_time_h/10.1021_acsenergylett.1c00794/Fig5_F_stability_performance_curve_pce/accepted/10.1021_acsenergylett.1c00794__Fig5__F__stability_performance_curve_pce__Control__Series_1.csv,10.1021_acsenergylett.1c00794/10.1021_acsenergylett.1c00794__Fig5__F__stability_performance_curve_pce__Control__Series_1.csv,f61750bc89c993c3c2a34bb48c3b41d89941baf2fe2b9dc8da12fe0299d8fe92
F01631,1,10.1021/acsenergylett.1c01126,data_all/x_time_h/10.1021_acsenergylett.1c01126/Fig5_A_stability_performance_curve_pce_pattern/accepted/10.1021_acsenergylett.1c01126__Fig5__A__stability_performance_curve_pce_pattern__PVK_CZ-As__Series_3.csv,10.1021_acsenergylett.1c01126/10.1021_acsenergylett.1c01126__Fig5__A__stability_performance_curve_pce_pattern__PVK_CZ-As__Series_3.csv,931017f328f1fa0612b0e23d05fda674d7284c573cf1b3bd96e47aba50347cfd
F01632,1,10.1021/acsenergylett.1c01126,data_all/x_time_h/10.1021_acsenergylett.1c01126/Fig5_A_stability_performance_curve_pce_pattern/accepted/10.1021_acsenergylett.1c01126__Fig5__A__stability_performance_curve_pce_pattern__PVK_Spiro-OMeTAD__Series_2.csv,10.1021_acsenergylett.1c01126/10.1021_acsenergylett.1c01126__Fig5__A__stability_performance_curve_pce_pattern__PVK_Spiro-OMeTAD__Series_2.csv,06a5e5b9586f1f4c5ce3a576673d54c6acbb42e7460f4a24788ac3e728fdb472
F01633,1,10.1021/acsenergylett.1c01446,data_all/x_time_h/10.1021_acsenergylett.1c01446/Fig5_whole_stability_performance_curve_pce/accepted/10.1021_acsenergylett.1c01446__Fig5__whole__stability_performance_curve_pce__Control__Series_1.csv,10.1021_acsenergylett.1c01446/10.1021_acsenergylett.1c01446__Fig5__whole__stability_performance_curve_pce__Control__Series_1.csv,17180bd035808f5984028c4eb7d7f9a775777d6cf6a9f05786f46bfd93c85eb5
F01634,1,10.1021/acsenergylett.1c01817,data_all/x_time_h/10.1021_acsenergylett.1c01817/Fig5_D_stability_performance_curve/accepted/10.1021_acsenergylett.1c01817__Fig5__D__stability_performance_curve__Ref__Series_2.csv,10.1021_acsenergylett.1c01817/10.1021_acsenergylett.1c01817__Fig5__D__stability_performance_curve__Ref__Series_2.csv,e5a538dd8f52cd0542ca2bc0615d6f333a334824afcc72e19fb88af9f0a137d7
F01635,1,10.1021/acsenergylett.4c00306,data_all/x_time_h/10.1021_acsenergylett.4c00306/Fig6_B_stability_performance_curve_retention/accepted/10.1021_acsenergylett.4c00306__Fig6__B__stability_performance_curve_retention__ITO_PANDI(Spiro)__Series_3.csv,10.1021_acsenergylett.4c00306/10.1021_acsenergylett.4c00306__Fig6__B__stability_performance_curve_retention__ITO_PANDI(Spiro)__Series_3.csv,d3835b27eb05a72b04f2b50dca27cb6f22f48829647ce2058c449c7e42a58878
F01636,1,10.1021/acsenergylett.4c00306,data_all/x_time_h/10.1021_acsenergylett.4c00306/Fig6_B_stability_performance_curve_retention/accepted/10.1021_acsenergylett.4c00306__Fig6__B__stability_performance_curve_retention__ITO_SnO2(Spiro)__Series_1.csv,10.1021_acsenergylett.4c00306/10.1021_acsenergylett.4c00306__Fig6__B__stability_performance_curve_retention__ITO_SnO2(Spiro)__Series_1.csv,02d67b8d113d0777a0d089bb0801c1c74b9514415540804a39341eaa4634b75f
F01637,1,10.1021/acsenergylett.7b00375,data_all/x_time_h/10.1021_acsenergylett.7b00375/Fig4_C_stability_performance_curve_eqe/accepted/10.1021_acsenergylett.7b00375__Fig4__C__stability_performance_curve_eqe__uncoated__Series_1.csv,10.1021_acsenergylett.7b00375/10.1021_acsenergylett.7b00375__Fig4__C__stability_performance_curve_eqe__uncoated__Series_1.csv,b9851660c56d9704bf0128d58c51110c8f74c62ce0bda51ffeed1df909d0b1f8
F01638,1,10.1021/acsenergylett.7b00508,data_all/x_time_h/10.1021_acsenergylett.7b00508/Fig4_F_stability_performance_curve_pce/accepted/10.1021_acsenergylett.7b00508__Fig4__F__stability_performance_curve_pce__α-CsPbI3__Series_1.csv,10.1021_acsenergylett.7b00508/10.1021_acsenergylett.7b00508__Fig4__F__stability_performance_curve_pce__α-CsPbI3__Series_1.csv,1bb1a653b7a883d56b1afefba6427c1cdc3fe8b25d8857d6ead4b415d4249ac5
F01639,1,10.1021/acsenergylett.7b00976,data_all/x_time_h/10.1021_acsenergylett.7b00976/Fig5_A_stability_performance_curve_ff_pce/accepted/10.1021_acsenergylett.7b00976__Fig5__A__stability_performance_curve_ff_pce__Pb-based_perovskite__Series_1.csv,10.1021_acsenergylett.7b00976/10.1021_acsenergylett.7b00976__Fig5__A__stability_performance_curve_ff_pce__Pb-based_perovskite__Series_1.csv,dcf511819a3e7c12c490edbf17d78d05498287e23931bf6c5e6f1c84e6ff3b4e
F01640,1,10.1021/acsenergylett.8b00217,data_all/x_time_h/10.1021_acsenergylett.8b00217/Fig5_A_stability_performance_curve_pce_spectrum/accepted/10.1021_acsenergylett.8b00217__Fig5__A__stability_performance_curve_pce_spectrum__Bis-PCBM__Series_2.csv,10.1021_acsenergylett.8b00217/10.1021_acsenergylett.8b00217__Fig5__A__stability_performance_curve_pce_spectrum__Bis-PCBM__Series_2.csv,d810b707bf41a72ba8e2f4f7ec03dbb9689a1afd78500b2aeee46f5d6520057d
F01641,1,10.1021/acsenergylett.9b00930,data_all/x_time_h/10.1021_acsenergylett.9b00930/Fig6_B_stability_performance_curve/accepted/10.1021_acsenergylett.9b00930__Fig6__B__stability_performance_curve__3D__Series_1.csv,10.1021_acsenergylett.9b00930/10.1021_acsenergylett.9b00930__Fig6__B__stability_performance_curve__3D__Series_1.csv,c3e1b2f4fd46a3e3978009bf07814712ad84b784d93fdbbff91f954dd51b0990
F01642,1,10.1021/acsenergylett.9b00930,data_all/x_time_h/10.1021_acsenergylett.9b00930/Fig6_C_stability_performance_curve/accepted/10.1021_acsenergylett.9b00930__Fig6__C__stability_performance_curve__3D__Series_1.csv,10.1021_acsenergylett.9b00930/10.1021_acsenergylett.9b00930__Fig6__C__stability_performance_curve__3D__Series_1.csv,aee0101efa4bfb917d5bf66e2034e51332a36166ebeb209df061fdab81377521
F01643,1,10.1021/acsenergylett.9b01042,data_all/x_time_h/10.1021_acsenergylett.9b01042/Fig4_F_stability_performance_curve_pce/accepted/10.1021_acsenergylett.9b01042__Fig4__F__stability_performance_curve_pce__LiTFSI__Series_2.csv,10.1021_acsenergylett.9b01042/10.1021_acsenergylett.9b01042__Fig4__F__stability_performance_curve_pce__LiTFSI__Series_2.csv,de6138021144629420069343b2467033cb7d603ac6d8dcdc026183013a21ea67
F01644,1,10.1021/acsenergylett.9b01356,data_all/x_time_h/10.1021_acsenergylett.9b01356/Fig6_A_stability_performance_curve_pce/accepted/10.1021_acsenergylett.9b01356__Fig6__A__stability_performance_curve_pce__Control__Series_1.csv,10.1021_acsenergylett.9b01356/10.1021_acsenergylett.9b01356__Fig6__A__stability_performance_curve_pce__Control__Series_1.csv,9ac07a88de500f456d47675b3c9db14a71e2874730a01a0f83ce4beedad4f215
F01645,1,10.1021/acsenergylett.9b01356,data_all/x_time_h/10.1021_acsenergylett.9b01356/Fig6_B_stability_performance_curve_pce/accepted/10.1021_acsenergylett.9b01356__Fig6__B__stability_performance_curve_pce__。—Control__Series_2.csv,10.1021_acsenergylett.9b01356/10.1021_acsenergylett.9b01356__Fig6__B__stability_performance_curve_pce__。—Control__Series_2.csv,b8957bc1e254480db96e6d1b4b303d8b0e03a59104c5de424385f701b3f6b592
F01649,1,10.1021/acsenergylett.9b02716,data_all/x_time_h/10.1021_acsenergylett.9b02716/Fig5_B_stability_performance_curve/accepted/10.1021_acsenergylett.9b02716__Fig5__B__stability_performance_curve__Ref__Series_1.csv,10.1021_acsenergylett.9b02716/10.1021_acsenergylett.9b02716__Fig5__B__stability_performance_curve__Ref__Series_1.csv,020b6a191a84453e3f9aaffe769fbf21ae953e214a2985f0ecacd2bf694f114f
F01650,1,10.1021/acsmaterialslett.0c00134,data_all/x_time_h/10.1021_acsmaterialslett.0c00134/Fig7_whole_mppt/accepted/10.1021_acsmaterialslett.0c00134__Fig7__whole__mppt__spiro-OMeTAD__Series_1.csv,10.1021_acsmaterialslett.0c00134/10.1021_acsmaterialslett.0c00134__Fig7__whole__mppt__spiro-OMeTAD__Series_1.csv,dc6dcc6d98365bd64c53f58a9db7fa374de55ff03a5f34123c7e2674a5b98b96
F01651,1,10.1021/acsnano.6b01904,data_all/x_time_h/10.1021_acsnano.6b01904/Fig8_B_stability_performance_curve_pce_image/accepted/10.1021_acsnano.6b01904__Fig8__B__stability_performance_curve_pce_image__PEDOT_PSS__Series_1.csv,10.1021_acsnano.6b01904/10.1021_acsnano.6b01904__Fig8__B__stability_performance_curve_pce_image__PEDOT_PSS__Series_1.csv,979a9e7bdd7ca8563d11cde19f2eb38fe809b4152d8557780bf754c8d0c6d566
F01652,1,10.1021/acsnano.8b01351,data_all/x_time_h/10.1021_acsnano.8b01351/Fig6_B_stability_performance_curve_pce/accepted/10.1021_acsnano.8b01351__Fig6__B__stability_performance_curve_pce__TiO₂__Series_1.csv,10.1021_acsnano.8b01351/10.1021_acsnano.8b01351__Fig6__B__stability_performance_curve_pce__TiO₂__Series_1.csv,360d28f680bcd024912fba957e7c356898af86883f4d9113e20c6ec0105dbfa4
F01653,1,10.1021/acsnano.8b01351,data_all/x_time_h/10.1021_acsnano.8b01351/Fig6_B_stability_performance_curve_pce/accepted/10.1021_acsnano.8b01351__Fig6__B__stability_performance_curve_pce__ZnSe__Series_2.csv,10.1021_acsnano.8b01351/10.1021_acsnano.8b01351__Fig6__B__stability_performance_curve_pce__ZnSe__Series_2.csv,eacf25a55fd31a5fea4f81bc588ee5e0994c60c2f379ffe08076a94cdafc57fd
F01654,1,10.1021/acsnano.9b03098,data_all/x_time_h/10.1021_acsnano.9b03098/Fig8_A_stability_performance_curve_pce/accepted/10.1021_acsnano.9b03098__Fig8__A__stability_performance_curve_pce__Control_PSC__Series_1.csv,10.1021_acsnano.9b03098/10.1021_acsnano.9b03098__Fig8__A__stability_performance_curve_pce__Control_PSC__Series_1.csv,044f97a83138027594cb85ab99515659697d2a246a77502b4a402d72f3068dce
F01655,1,10.1021/acsnano.9b03098,data_all/x_time_h/10.1021_acsnano.9b03098/Fig8_A_stability_performance_curve_pce/accepted/10.1021_acsnano.9b03098__Fig8__A__stability_performance_curve_pce__G-NBRF_(SiO2&AI2O3)__Series_2.csv,10.1021_acsnano.9b03098/10.1021_acsnano.9b03098__Fig8__A__stability_performance_curve_pce__G-NBRF_(SiO2&AI2O3)__Series_2.csv,8aca9bf43daa2b36016ba4c269338447b2fc2cd49722c21d4e9eb816f3e23dec
F01656,1,10.1021/acsomega.0c04593,data_all/x_time_h/10.1021_acsomega.0c04593/Fig10_D_stability_performance_curve_pce/accepted/10.1021_acsomega.0c04593__Fig10__D__stability_performance_curve_pce__MAPbI₃₋ᵧClᵧ__Series_3.csv,10.1021_acsomega.0c04593/10.1021_acsomega.0c04593__Fig10__D__stability_performance_curve_pce__MAPbI₃₋ᵧClᵧ__Series_3.csv,f050692d2add1bcb92215ecbbc79a46310dd4f0519877d3801ae6d897b7d0f95
F01657,1,10.1021/acsomega.1c01074,data_all/x_time_h/10.1021_acsomega.1c01074/Fig4_F_stability_performance_curve_pce_eqe/accepted/10.1021_acsomega.1c01074__Fig4__F__stability_performance_curve_pce_eqe__control__Series_2.csv,10.1021_acsomega.1c01074/10.1021_acsomega.1c01074__Fig4__F__stability_performance_curve_pce_eqe__control__Series_2.csv,b965ec257ea2d1f64283472164d24776972cc238dd81a567601eb0bf8bb72a84
F01658,1,10.1021/acssuschemeng.0c01794,data_all/x_time_h/10.1021_acssuschemeng.0c01794/Fig7_F_stability_performance_curve_pce/accepted/10.1021_acssuschemeng.0c01794__Fig7__F__stability_performance_curve_pce__sample-A__Series_1.csv,10.1021_acssuschemeng.0c01794/10.1021_acssuschemeng.0c01794__Fig7__F__stability_performance_curve_pce__sample-A__Series_1.csv,a7b5eaaf7acfdbff526d6603a5b0937d0b04f62d911ebfe8de32ed37273c553e
F01659,1,10.1021/acssuschemeng.0c01794,data_all/x_time_h/10.1021_acssuschemeng.0c01794/Fig7_F_stability_performance_curve_pce_2/accepted/10.1021_acssuschemeng.0c01794__Fig7__F__stability_performance_curve_pce_2__sample-A__Series_1.csv,10.1021_acssuschemeng.0c01794/10.1021_acssuschemeng.0c01794__Fig7__F__stability_performance_curve_pce_2__sample-A__Series_1.csv,52482564f1642542f83b83ef53b11c9766badef64035fa4bf4d347193a296367
F02204,1,10.1021/acssuschemeng.0c09015,final_data/x_time_h/10.1021_acssuschemeng.0c09015/Fig5_A_stability_performance_curve_pce/accepted/10.1021_acssuschemeng.0c09015_Fig5_A_stability_performance_curve_pce_0-19kDa_95%__Series_1.csv,10.1021_acssuschemeng.0c09015/10.1021_acssuschemeng.0c09015_Fig5_A_stability_performance_curve_pce_0-19kDa_95%__Series_1.csv,729db93881fbd97c15604f92d960c3ebc5011b9d931dd728b1a31f4fdd714ba4
F01661,1,10.1021/acssuschemeng.0c09015,data_all/x_time_h/10.1021_acssuschemeng.0c09015/Fig5_A_stability_performance_curve_pce/accepted/10.1021_acssuschemeng.0c09015__Fig5__A__stability_performance_curve_pce__338kDa_76%__Series_2.csv,10.1021_acssuschemeng.0c09015/10.1021_acssuschemeng.0c09015__Fig5__A__stability_performance_curve_pce__338kDa_76%__Series_2.csv,9e5d5558d0c3533fb04126323153e7f5b5e7410448d165bb4ce2210f4182757e
F01662,1,10.1021/acssuschemeng.7b01556,data_all/x_time_h/10.1021_acssuschemeng.7b01556/Fig8_A_stability_performance_curve_pce/accepted/10.1021_acssuschemeng.7b01556__Fig8__A__stability_performance_curve_pce__W_O_GPM__Series_1.csv,10.1021_acssuschemeng.7b01556/10.1021_acssuschemeng.7b01556__Fig8__A__stability_performance_curve_pce__W_O_GPM__Series_1.csv,06c33f13224f5c972803f5fe78374c503d93f3f976b414e7118215df08044f0f
F01663,1,10.1021/acssuschemeng.8b04281,data_all/x_time_h/10.1021_acssuschemeng.8b04281/Fig6_B_jsc/accepted/10.1021_acssuschemeng.8b04281__Fig6__B__jsc__structure_2__Series_2.csv,10.1021_acssuschemeng.8b04281/10.1021_acssuschemeng.8b04281__Fig6__B__jsc__structure_2__Series_2.csv,2c5dfb187c51b8117df3a36b49d852734ee6e6fd832ab33446a84288f326b7e4
F01664,1,10.1021/acssuschemeng.8b04603,data_all/x_time_h/10.1021_acssuschemeng.8b04603/Fig7_E_schematic_diagram_stability_performance_curve_pce/accepted/10.1021_acssuschemeng.8b04603__Fig7__E__schematic_diagram_stability_performance_curve_pce__→—PEDOT_PSS__Series_1.csv,10.1021_acssuschemeng.8b04603/10.1021_acssuschemeng.8b04603__Fig7__E__schematic_diagram_stability_performance_curve_pce__→—PEDOT_PSS__Series_1.csv,68ba3cfbce17e600ae9c59090b82271ba78cba2e11045db4befb3e9ecbf25fd4
F01665,1,10.1021/acssuschemeng.9b05631,data_all/x_time_h/10.1021_acssuschemeng.9b05631/Fig5_D_stability_performance_curve_pce/accepted/10.1021_acssuschemeng.9b05631__Fig5__D__stability_performance_curve_pce__Pristine__Series_2.csv,10.1021_acssuschemeng.9b05631/10.1021_acssuschemeng.9b05631__Fig5__D__stability_performance_curve_pce__Pristine__Series_2.csv,2d889327d6bebcd3ca968173c35f63b540557f02abcf101b3e2e247cb4f19e67
F01666,1,10.1021/jacs.0c03363,data_all/x_time_h/10.1021_jacs.0c03363/Fig7_C_stability_performance_curve_pce/accepted/10.1021_jacs.0c03363__Fig7__C__stability_performance_curve_pce__3D__Series_1.csv,10.1021_jacs.0c03363/10.1021_jacs.0c03363__Fig7__C__stability_performance_curve_pce__3D__Series_1.csv,9a0cdf7fa375ab973dadfd3afd5525686c31b881a856d480f9d850337a63900c
F01667,1,10.1021/jacs.0c09560,data_all/x_time_h/10.1021_jacs.0c09560/Fig5_A_stability_performance_curve_pce/accepted/10.1021_jacs.0c09560__Fig5__A__stability_performance_curve_pce__Ref__Series_1.csv,10.1021_jacs.0c09560/10.1021_jacs.0c09560__Fig5__A__stability_performance_curve_pce__Ref__Series_1.csv,c9a9354b69f275fde08bfc8dc276f90c8389f1126e821a8d12004c97ca0938a6
F01668,1,10.1021/jacs.0c12739,data_all/x_time_h/10.1021_jacs.0c12739/Fig6_D_stability_performance_curve_pce/accepted/10.1021_jacs.0c12739__Fig6__D__stability_performance_curve_pce__TiO₂__Series_1.csv,10.1021_jacs.0c12739/10.1021_jacs.0c12739__Fig6__D__stability_performance_curve_pce__TiO₂__Series_1.csv,7fb1f56a86a61cee2707192559a85c2587755bafe100e8ee87444c658633eecd
F01672,1,10.1021/jacs.0c13069,data_all/x_time_h/10.1021_jacs.0c13069/Fig4_C_stability_performance_curve_pce/accepted/10.1021_jacs.0c13069__Fig4__C__stability_performance_curve_pce__CsSnI₃-MBAA__Series_1.csv,10.1021_jacs.0c13069/10.1021_jacs.0c13069__Fig4__C__stability_performance_curve_pce__CsSnI₃-MBAA__Series_1.csv,33d30dcf9d14ef7ffec15fcae38c161cca35e5c9a2757fd292152d7871a8f8aa
F01673,1,10.1021/jacs.0c13069,data_all/x_time_h/10.1021_jacs.0c13069/Fig4_C_stability_performance_curve_pce/accepted/10.1021_jacs.0c13069__Fig4__C__stability_performance_curve_pce__CsSnI₃__Series_2.csv,10.1021_jacs.0c13069/10.1021_jacs.0c13069__Fig4__C__stability_performance_curve_pce__CsSnI₃__Series_2.csv,b54beb8754ee377a552cb357f1847215a4b260d579ab508dff67316a5346e02f
F01674,1,10.1021/jacs.1c02118,data_all/x_time_h/10.1021_jacs.1c02118/Fig5_C_spectrum/accepted/10.1021_jacs.1c02118__Fig5__C__spectrum__Ag-b1__Series_4.csv,10.1021_jacs.1c02118/10.1021_jacs.1c02118__Fig5__C__spectrum__Ag-b1__Series_4.csv,93a1c657ea07b7071a663bdc7bdc51b8b66b52fe22bf21f3090a05507fa571e7
F01675,1,10.1021/jacs.1c02118,data_all/x_time_h/10.1021_jacs.1c02118/Fig5_C_spectrum/accepted/10.1021_jacs.1c02118__Fig5__C__spectrum__Ag__Series_2.csv,10.1021_jacs.1c02118/10.1021_jacs.1c02118__Fig5__C__spectrum__Ag__Series_2.csv,e84e343c99ac0269a40dfe6248e816bea7b99b2e55cbb7107bf635e5bbd6757e
F01680,1,10.1021/jacs.1c12732,data_all/x_time_h/10.1021_jacs.1c12732/Fig6_C_stability_performance_curve_pce/accepted/10.1021_jacs.1c12732__Fig6__C__stability_performance_curve_pce__FP-C8_C60__Series_2.csv,10.1021_jacs.1c12732/10.1021_jacs.1c12732__Fig6__C__stability_performance_curve_pce__FP-C8_C60__Series_2.csv,29c83ddb0aa8c49e906d3586a548d61204bd3d87f5ab17105fbc06b85fc11787
F01681,1,10.1021/jacs.1c12732,data_all/x_time_h/10.1021_jacs.1c12732/Fig6_C_stability_performance_curve_pce/accepted/10.1021_jacs.1c12732__Fig6__C__stability_performance_curve_pce__PCBM_C60__Series_1.csv,10.1021_jacs.1c12732/10.1021_jacs.1c12732__Fig6__C__stability_performance_curve_pce__PCBM_C60__Series_1.csv,256c8226c04f1bebb872eabbf5e877dba6bd3b27e4337fa9a7251261b1bc5a36
F01685,1,10.1021/jacs.7b07949,data_all/x_time_h/10.1021_jacs.7b07949/Fig4_B_stability_performance_curve_ff_pce/accepted/10.1021_jacs.7b07949__Fig4__B__stability_performance_curve_ff_pce__MAPbI3__Series_2.csv,10.1021_jacs.7b07949/10.1021_jacs.7b07949__Fig4__B__stability_performance_curve_ff_pce__MAPbI3__Series_2.csv,a360382055f9fa62cb8612face18a57c3d7a07e32654c07333d05722a3f8f3e7
F01686,1,10.1021/jacs.7b13229,data_all/x_time_h/10.1021_jacs.7b13229/Fig3_D_stability_performance_curve_pce_jsc/accepted/10.1021_jacs.7b13229__Fig3__D__stability_performance_curve_pce_jsc__All_inorganic_PSCs__Series_1.csv,10.1021_jacs.7b13229/10.1021_jacs.7b13229__Fig3__D__stability_performance_curve_pce_jsc__All_inorganic_PSCs__Series_1.csv,45788df8eafc852de4f9b1c2ea9c104effc17960bd3b798d73c58dd490aeabb1
F01687,1,10.1021/jacs.7b13229,data_all/x_time_h/10.1021_jacs.7b13229/Fig3_D_stability_performance_curve_pce_jsc/accepted/10.1021_jacs.7b13229__Fig3__D__stability_performance_curve_pce_jsc__Organic-inorganic_PSCs__Series_2.csv,10.1021_jacs.7b13229/10.1021_jacs.7b13229__Fig3__D__stability_performance_curve_pce_jsc__Organic-inorganic_PSCs__Series_2.csv,c4b3fc1ce627316c3f486188533fc4dba6d9df07f646c4e328da7ad1728f6dfa
F01688,1,10.1021/jacs.9b13418,data_all/x_time_h/10.1021_jacs.9b13418/Fig3_F_stability_performance_curve_pce/accepted/10.1021_jacs.9b13418__Fig3__F__stability_performance_curve_pce__Control__Series_1.csv,10.1021_jacs.9b13418/10.1021_jacs.9b13418__Fig3__F__stability_performance_curve_pce__Control__Series_1.csv,57b3ec7bf16a71eafcbf447d36571d7602637b4c449c231cdcef29b5a07c0ba3
F01689,1,10.1038/ncomms10228,data_all/x_time_h/10.1038_ncomms10228/Fig5_A_stability_performance_curve_pce/accepted/10.1038_ncomms10228__Fig5__A__stability_performance_curve_pce__0_mg_ml⁻¹__Series_3.csv,10.1038_ncomms10228/10.1038_ncomms10228__Fig5__A__stability_performance_curve_pce__0_mg_ml⁻¹__Series_3.csv,c8d75af7eefce7a349d9c29eabd8ab8ffeb5ceb9e644e974ab210cee94da9a36
F01690,1,10.1038/ncomms11105,data_all/x_time_h/10.1038_ncomms11105/Fig3_D_eqe_curve_stability_performance_pce/accepted/10.1038_ncomms11105__Fig3__D__eqe_curve_stability_performance_pce__CH₃NH₃PbI₃__Series_2.csv,10.1038_ncomms11105/10.1038_ncomms11105__Fig3__D__eqe_curve_stability_performance_pce__CH₃NH₃PbI₃__Series_2.csv,fa6e77eb0474a9ebdbbf10e4c25829ccedd0c92a849be7f5ceeb0f76689d6096
F01691,1,10.1038/ncomms11105,data_all/x_time_h/10.1038_ncomms11105/Fig3_D_eqe_curve_stability_performance_pce/accepted/10.1038_ncomms11105__Fig3__D__eqe_curve_stability_performance_pce__CH₃NH₃PbI₃₋ₓ(SCN)ₓ__Series_1.csv,10.1038_ncomms11105/10.1038_ncomms11105__Fig3__D__eqe_curve_stability_performance_pce__CH₃NH₃PbI₃₋ₓ(SCN)ₓ__Series_1.csv,cd3abe1cdd68f551e9396245a2a019c1d0f6a7e5ab227b54355acaebfe24b40b
F01692,1,10.1038/ncomms15330,data_all/x_time_h/10.1038_ncomms15330/Fig3_D_stability_performance_curve_pce/accepted/10.1038_ncomms15330__Fig3__D__stability_performance_curve_pce__CQDs_PCBM_150_nm__Series_1.csv,10.1038_ncomms15330/10.1038_ncomms15330__Fig3__D__stability_performance_curve_pce__CQDs_PCBM_150_nm__Series_1.csv,0d55ed1f7cca41965313a9159113172e940652f779d87002d18bf2cc717be000
F01693,1,10.1038/ncomms15330,data_all/x_time_h/10.1038_ncomms15330/Fig3_D_stability_performance_curve_pce/accepted/10.1038_ncomms15330__Fig3__D__stability_performance_curve_pce__CQDs_PCBM_50_nm__Series_3.csv,10.1038_ncomms15330/10.1038_ncomms15330__Fig3__D__stability_performance_curve_pce__CQDs_PCBM_50_nm__Series_3.csv,cc2f33525bba48228077b6e477d647b14551ad18c8d42bd32e0098f5e56e4d7e
F01694,1,10.1038/s41467-018-03169-0,data_all/x_time_h/10.1038_s41467-018-03169-0/Fig5_A_stability_performance_curve/accepted/10.1038_s41467-018-03169-0__Fig5__A__stability_performance_curve__MAPbl3__Series_2.csv,10.1038_s41467-018-03169-0/10.1038_s41467-018-03169-0__Fig5__A__stability_performance_curve__MAPbl3__Series_2.csv,cfaed77f579b1984e28fa9f57a1d460d0d06b91497f8d0e20b27ef880c722f04
F01695,1,10.1038/s41467-018-03169-0,data_all/x_time_h/10.1038_s41467-018-03169-0/Fig5_C_stability_performance_curve/accepted/10.1038_s41467-018-03169-0__Fig5__C__stability_performance_curve__MAPbl3__Series_2.csv,10.1038_s41467-018-03169-0/10.1038_s41467-018-03169-0__Fig5__C__stability_performance_curve__MAPbl3__Series_2.csv,26f055f99d79a828e1efc90dc54f7cf822bd5bbc2d5fe029cd8d9c520d91cf5a
F01696,1,10.1038/s41467-018-05454-4,data_all/x_time_h/10.1038_s41467-018-05454-4/Fig5_A_mppt_stability_performance_curve_pce/accepted/10.1038_s41467-018-05454-4__Fig5__A__mppt_stability_performance_curve_pce__Control__Series_1.csv,10.1038_s41467-018-05454-4/10.1038_s41467-018-05454-4__Fig5__A__mppt_stability_performance_curve_pce__Control__Series_1.csv,147a56dd9d65fb8623c9119d724fa7eeb570cba3e0892be31872863554b1d30b
F01699,1,10.1038/s41467-018-05760-x,data_all/x_time_h/10.1038_s41467-018-05760-x/Fig6_B_jv_curve_stability_performance_pce/accepted/10.1038_s41467-018-05760-x__Fig6__B__jv_curve_stability_performance_pce__E-SnO2__Series_2.csv,10.1038_s41467-018-05760-x/10.1038_s41467-018-05760-x__Fig6__B__jv_curve_stability_performance_pce__E-SnO2__Series_2.csv,c6eb360b45e06ff726e3da37337220d70ded7d52923044f3473270d7a334fadc
F01700,1,10.1038/s41467-018-05760-x,data_all/x_time_h/10.1038_s41467-018-05760-x/Fig6_B_jv_curve_stability_performance_pce/accepted/10.1038_s41467-018-05760-x__Fig6__B__jv_curve_stability_performance_pce__SnO2__Series_1.csv,10.1038_s41467-018-05760-x/10.1038_s41467-018-05760-x__Fig6__B__jv_curve_stability_performance_pce__SnO2__Series_1.csv,74404e4a4713a1d58cff1c18a019a78254e2846e664bd033b64517f7bd85a712
F01701,1,10.1038/s41467-018-06204-2,data_all/x_time_h/10.1038_s41467-018-06204-2/Fig5_A_mppt_stability_performance_curve/accepted/10.1038_s41467-018-06204-2__Fig5__A__mppt_stability_performance_curve__O-MAPbl3__Series_1.csv,10.1038_s41467-018-06204-2/10.1038_s41467-018-06204-2__Fig5__A__mppt_stability_performance_curve__O-MAPbl3__Series_1.csv,1e496243c04099a89bc70ec50d4262febfaf0dd24a9e5e2429240fd288268397
F01704,1,10.1038/s41467-018-06709-w,data_all/x_time_h/10.1038_s41467-018-06709-w/Fig5_B_mppt_stability_performance_curve_pce/accepted/10.1038_s41467-018-06709-w__Fig5__B__mppt_stability_performance_curve_pce__Control__Series_3.csv,10.1038_s41467-018-06709-w/10.1038_s41467-018-06709-w__Fig5__B__mppt_stability_performance_curve_pce__Control__Series_3.csv,e31c4545bf5c03f25c9bada112aa6514c1e5a12ba867bdfb4155180cf2e4e8fc
F01706,1,10.1038/s41467-019-09167-0,data_all/x_time_h/10.1038_s41467-019-09167-0/Fig6_B_stability_performance_curve_jsc/accepted/10.1038_s41467-019-09167-0__Fig6__B__stability_performance_curve_jsc__MA(w_o_Bi)__Series_1.csv,10.1038_s41467-019-09167-0/10.1038_s41467-019-09167-0__Fig6__B__stability_performance_curve_jsc__MA(w_o_Bi)__Series_1.csv,710165412af26a943276e1a43a91c67782c8888b18408a3d1c27d675f43855a0
F01707,1,10.1038/s41467-019-12613-8,data_all/x_time_h/10.1038_s41467-019-12613-8/Fig5_A_modeling_structure_stability_performance_curve_pce/accepted/10.1038_s41467-019-12613-8__Fig5__A__modeling_structure_stability_performance_curve_pce__Control__Series_1.csv,10.1038_s41467-019-12613-8/10.1038_s41467-019-12613-8__Fig5__A__modeling_structure_stability_performance_curve_pce__Control__Series_1.csv,346790adb4a7a3428452eafade8ebd44e388fefb1750c0249dd93c0ceed324a4
F01708,1,10.1038/s41467-019-12613-8,data_all/x_time_h/10.1038_s41467-019-12613-8/Fig5_A_modeling_structure_stability_performance_curve_pce/accepted/10.1038_s41467-019-12613-8__Fig5__A__modeling_structure_stability_performance_curve_pce__PCBB-3N-3I__Series_2.csv,10.1038_s41467-019-12613-8/10.1038_s41467-019-12613-8__Fig5__A__modeling_structure_stability_performance_curve_pce__PCBB-3N-3I__Series_2.csv,3943e7611219f93afb1c961de903fa32b590ebcb4699dfd0e9cab6031525bd7c
F01709,1,10.1038/s41467-019-12613-8,data_all/x_time_h/10.1038_s41467-019-12613-8/Fig5_A_modeling_structure_stability_performance_curve_pce/accepted/10.1038_s41467-019-12613-8__Fig5__A__modeling_structure_stability_performance_curve_pce__PCBB-3N__Series_3.csv,10.1038_s41467-019-12613-8/10.1038_s41467-019-12613-8__Fig5__A__modeling_structure_stability_performance_curve_pce__PCBB-3N__Series_3.csv,f02731e95c32f6b4be63e14368c01fc85d26bce5a888b8a992c953fa8bab470b
F01711,1,10.1038/s41467-021-23566-2,data_all/x_time_h/10.1038_s41467-021-23566-2/Fig5_C_mppt_stability_performance_curve_pce/accepted/10.1038_s41467-021-23566-2__Fig5__C__mppt_stability_performance_curve_pce__Control__Series_1.csv,10.1038_s41467-021-23566-2/10.1038_s41467-021-23566-2__Fig5__C__mppt_stability_performance_curve_pce__Control__Series_1.csv,a163b7cc2908d2d745138adf6dbb3ea52a10214fa9dfc9d3f3820e74eb76992d
F01712,1,10.1038/s41467-021-26754-2,data_all/x_time_h/10.1038_s41467-021-26754-2/Fig5_E_mppt_stability_performance_curve_pattern/accepted/10.1038_s41467-021-26754-2__Fig5__E__mppt_stability_performance_curve_pattern__0—0-PDEAl2__Series_2.csv,10.1038_s41467-021-26754-2/10.1038_s41467-021-26754-2__Fig5__E__mppt_stability_performance_curve_pattern__0—0-PDEAl2__Series_2.csv,b15d65db8d6b4a917ccfaf8925bd3a38bc6571b9238e19b8f96b7b92563ee854
F01713,1,10.1038/s41467-021-26754-2,data_all/x_time_h/10.1038_s41467-021-26754-2/Fig5_E_mppt_stability_performance_curve_pattern/accepted/10.1038_s41467-021-26754-2__Fig5__E__mppt_stability_performance_curve_pattern__Control__Series_1.csv,10.1038_s41467-021-26754-2/10.1038_s41467-021-26754-2__Fig5__E__mppt_stability_performance_curve_pattern__Control__Series_1.csv,c90bcc6ae7b3f03002d870903f6ddd87026444940b9e1579bf1342d0f753fc57
F01715,1,10.1038/s41467-022-34203-x,data_all/x_time_h/10.1038_s41467-022-34203-x/Fig3_C_mppt_stability_performance_curve_pce/accepted/10.1038_s41467-022-34203-x__Fig3__C__mppt_stability_performance_curve_pce__Control__Series_1.csv,10.1038_s41467-022-34203-x/10.1038_s41467-022-34203-x__Fig3__C__mppt_stability_performance_curve_pce__Control__Series_1.csv,1e4d340584ed52151eeb98da5d0d595004574a40f17a6a9a0c52e720daafb671
F01716,1,10.1038/s41467-023-36918-x,data_all/x_time_h/10.1038_s41467-023-36918-x/Fig5_B_jv_curve_stability_performance_pce/accepted/10.1038_s41467-023-36918-x__Fig5__B__jv_curve_stability_performance_pce__Target_encap__Series_2.csv,10.1038_s41467-023-36918-x/10.1038_s41467-023-36918-x__Fig5__B__jv_curve_stability_performance_pce__Target_encap__Series_2.csv,0c3b46986992cc5224b65c507e975db05c20ac7b4c56f9d399cb090316d5090a
F01717,1,10.1038/s41467-023-36918-x,data_all/x_time_h/10.1038_s41467-023-36918-x/Fig5_B_jv_curve_stability_performance_pce/accepted/10.1038_s41467-023-36918-x__Fig5__B__jv_curve_stability_performance_pce__UV_resin_encap__Series_1.csv,10.1038_s41467-023-36918-x/10.1038_s41467-023-36918-x__Fig5__B__jv_curve_stability_performance_pce__UV_resin_encap__Series_1.csv,ff20c5499175bb8d0afd19d493911dcd3e1ce8de99799ced3efde92963ac49cb
F01718,1,10.1038/s41467-023-36918-x,data_all/x_time_h/10.1038_s41467-023-36918-x/Fig5_F_jv_curve_stability_performance_pce/accepted/10.1038_s41467-023-36918-x__Fig5__F__jv_curve_stability_performance_pce__POE_encap__Series_1.csv,10.1038_s41467-023-36918-x/10.1038_s41467-023-36918-x__Fig5__F__jv_curve_stability_performance_pce__POE_encap__Series_1.csv,7f45e71448701a3f897ab506034825a956be0f25b49f7a497405a10905183fcb
F01719,1,10.1038/s41467-023-36918-x,data_all/x_time_h/10.1038_s41467-023-36918-x/Fig5_F_jv_curve_stability_performance_pce/accepted/10.1038_s41467-023-36918-x__Fig5__F__jv_curve_stability_performance_pce__Target_encap__Series_2.csv,10.1038_s41467-023-36918-x/10.1038_s41467-023-36918-x__Fig5__F__jv_curve_stability_performance_pce__Target_encap__Series_2.csv,f7dae528928ac754d413f48d057ab40b60fdf494817f73645fe869c251dc5240
F01720,1,10.1038/s41467-023-43016-5,data_all/x_time_h/10.1038_s41467-023-43016-5/Fig4_F_mppt_stability_performance_curve_pce/accepted/10.1038_s41467-023-43016-5__Fig4__F__mppt_stability_performance_curve_pce__Control__Series_3.csv,10.1038_s41467-023-43016-5/10.1038_s41467-023-43016-5__Fig4__F__mppt_stability_performance_curve_pce__Control__Series_3.csv,084f84ccee2ce1e3259d1c70aeb7c1b2b11c1bcf929196c1db5f5a17fa30dca5
F01721,1,10.1038/s41467-023-43016-5,data_all/x_time_h/10.1038_s41467-023-43016-5/Fig4_F_mppt_stability_performance_curve_pce/accepted/10.1038_s41467-023-43016-5__Fig4__F__mppt_stability_performance_curve_pce__VAQ-2D_Cs₀.₂FA₀.₈Pb(I₀.₆Br₀.₄)₃__Series_2.csv,10.1038_s41467-023-43016-5/10.1038_s41467-023-43016-5__Fig4__F__mppt_stability_performance_curve_pce__VAQ-2D_Cs₀.₂FA₀.₈Pb(I₀.₆Br₀.₄)₃__Series_2.csv,ce1c1510110df0d2c2b7103066064f047e503bbfe929b80ce91c3ec8547fbf3c
F01722,1,10.1038/s41467-023-43016-5,data_all/x_time_h/10.1038_s41467-023-43016-5/Fig4_F_mppt_stability_performance_curve_pce/accepted/10.1038_s41467-023-43016-5__Fig4__F__mppt_stability_performance_curve_pce__VAQ-2D_DMA₀.₁Cs₀.₄FA₀.₅Pb(I₀.₇₂Br₀.₂₄Cl₀.₀₄)₃__Series_1.csv,10.1038_s41467-023-43016-5/10.1038_s41467-023-43016-5__Fig4__F__mppt_stability_performance_curve_pce__VAQ-2D_DMA₀.₁Cs₀.₄FA₀.₅Pb(I₀.₇₂Br₀.₂₄Cl₀.₀₄)₃__Series_1.csv,ee10f2d372b0f791ded56eb51d8232ec6a4d7bcad2ab49f40df793ff23197bf8
F01723,1,10.1038/s41467-023-43016-5,data_all/x_time_h/10.1038_s41467-023-43016-5/Fig5_D_mppt_stability_performance_curve_pce/accepted/10.1038_s41467-023-43016-5__Fig5__D__mppt_stability_performance_curve_pce__WBG_FAMA_NBG__Series_2.csv,10.1038_s41467-023-43016-5/10.1038_s41467-023-43016-5__Fig5__D__mppt_stability_performance_curve_pce__WBG_FAMA_NBG__Series_2.csv,52f9424122eb3e41026522c60492cb6087607928d48ffc6204ac4a9f37f4771f
F01724,1,10.1038/s41467-023-43016-5,data_all/x_time_h/10.1038_s41467-023-43016-5/Fig5_E_mppt_stability_performance_curve_pce/accepted/10.1038_s41467-023-43016-5__Fig5__E__mppt_stability_performance_curve_pce__Series_1__Series_1.csv,10.1038_s41467-023-43016-5/10.1038_s41467-023-43016-5__Fig5__E__mppt_stability_performance_curve_pce__Series_1__Series_1.csv,6c19b8474427ab2727ba1e1bf41815c0739155e197639d71fe88c20e99a6cc44
F01726,1,10.1038/s41467-024-45228-9,data_all/x_time_h/10.1038_s41467-024-45228-9/Fig6_A_mppt_stability_performance_curve_image/accepted/10.1038_s41467-024-45228-9__Fig6__A__mppt_stability_performance_curve_image__PEDAI__Series_2.csv,10.1038_s41467-024-45228-9/10.1038_s41467-024-45228-9__Fig6__A__mppt_stability_performance_curve_image__PEDAI__Series_2.csv,db5970ad3202e36c43b51ce2f4b4b2b4562f043b6fb1311f4c8c516f106f18aa
F01727,1,10.1038/s41467-024-49617-y,data_all/x_time_h/10.1038_s41467-024-49617-y/Fig6_D_xrd_pattern_stability_performance_curve_pce/accepted/10.1038_s41467-024-49617-y__Fig6__D__xrd_pattern_stability_performance_curve_pce__o1Control__Series_2.csv,10.1038_s41467-024-49617-y/10.1038_s41467-024-49617-y__Fig6__D__xrd_pattern_stability_performance_curve_pce__o1Control__Series_2.csv,21714ca439f8c3b9af62c44e1dca35bb0479051cf4ea01467d7d844b9f57fe75
F01728,1,10.1038/s41467-024-49617-y,data_all/x_time_h/10.1038_s41467-024-49617-y/Fig6_E_xrd_pattern_stability_performance_curve_pce/accepted/10.1038_s41467-024-49617-y__Fig6__E__xrd_pattern_stability_performance_curve_pce__Control__Series_1.csv,10.1038_s41467-024-49617-y/10.1038_s41467-024-49617-y__Fig6__E__xrd_pattern_stability_performance_curve_pce__Control__Series_1.csv,bb9fa3d676ccb07ceb2bf7ac63bdfa368e661e770b9dcd8f6d29b7edc2f4a1da
F01730,1,10.1038/s41467-024-51760-5,data_all/x_time_h/10.1038_s41467-024-51760-5/Fig4_E_jv_curve_stability_performance_eqe/accepted/10.1038_s41467-024-51760-5__Fig4__E__jv_curve_stability_performance_eqe__2PACz__Series_2.csv,10.1038_s41467-024-51760-5/10.1038_s41467-024-51760-5__Fig4__E__jv_curve_stability_performance_eqe__2PACz__Series_2.csv,1d44f81271a856811f2c13b5bad53bc56e0cefd6c3e2120e2cb04de42f415aa2
F01731,1,10.1038/s41467-025-56409-5,data_all/x_time_h/10.1038_s41467-025-56409-5/Fig4_A_stability_performance_curve_pce_mapping/accepted/10.1038_s41467-025-56409-5__Fig4__A__stability_performance_curve_pce_mapping__2D-PEA-disordered__Series_3.csv,10.1038_s41467-025-56409-5/10.1038_s41467-025-56409-5__Fig4__A__stability_performance_curve_pce_mapping__2D-PEA-disordered__Series_3.csv,ddf33046ac415d35ec18eb14a677983d1f4eb2bfc5e124c0abb9dbc932b90a2d
F01732,1,10.1038/s41467-025-56409-5,data_all/x_time_h/10.1038_s41467-025-56409-5/Fig4_A_stability_performance_curve_pce_mapping/accepted/10.1038_s41467-025-56409-5__Fig4__A__stability_performance_curve_pce_mapping__Control__Series_1.csv,10.1038_s41467-025-56409-5/10.1038_s41467-025-56409-5__Fig4__A__stability_performance_curve_pce_mapping__Control__Series_1.csv,34f71d13b83c056d7a5caab84e9666fc0d241454d580093980524f35d71edf51
F01734,1,10.1038/s41560-019-0382-6,data_all/x_time_h/10.1038_s41560-019-0382-6/Fig5_A_mppt_stability_performance_curve/accepted/10.1038_s41560-019-0382-6__Fig5__A__mppt_stability_performance_curve__CsFAMA__Series_1.csv,10.1038_s41560-019-0382-6/10.1038_s41560-019-0382-6__Fig5__A__mppt_stability_performance_curve__CsFAMA__Series_1.csv,896b82c8f92c8939e28aaf4475bb0f2d42115607bf53ee7bdc1f0c9d7012404d
F01736,1,10.1038/s41560-019-0382-6,data_all/x_time_h/10.1038_s41560-019-0382-6/Fig5_B_mppt_stability_performance_curve/accepted/10.1038_s41560-019-0382-6__Fig5__B__mppt_stability_performance_curve__CsFAMA__Series_2.csv,10.1038_s41560-019-0382-6/10.1038_s41560-019-0382-6__Fig5__B__mppt_stability_performance_curve__CsFAMA__Series_2.csv,2c44cd8d0828c8e78e587cf27977de2bd2efa2d17bdf9c3c876cb0f175f2ac3b
F01739,1,10.1038/s41560-019-0382-6,data_all/x_time_h/10.1038_s41560-019-0382-6/Fig5_D_mppt_stability_performance_curve/accepted/10.1038_s41560-019-0382-6__Fig5__D__mppt_stability_performance_curve__CsFAMA-F__Series_2.csv,10.1038_s41560-019-0382-6/10.1038_s41560-019-0382-6__Fig5__D__mppt_stability_performance_curve__CsFAMA-F__Series_2.csv,024ab22b02cd2cad5275a3aa0a406e55130af85b029b7c65bb370727fc3d5087
F01740,1,10.1038/s41560-019-0382-6,data_all/x_time_h/10.1038_s41560-019-0382-6/Fig5_D_mppt_stability_performance_curve/accepted/10.1038_s41560-019-0382-6__Fig5__D__mppt_stability_performance_curve__CsFAMA__Series_1.csv,10.1038_s41560-019-0382-6/10.1038_s41560-019-0382-6__Fig5__D__mppt_stability_performance_curve__CsFAMA__Series_1.csv,20606b47c8ac52c603099d90b5eb0f9703256bcfa10ba210ee18074364b875cc
F01741,1,10.1038/s41560-019-0538-4,data_all/x_time_h/10.1038_s41560-019-0538-4/Fig6_B_mppt_stability_performance_curve_pce/accepted/10.1038_s41560-019-0538-4__Fig6__B__mppt_stability_performance_curve_pce__Pristine__Series_2.csv,10.1038_s41560-019-0538-4/10.1038_s41560-019-0538-4__Fig6__B__mppt_stability_performance_curve_pce__Pristine__Series_2.csv,5d53be85846efd7db6bcf69543ffafaca655adb753267a3bb10f1d020d9e483e
F01742,1,10.1038/s41560-019-0538-4,data_all/x_time_h/10.1038_s41560-019-0538-4/Fig6_C_mppt_stability_performance_curve_pce/accepted/10.1038_s41560-019-0538-4__Fig6__C__mppt_stability_performance_curve_pce__Pristine__Series_1.csv,10.1038_s41560-019-0538-4/10.1038_s41560-019-0538-4__Fig6__C__mppt_stability_performance_curve_pce__Pristine__Series_1.csv,5c2ecaf44c953f7b95a96cf00e956215ba17698941efe51d34d432d9c3f38c9a
F01743,1,10.1038/s41560-020-00692-7,data_all/x_time_h/10.1038_s41560-020-00692-7/Fig4_G_stability_performance_curve_jsc/accepted/10.1038_s41560-020-00692-7__Fig4__G__stability_performance_curve_jsc__2-T_tandem__Series_2.csv,10.1038_s41560-020-00692-7/10.1038_s41560-020-00692-7__Fig4__G__stability_performance_curve_jsc__2-T_tandem__Series_2.csv,427d1bec6cfe25efb190fc1013574d66f25a2b5d09f4d590898f6fb40559d4e4
F01744,1,10.1038/s41560-020-00692-7,data_all/x_time_h/10.1038_s41560-020-00692-7/Fig4_G_stability_performance_curve_jsc/accepted/10.1038_s41560-020-00692-7__Fig4__G__stability_performance_curve_jsc__FA$_{0.85}$MA$_{0.1}$Cs$_{0.05}$Sn$_{0.5}$Pb$_{0.5}$I$_3$__Series_1.csv,10.1038_s41560-020-00692-7/10.1038_s41560-020-00692-7__Fig4__G__stability_performance_curve_jsc__FA$_{0.85}$MA$_{0.1}$Cs$_{0.05}$Sn$_{0.5}$Pb$_{0.5}$I$_3$__Series_1.csv,f99ae5939186e4e73fcfa759d6c96563d00ce985be5058c65bd953ec6d43c54e
F01746,1,10.1038/s41560-020-00721-5,data_all/x_time_h/10.1038_s41560-020-00721-5/Fig4_G_stability_performance_curve_pce_spectrum/accepted/10.1038_s41560-020-00721-5__Fig4__G__stability_performance_curve_pce_spectrum__MQWs__Series_1.csv,10.1038_s41560-020-00721-5/10.1038_s41560-020-00721-5__Fig4__G__stability_performance_curve_pce_spectrum__MQWs__Series_1.csv,a38ee3ed5e2565dab27d8a76339a491329b251a4c6dfc4ecce031ec3bdb2dbbe
F01751,1,10.1038/s41560-023-01249-0,data_all/x_time_h/10.1038_s41560-023-01249-0/Fig5_A_mppt_stability_performance_curve_pce/accepted/10.1038_s41560-023-01249-0__Fig5__A__mppt_stability_performance_curve_pce__Control__Series_1.csv,10.1038_s41560-023-01249-0/10.1038_s41560-023-01249-0__Fig5__A__mppt_stability_performance_curve_pce__Control__Series_1.csv,67113306b8794daf221e58b4680f488552e84bea05072f18c25edbc12e0605bf
F01752,1,10.1038/s41560-023-01295-8,data_all/x_time_h/10.1038_s41560-023-01295-8/Fig3_E_mppt_stability_performance_curve_pce/accepted/10.1038_s41560-023-01295-8__Fig3__E__mppt_stability_performance_curve_pce__Control__Series_3.csv,10.1038_s41560-023-01295-8/10.1038_s41560-023-01295-8__Fig3__E__mppt_stability_performance_curve_pce__Control__Series_3.csv,228dfc6ed2d2754f4bdc48fb2e83df94c691fd18fcac96852ba650500b66ab6b
F01753,1,10.1038/s41560-023-01295-8,data_all/x_time_h/10.1038_s41560-023-01295-8/Fig3_F_mppt_stability_performance_curve_pce/accepted/10.1038_s41560-023-01295-8__Fig3__F__mppt_stability_performance_curve_pce__Control__Series_2.csv,10.1038_s41560-023-01295-8/10.1038_s41560-023-01295-8__Fig3__F__mppt_stability_performance_curve_pce__Control__Series_2.csv,6f3e9ea442b6c90849684f7a0914af3ebe603574a67f9ca72f950ac2e5a14117
F01754,1,10.1038/s41560-023-01358-w,data_all/x_time_h/10.1038_s41560-023-01358-w/Fig4_E_stability_performance_curve_pce/accepted/10.1038_s41560-023-01358-w__Fig4__E__stability_performance_curve_pce__Control__Series_2.csv,10.1038_s41560-023-01358-w/10.1038_s41560-023-01358-w__Fig4__E__stability_performance_curve_pce__Control__Series_2.csv,1bd4979ca6d89ee24f2010d10161be06e3aff0bf65f13287907f6cc25c6a9caa
F01756,1,10.1038/s41560-023-01358-w,data_all/x_time_h/10.1038_s41560-023-01358-w/Fig4_H_stability_performance_curve_pce/accepted/10.1038_s41560-023-01358-w__Fig4__H__stability_performance_curve_pce__o1Control__Series_1.csv,10.1038_s41560-023-01358-w/10.1038_s41560-023-01358-w__Fig4__H__stability_performance_curve_pce__o1Control__Series_1.csv,12a7052ffa1bf29bcaa3dec24de33311d380743370c4703a65de74fb72522465
F01757,1,10.1038/s41560-023-01421-6,data_all/x_time_h/10.1038_s41560-023-01421-6/Fig4_D_mppt_stability_performance_curve_pce/accepted/10.1038_s41560-023-01421-6__Fig4__D__mppt_stability_performance_curve_pce__Control__Series_1.csv,10.1038_s41560-023-01421-6/10.1038_s41560-023-01421-6__Fig4__D__mppt_stability_performance_curve_pce__Control__Series_1.csv,6731c22007e9c68067fa12542f09d744a3e8f01dcf0c46c79578d6fe62e2f367
F01759,1,10.1038/s41586-019-1036-3,data_all/x_time_h/10.1038_s41586-019-1036-3/Fig4_A_mppt_stability_performance_curve/accepted/10.1038_s41586-019-1036-3__Fig4__A__mppt_stability_performance_curve__Control__Series_2.csv,10.1038_s41586-019-1036-3/10.1038_s41586-019-1036-3__Fig4__A__mppt_stability_performance_curve__Control__Series_2.csv,3df8b983a63e262fda5513e3c0debc2275154e48779d1e709f1e8d46d0378f0e
F01761,1,10.1038/s41586-021-03406-5,"data_all/x_time_h/10.1038_s41586-021-03406-5/Fig4_A_stability_performance_curve/accepted/10.1038_s41586-021-03406-5__Fig4__A__stability_performance_curve__Reference,_PCE_initial_=_23.86%__Series_2.csv","10.1038_s41586-021-03406-5/10.1038_s41586-021-03406-5__Fig4__A__stability_performance_curve__Reference,_PCE_initial_=_23.86%__Series_2.csv",a20756af5173160cf6c6fafb0819722dda5576390f1486b98a153e00e8227f4e
F01762,1,10.1038/s41586-021-03406-5,"data_all/x_time_h/10.1038_s41586-021-03406-5/Fig4_B_stability_performance_curve/accepted/10.1038_s41586-021-03406-5__Fig4__B__stability_performance_curve__Reference,_PCEinitial_=_23.75%__Series_2.csv","10.1038_s41586-021-03406-5/10.1038_s41586-021-03406-5__Fig4__B__stability_performance_curve__Reference,_PCEinitial_=_23.75%__Series_2.csv",bd08de4e300463c8069cd0f2076b8c863c77d46790af2bba18659c2b01c56338
F01763,1,10.1038/s41586-021-03406-5,"data_all/x_time_h/10.1038_s41586-021-03406-5/Fig4_D_stability_performance_curve/accepted/10.1038_s41586-021-03406-5__Fig4__D__stability_performance_curve__Reference,_PCE_initial_=_21.82%__Series_1.csv","10.1038_s41586-021-03406-5/10.1038_s41586-021-03406-5__Fig4__D__stability_performance_curve__Reference,_PCE_initial_=_21.82%__Series_1.csv",91fc9e96295e85cda637ddba7b6444b4a09921257da8bd5009e743837cffdffe
F01764,1,10.1038/s41586-023-06892-x,data_all/x_time_h/10.1038_s41586-023-06892-x/Fig4_B_mppt_stability_performance_curve_pce/accepted/10.1038_s41586-023-06892-x__Fig4__B__mppt_stability_performance_curve_pce__WBG_PSCs_with_BCP__Series_1.csv,10.1038_s41586-023-06892-x/10.1038_s41586-023-06892-x__Fig4__B__mppt_stability_performance_curve_pce__WBG_PSCs_with_BCP__Series_1.csv,ade0f39d719d69de09fb7bce4e2740bda9dddabcfa6ca2978f69efffafb1979a
F01766,1,10.1038/s41598-017-00866-6,data_all/x_time_h/10.1038_s41598-017-00866-6/Fig1_A_stability_performance_curve_pce/accepted/10.1038_s41598-017-00866-6__Fig1__A__stability_performance_curve_pce__under_25°C_20-25%_RH__Series_1.csv,10.1038_s41598-017-00866-6/10.1038_s41598-017-00866-6__Fig1__A__stability_performance_curve_pce__under_25°C_20-25%_RH__Series_1.csv,82139f07aa3116b77df57b3749f78377367221c8e9c1cefa1bc8858b9217f633
F01767,1,10.1038/s41598-017-00866-6,data_all/x_time_h/10.1038_s41598-017-00866-6/Fig1_B_xrd_pattern_stability_performance_curve/accepted/10.1038_s41598-017-00866-6__Fig1__B__xrd_pattern_stability_performance_curve__under_85°C_20-25%_RH__Series_1.csv,10.1038_s41598-017-00866-6/10.1038_s41598-017-00866-6__Fig1__B__xrd_pattern_stability_performance_curve__under_85°C_20-25%_RH__Series_1.csv,e3756f32fc58edbcdb8c44ec8f47104cd4a44c1a6b605eebdb6ccbb993aa72aa
F01769,1,10.1038/s41598-020-79348-1,data_all/x_time_h/10.1038_s41598-020-79348-1/Fig4_A_stability_performance_curve_ff/accepted/10.1038_s41598-020-79348-1__Fig4__A__stability_performance_curve_ff__P__Series_3.csv,10.1038_s41598-020-79348-1/10.1038_s41598-020-79348-1__Fig4__A__stability_performance_curve_ff__P__Series_3.csv,bc30320904723aceb0088d024df8a94e81c25d8656ca1dfc13506e5574a7788d
F01770,1,10.1038/s41598-024-55379-w,data_all/x_time_h/10.1038_s41598-024-55379-w/Fig17_whole_stability_performance_curve_pce/accepted/10.1038_s41598-024-55379-w__Fig17__whole__stability_performance_curve_pce__Un-doped_ZnO_ETL__Series_3.csv,10.1038_s41598-024-55379-w/10.1038_s41598-024-55379-w__Fig17__whole__stability_performance_curve_pce__Un-doped_ZnO_ETL__Series_3.csv,30b2c9b79e95af2e15c4740c197b3955c1a30ea07f5409b765d4f387b477845a
F01771,1,10.1038/s41598-024-55379-w,data_all/x_time_h/10.1038_s41598-024-55379-w/Fig17_whole_stability_performance_curve_pce/accepted/10.1038_s41598-024-55379-w__Fig17__whole__stability_performance_curve_pce__ZnO_H2O-Ag-doped_ZnO_1wt.%_ETL__Series_1.csv,10.1038_s41598-024-55379-w/10.1038_s41598-024-55379-w__Fig17__whole__stability_performance_curve_pce__ZnO_H2O-Ag-doped_ZnO_1wt.%_ETL__Series_1.csv,7c1c0ba4231c92b5c23807f9b3ecdeb3adbffdd5235a005d19a74de97d092a6b
F01772,1,10.1038/s41598-024-74735-4,data_all/x_time_h/10.1038_s41598-024-74735-4/Fig4_C_stability_performance_curve_pce/accepted/10.1038_s41598-024-74735-4__Fig4__C__stability_performance_curve_pce__Spiro-OMeTAD__Series_2.csv,10.1038_s41598-024-74735-4/10.1038_s41598-024-74735-4__Fig4__C__stability_performance_curve_pce__Spiro-OMeTAD__Series_2.csv,b4d81b28a94e014c11158592032b4dd357fa3fefa11d33ffa95c002368ba429e
F01773,1,10.1038/s41598-024-74735-4,data_all/x_time_h/10.1038_s41598-024-74735-4/Fig4_C_stability_performance_curve_pce/accepted/10.1038_s41598-024-74735-4__Fig4__C__stability_performance_curve_pce__XC2-M__Series_3.csv,10.1038_s41598-024-74735-4/10.1038_s41598-024-74735-4__Fig4__C__stability_performance_curve_pce__XC2-M__Series_3.csv,c5a4cdd5140dca0bc05a46b9f2a78a5b633f653bfef7aee0a2c7d636cd0aec96
F01774,1,10.1039/c9sc01697j,data_all/x_time_h/10.1039_C9SC01697J/Fig6_E_sem_image_stability_performance_curve_photovoltaic_parameter/accepted/10.1039_C9SC01697J__Fig6__E__sem_image_stability_performance_curve_photovoltaic_parameter__Doped_Spiro-OMeTAD__Series_1.csv,10.1039_C9SC01697J/10.1039_C9SC01697J__Fig6__E__sem_image_stability_performance_curve_photovoltaic_parameter__Doped_Spiro-OMeTAD__Series_1.csv,dc2863895698da782df966f29d7389b7d24bf685c101f26d0f70b55b8b60988e
F01775,1,10.1039/c9ta03131f,data_all/x_time_h/10.1039_C9TA03131F/Fig5_D_stability_performance_curve_pce/accepted/10.1039_C9TA03131F__Fig5__D__stability_performance_curve_pce__With_QDs__Series_2.csv,10.1039_C9TA03131F/10.1039_C9TA03131F__Fig5__D__stability_performance_curve_pce__With_QDs__Series_2.csv,9ae4b6b9276e0ef4a8760034b93e6dd799360e29eaf4acd7b16b3189d221edf7
F01776,1,10.1039/c9ta03131f,data_all/x_time_h/10.1039_C9TA03131F/Fig5_D_stability_performance_curve_pce/accepted/10.1039_C9TA03131F__Fig5__D__stability_performance_curve_pce__Without_QDs__Series_1.csv,10.1039_C9TA03131F/10.1039_C9TA03131F__Fig5__D__stability_performance_curve_pce__Without_QDs__Series_1.csv,f60ce5b391fd0b34aef9a9789e46d1b62d10d8bdc9554809a057d4410da6d38b
F01777,1,10.1039/c9ta04166d,data_all/x_time_h/10.1039_C9TA04166D/Fig6_whole_stability_performance_curve_pce/accepted/10.1039_C9TA04166D__Fig6__whole__stability_performance_curve_pce__Spiro__Series_2.csv,10.1039_C9TA04166D/10.1039_C9TA04166D__Fig6__whole__stability_performance_curve_pce__Spiro__Series_2.csv,07ba930224a69554856baa41bddee29752b4968237802852b5a5e849012a44ba
F01778,1,10.1039/d5ee03888j,data_all/x_time_h/10.1039_D5EE03888J/Fig5_F_mppt_stability_performance_curve_pce/accepted/10.1039_D5EE03888J__Fig5__F__mppt_stability_performance_curve_pce__DMF_DMSO__Series_3.csv,10.1039_D5EE03888J/10.1039_D5EE03888J__Fig5__F__mppt_stability_performance_curve_pce__DMF_DMSO__Series_3.csv,45cd2fcf5ad1239d3e9078b686f2bc0a2e879c90fc348d51bab2ab778f5bfdd5
F01780,1,10.1039/d5ee03984c,data_all/x_time_h/10.1039_D5EE03984C/Fig5_L_mppt_stability_performance_curve_pce/accepted/10.1039_D5EE03984C__Fig5__L__mppt_stability_performance_curve_pce__Control__Series_1.csv,10.1039_D5EE03984C/10.1039_D5EE03984C__Fig5__L__mppt_stability_performance_curve_pce__Control__Series_1.csv,fb3eaa47e14c235d314413ceeccbef9b1d885ccf8e965c9910e5ec69dbcb78b8
F01781,1,10.1039/d5ee05397h,data_all/x_time_h/10.1039_D5EE05397H/Fig3_A_stability_performance_curve/accepted/10.1039_D5EE05397H__Fig3__A__stability_performance_curve__SPVKs__Series_3.csv,10.1039_D5EE05397H/10.1039_D5EE05397H__Fig3__A__stability_performance_curve__SPVKs__Series_3.csv,28d36ab61fc6114f98efc6ba8d876ba97dfcf57a69344a30a55b886381b350fe
F01784,1,10.1039/d5qm00763a,data_all/x_time_h/10.1039_D5QM00763A/Fig11_C_stability_performance_curve_pce/accepted/10.1039_D5QM00763A__Fig11__C__stability_performance_curve_pce__o-Perovskite_Spiro-OMeTAD__Series_2.csv,10.1039_D5QM00763A/10.1039_D5QM00763A__Fig11__C__stability_performance_curve_pce__o-Perovskite_Spiro-OMeTAD__Series_2.csv,833dd9c923d6fd9ce27f989e81fee31c11c2606a3ce755a24e6382a30ee80a7e
F01785,1,10.1039/d5sc04399a,data_all/x_time_h/10.1039_D5SC04399A/Fig5_A_stability_performance_curve_pce/accepted/10.1039_D5SC04399A__Fig5__A__stability_performance_curve_pce__Spiro-OMeTAD__Series_4.csv,10.1039_D5SC04399A/10.1039_D5SC04399A__Fig5__A__stability_performance_curve_pce__Spiro-OMeTAD__Series_4.csv,fde4662ff4fefb476498896b3693dfaebfa643278d1c7cfe78a80d1ee73f8b2f
F01786,1,10.1039/d5sc04399a,data_all/x_time_h/10.1039_D5SC04399A/Fig5_A_stability_performance_curve_pce/accepted/10.1039_D5SC04399A__Fig5__A__stability_performance_curve_pce__pcz-DM__Series_2.csv,10.1039_D5SC04399A/10.1039_D5SC04399A__Fig5__A__stability_performance_curve_pce__pcz-DM__Series_2.csv,cfe0e0472719bd5fdeacac4ef565ffeca6ec14b980d5ae6fbddda4e2a5ca5e43
F01787,1,10.1039/d5sc04399a,data_all/x_time_h/10.1039_D5SC04399A/Fig5_A_stability_performance_curve_pce/accepted/10.1039_D5SC04399A__Fig5__A__stability_performance_curve_pce__pcz-SM-DM__Series_3.csv,10.1039_D5SC04399A/10.1039_D5SC04399A__Fig5__A__stability_performance_curve_pce__pcz-SM-DM__Series_3.csv,0c9dcf4cddf7ad774b073f53c2b2a6d44835209ac9fd27ddfabfd5b80006b232
F01790,1,10.1039/d5ta07147j,data_all/x_time_h/10.1039_D5TA07147J/Fig8_A_stability_performance_curve_pce/accepted/10.1039_D5TA07147J__Fig8__A__stability_performance_curve_pce__w_oCNMs__Series_2.csv,10.1039_D5TA07147J/10.1039_D5TA07147J__Fig8__A__stability_performance_curve_pce__w_oCNMs__Series_2.csv,179475676ae218d1176d546578b5dff8ab72add91bf99764c62c31c2366d800f
F01791,1,10.1039/d6cc01405d,data_all/x_time_h/10.1039_D6CC01405D/Fig3_C_stability_performance_curve_pce_eqe/accepted/10.1039_D6CC01405D__Fig3__C__stability_performance_curve_pce_eqe__2PACz__Series_2.csv,10.1039_D6CC01405D/10.1039_D6CC01405D__Fig3__C__stability_performance_curve_pce_eqe__2PACz__Series_2.csv,29be8554207a1720e35907293b0733828f3cefa0d81b1dfffbb4a9be86851ff8
F01793,1,10.1039/c5nr01820j,data_all/x_time_h/10.1039_c5nr01820j/Fig5_B_stability_performance_curve/accepted/10.1039_c5nr01820j__Fig5__B__stability_performance_curve__HOOC-Ph-SH_Perovskite__Series_1.csv,10.1039_c5nr01820j/10.1039_c5nr01820j__Fig5__B__stability_performance_curve__HOOC-Ph-SH_Perovskite__Series_1.csv,b283d65bd37f3d059b0c5ecd1a850fa496a72551d64827ad87b09eef1262d7fb
F01794,1,10.1039/c5nr05271h,data_all/x_time_h/10.1039_c5nr05271h/Fig7_A_stability_performance_curve_pce/accepted/10.1039_c5nr05271h__Fig7__A__stability_performance_curve_pce__GO_PEDOT__Series_1.csv,10.1039_c5nr05271h/10.1039_c5nr05271h__Fig7__A__stability_performance_curve_pce__GO_PEDOT__Series_1.csv,9540aae7f03a5e549c810b85e0c58550c83813ddb2d8eb421e56d59deeb05d81
F01796,1,10.1039/c5nr05271h,data_all/x_time_h/10.1039_c5nr05271h/Fig7_A_stability_performance_curve_pce/accepted/10.1039_c5nr05271h__Fig7__A__stability_performance_curve_pce__PEDOT__Series_2.csv,10.1039_c5nr05271h/10.1039_c5nr05271h__Fig7__A__stability_performance_curve_pce__PEDOT__Series_2.csv,5454d0512c426fcd71b765688af96b2b1288bebb05f60ad7c93a5105a53a30e3
F01797,1,10.1039/c5ta05286f,data_all/x_time_h/10.1039_c5ta05286f/Fig7_A_pce/accepted/10.1039_c5ta05286f__Fig7__A__pce__PEDOT_PSS__Series_2.csv,10.1039_c5ta05286f/10.1039_c5ta05286f__Fig7__A__pce__PEDOT_PSS__Series_2.csv,c51ce157e9a7cb95dce0fb8a971c18c5654d47b1b16465123d9323039c4cd25e
F01798,1,10.1039/c5ta07957h,data_all/x_time_h/10.1039_c5ta07957h/Fig10_B_stability_performance_curve_pce/accepted/10.1039_c5ta07957h__Fig10__B__stability_performance_curve_pce__PEDOT_PSS(40nm)__Series_2.csv,10.1039_c5ta07957h/10.1039_c5ta07957h__Fig10__B__stability_performance_curve_pce__PEDOT_PSS(40nm)__Series_2.csv,59ae05868dc908b2cbffa1aa6a0b9e15fcbcf38eb9ab5b66e2946b5a3a087ce4
F01799,1,10.1039/c5ta09080f,data_all/x_time_h/10.1039_c5ta09080f/Fig6_C_stability_performance_curve_pce_profile/accepted/10.1039_c5ta09080f__Fig6__C__stability_performance_curve_pce_profile__Operating_stability__Series_2.csv,10.1039_c5ta09080f/10.1039_c5ta09080f__Fig6__C__stability_performance_curve_pce_profile__Operating_stability__Series_2.csv,224146b314660638af6552cdbc43980be02a8691f0ed493bcfc752cf4edc3927
F01800,1,10.1039/c5ta09080f,data_all/x_time_h/10.1039_c5ta09080f/Fig6_C_stability_performance_curve_pce_profile/accepted/10.1039_c5ta09080f__Fig6__C__stability_performance_curve_pce_profile__Shelf_stability__Series_1.csv,10.1039_c5ta09080f/10.1039_c5ta09080f__Fig6__C__stability_performance_curve_pce_profile__Shelf_stability__Series_1.csv,9054be55d6e1bced6a204fc1c8bb0ed2ff05467d5e84f3f913c4cc5924b1d521
F01801,1,10.1039/c6cc06290c,data_all/x_time_h/10.1039_c6cc06290c/Fig4_B_stability_performance_curve/accepted/10.1039_c6cc06290c__Fig4__B__stability_performance_curve__Control__Series_1.csv,10.1039_c6cc06290c/10.1039_c6cc06290c__Fig4__B__stability_performance_curve__Control__Series_1.csv,97e877a786211a7253a6fe07f3ec8048387f246f58612c5f9fe8b46d2863a8cd
F01802,1,10.1039/c6ee00612d,data_all/x_time_h/10.1039_c6ee00612d/Fig2_E_mppt_stability_performance_curve_eqe/accepted/10.1039_c6ee00612d__Fig2__E__mppt_stability_performance_curve_eqe__Ag_W_o_CIL__Series_2.csv,10.1039_c6ee00612d/10.1039_c6ee00612d__Fig2__E__mppt_stability_performance_curve_eqe__Ag_W_o_CIL__Series_2.csv,b194758c0c509aac644680906a58db920fdfd3a07998cd6879459b10d84410e7
F01803,1,10.1039/c6nr01927g,data_all/x_time_h/10.1039_c6nr01927g/Fig5_D_stability_performance_curve_pce/accepted/10.1039_c6nr01927g__Fig5__D__stability_performance_curve_pce__PEDOT_PSS__Series_2.csv,10.1039_c6nr01927g/10.1039_c6nr01927g__Fig5__D__stability_performance_curve_pce__PEDOT_PSS__Series_2.csv,232f18c41ef10ab9e722ed19a8593a35369b10e0e1a87236d42de07f0ca44420
F01804,1,10.1039/c6nr04288k,data_all/x_time_h/10.1039_c6nr04288k/Fig5_D_stability_performance_curve_pce/accepted/10.1039_c6nr04288k__Fig5__D__stability_performance_curve_pce__PEDOT_PSS__Series_1.csv,10.1039_c6nr04288k/10.1039_c6nr04288k__Fig5__D__stability_performance_curve_pce__PEDOT_PSS__Series_1.csv,93741465ef75378355151d1aa81c4763f9936e364c33564d472d2a29407d95eb
F01805,1,10.1039/c6ra06635f,data_all/x_time_h/10.1039_c6ra06635f/Fig2_C_modeling_mapping_stability_performance_curve_2/accepted/10.1039_c6ra06635f__Fig2__C__modeling_mapping_stability_performance_curve_2__Modeling_for_PEDOT_PSS__Series_1.csv,10.1039_c6ra06635f/10.1039_c6ra06635f__Fig2__C__modeling_mapping_stability_performance_curve_2__Modeling_for_PEDOT_PSS__Series_1.csv,8763927f59f180f787d5913e0580e9e7271fe6479cb64d36052ed3ac0c9d8281
F01806,1,10.1039/c6ra06635f,data_all/x_time_h/10.1039_c6ra06635f/Fig2_C_modeling_mapping_stability_performance_curve_2/accepted/10.1039_c6ra06635f__Fig2__C__modeling_mapping_stability_performance_curve_2__Modeling_for_Spiro-OMETAD__Series_2.csv,10.1039_c6ra06635f/10.1039_c6ra06635f__Fig2__C__modeling_mapping_stability_performance_curve_2__Modeling_for_Spiro-OMETAD__Series_2.csv,2d2bac14b3ba44f0422d3447d4cbb00d81f5f4e915cee63457e2beb3be221df6
F01807,1,10.1039/c6ra09878a,data_all/x_time_h/10.1039_c6ra09878a/Fig10_whole_figure/accepted/10.1039_c6ra09878a__Fig10__whole__figure__Spiro-OMeTAD__Series_2.csv,10.1039_c6ra09878a/10.1039_c6ra09878a__Fig10__whole__figure__Spiro-OMeTAD__Series_2.csv,c0e5acba636fb1d86c72c7b30b0cc3b8d5899b87196b776bc6f7cc7a3ef88204
F01808,1,10.1039/c6ra21775c,data_all/x_time_h/10.1039_c6ra21775c/Fig5_B_stability_performance_curve_jsc_pce/accepted/10.1039_c6ra21775c__Fig5__B__stability_performance_curve_jsc_pce__LiTFSI+TBP__Series_2.csv,10.1039_c6ra21775c/10.1039_c6ra21775c__Fig5__B__stability_performance_curve_jsc_pce__LiTFSI+TBP__Series_2.csv,b6b2a81fd7e596e5f7b1f9764d909ff28ab2c982c61f4ffecbfaf91075610e04
F01809,1,10.1039/c6ta01715k,data_all/x_time_h/10.1039_c6ta01715k/Fig7_A_stability_performance_curve/accepted/10.1039_c6ta01715k__Fig7__A__stability_performance_curve__I-CSCNT-50_without_PMMA__Series_2.csv,10.1039_c6ta01715k/10.1039_c6ta01715k__Fig7__A__stability_performance_curve__I-CSCNT-50_without_PMMA__Series_2.csv,9cf6457e98ee6e34c67917c10af01ce8e37ed3993f14d603373f8d5f780c565e
F01811,1,10.1039/c6ta06152d,data_all/x_time_h/10.1039_c6ta06152d/Fig5_A_stability_performance_curve_pce/accepted/10.1039_c6ta06152d__Fig5__A__stability_performance_curve_pce__CHNHPbICI_C-PCBSD__Series_1.csv,10.1039_c6ta06152d/10.1039_c6ta06152d__Fig5__A__stability_performance_curve_pce__CHNHPbICI_C-PCBSD__Series_1.csv,3fc6697ec886a952c770822c2a36e0ee81293fefe6c101edda44a1a548d060a3
F01812,1,10.1039/c6ta06152d,data_all/x_time_h/10.1039_c6ta06152d/Fig5_A_stability_performance_curve_pce/accepted/10.1039_c6ta06152d__Fig5__A__stability_performance_curve_pce__CHNHPbICI__Series_2.csv,10.1039_c6ta06152d/10.1039_c6ta06152d__Fig5__A__stability_performance_curve_pce__CHNHPbICI__Series_2.csv,b1cd24177ea6856c68358701da41bd1d7c2c165ddff1c2dd49f243398e0783b9
F01815,1,10.1039/c7ee02634j,data_all/x_time_h/10.1039_c7ee02634j/Fig4_D_mppt_stability_performance_curve_jsc/accepted/10.1039_c7ee02634j__Fig4__D__mppt_stability_performance_curve_jsc__CsFAMA__Series_2.csv,10.1039_c7ee02634j/10.1039_c7ee02634j__Fig4__D__mppt_stability_performance_curve_jsc__CsFAMA__Series_2.csv,7da265ae150b068a166ae91551673d24b1eef5e23ec7e49fc5a9b124070698aa
F01816,1,10.1039/c7ee02634j,data_all/x_time_h/10.1039_c7ee02634j/Fig4_D_mppt_stability_performance_curve_jsc/accepted/10.1039_c7ee02634j__Fig4__D__mppt_stability_performance_curve_jsc__FAMA__Series_1.csv,10.1039_c7ee02634j/10.1039_c7ee02634j__Fig4__D__mppt_stability_performance_curve_jsc__FAMA__Series_1.csv,9b33418fdce710e647b44db2ece4fd4636fe205b56d3c6ae58af3806c349b0a3
F01817,1,10.1039/c7nr01678f,data_all/x_time_h/10.1039_c7nr01678f/Fig2_A_stability_performance_curve_pce_work_function/accepted/10.1039_c7nr01678f__Fig2__A__stability_performance_curve_pce_work_function__PC60BM_Rh__Series_3.csv,10.1039_c7nr01678f/10.1039_c7nr01678f__Fig2__A__stability_performance_curve_pce_work_function__PC60BM_Rh__Series_3.csv,8325aef65be52a5f26f3d973ab75243f8c42482baa0bb3e75ef97957cb8b0b4f
F01819,1,10.1039/c7nr01678f,data_all/x_time_h/10.1039_c7nr01678f/Fig2_A_stability_performance_curve_pce_work_function/accepted/10.1039_c7nr01678f__Fig2__A__stability_performance_curve_pce_work_function__PC70BM_Rh__Series_1.csv,10.1039_c7nr01678f/10.1039_c7nr01678f__Fig2__A__stability_performance_curve_pce_work_function__PC70BM_Rh__Series_1.csv,4e2297c115ebed8149929a9dc85c3b6fb6dc6bb415feafecd3cf8e36daeaecba
F01820,1,10.1039/c7nr01678f,data_all/x_time_h/10.1039_c7nr01678f/Fig2_A_stability_performance_curve_pce_work_function/accepted/10.1039_c7nr01678f__Fig2__A__stability_performance_curve_pce_work_function__PC70BM__Series_2.csv,10.1039_c7nr01678f/10.1039_c7nr01678f__Fig2__A__stability_performance_curve_pce_work_function__PC70BM__Series_2.csv,b3b6e637380cc89519fbe2b5bcf9bc5152224b6a50c7e227a2f9c548b15cae6a
F01821,1,10.1039/c7ta04851c,data_all/x_time_h/10.1039_c7ta04851c/Fig5_D_stability_performance_curve_pce/accepted/10.1039_c7ta04851c__Fig5__D__stability_performance_curve_pce__O-PC61BM__Series_1.csv,10.1039_c7ta04851c/10.1039_c7ta04851c__Fig5__D__stability_performance_curve_pce__O-PC61BM__Series_1.csv,0993014fe3d50149d247cf1c07844eb4ead4c35974aa4e5212b1eda71f8da300
F01822,1,10.1039/c7ta06752f,data_all/x_time_h/10.1039_c7ta06752f/Fig7_D_stability_performance_curve_pce/accepted/10.1039_c7ta06752f__Fig7__D__stability_performance_curve_pce__CH₃NH₃PbI₃₋ₓClₓ_V₂Oₓ_(0_wt%)__Series_2.csv,10.1039_c7ta06752f/10.1039_c7ta06752f__Fig7__D__stability_performance_curve_pce__CH₃NH₃PbI₃₋ₓClₓ_V₂Oₓ_(0_wt%)__Series_2.csv,e152c71cc729ba9aae2292f2d6312158866ebe0f83ef3ad54a96d76aaf890aa8
F01823,1,10.1039/c7ta06752f,data_all/x_time_h/10.1039_c7ta06752f/Fig7_D_stability_performance_curve_pce/accepted/10.1039_c7ta06752f__Fig7__D__stability_performance_curve_pce__CH₃NH₃PbI₃₋ₓClₓ_V₂Oₓ_(2.5_wt%)__Series_1.csv,10.1039_c7ta06752f/10.1039_c7ta06752f__Fig7__D__stability_performance_curve_pce__CH₃NH₃PbI₃₋ₓClₓ_V₂Oₓ_(2.5_wt%)__Series_1.csv,f93aa969a813d2f9037bcf778f9d955df1c0e32f535fd2656e22b5499e111b22
F01824,1,10.1039/c7ta07939g,data_all/x_time_h/10.1039_c7ta07939g/Fig9_A_stability_performance_curve/accepted/10.1039_c7ta07939g__Fig9__A__stability_performance_curve__Pristine__Series_1.csv,10.1039_c7ta07939g/10.1039_c7ta07939g__Fig9__A__stability_performance_curve__Pristine__Series_1.csv,f8c007645d3fc0adef9f00c93a35857e334e108cf95405d64c549cf0e5691217
F01825,1,10.1039/c7ta09716f,data_all/x_time_h/10.1039_c7ta09716f/Fig7_B_stability_performance_curve_pce/accepted/10.1039_c7ta09716f__Fig7__B__stability_performance_curve_pce__PEDOT_PSS__Series_1.csv,10.1039_c7ta09716f/10.1039_c7ta09716f__Fig7__B__stability_performance_curve_pce__PEDOT_PSS__Series_1.csv,05c0770e7686d763d80d95953c2c8e445c34f171731a8733a6edc87f111c24ea
F01827,1,10.1039/c7ta10871k,data_all/x_time_h/10.1039_c7ta10871k/Fig7_A_stability_performance_curve_pce/accepted/10.1039_c7ta10871k__Fig7__A__stability_performance_curve_pce__CCE__Series_2.csv,10.1039_c7ta10871k/10.1039_c7ta10871k__Fig7__A__stability_performance_curve_pce__CCE__Series_2.csv,4d880d33f334e96fa1833cd30a3d1a6513492726a919c3e36c92182a36596648
F01828,1,10.1039/c7ta10871k,data_all/x_time_h/10.1039_c7ta10871k/Fig7_A_stability_performance_curve_pce/accepted/10.1039_c7ta10871k__Fig7__A__stability_performance_curve_pce__PF-3__Series_4.csv,10.1039_c7ta10871k/10.1039_c7ta10871k__Fig7__A__stability_performance_curve_pce__PF-3__Series_4.csv,090119c14bbe2a7ec712e0225f5b9d8f99e6d1a3921a54a37e1c7e182354cdd0
F01829,1,10.1039/c7tc00882a,data_all/x_time_h/10.1039_c7tc00882a/Fig7_whole_stability/accepted/10.1039_c7tc00882a__Fig7__whole__stability__w_o__Series_1.csv,10.1039_c7tc00882a/10.1039_c7tc00882a__Fig7__whole__stability__w_o__Series_1.csv,14bd711f651eb86ee61d9f48f7fc7a59b7600570d3cdeaf5ad674cd2302ee280
F01830,1,10.1039/c8ee02252f,data_all/x_time_h/10.1039_c8ee02252f/Fig6_F_stability_performance_curve_pce/accepted/10.1039_c8ee02252f__Fig6__F__stability_performance_curve_pce__Control__Series_2.csv,10.1039_c8ee02252f/10.1039_c8ee02252f__Fig6__F__stability_performance_curve_pce__Control__Series_2.csv,69931424d2da3113ba9fa88aebb31ed7de198935458b268e06342de73535e062
F01831,1,10.1039/c8ee02404a,data_all/x_time_h/10.1039_c8ee02404a/Fig6_E_mppt_stability_performance_curve_pce/accepted/10.1039_c8ee02404a__Fig6__E__mppt_stability_performance_curve_pce__Reference__Series_1.csv,10.1039_c8ee02404a/10.1039_c8ee02404a__Fig6__E__mppt_stability_performance_curve_pce__Reference__Series_1.csv,9cef5a5455765ae0688042259092ecdfb7a5fed7c441ae9520739c365d1aca3c
F01833,1,10.1039/c8nr05698f,data_all/x_time_h/10.1039_c8nr05698f/Fig6_A_stability_performance_curve_pce_conductivity/accepted/10.1039_c8nr05698f__Fig6__A__stability_performance_curve_pce_conductivity__PEDOT_PSS__Series_2.csv,10.1039_c8nr05698f/10.1039_c8nr05698f__Fig6__A__stability_performance_curve_pce_conductivity__PEDOT_PSS__Series_2.csv,7d1fcd9863455e7ef19c460521b902dccf3bd0f64a3c78e252e1a6bab5e7199a
F01834,1,10.1039/c8nr07638c,data_all/x_time_h/10.1039_c8nr07638c/Fig4_D_stability_performance_curve_pce/accepted/10.1039_c8nr07638c__Fig4__D__stability_performance_curve_pce__PSCwith_β-CD__Series_1.csv,10.1039_c8nr07638c/10.1039_c8nr07638c__Fig4__D__stability_performance_curve_pce__PSCwith_β-CD__Series_1.csv,b893c63f5592f09794db513b32a2b6cd2d9bdeffef46d4ad766782db1ed79311
F01835,1,10.1039/c8nr07638c,data_all/x_time_h/10.1039_c8nr07638c/Fig4_D_stability_performance_curve_pce/accepted/10.1039_c8nr07638c__Fig4__D__stability_performance_curve_pce__PSCwithout_β-CD__Series_2.csv,10.1039_c8nr07638c/10.1039_c8nr07638c__Fig4__D__stability_performance_curve_pce__PSCwithout_β-CD__Series_2.csv,530bb8319da39145aa1a24e78c77d3941a2ac6eaa87c8a56871e1b0d121b83d7
F01836,1,10.1039/c8nr08295b,data_all/x_time_h/10.1039_c8nr08295b/Fig6_B_stability_performance_curve_pce/accepted/10.1039_c8nr08295b__Fig6__B__stability_performance_curve_pce__W_O_CQDs__Series_1.csv,10.1039_c8nr08295b/10.1039_c8nr08295b__Fig6__B__stability_performance_curve_pce__W_O_CQDs__Series_1.csv,622673e8d2ccc54789c7fadfe1c3a01df5edebf4b5e1d4e6cba4a7517597564c
F01837,1,10.1039/c8qm00620b,data_all/x_time_h/10.1039_c8qm00620b/Fig3_D_stability_performance_curve/accepted/10.1039_c8qm00620b__Fig3__D__stability_performance_curve__SnO₂_C₆₀-SAM__Series_2.csv,10.1039_c8qm00620b/10.1039_c8qm00620b__Fig3__D__stability_performance_curve__SnO₂_C₆₀-SAM__Series_2.csv,5b7bf6a1869415552549c0742c23a842d2d68c1443aef6da494709bea70694bc
F01838,1,10.1039/c8qm00620b,data_all/x_time_h/10.1039_c8qm00620b/Fig3_D_stability_performance_curve/accepted/10.1039_c8qm00620b__Fig3__D__stability_performance_curve__SnO₂__Series_1.csv,10.1039_c8qm00620b/10.1039_c8qm00620b__Fig3__D__stability_performance_curve__SnO₂__Series_1.csv,03994f716c0b5d851ae30cdaf0f8c14a431066ef699d9bc3bb65b72474eb8fe3
F01840,1,10.1039/c8ra02556h,data_all/x_time_h/10.1039_c8ra02556h/Fig6_A_pce/accepted/10.1039_c8ra02556h__Fig6__A__pce__PEDOT_PSS__Series_3.csv,10.1039_c8ra02556h/10.1039_c8ra02556h__Fig6__A__pce__PEDOT_PSS__Series_3.csv,0b5b08c061933817699855e25251d017288090062280f60d80e1f110d2d8bb49
F01843,1,10.1039/c8ta00267c,data_all/x_time_h/10.1039_c8ta00267c/Fig5_B_stability_performance_curve_pce/accepted/10.1039_c8ta00267c__Fig5__B__stability_performance_curve_pce__Pristine__Series_1.csv,10.1039_c8ta00267c/10.1039_c8ta00267c__Fig5__B__stability_performance_curve_pce__Pristine__Series_1.csv,66e736f14b81cedd35f7efbbe98c7acf774bd27f0f626307437f0b87ecba8854
F01844,1,10.1039/c8ta00267c,data_all/x_time_h/10.1039_c8ta00267c/Fig5_C_stability_performance_curve_pce/accepted/10.1039_c8ta00267c__Fig5__C__stability_performance_curve_pce__Pristine__Series_1.csv,10.1039_c8ta00267c/10.1039_c8ta00267c__Fig5__C__stability_performance_curve_pce__Pristine__Series_1.csv,340484023bfae7af443708160017563bb892e0a075d0270c25ff687cf95eae61
F01845,1,10.1039/c8ta00769a,data_all/x_time_h/10.1039_c8ta00769a/Fig8_D_stability_performance_curve_pce/accepted/10.1039_c8ta00769a__Fig8__D__stability_performance_curve_pce__Control__Series_1.csv,10.1039_c8ta00769a/10.1039_c8ta00769a__Fig8__D__stability_performance_curve_pce__Control__Series_1.csv,15bef853e960c2f8151ec77315775d3b519252733d0df55512799c9f93e07c58
F01846,1,10.1039/c8ta00769a,data_all/x_time_h/10.1039_c8ta00769a/Fig8_E_stability_performance_curve_pce/accepted/10.1039_c8ta00769a__Fig8__E__stability_performance_curve_pce__Control__Series_2.csv,10.1039_c8ta00769a/10.1039_c8ta00769a__Fig8__E__stability_performance_curve_pce__Control__Series_2.csv,9a32f9533d037e1ccec0d57c59e78d01e93801ce091a5e962e2b0d4b95e10fd5
F01847,1,10.1039/c8ta02121j,data_all/x_time_h/10.1039_c8ta02121j/Fig6_B_stability_performance_curve_pce/accepted/10.1039_c8ta02121j__Fig6__B__stability_performance_curve_pce__Without_CH₃CONH₂__Series_2.csv,10.1039_c8ta02121j/10.1039_c8ta02121j__Fig6__B__stability_performance_curve_pce__Without_CH₃CONH₂__Series_2.csv,ba9d23f4f1f991faf99d3ad5a3d6a888d420c87246812a1692f9a9dba9b6e1cc
F01848,1,10.1039/c8ta02121j,data_all/x_time_h/10.1039_c8ta02121j/Fig6_C_stability_performance_curve_pce/accepted/10.1039_c8ta02121j__Fig6__C__stability_performance_curve_pce__Without_CH₃CONH₂__Series_1.csv,10.1039_c8ta02121j/10.1039_c8ta02121j__Fig6__C__stability_performance_curve_pce__Without_CH₃CONH₂__Series_1.csv,91c955663e17a231b7b65b2eb5f9a7bcf3d71422a3f95da1cd6d102936df63df
F01850,1,10.1039/c8ta03953d,data_all/x_time_h/10.1039_c8ta03953d/Fig6_C_stability_performance_curve_pce/accepted/10.1039_c8ta03953d__Fig6__C__stability_performance_curve_pce__Cl-0_%__Series_2.csv,10.1039_c8ta03953d/10.1039_c8ta03953d__Fig6__C__stability_performance_curve_pce__Cl-0_%__Series_2.csv,09582579d749626e10adcc578495eb816b93acd3708a01ce785b52078a0d858e
F01851,1,10.1039/c8ta04453h,data_all/x_time_h/10.1039_c8ta04453h/Fig4_A_stability_performance_curve_pce/accepted/10.1039_c8ta04453h__Fig4__A__stability_performance_curve_pce__x_=_0__Series_2.csv,10.1039_c8ta04453h/10.1039_c8ta04453h__Fig4__A__stability_performance_curve_pce__x_=_0__Series_2.csv,d9aafea91ee28e40ef02ae0a5281e820fe82234a834fb1cafa8aed76fcd1fcb6
F01852,1,10.1039/c8ta04936j,data_all/x_time_h/10.1039_c8ta04936j/Fig5_A_stability_performance_curve_pce/accepted/10.1039_c8ta04936j__Fig5__A__stability_performance_curve_pce__MA__Series_2.csv,10.1039_c8ta04936j/10.1039_c8ta04936j__Fig5__A__stability_performance_curve_pce__MA__Series_2.csv,552c548061f3fc489c8e7106d0e5e2c02ba7a6599e076a4f8881ceae3d9758b7
F01853,1,10.1039/c8ta04936j,data_all/x_time_h/10.1039_c8ta04936j/Fig5_A_stability_performance_curve_pce/accepted/10.1039_c8ta04936j__Fig5__A__stability_performance_curve_pce__MDx=0.03__Series_3.csv,10.1039_c8ta04936j/10.1039_c8ta04936j__Fig5__A__stability_performance_curve_pce__MDx=0.03__Series_3.csv,72495043360dd0c2cb7ba6a996c69e55f54b6246dea39c1b8eabe5bf6fcc95df
F01854,1,10.1039/c8ta04936j,data_all/x_time_h/10.1039_c8ta04936j/Fig5_A_stability_performance_curve_pce/accepted/10.1039_c8ta04936j__Fig5__A__stability_performance_curve_pce__MDx=0.05__Series_4.csv,10.1039_c8ta04936j/10.1039_c8ta04936j__Fig5__A__stability_performance_curve_pce__MDx=0.05__Series_4.csv,204cef2a71c8cf256bdd17d1b99774a66b835f709bf1fb9195dd4277e1ebb52e
F01855,1,10.1039/c8ta04936j,data_all/x_time_h/10.1039_c8ta04936j/Fig5_A_stability_performance_curve_pce/accepted/10.1039_c8ta04936j__Fig5__A__stability_performance_curve_pce__MDx=0.10__Series_1.csv,10.1039_c8ta04936j/10.1039_c8ta04936j__Fig5__A__stability_performance_curve_pce__MDx=0.10__Series_1.csv,ff95687ce62bd597fba26e22c41246e1461b5a66844cbb8f2b1208e83f5a8f86
F01856,1,10.1039/c8ta04936j,data_all/x_time_h/10.1039_c8ta04936j/Fig6_A_stability_performance_curve_pce/accepted/10.1039_c8ta04936j__Fig6__A__stability_performance_curve_pce__MA__Series_3.csv,10.1039_c8ta04936j/10.1039_c8ta04936j__Fig6__A__stability_performance_curve_pce__MA__Series_3.csv,1c917ac13bcb54f78695314461d2b06d8b560aa193610c6490fe0e6a43c5fcb0
F01857,1,10.1039/c8ta04936j,data_all/x_time_h/10.1039_c8ta04936j/Fig6_A_stability_performance_curve_pce/accepted/10.1039_c8ta04936j__Fig6__A__stability_performance_curve_pce__MDX=0.05__Series_4.csv,10.1039_c8ta04936j/10.1039_c8ta04936j__Fig6__A__stability_performance_curve_pce__MDX=0.05__Series_4.csv,3a71bfd768a9d71d65cd9268b74cc876c7ca99573bd3fe6570640c509c206145
F01858,1,10.1039/c8ta04936j,data_all/x_time_h/10.1039_c8ta04936j/Fig6_A_stability_performance_curve_pce/accepted/10.1039_c8ta04936j__Fig6__A__stability_performance_curve_pce__MDx=0.03__Series_2.csv,10.1039_c8ta04936j/10.1039_c8ta04936j__Fig6__A__stability_performance_curve_pce__MDx=0.03__Series_2.csv,1ecbc1ddd3d53c7229ed0df0094fbafbac495a9940b27487637d5e6b260500bc
F01859,1,10.1039/c8ta04936j,data_all/x_time_h/10.1039_c8ta04936j/Fig6_A_stability_performance_curve_pce/accepted/10.1039_c8ta04936j__Fig6__A__stability_performance_curve_pce__MDx=0.10__Series_1.csv,10.1039_c8ta04936j/10.1039_c8ta04936j__Fig6__A__stability_performance_curve_pce__MDx=0.10__Series_1.csv,334de239ae77563be9f09a7c33d496d83f245d1dbcba3702cfed504e5f0ed736
F01861,1,10.1039/c8ta06557h,data_all/x_time_h/10.1039_c8ta06557h/Fig6_E_stability_performance_curve_pce/accepted/10.1039_c8ta06557h__Fig6__E__stability_performance_curve_pce__FAPbI₃__Series_2.csv,10.1039_c8ta06557h/10.1039_c8ta06557h__Fig6__E__stability_performance_curve_pce__FAPbI₃__Series_2.csv,d0f366683cd3ed13bdec1e938a5aa9d3b4e8a49eb4f72d15b8ce2abbec232563
F01862,1,10.1039/c8ta06557h,data_all/x_time_h/10.1039_c8ta06557h/Fig6_F_stability_performance_curve_pce/accepted/10.1039_c8ta06557h__Fig6__F__stability_performance_curve_pce__FAPbI₃__Series_2.csv,10.1039_c8ta06557h/10.1039_c8ta06557h__Fig6__F__stability_performance_curve_pce__FAPbI₃__Series_2.csv,b59414e8c75fa84648f23d05ae525d297a635b2865f4ed867d4ccb6c0091f256
F01863,1,10.1039/c8ta07368f,data_all/x_time_h/10.1039_c8ta07368f/Fig7_whole_stability/accepted/10.1039_c8ta07368f__Fig7__whole__stability__Spiro-OMeTAD__Series_1.csv,10.1039_c8ta07368f/10.1039_c8ta07368f__Fig7__whole__stability__Spiro-OMeTAD__Series_1.csv,f2db480036a62ec7edc0aa2a2bbc56ce101bc330b22f98d7fc668fedbafbcc76
F01864,1,10.1039/c8ta10094b,data_all/x_time_h/10.1039_c8ta10094b/Fig4_D_stability_performance_curve_pce/accepted/10.1039_c8ta10094b__Fig4__D__stability_performance_curve_pce__IPA__Series_2.csv,10.1039_c8ta10094b/10.1039_c8ta10094b__Fig4__D__stability_performance_curve_pce__IPA__Series_2.csv,537bff3d5709b8dcdfbf5a8e2726e9f7ddc8ad9878ce7c07161f331fd38e106a
F01866,1,10.1039/c8ta11800k,data_all/x_time_h/10.1039_c8ta11800k/Fig3_F_mppt_stability_performance_curve_eqe/accepted/10.1039_c8ta11800k__Fig3__F__mppt_stability_performance_curve_eqe__Spiro-OMeTAD__Series_1.csv,10.1039_c8ta11800k/10.1039_c8ta11800k__Fig3__F__mppt_stability_performance_curve_eqe__Spiro-OMeTAD__Series_1.csv,51f292d6551033aa45e800a0fbfc5a3acc61013a35ce35c424ae096a62713801
F01867,1,10.1039/c8ta11925b,data_all/x_time_h/10.1039_c8ta11925b/Fig6_F_stability_performance_curve_pce/accepted/10.1039_c8ta11925b__Fig6__F__stability_performance_curve_pce__ABS-0__Series_1.csv,10.1039_c8ta11925b/10.1039_c8ta11925b__Fig6__F__stability_performance_curve_pce__ABS-0__Series_1.csv,f4e482ff36997d30aa3e4948ff63b6f28ffc8048cfaba78673d2db6b907f381d
F01868,1,10.1039/c8ta11977e,data_all/x_time_h/10.1039_c8ta11977e/Fig8_A_stability_performance_curve_pce/accepted/10.1039_c8ta11977e__Fig8__A__stability_performance_curve_pce__Control_device__Series_1.csv,10.1039_c8ta11977e/10.1039_c8ta11977e__Fig8__A__stability_performance_curve_pce__Control_device__Series_1.csv,212ed8acccb684ed4ed1213d91d5a21806aecdffdedb8f5ac21ddf782ee8f0c9
F01869,1,10.1039/c8ta12284a,data_all/x_time_h/10.1039_c8ta12284a/Fig6_D_stability_performance_curve_pce/accepted/10.1039_c8ta12284a__Fig6__D__stability_performance_curve_pce__W_O_tBAI__Series_2.csv,10.1039_c8ta12284a/10.1039_c8ta12284a__Fig6__D__stability_performance_curve_pce__W_O_tBAI__Series_2.csv,51ab03ac416c5b5aa46665734dd9a67deb1bf86a6bb8c751b72a35bf39f2db23
F01871,1,10.1039/c9ee02391g,data_all/x_time_h/10.1039_c9ee02391g/Fig5_A_uv_vis_curve_stability_performance_pce/accepted/10.1039_c9ee02391g__Fig5__A__uv_vis_curve_stability_performance_pce__Au-based_PSC__Series_1.csv,10.1039_c9ee02391g/10.1039_c9ee02391g__Fig5__A__uv_vis_curve_stability_performance_pce__Au-based_PSC__Series_1.csv,2c76c8fd7ea4ccc0288775988a259ab9c402e818c8911bba299831ac582367c8
F01872,1,10.1039/c9ta00118b,data_all/x_time_h/10.1039_c9ta00118b/Fig6_B_mppt_stability_performance_curve_pce/accepted/10.1039_c9ta00118b__Fig6__B__mppt_stability_performance_curve_pce__C₆₀__Series_2.csv,10.1039_c9ta00118b/10.1039_c9ta00118b__Fig6__B__mppt_stability_performance_curve_pce__C₆₀__Series_2.csv,0414d9936e8255359bfb55c20f297d31105a106ae090a4f97c6b8647ad915b70
F01873,1,10.1039/c9ta01070j,data_all/x_time_h/10.1039_c9ta01070j/Fig4_B_stability_performance_curve_pce/accepted/10.1039_c9ta01070j__Fig4__B__stability_performance_curve_pce__Spiro__Series_1.csv,10.1039_c9ta01070j/10.1039_c9ta01070j__Fig4__B__stability_performance_curve_pce__Spiro__Series_1.csv,4644741c26c33c518c97943a06c240b0edded5080babbb30f15db2ee067c4072
F01874,1,10.1039/c9ta01094g,data_all/x_time_h/10.1039_c9ta01094g/Fig4_D_stability_performance_curve/accepted/10.1039_c9ta01094g__Fig4__D__stability_performance_curve__Spiro-MeOTAD_at_65_±_1_°C_without_sealing_in_nitrogen_atmosphere__Series_1.csv,10.1039_c9ta01094g/10.1039_c9ta01094g__Fig4__D__stability_performance_curve__Spiro-MeOTAD_at_65_±_1_°C_without_sealing_in_nitrogen_atmosphere__Series_1.csv,2fc428ea47f56662fbdea609fd4c74809a95715cb3ba92ba5ece36a21492cf2e
F01875,1,10.1039/c9ta01094g,data_all/x_time_h/10.1039_c9ta01094g/Fig5_C_stability/accepted/10.1039_c9ta01094g__Fig5__C__stability__CuScN_rG0_@_85_%c__Series_2.csv,10.1039_c9ta01094g/10.1039_c9ta01094g__Fig5__C__stability__CuScN_rG0_@_85_%c__Series_2.csv,214d93072ab589dbb3f90c38cc8626cc100e40031a645b8238bed41496a51b54
F01876,1,10.1039/c9ta01760g,data_all/x_time_h/10.1039_c9ta01760g/Fig3_E_stability_performance_curve_pce/accepted/10.1039_c9ta01760g__Fig3__E__stability_performance_curve_pce__W_0g-C3N4__Series_2.csv,10.1039_c9ta01760g/10.1039_c9ta01760g__Fig3__E__stability_performance_curve_pce__W_0g-C3N4__Series_2.csv,79a455c8d6388d707902a78a19191684e574d3dec7b270f92d7ceca96d75ac48
F01877,1,10.1039/c9ta03454d,data_all/x_time_h/10.1039_c9ta03454d/Fig3_D_stability_performance_curve/accepted/10.1039_c9ta03454d__Fig3__D__stability_performance_curve__y_=_0__Series_1.csv,10.1039_c9ta03454d/10.1039_c9ta03454d__Fig3__D__stability_performance_curve__y_=_0__Series_1.csv,6b860378e5a5180ea890af0c96ffdd029a140c7c2d4e2442ea61d0899511a331
F01878,1,10.1039/c9ta05422g,data_all/x_time_h/10.1039_c9ta05422g/Fig7_D_jv_curve_stability_performance_pce/accepted/10.1039_c9ta05422g__Fig7__D__jv_curve_stability_performance_pce__c-Ti02_Sn02__Series_2.csv,10.1039_c9ta05422g/10.1039_c9ta05422g__Fig7__D__jv_curve_stability_performance_pce__c-Ti02_Sn02__Series_2.csv,3abb69f6b5bef4d3845207995ed94cc7c8c0469eef5bc336f40f8069d984eebe
F01879,1,10.1039/c9ta05422g,data_all/x_time_h/10.1039_c9ta05422g/Fig7_D_jv_curve_stability_performance_pce/accepted/10.1039_c9ta05422g__Fig7__D__jv_curve_stability_performance_pce__c-Ti02__Series_1.csv,10.1039_c9ta05422g/10.1039_c9ta05422g__Fig7__D__jv_curve_stability_performance_pce__c-Ti02__Series_1.csv,49819d1d7f5e398001026abaa4e131fb59c9e55841f26c1f44b11ca9e4ddd109
F01880,1,10.1039/c9ta05422g,data_all/x_time_h/10.1039_c9ta05422g/Fig9_F_stability_performance_curve/accepted/10.1039_c9ta05422g__Fig9__F__stability_performance_curve__Ti02_SnO2__Series_2.csv,10.1039_c9ta05422g/10.1039_c9ta05422g__Fig9__F__stability_performance_curve__Ti02_SnO2__Series_2.csv,2fcfabfab3a7ee913104fa9c100a41ee0fba81797990ae9a8083d80d4043760a
F01881,1,10.1039/c9ta05422g,data_all/x_time_h/10.1039_c9ta05422g/Fig9_F_stability_performance_curve/accepted/10.1039_c9ta05422g__Fig9__F__stability_performance_curve__Ti02__Series_1.csv,10.1039_c9ta05422g/10.1039_c9ta05422g__Fig9__F__stability_performance_curve__Ti02__Series_1.csv,941e53060b9224e665794ee47375bbf43d4dec7f995ff571fbdf4267b54b8cad
F01882,1,10.1039/c9ta05744g,data_all/x_time_h/10.1039_c9ta05744g/Fig6_B_mppt_stability_performance_curve/accepted/10.1039_c9ta05744g__Fig6__B__mppt_stability_performance_curve__W_OMWCNTs__Series_2.csv,10.1039_c9ta05744g/10.1039_c9ta05744g__Fig6__B__mppt_stability_performance_curve__W_OMWCNTs__Series_2.csv,69f702c4b54738fabc24d58e7b062877457daf7d9fb2b9fdfc649f4f2e9ae77f
F01883,1,10.1039/c9ta05802h,data_all/x_time_h/10.1039_c9ta05802h/Fig5_A_stability_performance_curve_jsc/accepted/10.1039_c9ta05802h__Fig5__A__stability_performance_curve_jsc__C-ZnO__Series_2.csv,10.1039_c9ta05802h/10.1039_c9ta05802h__Fig5__A__stability_performance_curve_jsc__C-ZnO__Series_2.csv,c2635786632a1adf9eaf852e88553b0c1a184b04c417594a9612b2256a83b8fa
F01884,1,10.1039/c9ta05802h,data_all/x_time_h/10.1039_c9ta05802h/Fig5_B_stability_performance_curve_jsc/accepted/10.1039_c9ta05802h__Fig5__B__stability_performance_curve_jsc__C-ZnO__Series_1.csv,10.1039_c9ta05802h/10.1039_c9ta05802h__Fig5__B__stability_performance_curve_jsc__C-ZnO__Series_1.csv,0c3cf35cc79789f723ac8b8fc3a43b60b60cf601a057cfc665b65b671526b9bc
F01885,1,10.1039/c9ta06718c,data_all/x_time_h/10.1039_c9ta06718c/Fig6_C_pce/accepted/10.1039_c9ta06718c__Fig6__C__pce__W_O_DTA__Series_2.csv,10.1039_c9ta06718c/10.1039_c9ta06718c__Fig6__C__pce__W_O_DTA__Series_2.csv,be2c90e3e5a8792a1ebca2abd3d3fda236ad5ccfa28e7807cb118bd8edc8e9ee
F01886,1,10.1039/c9ta07238a,data_all/x_time_h/10.1039_c9ta07238a/Fig5_A_stability_performance_curve_pce/accepted/10.1039_c9ta07238a__Fig5__A__stability_performance_curve_pce__Prisitine__Series_1.csv,10.1039_c9ta07238a/10.1039_c9ta07238a__Fig5__A__stability_performance_curve_pce__Prisitine__Series_1.csv,76f28df9f81117875e45f5da4c4de326393d0393df195b8405e1de876a036bad
F01887,1,10.1039/c9ta08177a,data_all/x_time_h/10.1039_c9ta08177a/Fig6_A_stability_performance_curve/accepted/10.1039_c9ta08177a__Fig6__A__stability_performance_curve__with_PEI_CNT__Series_2.csv,10.1039_c9ta08177a/10.1039_c9ta08177a__Fig6__A__stability_performance_curve__with_PEI_CNT__Series_2.csv,ae32ca330e9b9f6f0f8cf0cad1cffecc41ed463588e781a1ffd05376e47f9c67
F01888,1,10.1039/c9ta08177a,data_all/x_time_h/10.1039_c9ta08177a/Fig6_A_stability_performance_curve/accepted/10.1039_c9ta08177a__Fig6__A__stability_performance_curve__withoutPEI_CNT__Series_1.csv,10.1039_c9ta08177a/10.1039_c9ta08177a__Fig6__A__stability_performance_curve__withoutPEI_CNT__Series_1.csv,66485e51bf9aeba45324be943f1ebaa21645729fee611aac9b09bc490d8cc819
F01889,1,10.1039/c9ta08314f,data_all/x_time_h/10.1039_c9ta08314f/Fig5_D_stability_performance_curve_pce/accepted/10.1039_c9ta08314f__Fig5__D__stability_performance_curve_pce__Pristine__Series_2.csv,10.1039_c9ta08314f/10.1039_c9ta08314f__Fig5__D__stability_performance_curve_pce__Pristine__Series_2.csv,033c1a66c572afac6e87270e2cfd4b553bc1e7b7daca4e224fbc54f9f658ff6a
F01890,1,10.1039/c9ta09101g,data_all/x_time_h/10.1039_c9ta09101g/Fig2_E_stability_performance_curve_jsc/accepted/10.1039_c9ta09101g__Fig2__E__stability_performance_curve_jsc__W_oTBAB__Series_1.csv,10.1039_c9ta09101g/10.1039_c9ta09101g__Fig2__E__stability_performance_curve_jsc__W_oTBAB__Series_1.csv,4b4655aa30e5bfd9d491bddd258af70fbd519b7029ae8b9225652033b70a53f8
F01891,1,10.1039/c9ta09260a,data_all/x_time_h/10.1039_c9ta09260a/Fig4_I_stability_performance_curve_pce/accepted/10.1039_c9ta09260a__Fig4__I__stability_performance_curve_pce__PCBM__Series_1.csv,10.1039_c9ta09260a/10.1039_c9ta09260a__Fig4__I__stability_performance_curve_pce__PCBM__Series_1.csv,f599fd40146edff12cc8045f6326cfed0d76c533b27017abd9070e64de212475
F01894,1,10.1039/c9ta12904a,data_all/x_time_h/10.1039_c9ta12904a/Fig6_E_pce/accepted/10.1039_c9ta12904a__Fig6__E__pce__o-control__Series_2.csv,10.1039_c9ta12904a/10.1039_c9ta12904a__Fig6__E__pce__o-control__Series_2.csv,2c0b70b071f8ba6bc9cfefd7af293f4839bd1752438d52c84efb97cde567cdc0
F01895,1,10.1039/c9ta13159k,data_all/x_time_h/10.1039_c9ta13159k/Fig4_E_stability_performance_curve/accepted/10.1039_c9ta13159k__Fig4__E__stability_performance_curve__Control__Series_1.csv,10.1039_c9ta13159k/10.1039_c9ta13159k__Fig4__E__stability_performance_curve__Control__Series_1.csv,844e06074fdea1020c4c5fe7011e38b9c86acd7dfadb8fc6ed5fd0daa45e7a76
F01897,1,10.1039/c9ta13719j,data_all/x_time_h/10.1039_c9ta13719j/Fig7_D_stability_performance_curve_pce/accepted/10.1039_c9ta13719j__Fig7__D__stability_performance_curve_pce__10-PFA__Series_1.csv,10.1039_c9ta13719j/10.1039_c9ta13719j__Fig7__D__stability_performance_curve_pce__10-PFA__Series_1.csv,77073bc12d38b1138bb62a3afc45cd23f0d4c6954b7bb2ba65703c5643f39180
F01898,1,10.1039/c9ta13719j,data_all/x_time_h/10.1039_c9ta13719j/Fig7_D_stability_performance_curve_pce/accepted/10.1039_c9ta13719j__Fig7__D__stability_performance_curve_pce__Control__Series_2.csv,10.1039_c9ta13719j/10.1039_c9ta13719j__Fig7__D__stability_performance_curve_pce__Control__Series_2.csv,51ad9a4ea2c484877dfe15c16cd65d20677d8e05396755f837b3e60ce551195a
F01899,1,10.1039/c9ta13922b,data_all/x_time_h/10.1039_c9ta13922b/Fig4_F_stability_performance_curve_pce/accepted/10.1039_c9ta13922b__Fig4__F__stability_performance_curve_pce__w_o_t-BCA__Series_2.csv,10.1039_c9ta13922b/10.1039_c9ta13922b__Fig4__F__stability_performance_curve_pce__w_o_t-BCA__Series_2.csv,c56956d8bc93aeaf8c72ce826dde6838213f482edee5a7c86a5a744cca93f510
F01900,1,10.1039/c9ta13922b,data_all/x_time_h/10.1039_c9ta13922b/Fig4_H_stability_performance_curve_pce/accepted/10.1039_c9ta13922b__Fig4__H__stability_performance_curve_pce__w_ot-BCA__Series_2.csv,10.1039_c9ta13922b/10.1039_c9ta13922b__Fig4__H__stability_performance_curve_pce__w_ot-BCA__Series_2.csv,565ce1e28b6845bf33cc04beeffcd418cf7c07de9bb163f3424bdd8dd65a1d23
F01901,1,10.1039/c9ta14139a,data_all/x_time_h/10.1039_c9ta14139a/Fig5_A_stability_performance_curve_pce/accepted/10.1039_c9ta14139a__Fig5__A__stability_performance_curve_pce__HEA__Series_1.csv,10.1039_c9ta14139a/10.1039_c9ta14139a__Fig5__A__stability_performance_curve_pce__HEA__Series_1.csv,590bdb5901c3a2ccd791f9d3bcb5b0c46041a59b2a3e2cba96520b2e0d5dd1d5
F01902,1,10.1039/c9tc00064j,data_all/x_time_h/10.1039_c9tc00064j/Fig7_A_stability_performance_curve/accepted/10.1039_c9tc00064j__Fig7__A__stability_performance_curve__Reference__Series_1.csv,10.1039_c9tc00064j/10.1039_c9tc00064j__Fig7__A__stability_performance_curve__Reference__Series_1.csv,2efb35054c406f5f4328d34010a6f3b38b02907167e7392d2c446d002d42ec90
F01903,1,10.1039/c9tc01741k,data_all/x_time_h/10.1039_c9tc01741k/Fig7_B_stability_performance_curve_pce/accepted/10.1039_c9tc01741k__Fig7__B__stability_performance_curve_pce__PC₆₁BM__Series_1.csv,10.1039_c9tc01741k/10.1039_c9tc01741k__Fig7__B__stability_performance_curve_pce__PC₆₁BM__Series_1.csv,d0f7dddc2999ed78167d13c5ca1e59e40deb6fb499554f1f9706d8b348139bda
F01904,1,10.1039/c9tc03877a,data_all/x_time_h/10.1039_c9tc03877a/Fig4_A_stability_performance_curve_pce/accepted/10.1039_c9tc03877a__Fig4__A__stability_performance_curve_pce__PCBM__Series_2.csv,10.1039_c9tc03877a/10.1039_c9tc03877a__Fig4__A__stability_performance_curve_pce__PCBM__Series_2.csv,cf2b5aef39d297bc02f68d7bd49d99467bb4db88d3c3e0baa3e9781372f92264
F01905,1,10.1039/c9tc04067f,data_all/x_time_h/10.1039_c9tc04067f/Fig6_whole_stability/accepted/10.1039_c9tc04067f__Fig6__whole__stability__Pristine__Series_2.csv,10.1039_c9tc04067f/10.1039_c9tc04067f__Fig6__whole__stability__Pristine__Series_2.csv,192f2fe6bcb4b1662cccc402a95fa46b470afd3e597a6ec90066d9c64031040a
F01906,1,10.1039/c9tc05679c,data_all/x_time_h/10.1039_c9tc05679c/Fig8_B_stability_performance_curve_pce/accepted/10.1039_c9tc05679c__Fig8__B__stability_performance_curve_pce__CsPbBr₃__Series_2.csv,10.1039_c9tc05679c/10.1039_c9tc05679c__Fig8__B__stability_performance_curve_pce__CsPbBr₃__Series_2.csv,bd535306a1ed5c8d231a46689f664a3d963e5aa374317d057ecd00b8a37906c4
F01907,1,10.1039/c9tc06578d,data_all/x_time_h/10.1039_c9tc06578d/Fig5_A_stability_performance_curve/accepted/10.1039_c9tc06578d__Fig5__A__stability_performance_curve__Control__Series_1.csv,10.1039_c9tc06578d/10.1039_c9tc06578d__Fig5__A__stability_performance_curve__Control__Series_1.csv,82a990deb93500414d94c3a79a6871313205d25a34d91a81f7c5d1337dd262dc
F01908,1,10.1039/c9tc06578d,data_all/x_time_h/10.1039_c9tc06578d/Fig5_B_stability_performance_curve_pce/accepted/10.1039_c9tc06578d__Fig5__B__stability_performance_curve_pce__Control__Series_1.csv,10.1039_c9tc06578d/10.1039_c9tc06578d__Fig5__B__stability_performance_curve_pce__Control__Series_1.csv,2fe0c0ddcfce6b55fc26f01fa0012307ae3e005e95e41e05e6931280c4272fa1
F01909,1,10.1039/d0ee01655a,data_all/x_time_h/10.1039_d0ee01655a/Fig4_D_stability_performance_curve_pce/accepted/10.1039_d0ee01655a__Fig4__D__stability_performance_curve_pce__Doped_Spiro-OMeTAD__Series_1.csv,10.1039_d0ee01655a/10.1039_d0ee01655a__Fig4__D__stability_performance_curve_pce__Doped_Spiro-OMeTAD__Series_1.csv,cfe7a48a703562d977ff8dbfe8d40805db89dedbbfa2042db03679dfb3031c85
F01910,1,10.1039/d0ee01655a,data_all/x_time_h/10.1039_d0ee01655a/Fig4_D_stability_performance_curve_pce/accepted/10.1039_d0ee01655a__Fig4__D__stability_performance_curve_pce__YZ18__Series_3.csv,10.1039_d0ee01655a/10.1039_d0ee01655a__Fig4__D__stability_performance_curve_pce__YZ18__Series_3.csv,cd66d3578f34a8f49a608e3346b4a5a3d1cd04b60ba8caa124aff823efb19938
F01911,1,10.1039/d0ee01845g,data_all/x_time_h/10.1039_d0ee01845g/Fig3_D_stability_performance_curve/accepted/10.1039_d0ee01845g__Fig3__D__stability_performance_curve__FASnl3__Series_1.csv,10.1039_d0ee01845g/10.1039_d0ee01845g__Fig3__D__stability_performance_curve__FASnl3__Series_1.csv,c1a60feb79e3a3c2f5e508e86431830f1626a2f6a48aafeec0007f4be335bd03
F01913,1,10.1039/d0ee02043e,data_all/x_time_h/10.1039_d0ee02043e/Fig4_E_stability_performance_curve_pce/accepted/10.1039_d0ee02043e__Fig4__E__stability_performance_curve_pce__control__Series_1.csv,10.1039_d0ee02043e/10.1039_d0ee02043e__Fig4__E__stability_performance_curve_pce__control__Series_1.csv,0f165b7a51ee7fea5dc765e6a8c9d3c75b558ba196543f65fca397451058bef9
F01914,1,10.1039/d0ee02859b,data_all/x_time_h/10.1039_d0ee02859b/Fig3_D_stability_performance_curve/accepted/10.1039_d0ee02859b__Fig3__D__stability_performance_curve__85_°C__Series_2.csv,10.1039_d0ee02859b/10.1039_d0ee02859b__Fig3__D__stability_performance_curve__85_°C__Series_2.csv,328b337b5acdf0e9605dc6ad55b1e5badab5ce1b8156ad68c8eb296f87eea7a7
F01915,1,10.1039/d0ra03238g,data_all/x_time_h/10.1039_d0ra03238g/Fig3_D_stability_performance_curve_pce/accepted/10.1039_d0ra03238g__Fig3__D__stability_performance_curve_pce__W_O__Series_2.csv,10.1039_d0ra03238g/10.1039_d0ra03238g__Fig3__D__stability_performance_curve_pce__W_O__Series_2.csv,bb39977682a61717502f1b03f132d2867e831fce42a3eb8d74c0bccbf94899ba
F01916,1,10.1039/d0ra03238g,data_all/x_time_h/10.1039_d0ra03238g/Fig3_D_stability_performance_curve_pce/accepted/10.1039_d0ra03238g__Fig3__D__stability_performance_curve_pce__With_0.2MIMBF₄__Series_1.csv,10.1039_d0ra03238g/10.1039_d0ra03238g__Fig3__D__stability_performance_curve_pce__With_0.2MIMBF₄__Series_1.csv,8a6a33955b42beb9e1ada0e2fff5c28d0331306259ce9d8202ddfad2030594a4
F01917,1,10.1039/d0ra03238g,data_all/x_time_h/10.1039_d0ra03238g/Fig3_D_stability_performance_curve_pce/accepted/10.1039_d0ra03238g__Fig3__D__stability_performance_curve_pce__With_0.4MIMBF₄__Series_3.csv,10.1039_d0ra03238g/10.1039_d0ra03238g__Fig3__D__stability_performance_curve_pce__With_0.4MIMBF₄__Series_3.csv,d3a3abfa241ec8db27ae9506255a87f95a1bfa791e4cc571faafe95d199154bf
F01918,1,10.1039/d0ra07107b,data_all/x_time_h/10.1039_d0ra07107b/Fig8_B_stability_performance_curve_pce/accepted/10.1039_d0ra07107b__Fig8__B__stability_performance_curve_pce__X_=_10%__Series_1.csv,10.1039_d0ra07107b/10.1039_d0ra07107b__Fig8__B__stability_performance_curve_pce__X_=_10%__Series_1.csv,0e6c2aaa7b10986eafd2fcaed37e316c45f2926adebcb8ec4d7624c2b0c22dba
F01920,1,10.1039/d0sc06354a,data_all/x_time_h/10.1039_d0sc06354a/Fig6_D_stability_performance_curve/accepted/10.1039_d0sc06354a__Fig6__D__stability_performance_curve__Control__Series_1.csv,10.1039_d0sc06354a/10.1039_d0sc06354a__Fig6__D__stability_performance_curve__Control__Series_1.csv,380e58df3a964edc892ee62634aa29b5fc6ca15ec9029ae40a8a5475d37eb2e4
F01921,1,10.1039/d0sc06354a,data_all/x_time_h/10.1039_d0sc06354a/Fig6_E_stability_performance_curve_pce/accepted/10.1039_d0sc06354a__Fig6__E__stability_performance_curve_pce__Control__Series_2.csv,10.1039_d0sc06354a/10.1039_d0sc06354a__Fig6__E__stability_performance_curve_pce__Control__Series_2.csv,78788604b29a3b409209f9abb8451795141197da4f46628fa85f90ad06736f1d
F01922,1,10.1039/d0se00479k,data_all/x_time_h/10.1039_d0se00479k/Fig6_whole_mppt_stability_performance_curve_pce/accepted/10.1039_d0se00479k__Fig6__whole__mppt_stability_performance_curve_pce__Without_CuSCN__Series_2.csv,10.1039_d0se00479k/10.1039_d0se00479k__Fig6__whole__mppt_stability_performance_curve_pce__Without_CuSCN__Series_2.csv,7ab1f487353364a68dd9f5262dff4a0b0be29fc7a450c1dec8bc2ecbdf011fc5
F01923,1,10.1039/d0se00528b,data_all/x_time_h/10.1039_d0se00528b/Fig6_A_stability_performance_curve_pce/accepted/10.1039_d0se00528b__Fig6__A__stability_performance_curve_pce__MPIB-Perovskitedevices__Series_2.csv,10.1039_d0se00528b/10.1039_d0se00528b__Fig6__A__stability_performance_curve_pce__MPIB-Perovskitedevices__Series_2.csv,c7e6cafc9f538be73473e6df62eb888737368283c4e6f895fe90b49bc4d3db33
F01924,1,10.1039/d0se00528b,data_all/x_time_h/10.1039_d0se00528b/Fig6_A_stability_performance_curve_pce/accepted/10.1039_d0se00528b__Fig6__A__stability_performance_curve_pce__Perovskite_devices__Series_1.csv,10.1039_d0se00528b/10.1039_d0se00528b__Fig6__A__stability_performance_curve_pce__Perovskite_devices__Series_1.csv,27efb6d1235c6db598d4c2562ca4cc94931e3c23b6563b965b47719ef76f7c2d
F01925,1,10.1039/d0se01323d,data_all/x_time_h/10.1039_d0se01323d/Fig7_A_stability_performance_curve/accepted/10.1039_d0se01323d__Fig7__A__stability_performance_curve__Forward_bias__Series_1.csv,10.1039_d0se01323d/10.1039_d0se01323d__Fig7__A__stability_performance_curve__Forward_bias__Series_1.csv,ca01aa28b35892cbbfec4fdab68ce43af38a5f5a8ff21848cedbf9123cbdd59f
F01926,1,10.1039/d0se01323d,data_all/x_time_h/10.1039_d0se01323d/Fig7_A_stability_performance_curve/accepted/10.1039_d0se01323d__Fig7__A__stability_performance_curve__Reverse_bias__Series_2.csv,10.1039_d0se01323d/10.1039_d0se01323d__Fig7__A__stability_performance_curve__Reverse_bias__Series_2.csv,45ea608eed9206c713a261bb98e41dabd127ac6d608d1ba9ccb7baef6206b40e
F01930,1,10.1039/d0ta01255f,data_all/x_time_h/10.1039_d0ta01255f/Fig7_A_stability_performance_curve/accepted/10.1039_d0ta01255f__Fig7__A__stability_performance_curve__Control__Series_2.csv,10.1039_d0ta01255f/10.1039_d0ta01255f__Fig7__A__stability_performance_curve__Control__Series_2.csv,abb46eb886a8e1de7423d45b0ad9a78945ed30d17fb7aed1e8bcb288413fdd7e
F01931,1,10.1039/d0ta01255f,data_all/x_time_h/10.1039_d0ta01255f/Fig7_B_stability_performance_curve/accepted/10.1039_d0ta01255f__Fig7__B__stability_performance_curve__Control__Series_2.csv,10.1039_d0ta01255f/10.1039_d0ta01255f__Fig7__B__stability_performance_curve__Control__Series_2.csv,407dfc7424380ae246c7d4505efcac9cb1643832e2f0a5e0a21edc2de339cf74
F01932,1,10.1039/d0ta01860k,data_all/x_time_h/10.1039_d0ta01860k/Fig5_B_mppt_stability_performance_curve_pce/accepted/10.1039_d0ta01860k__Fig5__B__mppt_stability_performance_curve_pce__doped_Spiro__Series_2.csv,10.1039_d0ta01860k/10.1039_d0ta01860k__Fig5__B__mppt_stability_performance_curve_pce__doped_Spiro__Series_2.csv,ae88d0ac53881f79fe117ee5a2f702c7991dec7c40bd564d957f14a52ee45bc2
F01933,1,10.1039/d0ta02222e,data_all/x_time_h/10.1039_d0ta02222e/Fig7_D_stability_performance_curve_pce/accepted/10.1039_d0ta02222e__Fig7__D__stability_performance_curve_pce__w_o_EPC__Series_1.csv,10.1039_d0ta02222e/10.1039_d0ta02222e__Fig7__D__stability_performance_curve_pce__w_o_EPC__Series_1.csv,08825444730a514bfb76d769b27cfec6ed11856d01d60817798678d7a6afc7d3
F01934,1,10.1039/d0ta02222e,data_all/x_time_h/10.1039_d0ta02222e/Fig7_D_stability_performance_curve_pce/accepted/10.1039_d0ta02222e__Fig7__D__stability_performance_curve_pce__with_EPC__Series_2.csv,10.1039_d0ta02222e/10.1039_d0ta02222e__Fig7__D__stability_performance_curve_pce__with_EPC__Series_2.csv,ee4dd03d4470f7c42a4fe17f81e26a9327a959acaaf5ae74b5f4ac35c68870ce
F01935,1,10.1039/d0ta02437f,data_all/x_time_h/10.1039_d0ta02437f/Fig6_B_stability_performance_curve_pce/accepted/10.1039_d0ta02437f__Fig6__B__stability_performance_curve_pce__3D__Series_2.csv,10.1039_d0ta02437f/10.1039_d0ta02437f__Fig6__B__stability_performance_curve_pce__3D__Series_2.csv,953cba722686739ee2b45396fa7802a420bab067ccd5f595b7f91c3c3ca7ca81
F01936,1,10.1039/d0ta04275g,data_all/x_time_h/10.1039_d0ta04275g/Fig6_A_stability_performance_curve/accepted/10.1039_d0ta04275g__Fig6__A__stability_performance_curve__NP-SnO₂__Series_1.csv,10.1039_d0ta04275g/10.1039_d0ta04275g__Fig6__A__stability_performance_curve__NP-SnO₂__Series_1.csv,bc58cc73c923f3fe6513be44fa66038c538e197157cb194c1686d69cb8fd1ba7
F01937,1,10.1039/d0ta04275g,data_all/x_time_h/10.1039_d0ta04275g/Fig6_B_stability_performance_curve/accepted/10.1039_d0ta04275g__Fig6__B__stability_performance_curve__NP-SnO₂__Series_1.csv,10.1039_d0ta04275g/10.1039_d0ta04275g__Fig6__B__stability_performance_curve__NP-SnO₂__Series_1.csv,3b56cd22adc78a04d372cc7465355b3c7b7d87b84c024d8666c0cd1e4aedd8ca
F01938,1,10.1039/d0ta04680a,data_all/x_time_h/10.1039_d0ta04680a/Fig5_E_pattern/accepted/10.1039_d0ta04680a__Fig5__E__pattern__FABA__Series_2.csv,10.1039_d0ta04680a/10.1039_d0ta04680a__Fig5__E__pattern__FABA__Series_2.csv,abdadac74d7e08e2d8735802ec233dff1e857cfb42b1b29e5a20912311f8f4db
F01939,1,10.1039/d0ta04680a,data_all/x_time_h/10.1039_d0ta04680a/Fig5_E_pattern/accepted/10.1039_d0ta04680a__Fig5__E__pattern__FA__Series_1.csv,10.1039_d0ta04680a/10.1039_d0ta04680a__Fig5__E__pattern__FA__Series_1.csv,32a21b21411c3ee3a3c378fd1832afb6f4c6922a79ede73745f18f3953d214cb
F01940,1,10.1039/d0ta05676f,data_all/x_time_h/10.1039_d0ta05676f/Fig7_C_stability_performance_curve_pattern/accepted/10.1039_d0ta05676f__Fig7__C__stability_performance_curve_pattern__W_O_FACI__Series_2.csv,10.1039_d0ta05676f/10.1039_d0ta05676f__Fig7__C__stability_performance_curve_pattern__W_O_FACI__Series_2.csv,a1c470943852cedd07f11bd5c92a2bfb3cc047d1556db5ccb5937663ac6f4406
F01941,1,10.1039/d0ta06033j,data_all/x_time_h/10.1039_d0ta06033j/Fig4_F_stability_performance_curve_pattern/accepted/10.1039_d0ta06033j__Fig4__F__stability_performance_curve_pattern__0%CTAC__Series_2.csv,10.1039_d0ta06033j/10.1039_d0ta06033j__Fig4__F__stability_performance_curve_pattern__0%CTAC__Series_2.csv,e864ccd7dbe913363c0d59e5f628c7ad795dd2f25dd0233c82898ec685e91955
F01945,1,10.1039/d0ta10535j,data_all/x_time_h/10.1039_d0ta10535j/Fig6_B_jv_curve_stability_performance/accepted/10.1039_d0ta10535j__Fig6__B__jv_curve_stability_performance__Pristine__Series_1.csv,10.1039_d0ta10535j/10.1039_d0ta10535j__Fig6__B__jv_curve_stability_performance__Pristine__Series_1.csv,d8315e16c8f76ba04570d978dfa13f2ea696eaa7690ac029c2e4fe62917e8b07
F01948,1,10.1039/d0ta11916d,data_all/x_time_h/10.1039_d0ta11916d/Fig5_C_stability_performance_curve/accepted/10.1039_d0ta11916d__Fig5__C__stability_performance_curve__Raw_film__Series_2.csv,10.1039_d0ta11916d/10.1039_d0ta11916d__Fig5__C__stability_performance_curve__Raw_film__Series_2.csv,aaf13fa1c05c7eb8b73ba7037c611d6f8cfd48ac8a028527839c520682143861
F01949,1,10.1039/d0ta12286f,data_all/x_time_h/10.1039_d0ta12286f/Fig5_A_stability_performance_curve_pce/accepted/10.1039_d0ta12286f__Fig5__A__stability_performance_curve_pce__FA₀.₈Cs₀.₂Pb(I₀.₆Br₀.₄)₃-based_tandem__Series_2.csv,10.1039_d0ta12286f/10.1039_d0ta12286f__Fig5__A__stability_performance_curve_pce__FA₀.₈Cs₀.₂Pb(I₀.₆Br₀.₄)₃-based_tandem__Series_2.csv,b903969d8e5490977a5229bfd4680e29e9df7ab75ac3a234361c52cb8c38df49
F01950,1,10.1039/d0ta12286f,data_all/x_time_h/10.1039_d0ta12286f/Fig5_B_stability_performance_curve_pce/accepted/10.1039_d0ta12286f__Fig5__B__stability_performance_curve_pce__FA0.8Cs0.2Pb(1o.6Br0.4)3-based_tandem__Series_2.csv,10.1039_d0ta12286f/10.1039_d0ta12286f__Fig5__B__stability_performance_curve_pce__FA0.8Cs0.2Pb(1o.6Br0.4)3-based_tandem__Series_2.csv,a3c08fa00a3bec820ca58b48b0a629b24dc24b435bb380b9ada89b5132b10e40
F01951,1,10.1039/d0ta12342k,data_all/x_time_h/10.1039_d0ta12342k/Fig5_C_stability_performance_curve_pce/accepted/10.1039_d0ta12342k__Fig5__C__stability_performance_curve_pce__Pristine__Series_2.csv,10.1039_d0ta12342k/10.1039_d0ta12342k__Fig5__C__stability_performance_curve_pce__Pristine__Series_2.csv,96a245f385d1da2866c86a63bceb5c7e7eea50aa35b4ac536ba8b891bac1a515
F01952,1,10.1039/d0tc01244k,data_all/x_time_h/10.1039_d0tc01244k/Fig5_whole_stability/accepted/10.1039_d0tc01244k__Fig5__whole__stability__Control__Series_2.csv,10.1039_d0tc01244k/10.1039_d0tc01244k__Fig5__whole__stability__Control__Series_2.csv,d14bf4a7eff45f259665dde4fc384299abd6746fa05d9eb8acb0bad047b113a9
F01953,1,10.1039/d0tc01244k,data_all/x_time_h/10.1039_d0tc01244k/Fig5_whole_stability/accepted/10.1039_d0tc01244k__Fig5__whole__stability__PEAI_anti-solvent__Series_3.csv,10.1039_d0tc01244k/10.1039_d0tc01244k__Fig5__whole__stability__PEAI_anti-solvent__Series_3.csv,46edf1eb2848cdc956099c58debfd8eab531a16184fe2c9001e1519ab793da67
F01954,1,10.1039/d0tc01244k,data_all/x_time_h/10.1039_d0tc01244k/Fig5_whole_stability/accepted/10.1039_d0tc01244k__Fig5__whole__stability__PEAI_layer__Series_1.csv,10.1039_d0tc01244k/10.1039_d0tc01244k__Fig5__whole__stability__PEAI_layer__Series_1.csv,23a644a50e1660e9c52748802f528ce0dda2661bd888060c7eafc60b9a74c3a7
F01955,1,10.1039/d0tc02078h,data_all/x_time_h/10.1039_d0tc02078h/Fig5_whole_stability_performance_curve_pce/accepted/10.1039_d0tc02078h__Fig5__whole__stability_performance_curve_pce__Standard__Series_3.csv,10.1039_d0tc02078h/10.1039_d0tc02078h__Fig5__whole__stability_performance_curve_pce__Standard__Series_3.csv,f40ae0e60ca9b2a77386b881765a62f06aa1123363599c0b05a2fdd711b9ce3f
F01956,1,10.1039/d0tc02438d,data_all/x_time_h/10.1039_d0tc02438d/Fig4_C_stability_performance_curve_pce/accepted/10.1039_d0tc02438d__Fig4__C__stability_performance_curve_pce__c-TiO₂__Series_3.csv,10.1039_d0tc02438d/10.1039_d0tc02438d__Fig4__C__stability_performance_curve_pce__c-TiO₂__Series_3.csv,4ab273ec438746aea96d5e7940cf8e55904dc6aacd57169070afc5abdb8bcb02
F01957,1,10.1039/d0tc04056h,data_all/x_time_h/10.1039_d0tc04056h/Fig6_D_stability_performance_curve_pce/accepted/10.1039_d0tc04056h__Fig6__D__stability_performance_curve_pce__0_%__Series_1.csv,10.1039_d0tc04056h/10.1039_d0tc04056h__Fig6__D__stability_performance_curve_pce__0_%__Series_1.csv,02a99e693811b1eabde46e11466740be17258fca41a700e3ee79f0db2137155e
F01959,1,10.1039/d0tc05113f,data_all/x_time_h/10.1039_d0tc05113f/Fig5_F_stability_performance_curve_pce/accepted/10.1039_d0tc05113f__Fig5__F__stability_performance_curve_pce__W_OPTB7__Series_1.csv,10.1039_d0tc05113f/10.1039_d0tc05113f__Fig5__F__stability_performance_curve_pce__W_OPTB7__Series_1.csv,9c9907cbf98482688300ff8749235902be7d35f22a53c873eee6eb8125d3bf36
F01960,1,10.1039/d0tc05455k,data_all/x_time_h/10.1039_d0tc05455k/Fig6_B_stability_performance_curve_pce/accepted/10.1039_d0tc05455k__Fig6__B__stability_performance_curve_pce__CsPbIBr₂__Series_1.csv,10.1039_d0tc05455k/10.1039_d0tc05455k__Fig6__B__stability_performance_curve_pce__CsPbIBr₂__Series_1.csv,9507e99a31bba644a3d0d3e345c879ff6c89a8c7fdaec7e0aa330b031975aaaf
F01961,1,10.1039/d1cp02596a,data_all/x_time_h/10.1039_d1cp02596a/Fig5_G_stability_performance_curve/accepted/10.1039_d1cp02596a__Fig5__G__stability_performance_curve__FASnl__Series_2.csv,10.1039_d1cp02596a/10.1039_d1cp02596a__Fig5__G__stability_performance_curve__FASnl__Series_2.csv,d6db95933fcc848ebd5d43e279681ee011fd5bd80d3ebfcf43a868c69319607a
F01962,1,10.1039/d1ee00116g,data_all/x_time_h/10.1039_d1ee00116g/Fig1_F_stability_performance_curve_jsc/accepted/10.1039_d1ee00116g__Fig1__F__stability_performance_curve_jsc__Unpolished_CFM_device__Series_1.csv,10.1039_d1ee00116g/10.1039_d1ee00116g__Fig1__F__stability_performance_curve_jsc__Unpolished_CFM_device__Series_1.csv,136113abdcca8604b6f4ef6d166a733c760d1b9935385c548d42389d40ce9695
F01966,1,10.1039/d1ma00975c,data_all/x_time_h/10.1039_d1ma00975c/Fig9_A_stability_performance_curve_voc/accepted/10.1039_d1ma00975c__Fig9__A__stability_performance_curve_voc__GVL_only__Series_1.csv,10.1039_d1ma00975c/10.1039_d1ma00975c__Fig9__A__stability_performance_curve_voc__GVL_only__Series_1.csv,fb5bf6f1c908f28b1e694777393dac206914f676db3b5fc186fde08ccb87b871
F01967,1,10.1039/d1na00172h,data_all/x_time_h/10.1039_d1na00172h/Fig5_B_stability_performance_curve_pce/accepted/10.1039_d1na00172h__Fig5__B__stability_performance_curve_pce__Series_1__Series_1.csv,10.1039_d1na00172h/10.1039_d1na00172h__Fig5__B__stability_performance_curve_pce__Series_1__Series_1.csv,044ba57787548f0c5bf9fee90fdf94f7c4f01c8fa05adbb21b5ad96d4c441eba
F01968,1,10.1039/d1na00172h,data_all/x_time_h/10.1039_d1na00172h/Fig6_B_stability_performance_curve_pce/accepted/10.1039_d1na00172h__Fig6__B__stability_performance_curve_pce__PSC-2__Series_2.csv,10.1039_d1na00172h/10.1039_d1na00172h__Fig6__B__stability_performance_curve_pce__PSC-2__Series_2.csv,e29563bd14483b107e273c665a0cc6d86a173f8a9a6b85ff55babe71bdf87aa8
F01969,1,10.1039/d1na00172h,data_all/x_time_h/10.1039_d1na00172h/Fig6_B_stability_performance_curve_pce/accepted/10.1039_d1na00172h__Fig6__B__stability_performance_curve_pce__PSC-Ref__Series_1.csv,10.1039_d1na00172h/10.1039_d1na00172h__Fig6__B__stability_performance_curve_pce__PSC-Ref__Series_1.csv,dcdff44c8a3083fa47a6e1b0e1d753c13aede489f2e5060f2e5bd82ebe0364e6
F01970,1,10.1039/d1na00173f,data_all/x_time_h/10.1039_d1na00173f/Fig5_D_stability_performance_curve/accepted/10.1039_d1na00173f__Fig5__D__stability_performance_curve__ZIF-8@FAI__Series_4.csv,10.1039_d1na00173f/10.1039_d1na00173f__Fig5__D__stability_performance_curve__ZIF-8@FAI__Series_4.csv,37b0168d26921c6eab9c424f662a69740b03bf9752b1dbd2ba670b932179dd0e
F01971,1,10.1039/d1na00173f,data_all/x_time_h/10.1039_d1na00173f/Fig5_D_stability_performance_curve/accepted/10.1039_d1na00173f__Fig5__D__stability_performance_curve__ZIF-8@MAI__Series_3.csv,10.1039_d1na00173f/10.1039_d1na00173f__Fig5__D__stability_performance_curve__ZIF-8@MAI__Series_3.csv,0d686c97de9664a407d0d5d7213943b6f493cd0863dd6b8b912cd0b10b7cb847
F01972,1,10.1039/d1na00173f,data_all/x_time_h/10.1039_d1na00173f/Fig5_D_stability_performance_curve/accepted/10.1039_d1na00173f__Fig5__D__stability_performance_curve__ZIF-8__Series_2.csv,10.1039_d1na00173f/10.1039_d1na00173f__Fig5__D__stability_performance_curve__ZIF-8__Series_2.csv,e3e650d8855d9abdbdfc49f08e860a0d83241720affe985b64a33c8e50a44afb
F01973,1,10.1039/d1na00173f,data_all/x_time_h/10.1039_d1na00173f/Fig5_D_stability_performance_curve/accepted/10.1039_d1na00173f__Fig5__D__stability_performance_curve__o-Pristine__Series_1.csv,10.1039_d1na00173f/10.1039_d1na00173f__Fig5__D__stability_performance_curve__o-Pristine__Series_1.csv,64ba1e083c4d590cfc7ada95766ce4bbfeea8eb06889b910fbc81ca58a184c45
F01974,1,10.1039/d1na00173f,data_all/x_time_h/10.1039_d1na00173f/Fig5_E_mppt_stability_performance_curve_spectrum/accepted/10.1039_d1na00173f__Fig5__E__mppt_stability_performance_curve_spectrum__Pristine__Series_1.csv,10.1039_d1na00173f/10.1039_d1na00173f__Fig5__E__mppt_stability_performance_curve_spectrum__Pristine__Series_1.csv,881544423aea81e424d951d00df1b2d06bdac007eea5e2640615c41672ec69d2
F01975,1,10.1039/d1na00173f,data_all/x_time_h/10.1039_d1na00173f/Fig5_E_mppt_stability_performance_curve_spectrum/accepted/10.1039_d1na00173f__Fig5__E__mppt_stability_performance_curve_spectrum__ZIF-8@FAI__Series_4.csv,10.1039_d1na00173f/10.1039_d1na00173f__Fig5__E__mppt_stability_performance_curve_spectrum__ZIF-8@FAI__Series_4.csv,c775d20b0527904defbb910dcff2a0f528444232f851176c3295f7460cf2748c
F01976,1,10.1039/d1na00173f,data_all/x_time_h/10.1039_d1na00173f/Fig5_E_mppt_stability_performance_curve_spectrum/accepted/10.1039_d1na00173f__Fig5__E__mppt_stability_performance_curve_spectrum__ZIF-8@MAI__Series_3.csv,10.1039_d1na00173f/10.1039_d1na00173f__Fig5__E__mppt_stability_performance_curve_spectrum__ZIF-8@MAI__Series_3.csv,f74991085950b7d394ab199979fe2ab6145535c0a0db0a2eaae4cf46fd5fc4ce
F01977,1,10.1039/d1na00173f,data_all/x_time_h/10.1039_d1na00173f/Fig5_E_mppt_stability_performance_curve_spectrum/accepted/10.1039_d1na00173f__Fig5__E__mppt_stability_performance_curve_spectrum__ZIF-8__Series_2.csv,10.1039_d1na00173f/10.1039_d1na00173f__Fig5__E__mppt_stability_performance_curve_spectrum__ZIF-8__Series_2.csv,4edfcbdb7b2e40aac887f3403746741dd8a33574b40bf945501f5d40798e6579
F01979,1,10.1039/d1na00173f,data_all/x_time_h/10.1039_d1na00173f/Fig5_F_mppt_stability_performance_curve_spectrum/accepted/10.1039_d1na00173f__Fig5__F__mppt_stability_performance_curve_spectrum__ZIF-8@FAI_biased_at_0.85_V__Series_1.csv,10.1039_d1na00173f/10.1039_d1na00173f__Fig5__F__mppt_stability_performance_curve_spectrum__ZIF-8@FAI_biased_at_0.85_V__Series_1.csv,bfa439c92164e11f8f300ab8d05999915ed020a1b70ac6db4e5959c8fb86678e
F01980,1,10.1039/d1qm00435b,data_all/x_time_h/10.1039_d1qm00435b/Fig7_A_stability/accepted/10.1039_d1qm00435b__Fig7__A__stability__Spiro-OMeTAD-based_PSC__Series_2.csv,10.1039_d1qm00435b/10.1039_d1qm00435b__Fig7__A__stability__Spiro-OMeTAD-based_PSC__Series_2.csv,eae67a2d8f81324d0104e964246520e804c35e3b98f816677976ca069fda3dc3
F01981,1,10.1039/d1qm00680k,data_all/x_time_h/10.1039_d1qm00680k/Fig5_C_stability_performance_curve_pce/accepted/10.1039_d1qm00680k__Fig5__C__stability_performance_curve_pce__Pristine__Series_2.csv,10.1039_d1qm00680k/10.1039_d1qm00680k__Fig5__C__stability_performance_curve_pce__Pristine__Series_2.csv,5e1d995beeb6a2936eab3053e1caa457da09c493c1d4d7477827062a19fde1b6
F01984,1,10.1039/d1ra01236c,data_all/x_time_h/10.1039_d1ra01236c/Fig7_B_stability_performance_curve_pce/accepted/10.1039_d1ra01236c__Fig7__B__stability_performance_curve_pce__0%__Series_2.csv,10.1039_d1ra01236c/10.1039_d1ra01236c__Fig7__B__stability_performance_curve_pce__0%__Series_2.csv,a5ffbdb4fbd14ab57eef60519b88da83796b383ac71560c3aeb51363139da219
F01985,1,10.1039/d1ra01236c,data_all/x_time_h/10.1039_d1ra01236c/Fig7_B_stability_performance_curve_pce/accepted/10.1039_d1ra01236c__Fig7__B__stability_performance_curve_pce__5%__Series_1.csv,10.1039_d1ra01236c/10.1039_d1ra01236c__Fig7__B__stability_performance_curve_pce__5%__Series_1.csv,fd132126f1636754f2a4b98e7d18ebf77836b42e197c9008a77bcf37184ed8a2
F01986,1,10.1039/d1ta04922d,data_all/x_time_h/10.1039_d1ta04922d/Fig6_B_stability_performance_curve/accepted/10.1039_d1ta04922d__Fig6__B__stability_performance_curve__w_o_[PNA]BF₄__Series_1.csv,10.1039_d1ta04922d/10.1039_d1ta04922d__Fig6__B__stability_performance_curve__w_o_[PNA]BF₄__Series_1.csv,d6e198dcce97083d44519eb8d71899c466a2c7758b96f7666e1973997266f964
F01988,1,10.1039/d1ta05699a,data_all/x_time_h/10.1039_d1ta05699a/Fig5_E_stability_performance_curve/accepted/10.1039_d1ta05699a__Fig5__E__stability_performance_curve__Control__Series_2.csv,10.1039_d1ta05699a/10.1039_d1ta05699a__Fig5__E__stability_performance_curve__Control__Series_2.csv,267298e5d90cc032cd43a1287159d3b1d40e4335cdf54299900d25f6c8192200
F01989,1,10.1039/d1ta05699a,data_all/x_time_h/10.1039_d1ta05699a/Fig5_E_stability_performance_curve/accepted/10.1039_d1ta05699a__Fig5__E__stability_performance_curve__n-Babr__Series_4.csv,10.1039_d1ta05699a/10.1039_d1ta05699a__Fig5__E__stability_performance_curve__n-Babr__Series_4.csv,de37a9c507b5fcc48a62cea15c83eb3d122c3bcf6cfea2372022b51f6725608c
F01990,1,10.1039/d1ta05699a,data_all/x_time_h/10.1039_d1ta05699a/Fig5_E_stability_performance_curve/accepted/10.1039_d1ta05699a__Fig5__E__stability_performance_curve__n-DAbr__Series_1.csv,10.1039_d1ta05699a/10.1039_d1ta05699a__Fig5__E__stability_performance_curve__n-DAbr__Series_1.csv,fa20e5478639ad39e6c00f0be6d511a8f65f082c7feb41c65fa940bbb3aae09b
F01991,1,10.1039/d1tc01720a,data_all/x_time_h/10.1039_d1tc01720a/Fig4_C_stability_performance_curve_pce/accepted/10.1039_d1tc01720a__Fig4__C__stability_performance_curve_pce__Control__Series_1.csv,10.1039_d1tc01720a/10.1039_d1tc01720a__Fig4__C__stability_performance_curve_pce__Control__Series_1.csv,eeb92c9992c5ba9365d89e07dec33400736bb7176d6835585df2dd26d68496cd
F01992,1,10.1039/d2ma00391k,data_all/x_time_h/10.1039_d2ma00391k/Fig5_H_stability_performance_curve/accepted/10.1039_d2ma00391k__Fig5__H__stability_performance_curve__control__Series_3.csv,10.1039_d2ma00391k/10.1039_d2ma00391k__Fig5__H__stability_performance_curve__control__Series_3.csv,381eda4f56ae3690c79d5b4b99026c456d55d1600711adc87da81e3975976457
F01993,1,10.1039/d2ma00391k,data_all/x_time_h/10.1039_d2ma00391k/Fig5_I_stability/accepted/10.1039_d2ma00391k__Fig5__I__stability__control__Series_1.csv,10.1039_d2ma00391k/10.1039_d2ma00391k__Fig5__I__stability__control__Series_1.csv,abde94aa2f9839ef3b2013bbe575c9cdffc2bb1e0c7d06b71b90836794816740
F01994,1,10.1039/d2ma00431c,data_all/x_time_h/10.1039_d2ma00431c/Fig4_C_mppt_stability_performance_curve_pce_structure/accepted/10.1039_d2ma00431c__Fig4__C__mppt_stability_performance_curve_pce_structure__RS-PVK__Series_1.csv,10.1039_d2ma00431c/10.1039_d2ma00431c__Fig4__C__mppt_stability_performance_curve_pce_structure__RS-PVK__Series_1.csv,41789bbf536bae5f555e5189cf18d53f34cc5c7761c7f34983f9670a06f4e22a
F01995,1,10.1039/d2ta05836g,data_all/x_time_h/10.1039_d2ta05836g/Fig6_G_stability_performance_curve_pce/accepted/10.1039_d2ta05836g__Fig6__G__stability_performance_curve_pce__oControl__Series_1.csv,10.1039_d2ta05836g/10.1039_d2ta05836g__Fig6__G__stability_performance_curve_pce__oControl__Series_1.csv,608ff29f5c56603d1bd3c4a9ab658e8f2dd62b5175b30d03615dd10b6f238148
F01998,1,10.1039/d3ee02344c,data_all/x_time_h/10.1039_d3ee02344c/Fig5_A_mppt_stability_performance_curve_pce/accepted/10.1039_d3ee02344c__Fig5__A__mppt_stability_performance_curve_pce__Reference__Series_3.csv,10.1039_d3ee02344c/10.1039_d3ee02344c__Fig5__A__mppt_stability_performance_curve_pce__Reference__Series_3.csv,7e0ef151572c4a8c137c92fbc4cac556174f88787c3589eeb328959bd20f3c59
F01999,1,10.1039/d3ee02344c,data_all/x_time_h/10.1039_d3ee02344c/Fig5_B_stability_performance_curve_pce/accepted/10.1039_d3ee02344c__Fig5__B__stability_performance_curve_pce__Reference__Series_3.csv,10.1039_d3ee02344c/10.1039_d3ee02344c__Fig5__B__stability_performance_curve_pce__Reference__Series_3.csv,1386f63d568b08b235270c3755b99919ddef444cfda5c849944cdd9a25df825b
F02000,1,10.1039/d3ee03687a,data_all/x_time_h/10.1039_d3ee03687a/Fig5_B_stability_performance_curve_pce/accepted/10.1039_d3ee03687a__Fig5__B__stability_performance_curve_pce__AS__Series_1.csv,10.1039_d3ee03687a/10.1039_d3ee03687a__Fig5__B__stability_performance_curve_pce__AS__Series_1.csv,7ac22fb68600eb498c5090d3e81a583f707f94dfbaba3e7e5496eecd9a4b9781
F02001,1,10.1039/d3ma00285c,data_all/x_time_h/10.1039_d3ma00285c/Fig7_D_mppt_stability_performance_curve_pce_photovoltaic_parameter/accepted/10.1039_d3ma00285c__Fig7__D__mppt_stability_performance_curve_pce_photovoltaic_parameter__2D_3D_prvk__Series_2.csv,10.1039_d3ma00285c/10.1039_d3ma00285c__Fig7__D__mppt_stability_performance_curve_pce_photovoltaic_parameter__2D_3D_prvk__Series_2.csv,41cc14eeb1888cc17e83fe9ce593f619af1a8550bfef40a5fb2b98c66c352370
F02005,1,10.1039/d3se00435j,data_all/x_time_h/10.1039_d3se00435j/Fig8_B_stability_performance_curve_pce/accepted/10.1039_d3se00435j__Fig8__B__stability_performance_curve_pce__Reference__Series_2.csv,10.1039_d3se00435j/10.1039_d3se00435j__Fig8__B__stability_performance_curve_pce__Reference__Series_2.csv,4f0d939a4a9602936c286250f05ec8591517c0f3e785693945a4739105a9d950
F02010,1,10.1039/d3ta07690c,data_all/x_time_h/10.1039_d3ta07690c/Fig6_F_stability_performance_curve_pce/accepted/10.1039_d3ta07690c__Fig6__F__stability_performance_curve_pce__Control__Series_1.csv,10.1039_d3ta07690c/10.1039_d3ta07690c__Fig6__F__stability_performance_curve_pce__Control__Series_1.csv,85ef404b45b32a9d792e8ecf97150377bea49b5c970a14eaf9f0a1ba0cc3a084
F02012,1,10.1039/d3ta07845k,data_all/x_time_h/10.1039_d3ta07845k/Fig5_B_stability_performance_curve_pce/accepted/10.1039_d3ta07845k__Fig5__B__stability_performance_curve_pce__Control__Series_2.csv,10.1039_d3ta07845k/10.1039_d3ta07845k__Fig5__B__stability_performance_curve_pce__Control__Series_2.csv,2ddb49d853128b435454a43b04a1d4cbc969b10010e98ae91a4d3bed720c588a
F02013,1,10.1039/d3ta07851e,data_all/x_time_h/10.1039_d3ta07851e/Fig3_E_stability_performance_curve_pce/accepted/10.1039_d3ta07851e__Fig3__E__stability_performance_curve_pce__Spiro-OMeTAD__Series_2.csv,10.1039_d3ta07851e/10.1039_d3ta07851e__Fig3__E__stability_performance_curve_pce__Spiro-OMeTAD__Series_2.csv,b52cebc076d4ed0c4a6be4703eda1ede832386d40033973a0779b55aba866a72
F02015,1,10.1039/d4ee01841a,data_all/x_time_h/10.1039_d4ee01841a/Fig6_A_stability_performance_curve_pce/accepted/10.1039_d4ee01841a__Fig6__A__stability_performance_curve_pce__Reference__Series_1.csv,10.1039_d4ee01841a/10.1039_d4ee01841a__Fig6__A__stability_performance_curve_pce__Reference__Series_1.csv,8f5d87cfd6a19efaa9df5e91101f83fe3c67b3213d866b0d3e2994edea5f49af
F02016,1,10.1039/d4ee01960a,data_all/x_time_h/10.1039_d4ee01960a/Fig5_A_stability_performance_curve/accepted/10.1039_d4ee01960a__Fig5__A__stability_performance_curve__4PACz__Series_2.csv,10.1039_d4ee01960a/10.1039_d4ee01960a__Fig5__A__stability_performance_curve__4PACz__Series_2.csv,86a1a215d44b58411720c308db7ea279b392da72b1b80658e0007faa47d11700
F02017,1,10.1039/d4ee01960a,data_all/x_time_h/10.1039_d4ee01960a/Fig5_C_stability_performance_curve/accepted/10.1039_d4ee01960a__Fig5__C__stability_performance_curve__0-4PACz__Series_1.csv,10.1039_d4ee01960a/10.1039_d4ee01960a__Fig5__C__stability_performance_curve__0-4PACz__Series_1.csv,8cd5e6a3e2bdff158e02174c592e26f7ed077a2ff8d5774bde46db949ea73437
F02021,1,10.1039/d4ee03001j,data_all/x_time_h/10.1039_d4ee03001j/Fig2_E_stability_performance_curve/accepted/10.1039_d4ee03001j__Fig2__E__stability_performance_curve__PEDOT_PSS_MAPI+GASCN__Series_3.csv,10.1039_d4ee03001j/10.1039_d4ee03001j__Fig2__E__stability_performance_curve__PEDOT_PSS_MAPI+GASCN__Series_3.csv,51ade993723377b445d098a6177c2925fc158b774254a536d7c8dada4eb99dda
F02023,1,10.1039/d4ee03001j,data_all/x_time_h/10.1039_d4ee03001j/Fig2_F_stability_performance_curve/accepted/10.1039_d4ee03001j__Fig2__F__stability_performance_curve__PEDOT_PSS_MAPI__Series_2.csv,10.1039_d4ee03001j/10.1039_d4ee03001j__Fig2__F__stability_performance_curve__PEDOT_PSS_MAPI__Series_2.csv,e2b6daaa0864d0e12883c25f95d2de54698800db360d44dd1fc093bfd56de91c
F02024,1,10.1039/d4ee03001j,data_all/x_time_h/10.1039_d4ee03001j/Fig5_F_mppt_stability_performance_curve_jsc/accepted/10.1039_d4ee03001j__Fig5__F__mppt_stability_performance_curve_jsc__Control__Series_2.csv,10.1039_d4ee03001j/10.1039_d4ee03001j__Fig5__F__mppt_stability_performance_curve_jsc__Control__Series_2.csv,3a60f9a24075ed3dd454a94cd6788eb392483685e3ccfdf43f0f994887fbae76
F02028,1,10.1039/d4ee05699j,data_all/x_time_h/10.1039_d4ee05699j/Fig4_I_stability_performance_curve_pce/accepted/10.1039_d4ee05699j__Fig4__I__stability_performance_curve_pce__Control-PSMs__Series_2.csv,10.1039_d4ee05699j/10.1039_d4ee05699j__Fig4__I__stability_performance_curve_pce__Control-PSMs__Series_2.csv,cc3bcd6b2d06ac9635402b8542cf8d35f06eb4a57cb516b42e7683df7d94bde4
F02031,1,10.1039/d4ee06038e,data_all/x_time_h/10.1039_d4ee06038e/Fig4_F_stability_performance_curve_pce/accepted/10.1039_d4ee06038e__Fig4__F__stability_performance_curve_pce__Control__Series_1.csv,10.1039_d4ee06038e/10.1039_d4ee06038e__Fig4__F__stability_performance_curve_pce__Control__Series_1.csv,7c4a894c4be655f5132f5feb58cac844532a74f34fc29a59296293a63ca3b7db
F02032,1,10.1039/d4qi00166d,data_all/x_time_h/10.1039_d4qi00166d/Fig7_A_stability_performance_curve_pce_spectrum/accepted/10.1039_d4qi00166d__Fig7__A__stability_performance_curve_pce_spectrum__SnO₂__Series_1.csv,10.1039_d4qi00166d/10.1039_d4qi00166d__Fig7__A__stability_performance_curve_pce_spectrum__SnO₂__Series_1.csv,10189c68ac9e3fe91b445ca619907a128b493ea08c880e419a6fdc7af30826bd
F02034,1,10.1039/d4ra08786k,data_all/x_time_h/10.1039_d4ra08786k/Fig7_B_stability_performance_curve_pce/accepted/10.1039_d4ra08786k__Fig7__B__stability_performance_curve_pce__Untreated_Initial_PCE_=_16.51%__Series_2.csv,10.1039_d4ra08786k/10.1039_d4ra08786k__Fig7__B__stability_performance_curve_pce__Untreated_Initial_PCE_=_16.51%__Series_2.csv,1e0d48ef3c1fd24d61837022a90058c07fe680f5da9133e42f6aba06621e5bc1
F02035,1,10.1039/d4sc02020k,data_all/x_time_h/10.1039_d4sc02020k/Fig4_C_stability_performance_curve_pce/accepted/10.1039_d4sc02020k__Fig4__C__stability_performance_curve_pce__PTAA_Li-CYCLIC__Series_2.csv,10.1039_d4sc02020k/10.1039_d4sc02020k__Fig4__C__stability_performance_curve_pce__PTAA_Li-CYCLIC__Series_2.csv,1553ade466b982bc852978c07557b009147abd6e83d52822519f0106737b3672
F02036,1,10.1039/d4sc02020k,data_all/x_time_h/10.1039_d4sc02020k/Fig4_C_stability_performance_curve_pce/accepted/10.1039_d4sc02020k__Fig4__C__stability_performance_curve_pce__PTAA_Li-TFSI__Series_1.csv,10.1039_d4sc02020k/10.1039_d4sc02020k__Fig4__C__stability_performance_curve_pce__PTAA_Li-TFSI__Series_1.csv,ac162cfe51b99adac8da94d5b4f2485b6abb803386ade91a7d574a2069a14bef
F02037,1,10.1039/d4sc04819a,data_all/x_time_h/10.1039_d4sc04819a/Fig5_E_stability_performance_curve_pce/accepted/10.1039_d4sc04819a__Fig5__E__stability_performance_curve_pce__Ref__Series_1.csv,10.1039_d4sc04819a/10.1039_d4sc04819a__Fig5__E__stability_performance_curve_pce__Ref__Series_1.csv,9ee0100b273e4c1e7fc787f5f4989a96aa7ee61ac7c86cf3cf6233a9b83bf5af
F02038,1,10.1039/d4sc04819a,data_all/x_time_h/10.1039_d4sc04819a/Fig5_F_stability_performance_curve_pce/accepted/10.1039_d4sc04819a__Fig5__F__stability_performance_curve_pce__Ref__Series_1.csv,10.1039_d4sc04819a/10.1039_d4sc04819a__Fig5__F__stability_performance_curve_pce__Ref__Series_1.csv,8d30de82d03da36e1061a284f0fd35763c1e957041bb6230e74d34f3b4ec5f12
F02039,1,10.1039/d4sc07759h,data_all/x_time_h/10.1039_d4sc07759h/Fig1_C_stability_performance_curve_pce/accepted/10.1039_d4sc07759h__Fig1__C__stability_performance_curve_pce__Pbl2+FA1__Series_2.csv,10.1039_d4sc07759h/10.1039_d4sc07759h__Fig1__C__stability_performance_curve_pce__Pbl2+FA1__Series_2.csv,603ed6343862c4f2063a9feefddfe88b161b890d4dbf261a97c5a89aca7340b0
F02040,1,10.1039/d4sc08810g,data_all/x_time_h/10.1039_d4sc08810g/Fig5_E_stability_performance_curve_pce/accepted/10.1039_d4sc08810g__Fig5__E__stability_performance_curve_pce__MPA-CPA__Series_1.csv,10.1039_d4sc08810g/10.1039_d4sc08810g__Fig5__E__stability_performance_curve_pce__MPA-CPA__Series_1.csv,18cffa914b1ce6180670e6a116b384d25ec207e6dc8dec06a2dba2b93bd49f04
F02041,1,10.1039/d4sc08810g,data_all/x_time_h/10.1039_d4sc08810g/Fig5_E_stability_performance_curve_pce/accepted/10.1039_d4sc08810g__Fig5__E__stability_performance_curve_pce__Me_HPA-CPA__Series_2.csv,10.1039_d4sc08810g/10.1039_d4sc08810g__Fig5__E__stability_performance_curve_pce__Me_HPA-CPA__Series_2.csv,0ee7b1a7e4521e5bca9b5e5a7c6f9211bc9c52a0768b14f99be4eaaf31ede62a
F02042,1,10.1039/d4se01227e,data_all/x_time_h/10.1039_d4se01227e/Fig3_B_stability_performance_curve_voc_plot/accepted/10.1039_d4se01227e__Fig3__B__stability_performance_curve_voc_plot__BAI-OAI__Series_1.csv,10.1039_d4se01227e/10.1039_d4se01227e__Fig3__B__stability_performance_curve_voc_plot__BAI-OAI__Series_1.csv,e4efb187e4b20b21d736f76179b359a6e233da6748f53675de9471c9e5001d27
F02043,1,10.1039/d4se01227e,data_all/x_time_h/10.1039_d4se01227e/Fig3_B_stability_performance_curve_voc_plot/accepted/10.1039_d4se01227e__Fig3__B__stability_performance_curve_voc_plot__BAI__Series_2.csv,10.1039_d4se01227e/10.1039_d4se01227e__Fig3__B__stability_performance_curve_voc_plot__BAI__Series_2.csv,6feed9cef9709dc63a3f928ced11b6ff450126b4ce5dcaba378a4dafa06e34b8
F02044,1,10.1039/d4se01227e,data_all/x_time_h/10.1039_d4se01227e/Fig3_B_stability_performance_curve_voc_plot/accepted/10.1039_d4se01227e__Fig3__B__stability_performance_curve_voc_plot__OAl__Series_3.csv,10.1039_d4se01227e/10.1039_d4se01227e__Fig3__B__stability_performance_curve_voc_plot__OAl__Series_3.csv,e7fbdad75484f487565c6285a263066f06fe2e96c2d87ec3a02bddd5cd96e11a
F02045,1,10.1039/d4se01227e,data_all/x_time_h/10.1039_d4se01227e/Fig3_B_stability_performance_curve_voc_plot/accepted/10.1039_d4se01227e__Fig3__B__stability_performance_curve_voc_plot__Without__Series_4.csv,10.1039_d4se01227e/10.1039_d4se01227e__Fig3__B__stability_performance_curve_voc_plot__Without__Series_4.csv,f1e1617b5468891f15cfc8da2af4b2a9bdbdbac514d6d1ee3944deaf1c5a1611
F02046,1,10.1039/d4su00641k,data_all/x_time_h/10.1039_d4su00641k/Fig1_whole_stability_performance_curve/accepted/10.1039_d4su00641k__Fig1__whole__stability_performance_curve__Mixed_perovskite__Series_1.csv,10.1039_d4su00641k/10.1039_d4su00641k__Fig1__whole__stability_performance_curve__Mixed_perovskite__Series_1.csv,f911f1aa02ae7282a6cb95d011bb879778e586046d68dff9f436ae3b33fb81be
F02047,1,10.1039/d4su00641k,data_all/x_time_h/10.1039_d4su00641k/Fig1_whole_stability_performance_curve/accepted/10.1039_d4su00641k__Fig1__whole__stability_performance_curve__Pure_perovskite__Series_2.csv,10.1039_d4su00641k/10.1039_d4su00641k__Fig1__whole__stability_performance_curve__Pure_perovskite__Series_2.csv,35f5c62a1a437682c643a39fedee05331a084f4812b157acec523b4c1cb8c714
F02049,1,10.1039/d4ta04853a,data_all/x_time_h/10.1039_d4ta04853a/Fig4_A_stability_performance_curve_pce/accepted/10.1039_d4ta04853a__Fig4__A__stability_performance_curve_pce__Control__Series_1.csv,10.1039_d4ta04853a/10.1039_d4ta04853a__Fig4__A__stability_performance_curve_pce__Control__Series_1.csv,5678b4058f6fb2add9aa07dd14106303e42e0111fc4e9b12474d7c2480fad8b0
F02050,1,10.1039/d4ta05155f,data_all/x_time_h/10.1039_d4ta05155f/Fig6_B_stability_performance_curve_pce/accepted/10.1039_d4ta05155f__Fig6__B__stability_performance_curve_pce__Control__Series_1.csv,10.1039_d4ta05155f/10.1039_d4ta05155f__Fig6__B__stability_performance_curve_pce__Control__Series_1.csv,c0700a180d7adfb6bfc98faceec2047ce926121d06803c82a5e8c11a806cc54d
F02051,1,10.1039/d4ta05155f,data_all/x_time_h/10.1039_d4ta05155f/Fig6_D_mppt_stability_performance_curve_pce/accepted/10.1039_d4ta05155f__Fig6__D__mppt_stability_performance_curve_pce__一Control__Series_1.csv,10.1039_d4ta05155f/10.1039_d4ta05155f__Fig6__D__mppt_stability_performance_curve_pce__一Control__Series_1.csv,1ea69a34a05a4e2fc07fb0e0d5e827e1a7bd6ca1186558663e5b812183106c95
F02054,1,10.1039/d4ta08566c,data_all/x_time_h/10.1039_d4ta08566c/Fig2_F_mppt_stability_performance_curve/accepted/10.1039_d4ta08566c__Fig2__F__mppt_stability_performance_curve__Control__Series_1.csv,10.1039_d4ta08566c/10.1039_d4ta08566c__Fig2__F__mppt_stability_performance_curve__Control__Series_1.csv,2efb3237bd4e0c0375ede22488e7d30b2ecbaef4e8649b42c8b61b1ded1153cc
F02055,1,10.1039/d4ta08811e,data_all/x_time_h/10.1039_d4ta08811e/Fig5_G_stability_performance_curve_pce/accepted/10.1039_d4ta08811e__Fig5__G__stability_performance_curve_pce__CT__Series_3.csv,10.1039_d4ta08811e/10.1039_d4ta08811e__Fig5__G__stability_performance_curve_pce__CT__Series_3.csv,714700494818740c2b2c5e5174fb35837aeef990071b38a7e1ea68e5fb0c55cd
F02057,1,10.1039/d4tc00466c,data_all/x_time_h/10.1039_d4tc00466c/Fig6_A_stability_performance_curve_pce/accepted/10.1039_d4tc00466c__Fig6__A__stability_performance_curve_pce__0—2D-PVSK__Series_1.csv,10.1039_d4tc00466c/10.1039_d4tc00466c__Fig6__A__stability_performance_curve_pce__0—2D-PVSK__Series_1.csv,938a3e18c6f8e8a777c2938d975057111dd83f683d6ada0164bd02124c16458e
F02058,1,10.1039/d5ee00524h,data_all/x_time_h/10.1039_d5ee00524h/Fig6_I_mppt_stability_performance_curve_pce/accepted/10.1039_d5ee00524h__Fig6__I__mppt_stability_performance_curve_pce__Control__Series_2.csv,10.1039_d5ee00524h/10.1039_d5ee00524h__Fig6__I__mppt_stability_performance_curve_pce__Control__Series_2.csv,e7a96b11a73d7b6ae4565e7eda41134c134fe47ef4b2dbbb216e950613f4e204
F02059,1,10.1039/d5ee01110h,data_all/x_time_h/10.1039_d5ee01110h/Fig1_D_stability_performance_curve/accepted/10.1039_d5ee01110h__Fig1__D__stability_performance_curve__Control__Series_1.csv,10.1039_d5ee01110h/10.1039_d5ee01110h__Fig1__D__stability_performance_curve__Control__Series_1.csv,3ef6a98e6f29b354997f1682788b8aeff51c8cb141c8790649cd572de73fda15
F02060,1,10.1039/d5ee01110h,data_all/x_time_h/10.1039_d5ee01110h/Fig1_E_stability_performance_curve/accepted/10.1039_d5ee01110h__Fig1__E__stability_performance_curve__Control__Series_2.csv,10.1039_d5ee01110h/10.1039_d5ee01110h__Fig1__E__stability_performance_curve__Control__Series_2.csv,18aa47c6dc8b127f3ba171bf8fa07a6899d48fc6b882df9e0a254e2471ef0599
F02062,1,10.1039/d5ee03162a,data_all/x_time_h/10.1039_d5ee03162a/Fig4_B_jv_curve_stability_performance_pce/accepted/10.1039_d5ee03162a__Fig4__B__jv_curve_stability_performance_pce__Control__Series_1.csv,10.1039_d5ee03162a/10.1039_d5ee03162a__Fig4__B__jv_curve_stability_performance_pce__Control__Series_1.csv,c8ec38e74262c2e677b17f1e4c6463cb7b0e6119b923cce93cc2ba37ba4962a1
F02063,1,10.1039/d5ma00192g,data_all/x_time_h/10.1039_d5ma00192g/Fig5_whole_stability_performance_curve/accepted/10.1039_d5ma00192g__Fig5__whole__stability_performance_curve__Control__Series_2.csv,10.1039_d5ma00192g/10.1039_d5ma00192g__Fig5__whole__stability_performance_curve__Control__Series_2.csv,99f63580751d6797aa5db74dd8e3b49537a3b527a95d167c2f1283c18c9cb5e8
F02064,1,10.1039/d5sc04440e,data_all/x_time_h/10.1039_d5sc04440e/Fig4_C_stability_performance_curve_pce/accepted/10.1039_d5sc04440e__Fig4__C__stability_performance_curve_pce__PTAA_Li-TFSI__Series_1.csv,10.1039_d5sc04440e/10.1039_d5sc04440e__Fig4__C__stability_performance_curve_pce__PTAA_Li-TFSI__Series_1.csv,35eec85ed122f31ffb65d5b3b0cc18371cbe7bdec6998137ad9cca6fa36d2ba7
F02065,1,10.1063/1.5085643,data_all/x_time_h/10.1063_1.5085643/Fig7_E_stability_performance_curve/accepted/10.1063_1.5085643__Fig7__E__stability_performance_curve__control__Series_1.csv,10.1063_1.5085643/10.1063_1.5085643__Fig7__E__stability_performance_curve__control__Series_1.csv,beeba11b522d9acbb980dec035bfd7bbaf3ce97c201beea004d8f81d9acaa71d
F02066,1,10.1063/1.5085643,data_all/x_time_h/10.1063_1.5085643/Fig7_E_stability_performance_curve/accepted/10.1063_1.5085643__Fig7__E__stability_performance_curve__w_2D_perovskite__Series_2.csv,10.1063_1.5085643/10.1063_1.5085643__Fig7__E__stability_performance_curve__w_2D_perovskite__Series_2.csv,2447f4fc99a069b52416b0b4bfdf792ac2e184f4794d790509a77acc7d8ab9f7
F02067,1,10.1063/5.0024135,data_all/x_time_h/10.1063_5.0024135/Fig5_whole_stability/accepted/10.1063_5.0024135__Fig5__whole__stability__PEA__Series_1.csv,10.1063_5.0024135/10.1063_5.0024135__Fig5__whole__stability__PEA__Series_1.csv,97a1abce83cef97ec1775ffe683736b66e780d40354cb7996b592a40348b4341
F02068,1,10.1063/5.0050512,data_all/x_time_h/10.1063_5.0050512/Fig4_D_stability_performance_curve_pce/accepted/10.1063_5.0050512__Fig4__D__stability_performance_curve_pce__PEDOT_PSS_MAPbI3__Series_2.csv,10.1063_5.0050512/10.1063_5.0050512__Fig4__D__stability_performance_curve_pce__PEDOT_PSS_MAPbI3__Series_2.csv,d95cf3cb40b34da1d75bc359465366f57b8fd0282efe39749071ef80ccf994e1
F02069,1,10.1063/5.0142995,data_all/x_time_h/10.1063_5.0142995/Fig4_D_stability_performance_curve_pce/accepted/10.1063_5.0142995__Fig4__D__stability_performance_curve_pce__Control_(Initial_PCE_18.68%)__Series_1.csv,10.1063_5.0142995/10.1063_5.0142995__Fig4__D__stability_performance_curve_pce__Control_(Initial_PCE_18.68%)__Series_1.csv,a01ff81530a5166f6b751f2edc86a72eba826e734029732444a6ecf739aa02d1
F02070,1,10.1063/5.0142995,data_all/x_time_h/10.1063_5.0142995/Fig4_D_stability_performance_curve_pce/accepted/10.1063_5.0142995__Fig4__D__stability_performance_curve_pce__DFCHAI-treated_(Initial_PCE_21.45%)__Series_2.csv,10.1063_5.0142995/10.1063_5.0142995__Fig4__D__stability_performance_curve_pce__DFCHAI-treated_(Initial_PCE_21.45%)__Series_2.csv,66d04031702d8385131228d0c26b261427d75d0fe252ce0d10cbe29a80c5777c
F02071,1,10.1088/1361-6463_aa7905,data_all/x_time_h/10.1088_1361-6463_aa7905/Fig6_D_chart/accepted/10.1088_1361-6463_aa7905__Fig6__D__chart__IS0S-L-1__Series_3.csv,10.1088_1361-6463_aa7905/10.1088_1361-6463_aa7905__Fig6__D__chart__IS0S-L-1__Series_3.csv,817e9c64ee65c762163210acb2a87db01227bf87a0e8e154a6c1ffeac74a6f2f
F02072,1,10.1088/1361-6463_aa7905,data_all/x_time_h/10.1088_1361-6463_aa7905/Fig6_D_chart/accepted/10.1088_1361-6463_aa7905__Fig6__D__chart__ISOS-0-1__Series_2.csv,10.1088_1361-6463_aa7905/10.1088_1361-6463_aa7905__Fig6__D__chart__ISOS-0-1__Series_2.csv,a95e6385511de4d91cb2ca97732e2a9e3235a1f6e832696eb0d4a62c53d587a8
F02073,1,10.1088/1361-6528_aaf2ad,data_all/x_time_h/10.1088_1361-6528_aaf2ad/Fig4_B_stability_performance_curve_pce/accepted/10.1088_1361-6528_aaf2ad__Fig4__B__stability_performance_curve_pce__SnO₂__Series_2.csv,10.1088_1361-6528_aaf2ad/10.1088_1361-6528_aaf2ad__Fig4__B__stability_performance_curve_pce__SnO₂__Series_2.csv,42402971fc1b4e7ee4853b7481dfecc624afc2784e9670bd1545f7eda97f9211
F02081,1,10.1126/sciadv.aav2012,data_all/x_time_h/10.1126_sciadv.aav2012/Fig5_B_mppt_stability_performance_curve_jsc/accepted/10.1126_sciadv.aav2012__Fig5__B__mppt_stability_performance_curve_jsc__Spiro__Series_2.csv,10.1126_sciadv.aav2012/10.1126_sciadv.aav2012__Fig5__B__mppt_stability_performance_curve_jsc__Spiro__Series_2.csv,d10d37a0b3b34348f91cdf15bee39f35808eb48dc6958d4390ed54771841d066
F02082,1,10.1126/sciadv.aav8925,data_all/x_time_h/10.1126_sciadv.aav8925/Fig5_A_stability_performance_curve_pce/accepted/10.1126_sciadv.aav8925__Fig5__A__stability_performance_curve_pce__MAPbI3__Series_1.csv,10.1126_sciadv.aav8925/10.1126_sciadv.aav8925__Fig5__A__stability_performance_curve_pce__MAPbI3__Series_1.csv,3a8b95cf3297ad902a301c83129fc672877ab60f37b99dffdecc9d7b12559e9d
F02083,1,10.1126/sciadv.aav8925,data_all/x_time_h/10.1126_sciadv.aav8925/Fig5_B_stability_performance_curve_pce/accepted/10.1126_sciadv.aav8925__Fig5__B__stability_performance_curve_pce__MAPbI3__Series_2.csv,10.1126_sciadv.aav8925/10.1126_sciadv.aav8925__Fig5__B__stability_performance_curve_pce__MAPbI3__Series_2.csv,630373fbdb9e8ffe9dedd82b7ab0d92b381ee5c916d7af7c7f9686205146f2cb
F02085,1,10.1126/sciadv.abd1580,data_all/x_time_h/10.1126_sciadv.abd1580/Fig5_B_stability_performance_curve/accepted/10.1126_sciadv.abd1580__Fig5__B__stability_performance_curve__PSCs_with_Cu__Series_1.csv,10.1126_sciadv.abd1580/10.1126_sciadv.abd1580__Fig5__B__stability_performance_curve__PSCs_with_Cu__Series_1.csv,dc9b44ec7ba14cba226d299e9eff36da3381fd82550488ada36fcf7177f8254b
F02086,1,10.1126/sciadv.abd1580,data_all/x_time_h/10.1126_sciadv.abd1580/Fig5_C_mppt_stability_performance_curve_pce/accepted/10.1126_sciadv.abd1580__Fig5__C__mppt_stability_performance_curve_pce__PSCs_with_Cu__Series_2.csv,10.1126_sciadv.abd1580/10.1126_sciadv.abd1580__Fig5__C__mppt_stability_performance_curve_pce__PSCs_with_Cu__Series_2.csv,de5542b08af8922f58b7c1c1b6c77159989b528cb57fa9d4652858af98d75e3d
F02088,1,10.1126/science.aai9081,data_all/x_time_h/10.1126_science.aai9081/Fig4_B_mppt_stability_performance_curve_pce/accepted/10.1126_science.aai9081__Fig4__B__mppt_stability_performance_curve_pce__MPP_tracking_Under_AM1.5_illumination__Series_1.csv,10.1126_science.aai9081/10.1126_science.aai9081__Fig4__B__mppt_stability_performance_curve_pce__MPP_tracking_Under_AM1.5_illumination__Series_1.csv,fb01f02ec92812b200c495aac7faad24bb803be5b4004938df6cc86112a6dbf6
F02090,1,10.1126/science.aam6620,data_all/x_time_h/10.1126_science.aam6620/Fig4_A_stability_performance_curve_pce_2/accepted/10.1126_science.aam6620__Fig4__A__stability_performance_curve_pce_2__TiO₂_PSC__Series_2.csv,10.1126_science.aam6620/10.1126_science.aam6620__Fig4__A__stability_performance_curve_pce_2__TiO₂_PSC__Series_2.csv,4622e9db2828dc0d1ff4954f0c130bb7f570d0786ff522d0f4773ddd5b66f381
F02091,1,10.1126/science.aax8018,data_all/x_time_h/10.1126_science.aax8018/Fig4_E_stability_performance_curve/accepted/10.1126_science.aax8018__Fig4__E__stability_performance_curve__Control__Series_1.csv,10.1126_science.aax8018/10.1126_science.aax8018__Fig4__E__stability_performance_curve__Control__Series_1.csv,0626a810e652bf0d40117a1836b971aa97fa77970738c41b5e81248a19d7373c
F02092,1,10.1126/science.aax8018,data_all/x_time_h/10.1126_science.aax8018/Fig4_E_stability_performance_curve/accepted/10.1126_science.aax8018__Fig4__E__stability_performance_curve__GO__Series_2.csv,10.1126_science.aax8018/10.1126_science.aax8018__Fig4__E__stability_performance_curve__GO__Series_2.csv,f5bbf3eedfab27832c486598e59c18558653c967ae04ac86611047348c2cbedd
F02094,1,10.1126/science.aba1628,data_all/x_time_h/10.1126_science.aba1628/Fig3_A_spectrum/accepted/10.1126_science.aba1628__Fig3__A__spectrum__Ctrl__Series_1.csv,10.1126_science.aba1628/10.1126_science.aba1628__Fig3__A__spectrum__Ctrl__Series_1.csv,1c1773044248514066ad4e2b156dced786615b727e342ee618507c977f95d4d8
F02096,1,10.1126/science.adg3755,data_all/x_time_h/10.1126_science.adg3755/Fig4_H_stability_performance_curve_pce/accepted/10.1126_science.adg3755__Fig4__H__stability_performance_curve_pce__2PACz__Series_3.csv,10.1126_science.adg3755/10.1126_science.adg3755__Fig4__H__stability_performance_curve_pce__2PACz__Series_3.csv,6bf1b56062ea8b5f09174df1c1be2623bc2bf10a1bb0e756afe4afbfeda71049
F02097,1,10.1126/science.adg3755,data_all/x_time_h/10.1126_science.adg3755/Fig4_H_stability_performance_curve_pce/accepted/10.1126_science.adg3755__Fig4__H__stability_performance_curve_pce__PTAA__Series_1.csv,10.1126_science.adg3755/10.1126_science.adg3755__Fig4__H__stability_performance_curve_pce__PTAA__Series_1.csv,c7ed5be0c5a165842588fbd0fd460ea2bbd87749fe47a9c4c2f9ebad53f526e6
F02098,1,10.1142/s179329201950022x,data_all/x_time_h/10.1142_s179329201950022x/Fig4_E_stability_performance_curve_pce/accepted/10.1142_s179329201950022x__Fig4__E__stability_performance_curve_pce__0wt%BHT__Series_2.csv,10.1142_s179329201950022x/10.1142_s179329201950022x__Fig4__E__stability_performance_curve_pce__0wt%BHT__Series_2.csv,2f0d31a23da6077c3d2ba316ec7807fe96143e3a80d572a470afdcc3e646fedc
F02099,1,10.1155/2024_9417829,data_all/x_time_h/10.1155_2024_9417829/Fig5_I_stability_performance_curve_pce/accepted/10.1155_2024_9417829__Fig5__I__stability_performance_curve_pce__A-25°℃__Series_1.csv,10.1155_2024_9417829/10.1155_2024_9417829__Fig5__I__stability_performance_curve_pce__A-25°℃__Series_1.csv,9e074e53e62f17ef0fdf3adebcfd819b332b10d8f1249a72c02bdde391eb942b
F02100,1,10.1360/tb-2020-1409,data_all/x_time_h/10.1360_tb-2020-1409/Fig2_C_curve/accepted/10.1360_tb-2020-1409__Fig2__C__curve__SnF₂+N₂H₅Cl__Series_2.csv,10.1360_tb-2020-1409/10.1360_tb-2020-1409__Fig2__C__curve__SnF₂+N₂H₅Cl__Series_2.csv,0a615c165bcc650f9a36f3270b6327802d10227b457eb4c38430ee7af9ecd855
F02101,1,10.1360/tb-2020-1409,data_all/x_time_h/10.1360_tb-2020-1409/Fig2_C_curve/accepted/10.1360_tb-2020-1409__Fig2__C__curve__SnF₂__Series_1.csv,10.1360_tb-2020-1409/10.1360_tb-2020-1409__Fig2__C__curve__SnF₂__Series_1.csv,152cdda8f1b2b263bd2e604a8adab36e0b204ba429e3de63a6f1e77585695afe
F02102,1,10.26599/nre.2023.9120073,data_all/x_time_h/10.26599_nre.2023.9120073/Fig4_C_pce/accepted/10.26599_nre.2023.9120073__Fig4__C__pce__ZnO__Series_1.csv,10.26599_nre.2023.9120073/10.26599_nre.2023.9120073__Fig4__C__pce__ZnO__Series_1.csv,ee5df990020106fb7f869396f575dc7ff9bbf503b109592e5b4bd3aa377d8ed1
F02103,1,10.3390/coatings11060627,data_all/x_time_h/10.3390_coatings11060627/Fig3_A_stability_performance_curve/accepted/10.3390_coatings11060627__Fig3__A__stability_performance_curve__PEDOT_PSS__Series_1.csv,10.3390_coatings11060627/10.3390_coatings11060627__Fig3__A__stability_performance_curve__PEDOT_PSS__Series_1.csv,fdeef66c2df51e8fc98074bafd44fd5d6f0e8b4a68a317df9b5a607dbaa8a599
F02105,1,10.3390/coatings13111885,data_all/x_time_h/10.3390_coatings13111885/Fig5_whole_pce/accepted/10.3390_coatings13111885__Fig5__whole__pce__o—pure_perovskite__Series_2.csv,10.3390_coatings13111885/10.3390_coatings13111885__Fig5__whole__pce__o—pure_perovskite__Series_2.csv,220dc921e92a6f003fbad70d4cc5b5416c99f0db4bfbab18c97101893a4abdc7
F02106,1,10.3390/coatings13111885,"data_all/x_time_h/10.3390_coatings13111885/Fig5_whole_pce/accepted/10.3390_coatings13111885__Fig5__whole__pce__。—MAPCl,-induced__Series_1.csv","10.3390_coatings13111885/10.3390_coatings13111885__Fig5__whole__pce__。—MAPCl,-induced__Series_1.csv",9627d2ea84a1e796b6198e84b06513a14b635a8b310c8193b42210f591c6a00f
F02108,1,10.3390/coatings9110766,data_all/x_time_h/10.3390_coatings9110766/Fig8_D_stability_performance_curve_pce/accepted/10.3390_coatings9110766__Fig8__D__stability_performance_curve_pce__100%_toluene__Series_1.csv,10.3390_coatings9110766/10.3390_coatings9110766__Fig8__D__stability_performance_curve_pce__100%_toluene__Series_1.csv,5d23fee4ca59aff41e8d34da698f3404acc44a5af98b0c89f29c766a88121211
F02109,1,10.3390/cryst11080933,data_all/x_time_h/10.3390_cryst11080933/Fig5_B_stability_performance_curve_pce/accepted/10.3390_cryst11080933__Fig5__B__stability_performance_curve_pce__Regular_PCBM__Series_1.csv,10.3390_cryst11080933/10.3390_cryst11080933__Fig5__B__stability_performance_curve_pce__Regular_PCBM__Series_1.csv,7f157064a162279f4f8f0063b2caca904b3d48d0c3656ef5b87ef72f3c486bdf
F02110,1,10.3390/cryst12091194,data_all/x_time_h/10.3390_cryst12091194/Fig5_D_stability_performance_curve_pce/accepted/10.3390_cryst12091194__Fig5__D__stability_performance_curve_pce__0%_FAHCOO__Series_2.csv,10.3390_cryst12091194/10.3390_cryst12091194__Fig5__D__stability_performance_curve_pce__0%_FAHCOO__Series_2.csv,5ca3d3fe9892b689fd06f1f0ee3f33cdca47307f387db1305cebb3cddbcddc4d
F02111,1,10.3390/cryst14090802,data_all/x_time_h/10.3390_cryst14090802/Fig9_D_stability_performance_curve_pce/accepted/10.3390_cryst14090802__Fig9__D__stability_performance_curve_pce__control__Series_1.csv,10.3390_cryst14090802/10.3390_cryst14090802__Fig9__D__stability_performance_curve_pce__control__Series_1.csv,ccd718631da997fbc4d29c7d8ac050aa4d9ef732494fdc22029fe917fb996dbe
F02112,1,10.3390/en17071629,data_all/x_time_h/10.3390_en17071629/Fig10_whole_stability/accepted/10.3390_en17071629__Fig10__whole__stability__PSCs_without_PVA__Series_2.csv,10.3390_en17071629/10.3390_en17071629__Fig10__whole__stability__PSCs_without_PVA__Series_2.csv,c859cc2e53f6b5d686b0d01266d7e54afcdba5a1924dd12129f20c0d47ba32d7
F02113,1,10.3390/ma12101644,data_all/x_time_h/10.3390_ma12101644/Fig1_F_stability_performance_curve_pce/accepted/10.3390_ma12101644__Fig1__F__stability_performance_curve_pce__Series_1__Series_1.csv,10.3390_ma12101644/10.3390_ma12101644__Fig1__F__stability_performance_curve_pce__Series_1__Series_1.csv,cc1257e208041a25b7e71e1567a7bb7ee513e18286cae868cadde9ba5987cbdb
F02114,1,10.3390/ma13153289,data_all/x_time_h/10.3390_ma13153289/Fig4_A_stability_performance_curve_pce/accepted/10.3390_ma13153289__Fig4__A__stability_performance_curve_pce__ref__Series_2.csv,10.3390_ma13153289/10.3390_ma13153289__Fig4__A__stability_performance_curve_pce__ref__Series_2.csv,7a2f62e90856915a49bdc2faf741e36aad4025be0d90fadf24ccb6c16aff0563
F02115,1,10.3390/ma17123002,data_all/x_time_h/10.3390_ma17123002/Fig3_D_stability_performance_curve_pce/accepted/10.3390_ma17123002__Fig3__D__stability_performance_curve_pce__FACs__Series_2.csv,10.3390_ma17123002/10.3390_ma17123002__Fig3__D__stability_performance_curve_pce__FACs__Series_2.csv,181c5650a655d5ce5ffffc145b40bd0357da7640a810f66dbfb10d16906dce4c
F02116,1,10.3390/ma17123002,data_all/x_time_h/10.3390_ma17123002/Fig3_D_stability_performance_curve_pce/accepted/10.3390_ma17123002__Fig3__D__stability_performance_curve_pce__MA__Series_1.csv,10.3390_ma17123002/10.3390_ma17123002__Fig3__D__stability_performance_curve_pce__MA__Series_1.csv,f96673a2a25c30e36ff90f1db8c35379050b8c3544463cb3546901c2907011a5
F02117,1,10.3390/ma18020415,data_all/x_time_h/10.3390_ma18020415/Fig7_whole_stability/accepted/10.3390_ma18020415__Fig7__whole__stability__without_HTL__Series_1.csv,10.3390_ma18020415/10.3390_ma18020415__Fig7__whole__stability__without_HTL__Series_1.csv,a5a63441d739561f70cbf6005e1fe97e9cff5e9b387c7e1a2687bf0ba01a53f5
F02118,1,10.3390/molecules26113398,data_all/x_time_h/10.3390_molecules26113398/Fig6_B_stability_performance_curve_pce/accepted/10.3390_molecules26113398__Fig6__B__stability_performance_curve_pce__23℃__Series_3.csv,10.3390_molecules26113398/10.3390_molecules26113398__Fig6__B__stability_performance_curve_pce__23℃__Series_3.csv,e439d60d2b67f5d8224c6e434f0cf458938c76652a4230497776e1aa45faa64d
F02119,1,10.3390/molecules26113398,data_all/x_time_h/10.3390_molecules26113398/Fig6_B_stability_performance_curve_pce/accepted/10.3390_molecules26113398__Fig6__B__stability_performance_curve_pce__45℃__Series_2.csv,10.3390_molecules26113398/10.3390_molecules26113398__Fig6__B__stability_performance_curve_pce__45℃__Series_2.csv,bcfdda88b2215326db32d74a8faa50873ccaeaffca2a6f0d9234f7200ee4f00d
F02120,1,10.3390/molecules29112557,data_all/x_time_h/10.3390_molecules29112557/Fig5_D_stability_performance_curve/accepted/10.3390_molecules29112557__Fig5__D__stability_performance_curve__PEDOT__Series_1.csv,10.3390_molecules29112557/10.3390_molecules29112557__Fig5__D__stability_performance_curve__PEDOT__Series_1.csv,abca9962324e7cb4fa459e77b93d579b2ca955c42cb5c978be84de5e71d0e7c0
F02127,1,10.3390/molecules29122758,data_all/x_time_h/10.3390_molecules29122758/Fig5_C_stability_performance_curve_pce/accepted/10.3390_molecules29122758__Fig5__C__stability_performance_curve_pce__2-cation__Series_1.csv,10.3390_molecules29122758/10.3390_molecules29122758__Fig5__C__stability_performance_curve_pce__2-cation__Series_1.csv,9d51e5642bb192ca2adf61303ab507a5a2a4b32d1f40dc2dd4593da5a3a80733
F02128,1,10.3390/molecules29122758,data_all/x_time_h/10.3390_molecules29122758/Fig5_C_stability_performance_curve_pce/accepted/10.3390_molecules29122758__Fig5__C__stability_performance_curve_pce__3-cation__Series_2.csv,10.3390_molecules29122758/10.3390_molecules29122758__Fig5__C__stability_performance_curve_pce__3-cation__Series_2.csv,4547b29921cefe6e7e4b98b5204ddef83f1732db2b62b16c2d4687b3fe9ae784
F02129,1,10.3390/molecules29122758,data_all/x_time_h/10.3390_molecules29122758/Fig5_C_stability_performance_curve_pce/accepted/10.3390_molecules29122758__Fig5__C__stability_performance_curve_pce__4-cation__Series_3.csv,10.3390_molecules29122758/10.3390_molecules29122758__Fig5__C__stability_performance_curve_pce__4-cation__Series_3.csv,70b6c44f9e9eb20f98747d64a5b0a3fdf974d4a91a69b62c53f07c5dc79383ff
F02130,1,10.3390/nano13111751,data_all/x_time_h/10.3390_nano13111751/Fig11_whole_stability_performance_curve_pce/accepted/10.3390_nano13111751__Fig11__whole__stability_performance_curve_pce__W0_DC__Series_1.csv,10.3390_nano13111751/10.3390_nano13111751__Fig11__whole__stability_performance_curve_pce__W0_DC__Series_1.csv,b133296823b4865bc3aa1b20e18763e301387be530f4767e8d347083c9a5bdc3
F02132,1,10.3390/nano13233032,data_all/x_time_h/10.3390_nano13233032/Fig4_F_stability_performance_curve/accepted/10.3390_nano13233032__Fig4__F__stability_performance_curve__REF-CsPbI₃__Series_1.csv,10.3390_nano13233032/10.3390_nano13233032__Fig4__F__stability_performance_curve__REF-CsPbI₃__Series_1.csv,6d51ccbd4958f9008364096d876107c7035142bbf26e279ccec3202f70bde22b
F02133,1,10.3390/nano14181476,data_all/x_time_h/10.3390_nano14181476/Fig8_whole_stability/accepted/10.3390_nano14181476__Fig8__whole__stability__Pure_PEDOT_PSS__Series_1.csv,10.3390_nano14181476/10.3390_nano14181476__Fig8__whole__stability__Pure_PEDOT_PSS__Series_1.csv,13987f825deda9fce1bb7c2a212e616233ba7147af8341be0a85e36a810a1aaa
F02134,1,10.3390/nano15090699,data_all/x_time_h/10.3390_nano15090699/Fig12_A_stability_performance_curve_retention/accepted/10.3390_nano15090699__Fig12__A__stability_performance_curve_retention__Control__Series_3.csv,10.3390_nano15090699/10.3390_nano15090699__Fig12__A__stability_performance_curve_retention__Control__Series_3.csv,28ae83da72bbd15260a2a5d58df1c8f92e252d3a1bfd03d5b6d7496ac170ad9f
F02135,1,10.3390/nano15090699,data_all/x_time_h/10.3390_nano15090699/Fig12_A_stability_performance_curve_retention/accepted/10.3390_nano15090699__Fig12__A__stability_performance_curve_retention__PEACI_IPA__Series_2.csv,10.3390_nano15090699/10.3390_nano15090699__Fig12__A__stability_performance_curve_retention__PEACI_IPA__Series_2.csv,3d54bd4b4830ece01220167b491ea2088be9c3458437a5d629f6e3e4e75d80c8
F02138,1,10.3390/nano15110798,data_all/x_time_h/10.3390_nano15110798/Fig6_H_stability_performance_curve_pce/accepted/10.3390_nano15110798__Fig6__H__stability_performance_curve_pce__Control__Series_1.csv,10.3390_nano15110798/10.3390_nano15110798__Fig6__H__stability_performance_curve_pce__Control__Series_1.csv,8dcab5ac8a46a5681be55c25615202ebff03f43e7258c0449ec09b928fc881d7
F02139,1,10.3390/nano15110798,data_all/x_time_h/10.3390_nano15110798/Fig6_H_stability_performance_curve_pce/accepted/10.3390_nano15110798__Fig6__H__stability_performance_curve_pce__WithCMBACI__Series_2.csv,10.3390_nano15110798/10.3390_nano15110798__Fig6__H__stability_performance_curve_pce__WithCMBACI__Series_2.csv,c78f20831d5f013053a52ec49a78f2429d880a468072df9c1c9ebef375af965a
F02140,1,10.3390/polym14132748,data_all/x_time_h/10.3390_polym14132748/Fig7_C_stability/accepted/10.3390_polym14132748__Fig7__C__stability__WIPEOz__Series_2.csv,10.3390_polym14132748/10.3390_polym14132748__Fig7__C__stability__WIPEOz__Series_2.csv,c8a7395738b154055b63fcaeae69531558962434e7311c8336ad3ebf3e1bd6cd
F02141,1,10.3390/polym14132748,data_all/x_time_h/10.3390_polym14132748/Fig7_C_stability/accepted/10.3390_polym14132748__Fig7__C__stability__W_OPEOz__Series_1.csv,10.3390_polym14132748/10.3390_polym14132748__Fig7__C__stability__W_OPEOz__Series_1.csv,68fe3ea39c24ba9d1a25a03ef0d959fd25a3d010141e28bfa20473f0f1e06d5a
F02144,1,10.1021/acsenergylett.0c01207,data_all/x_time_min/10.1021_acsenergylett.0c01207/Fig5_A_pce/accepted/10.1021_acsenergylett.0c01207__Fig5__A__pce__α-FA0.76MA0.15Cs0.09PbI3__Series_2.csv,10.1021_acsenergylett.0c01207/10.1021_acsenergylett.0c01207__Fig5__A__pce__α-FA0.76MA0.15Cs0.09PbI3__Series_2.csv,cc22244d76fd18ca868ae098092493c6a150451e575b5b080b7cd2f69d5b5157
F02145,1,10.1021/acsenergylett.0c01207,data_all/x_time_min/10.1021_acsenergylett.0c01207/Fig5_A_pce/accepted/10.1021_acsenergylett.0c01207__Fig5__A__pce__α_δ-FA0.33MA0.33Cs0.33PbI3__Series_1.csv,10.1021_acsenergylett.0c01207/10.1021_acsenergylett.0c01207__Fig5__A__pce__α_δ-FA0.33MA0.33Cs0.33PbI3__Series_1.csv,7715f835c02e546eb922bedc406348c4b1bfd36dfa417de9e08c1120f3e00335
F02148,1,10.1021/acsaem.7b00069,data_all/x_time_week_month_year/10.1021_acsaem.7b00069/Fig5_D_pce/accepted/10.1021_acsaem.7b00069__Fig5__D__pce__wet__Series_2.csv,10.1021_acsaem.7b00069/10.1021_acsaem.7b00069__Fig5__D__pce__wet__Series_2.csv,4f674e4e0ad8c96f527abe318476d4f06bc413fd0c1421d79630c35564ae927d
F02152,1,10.1021/acs.chemmater.1c01675,final_data/x_axis_unresolved/10.1021_acs.chemmater.1c01675/Fig7_B_stability_performance_curve_pce/accepted/10.1021_acs.chemmater.1c01675_Fig7_B_stability_performance_curve_pce_MAPI__Series_1.csv,10.1021_acs.chemmater.1c01675/10.1021_acs.chemmater.1c01675_Fig7_B_stability_performance_curve_pce_MAPI__Series_1.csv,20a3be180c9c78e753b9dec308cd6f302c4bb75f285d70c38b60fe95472695d3
F02155,1,10.1038/s41560-023-01421-6,final_data/x_other/10.1038_s41560-023-01421-6/Fig4_A_mppt_stability_performance_curve_pce/accepted/10.1038_s41560-023-01421-6_Fig4_A_mppt_stability_performance_curve_pce_Control__Series_1.csv,10.1038_s41560-023-01421-6/10.1038_s41560-023-01421-6_Fig4_A_mppt_stability_performance_curve_pce_Control__Series_1.csv,fdd3bf412c373909262fe35ac146f951caf50073603732af3d6d8a6191b6870d
F02156,1,10.1002/advs.202001466,final_data/x_time_day/10.1002_advs.202001466/Fig4_F_stability/accepted/10.1002_advs.202001466_Fig4_F_stability_SnO₂__Series_2.csv,10.1002_advs.202001466/10.1002_advs.202001466_Fig4_F_stability_SnO₂__Series_2.csv,81f2f074ff91026c4f6763ec44ff82245e74c50a14e3c7a29d3ed62d45bb2ed1
F02157,1,10.1002/smm2.70033,final_data/x_time_day/10.1002_smm2.70033/Fig15_C_stability_performance_curve_pce/accepted/10.1002_smm2.70033_Fig15_C_stability_performance_curve_pce_CuI_3D_perovskite__Series_1.csv,10.1002_smm2.70033/10.1002_smm2.70033_Fig15_C_stability_performance_curve_pce_CuI_3D_perovskite__Series_1.csv,bf3de9e183578e241187a9ec12dd88ff876f85100b39d2f1dbb45c9af6d11af0
F02158,1,10.1002/smm2.70033,final_data/x_time_day/10.1002_smm2.70033/Fig17_D_pce/accepted/10.1002_smm2.70033_Fig17_D_pce_o-Pristine__Series_1.csv,10.1002_smm2.70033/10.1002_smm2.70033_Fig17_D_pce_o-Pristine__Series_1.csv,73c5463b1d987089ff9c19003330ca948001d56d68508cc5fa527eec1114cada
F02159,1,10.1016/j.solmat.2019.110284,final_data/x_time_day/10.1016_j.solmat.2019.110284/Fig4_B_stability_performance_curve_structure/accepted/10.1016_j.solmat.2019.110284_Fig4_B_stability_performance_curve_structure_0-30%_RH__Series_1.csv,10.1016_j.solmat.2019.110284/10.1016_j.solmat.2019.110284_Fig4_B_stability_performance_curve_structure_0-30%_RH__Series_1.csv,cc71d82b8c3eadc9f4d3ae78bf0a0e7389ca7dbf827cffbf5e6034819cc92ee5
F02160,1,10.1016/j.solmat.2019.110284,"final_data/x_time_day/10.1016_j.solmat.2019.110284/Fig6_A_stability_performance_curve_structure/accepted/10.1016_j.solmat.2019.110284_Fig6_A_stability_performance_curve_structure_n-i-p_cells,_0-30%_RH__Series_1.csv","10.1016_j.solmat.2019.110284/10.1016_j.solmat.2019.110284_Fig6_A_stability_performance_curve_structure_n-i-p_cells,_0-30%_RH__Series_1.csv",d6cf1fadf74d42f0762654d4782f18253507af410e91b848fab07fa4cc3b349b
F02165,1,10.1002/adma.201907623,final_data/x_time_h/10.1002_adma.201907623/Fig5_A_mppt_stability_performance_curve_pce/accepted/10.1002_adma.201907623_Fig5_A_mppt_stability_performance_curve_pce_0.0%PHCI__Series_2.csv,10.1002_adma.201907623/10.1002_adma.201907623_Fig5_A_mppt_stability_performance_curve_pce_0.0%PHCI__Series_2.csv,aafa4adbac981f8c1b39918eab1419e3f1c9ba731822ff2184e35b41abf97b0f
F02166,1,10.1002/adma.201907623,final_data/x_time_h/10.1002_adma.201907623/Fig5_A_mppt_stability_performance_curve_pce/accepted/10.1002_adma.201907623_Fig5_A_mppt_stability_performance_curve_pce_5.0%PHCI__Series_1.csv,10.1002_adma.201907623/10.1002_adma.201907623_Fig5_A_mppt_stability_performance_curve_pce_5.0%PHCI__Series_1.csv,2b291c92dd12ed18083bbe2777a3cc5183c660a38d8e6ff49b1c05c93e55a99e
F02169,1,10.1002/adma.202205309,final_data/x_time_h/10.1002_adma.202205309/Fig5_B_stability_performance_curve_pce/accepted/10.1002_adma.202205309_Fig5_B_stability_performance_curve_pce_1.40M(8_1)__Series_2.csv,10.1002_adma.202205309/10.1002_adma.202205309_Fig5_B_stability_performance_curve_pce_1.40M(8_1)__Series_2.csv,adc141a1dbd1d06d00d9144b8be3a245e0d902f1cd9e366f5eb10927350f6e7d
F02171,1,10.1002/aenm.202500156,final_data/x_time_h/10.1002_aenm.202500156/Fig4_I_mppt_stability_performance_curve_pce/accepted/10.1002_aenm.202500156_Fig4_I_mppt_stability_performance_curve_pce_IPA__Series_2.csv,10.1002_aenm.202500156/10.1002_aenm.202500156_Fig4_I_mppt_stability_performance_curve_pce_IPA__Series_2.csv,4108247cd5602185b26b55a38126d30adc7d90913e483795024d01dba53f4c77
F02172,1,10.1002/anie.202421063,final_data/x_time_h/10.1002_anie.202421063/Fig3_E_mppt_stability_performance_curve_pce_eqe/accepted/10.1002_anie.202421063_Fig3_E_mppt_stability_performance_curve_pce_eqe_Control__Series_2.csv,10.1002_anie.202421063/10.1002_anie.202421063_Fig3_E_mppt_stability_performance_curve_pce_eqe_Control__Series_2.csv,b394535579c6b01dd3877529252e2afd19f157c062ef13b2b1bdc14107c361be
F02174,1,10.1002/cssc.201600868,final_data/x_time_h/10.1002_cssc.201600868/Fig5_whole_stability_performance_curve_pce/accepted/10.1002_cssc.201600868_Fig5_whole_stability_performance_curve_pce_ZnO__Series_2.csv,10.1002_cssc.201600868/10.1002_cssc.201600868_Fig5_whole_stability_performance_curve_pce_ZnO__Series_2.csv,28070676dfbb1b22b1880b8ec4a4947ae4d427ac1448dbe8ae50962dc54295d6
F02179,1,10.1002/smll.202003098,final_data/x_time_h/10.1002_smll.202003098/Fig4_C_stability_performance_curve/accepted/10.1002_smll.202003098_Fig4_C_stability_performance_curve_HDA__Series_2.csv,10.1002_smll.202003098/10.1002_smll.202003098_Fig4_C_stability_performance_curve_HDA__Series_2.csv,cc5e071257ec552020265cf58d6b0ab197ec40125e994dd17122a28febc8994c
F02180,1,10.1002/smll.202505961,final_data/x_time_h/10.1002_smll.202505961/Fig6_A_stability_performance_curve/accepted/10.1002_smll.202505961_Fig6_A_stability_performance_curve_Spiro-OMeTAD__Series_1.csv,10.1002_smll.202505961/10.1002_smll.202505961_Fig6_A_stability_performance_curve_Spiro-OMeTAD__Series_1.csv,dd1a57dda261a24476d4fa42f9aae14ac76a3de372c847242f988f847f7a3272
F02181,1,10.1002/smll.202505961,final_data/x_time_h/10.1002_smll.202505961/Fig6_C_mppt_stability_performance_curve/accepted/10.1002_smll.202505961_Fig6_C_mppt_stability_performance_curve_Spiro-OMeTAD__Series_1.csv,10.1002_smll.202505961/10.1002_smll.202505961_Fig6_C_mppt_stability_performance_curve_Spiro-OMeTAD__Series_1.csv,8e3ffdf695ddc58ef85c88169770d3d77971725ef97b8d315ea2706d255088be
F02182,1,10.1002/smm2.70033,final_data/x_time_h/10.1002_smm2.70033/Fig14_B_stability_performance_curve_pce/accepted/10.1002_smm2.70033_Fig14_B_stability_performance_curve_pce_15%_PPAI__Series_1.csv,10.1002_smm2.70033/10.1002_smm2.70033_Fig14_B_stability_performance_curve_pce_15%_PPAI__Series_1.csv,82a41227406b4adb799dc07f24e340d266b61481fd0dbfb73395a190df67b095
F02184,1,10.1002/smm2.70033,final_data/x_time_h/10.1002_smm2.70033/Fig5_D_stability_performance_curve_pce/accepted/10.1002_smm2.70033_Fig5_D_stability_performance_curve_pce_Spiro-MeOTAD__Series_1.csv,10.1002_smm2.70033/10.1002_smm2.70033_Fig5_D_stability_performance_curve_pce_Spiro-MeOTAD__Series_1.csv,7e14da003457e36ab07e1a62ac3054098ca95e6701d1a4bd955d11acc1f0499c
F02185,1,10.1002/smm2.70033,final_data/x_time_h/10.1002_smm2.70033/Fig9_B_pce/accepted/10.1002_smm2.70033_Fig9_B_pce_PTAA_(Ref.)__Series_2.csv,10.1002_smm2.70033/10.1002_smm2.70033_Fig9_B_pce_PTAA_(Ref.)__Series_2.csv,9bf5d48e3e008533bbc8ce8e2d3cad94ae67f14b0a2f6a3ba4f261464cb51b7c
F02186,1,10.1002/smtd.202301793,final_data/x_time_h/10.1002_smtd.202301793/Fig5_B_stability/accepted/10.1002_smtd.202301793_Fig5_B_stability_Control__Series_1.csv,10.1002_smtd.202301793/10.1002_smtd.202301793_Fig5_B_stability_Control__Series_1.csv,5a387f1a7833965fa1eb985432687abfe343801344264c6402f5a4ce55e9b05f
F02188,1,10.1002/sus2.70032,final_data/x_time_h/10.1002_sus2.70032/Fig5_F_stability_performance_curve/accepted/10.1002_sus2.70032_Fig5_F_stability_performance_curve_Control__Series_1.csv,10.1002_sus2.70032/10.1002_sus2.70032_Fig5_F_stability_performance_curve_Control__Series_1.csv,7ab5b344f038a00999c9bd990136cc471fc0acc930e2c63485a6dc3a97664838
F02190,1,10.1016/j.joule.2018.07.007,final_data/x_time_h/10.1016_j.joule.2018.07.007/Fig6_I_mppt_stability_performance_curve_pce/accepted/10.1016_j.joule.2018.07.007_Fig6_I_mppt_stability_performance_curve_pce_AZO__Series_2.csv,10.1016_j.joule.2018.07.007/10.1016_j.joule.2018.07.007_Fig6_I_mppt_stability_performance_curve_pce_AZO__Series_2.csv,d58624a1d2823ec10969169c32d216c82a75536ab560c27aba6e6fa191a68fea
F02191,1,10.1016/j.joule.2019.08.023,final_data/x_time_h/10.1016_j.joule.2019.08.023/Fig5_B_stability_performance_curve_pce/accepted/10.1016_j.joule.2019.08.023_Fig5_B_stability_performance_curve_pce_0%PPAI__Series_1.csv,10.1016_j.joule.2019.08.023/10.1016_j.joule.2019.08.023_Fig5_B_stability_performance_curve_pce_0%PPAI__Series_1.csv,3533b243b2be952436c83bbfe2b10a0d8abbb3097b2e9c431b660d3e6585c77a
F02192,1,10.1016/j.joule.2022.01.011,final_data/x_time_h/10.1016_j.joule.2022.01.011/Fig6_A_stability_performance_curve_jsc/accepted/10.1016_j.joule.2022.01.011_Fig6_A_stability_performance_curve_jsc_strain__Series_2.csv,10.1016_j.joule.2022.01.011/10.1016_j.joule.2022.01.011_Fig6_A_stability_performance_curve_jsc_strain__Series_2.csv,1ed56aff0548d07d5b4adaa06deb71377a86d893694db5b2389da4700c45d10c
F02194,1,10.1016/j.nanoen.2019.03.029,final_data/x_time_h/10.1016_j.nanoen.2019.03.029/Fig4_B_stability_performance_curve_pce/accepted/10.1016_j.nanoen.2019.03.029_Fig4_B_stability_performance_curve_pce_10%__Series_2.csv,10.1016_j.nanoen.2019.03.029/10.1016_j.nanoen.2019.03.029_Fig4_B_stability_performance_curve_pce_10%__Series_2.csv,6197391628c7352dba84caca984a620a7f2eee7eae87f3fc0b7a238782e03053
F02196,1,10.1016/j.solener.2017.09.039,final_data/x_time_h/10.1016_j.solener.2017.09.039/Fig2_B_curve/accepted/10.1016_j.solener.2017.09.039_Fig2_B_curve_85_°C__Series_2.csv,10.1016_j.solener.2017.09.039/10.1016_j.solener.2017.09.039_Fig2_B_curve_85_°C__Series_2.csv,9706b31954300068cc282f6d4b3d12063935fff5be80ec4c7422182d6cdc5642
F02197,1,10.1021/acsami.8b19390,final_data/x_time_h/10.1021_acsami.8b19390/Fig4_A_stability_performance_curve_pce/accepted/10.1021_acsami.8b19390_Fig4_A_stability_performance_curve_pce_PVSK-Cl__Series_4.csv,10.1021_acsami.8b19390/10.1021_acsami.8b19390_Fig4_A_stability_performance_curve_pce_PVSK-Cl__Series_4.csv,5cdf6dd6e60c58b2ad274427461779387e89369ff020584c22e7e4d17b68dd21
F02198,1,10.1021/acsami.9b00923,final_data/x_time_h/10.1021_acsami.9b00923/Fig1_A_pce/accepted/10.1021_acsami.9b00923_Fig1_A_pce_23_°C__Series_1.csv,10.1021_acsami.9b00923/10.1021_acsami.9b00923_Fig1_A_pce_23_°C__Series_1.csv,d064c2ba119723cfa122f2d82005b442185cabb5e6679a96746471a55a4e34c1
F02199,1,10.1021/acsenergylett.5c01010,final_data/x_time_h/10.1021_acsenergylett.5c01010/Fig3_G_stability_performance_curve_ff/accepted/10.1021_acsenergylett.5c01010_Fig3_G_stability_performance_curve_ff_Control__Series_1.csv,10.1021_acsenergylett.5c01010/10.1021_acsenergylett.5c01010_Fig3_G_stability_performance_curve_ff_Control__Series_1.csv,d69ab3616600266cb6da196961931bc287d05f4f3c403e029e4d069ab08f4f94
F02203,1,10.1021/acsnano.7b07754,final_data/x_time_h/10.1021_acsnano.7b07754/Fig5_B_mppt_stability_performance_curve/accepted/10.1021_acsnano.7b07754_Fig5_B_mppt_stability_performance_curve_Bilayer_PCBM_BCP__Series_2.csv,10.1021_acsnano.7b07754/10.1021_acsnano.7b07754_Fig5_B_mppt_stability_performance_curve_Bilayer_PCBM_BCP__Series_2.csv,75e9fc45e2294fbebfb6e431ccb9a67878174558902fc8131d8c4c2e955c38bc
F02206,1,10.1021/acssuschemeng.4c07636,final_data/x_time_h/10.1021_acssuschemeng.4c07636/Fig4_A_stability_performance_curve/accepted/10.1021_acssuschemeng.4c07636_Fig4_A_stability_performance_curve_Control__Series_2.csv,10.1021_acssuschemeng.4c07636/10.1021_acssuschemeng.4c07636_Fig4_A_stability_performance_curve_Control__Series_2.csv,abd53a9dee1b0ed1135d79f0f57d4c9fb9c890bfe991b7af7fc99e953ed5d2f3
F02207,1,10.1021/acssuschemeng.4c07636,final_data/x_time_h/10.1021_acssuschemeng.4c07636/Fig4_B_stability_performance_curve/accepted/10.1021_acssuschemeng.4c07636_Fig4_B_stability_performance_curve_Control__Series_2.csv,10.1021_acssuschemeng.4c07636/10.1021_acssuschemeng.4c07636_Fig4_B_stability_performance_curve_Control__Series_2.csv,8bdf3981817233fe8a4783998742c6bd9d84a3ea6289bb55afbab4c1ef6bf1e0
F02208,1,10.1021/acssuschemeng.4c07636,final_data/x_time_h/10.1021_acssuschemeng.4c07636/Fig4_E_mppt_stability_performance_curve_pce/accepted/10.1021_acssuschemeng.4c07636_Fig4_E_mppt_stability_performance_curve_pce_Control__Series_1.csv,10.1021_acssuschemeng.4c07636/10.1021_acssuschemeng.4c07636_Fig4_E_mppt_stability_performance_curve_pce_Control__Series_1.csv,509ccf330780f10a0f68f52a90811d751d25f62cea512e782fb613a03b22696a
F02209,1,10.1021/jacs.9b05083,final_data/x_time_h/10.1021_jacs.9b05083/Fig5_D_stability_performance_curve_eqe/accepted/10.1021_jacs.9b05083_Fig5_D_stability_performance_curve_eqe_2D-x_3D__Series_2.csv,10.1021_jacs.9b05083/10.1021_jacs.9b05083_Fig5_D_stability_performance_curve_eqe_2D-x_3D__Series_2.csv,da0c5108c680527b365d1aa0cafcef18c91ab816b811ea3f449c0fe30f2b2e52
F02210,1,10.1038/ncomms10228,final_data/x_time_h/10.1038_ncomms10228/Fig5_A_stability_performance_curve_pce/accepted/10.1038_ncomms10228_Fig5_A_stability_performance_curve_pce_0mgml-1__Series_2.csv,10.1038_ncomms10228/10.1038_ncomms10228_Fig5_A_stability_performance_curve_pce_0mgml-1__Series_2.csv,4050624f7eb97ecc9b3c7ada16eeca0edf911034b495422f9d8ea24e5961fedd
F02211,1,10.1038/s41467-018-05454-4,final_data/x_time_h/10.1038_s41467-018-05454-4/Fig5_C_mppt_stability_performance_curve_pce/accepted/10.1038_s41467-018-05454-4_Fig5_C_mppt_stability_performance_curve_pce_Control__Series_1.csv,10.1038_s41467-018-05454-4/10.1038_s41467-018-05454-4_Fig5_C_mppt_stability_performance_curve_pce_Control__Series_1.csv,f8e2ad5966ec245f09093b8757d7c81a46078fee555b31e177ba54fd6e3026e2
F02212,1,10.1038/s41467-018-05454-4,final_data/x_time_h/10.1038_s41467-018-05454-4/Fig5_C_mppt_stability_performance_curve_pce/accepted/10.1038_s41467-018-05454-4_Fig5_C_mppt_stability_performance_curve_pce_Target__Series_2.csv,10.1038_s41467-018-05454-4/10.1038_s41467-018-05454-4_Fig5_C_mppt_stability_performance_curve_pce_Target__Series_2.csv,de395938bcf88b9db29f5242fc6c8475fe621a22e405248e3aedf0c0e0b9bd89
F02213,1,10.1038/s41467-023-38673-5,final_data/x_time_h/10.1038_s41467-023-38673-5/Fig5_A_mppt_stability_performance_curve_mapping/accepted/10.1038_s41467-023-38673-5_Fig5_A_mppt_stability_performance_curve_mapping_PM6_TDY-α__Series_3.csv,10.1038_s41467-023-38673-5/10.1038_s41467-023-38673-5_Fig5_A_mppt_stability_performance_curve_mapping_PM6_TDY-α__Series_3.csv,234106ae0cc18ed1d089cb4087c9ffbc962777ec8b06f567812bb6bfdc2ce220
F02214,1,10.1038/s41467-023-38673-5,final_data/x_time_h/10.1038_s41467-023-38673-5/Fig5_A_mppt_stability_performance_curve_mapping/accepted/10.1038_s41467-023-38673-5_Fig5_A_mppt_stability_performance_curve_mapping_PM6_TDY-β__Series_2.csv,10.1038_s41467-023-38673-5/10.1038_s41467-023-38673-5_Fig5_A_mppt_stability_performance_curve_mapping_PM6_TDY-β__Series_2.csv,853bdbc4017d6045e7a16cafb7244f0e8cbee4808d459f629d57eecbb3658790
F02215,1,10.1038/s41467-023-38673-5,final_data/x_time_h/10.1038_s41467-023-38673-5/Fig5_A_mppt_stability_performance_curve_mapping/accepted/10.1038_s41467-023-38673-5_Fig5_A_mppt_stability_performance_curve_mapping_PM6_Y6__Series_1.csv,10.1038_s41467-023-38673-5/10.1038_s41467-023-38673-5_Fig5_A_mppt_stability_performance_curve_mapping_PM6_Y6__Series_1.csv,f832612a7b98a1d69d81638a3ed4e8a0da516c83aaeb646511d15fec3158a464
F02217,1,10.1038/s41560-024-01579-7,final_data/x_time_h/10.1038_s41560-024-01579-7/Fig5_F_stability_performance_curve_pce/accepted/10.1038_s41560-024-01579-7_Fig5_F_stability_performance_curve_pce_Control__Series_1.csv,10.1038_s41560-024-01579-7/10.1038_s41560-024-01579-7_Fig5_F_stability_performance_curve_pce_Control__Series_1.csv,a596e608f420934c56af3e3df27e92a8060c393d9fbd92961e17290a7e9d5747
F02218,1,10.1038/s41560-024-01579-7,final_data/x_time_h/10.1038_s41560-024-01579-7/Fig5_F_stability_performance_curve_pce/accepted/10.1038_s41560-024-01579-7_Fig5_F_stability_performance_curve_pce_Target__Series_2.csv,10.1038_s41560-024-01579-7/10.1038_s41560-024-01579-7_Fig5_F_stability_performance_curve_pce_Target__Series_2.csv,b339d0d614015ac41c581636f680068cb60a803dfd88d21d6303d1e15a5654bd
F02219,1,10.1038/s41560-024-01689-2,final_data/x_time_h/10.1038_s41560-024-01689-2/Fig4_G_mppt_stability_performance_curve_pce/accepted/10.1038_s41560-024-01689-2_Fig4_G_mppt_stability_performance_curve_pce_SAM_PCE_22.9%_@_t_=_0__Series_1.csv,10.1038_s41560-024-01689-2/10.1038_s41560-024-01689-2_Fig4_G_mppt_stability_performance_curve_pce_SAM_PCE_22.9%_@_t_=_0__Series_1.csv,4317db809410ae6f1bdea8734e2467983b1ab22da3aedbb8d52822ba1e8d5e3e
F02220,1,10.1038/s41563-024-01876-2,final_data/x_time_h/10.1038_s41563-024-01876-2/Fig4_A_jv_curve_stability_performance_pce/accepted/10.1038_s41563-024-01876-2_Fig4_A_jv_curve_stability_performance_pce_Bare_PVSK_film__Series_1.csv,10.1038_s41563-024-01876-2/10.1038_s41563-024-01876-2_Fig4_A_jv_curve_stability_performance_pce_Bare_PVSK_film__Series_1.csv,745b496eebd3ea0fae70a2eafe0ef04b745e54289c04f5c26f50f8c09f3aa42d
F02221,1,10.1038/s41563-025-02275-x,final_data/x_time_h/10.1038_s41563-025-02275-x/Fig4_J_jv_curve_stability_performance_pce/accepted/10.1038_s41563-025-02275-x_Fig4_J_jv_curve_stability_performance_pce_Control__Series_2.csv,10.1038_s41563-025-02275-x/10.1038_s41563-025-02275-x_Fig4_J_jv_curve_stability_performance_pce_Control__Series_2.csv,36a0b0e149c445123e909e3770c1ca9bea5fd1808f9f0af616f1058b46134d6e
F02222,1,10.1038/s41586-019-1357-2,final_data/x_time_h/10.1038_s41586-019-1357-2/Fig4_A_jv_curve_stability_performance_pce/accepted/10.1038_s41586-019-1357-2_Fig4_A_jv_curve_stability_performance_pce_Control_device__Series_2.csv,10.1038_s41586-019-1357-2/10.1038_s41586-019-1357-2_Fig4_A_jv_curve_stability_performance_pce_Control_device__Series_2.csv,568aca37929ab921c42e80f0dabcbde1526e15205856da515fd757f946f0d627
F02225,1,10.1038/s41586-024-08161-x,final_data/x_time_h/10.1038_s41586-024-08161-x/Fig1_A_stability_performance_curve_pce/accepted/10.1038_s41586-024-08161-x_Fig1_A_stability_performance_curve_pce_Average_values_(during_the_daytime)__Series_3.csv,10.1038_s41586-024-08161-x/10.1038_s41586-024-08161-x_Fig1_A_stability_performance_curve_pce_Average_values_(during_the_daytime)__Series_3.csv,8cc82d82a9c80adfd79c92c1b58b403e27f4b2b203b4193092db6e0532d20c77
F02228,1,10.1038/s41586-024-08161-x,"final_data/x_time_h/10.1038_s41586-024-08161-x/Fig1_C_stability_performance_curve_pce/accepted/10.1038_s41586-024-08161-x_Fig1_C_stability_performance_curve_pce_Cycling_thermal_stability_(RT_to_55°C,_recorded_at_55°C)__Series_2.csv","10.1038_s41586-024-08161-x/10.1038_s41586-024-08161-x_Fig1_C_stability_performance_curve_pce_Cycling_thermal_stability_(RT_to_55°C,_recorded_at_55°C)__Series_2.csv",54c902e365da0f5f6bcf2a1c390bc00f01d6576aef138ac8bfb10d46f2f654b4
F02229,1,10.1038/s41586-024-08161-x,final_data/x_time_h/10.1038_s41586-024-08161-x/Fig2_B_stability_performance_curve_pce/accepted/10.1038_s41586-024-08161-x_Fig2_B_stability_performance_curve_pce_Average_values_(during_the_daytime)__Series_3.csv,10.1038_s41586-024-08161-x/10.1038_s41586-024-08161-x_Fig2_B_stability_performance_curve_pce_Average_values_(during_the_daytime)__Series_3.csv,c4fd0ee2300c9da30b93cec717e4fef094fcf3ce97e317426b1c80420d15293d
F02230,1,10.1038/s41586-024-08161-x,final_data/x_time_h/10.1038_s41586-024-08161-x/Fig2_B_stability_performance_curve_pce/accepted/10.1038_s41586-024-08161-x_Fig2_B_stability_performance_curve_pce_Continuous-illumination_working_mode__Series_1.csv,10.1038_s41586-024-08161-x/10.1038_s41586-024-08161-x_Fig2_B_stability_performance_curve_pce_Continuous-illumination_working_mode__Series_1.csv,88620cf26b291ce2f05473ab3141e3c24466ae7cc665bb9c7d4bc70dac6351f1
F02232,1,10.1039/d1ee02454j,final_data/x_time_h/10.1039_d1ee02454j/Fig4_A_mppt_stability_performance_curve_pce/accepted/10.1039_d1ee02454j_Fig4_A_mppt_stability_performance_curve_pce_Control__Series_1.csv,10.1039_d1ee02454j/10.1039_d1ee02454j_Fig4_A_mppt_stability_performance_curve_pce_Control__Series_1.csv,aa585e9bf893455d460fccbc5670a619b0848b033e36d5efba611fd21deb124d
F02233,1,10.1039/d5ee02462e,final_data/x_time_h/10.1039_d5ee02462e/Fig3_C_mppt_stability_performance_curve_pce/accepted/10.1039_d5ee02462e_Fig3_C_mppt_stability_performance_curve_pce_Reference__Series_3.csv,10.1039_d5ee02462e/10.1039_d5ee02462e_Fig3_C_mppt_stability_performance_curve_pce_Reference__Series_3.csv,857dd6150572ff1b67be83bacfefad85c2a094d4830dd05b008096eaa50cd5cc
F02237,1,10.1126/science.aba1628,final_data/x_time_h/10.1126_science.aba1628/Fig3_D_stability_performance_curve_spectrum/accepted/10.1126_science.aba1628_Fig3_D_stability_performance_curve_spectrum_Ctrl__Series_2.csv,10.1126_science.aba1628/10.1126_science.aba1628_Fig3_D_stability_performance_curve_spectrum_Ctrl__Series_2.csv,b9651f3dd3ed0e7fd3c9511418ce3f9c1f760b749c64fd0b20f156558a0d100f
F02238,1,10.1126/science.aba1628,final_data/x_time_h/10.1126_science.aba1628/Fig3_D_stability_performance_curve_spectrum/accepted/10.1126_science.aba1628_Fig3_D_stability_performance_curve_spectrum_[BMP]+[BF4]-__Series_1.csv,10.1126_science.aba1628/10.1126_science.aba1628_Fig3_D_stability_performance_curve_spectrum_[BMP]+[BF4]-__Series_1.csv,29828670e34bf1a38e2a0d0c943762b576097a185903ec076a96980db1d63032
F02239,1,10.1126/science.adi4531,final_data/x_time_h/10.1126_science.adi4531/Fig1_A_stability_performance_curve_pce/accepted/10.1126_science.adi4531_Fig1_A_stability_performance_curve_pce_Outdoor__Series_1.csv,10.1126_science.adi4531/10.1126_science.adi4531_Fig1_A_stability_performance_curve_pce_Outdoor__Series_1.csv,91f7a28d4d9e001eeee6e3706edea6f3667ea1c1fe00a7b08aac2f3c895d1a9c
F02240,1,10.1126/science.adi4531,final_data/x_time_h/10.1126_science.adi4531/Fig4_H_stability_performance_curve/accepted/10.1126_science.adi4531_Fig4_H_stability_performance_curve_EtCz3EPA__Series_3.csv,10.1126_science.adi4531/10.1126_science.adi4531_Fig4_H_stability_performance_curve_EtCz3EPA__Series_3.csv,625e00999eec5f270dd7063cb4cf97b2480771a0502b054f2851b6a93d98e943
F02241,1,10.1126/science.adi4531,final_data/x_time_h/10.1126_science.adi4531/Fig4_H_stability_performance_curve/accepted/10.1126_science.adi4531_Fig4_H_stability_performance_curve_PTAA_BCP__Series_1.csv,10.1126_science.adi4531/10.1126_science.adi4531_Fig4_H_stability_performance_curve_PTAA_BCP__Series_1.csv,0c9185c5a4f827b6b28e68101ee2462a37adf05e817772f20b0cc0e6dff535fc
F02242,1,10.1126/science.adj9602,final_data/x_time_h/10.1126_science.adj9602/Fig2_C_stability_performance_curve/accepted/10.1126_science.adj9602_Fig2_C_stability_performance_curve_MeO-2PACz__Series_2.csv,10.1126_science.adj9602/10.1126_science.adj9602_Fig2_C_stability_performance_curve_MeO-2PACz__Series_2.csv,9aeb78b2f387aca2d3d4ada6a8e389483c55bc2633cd84fa7ee4c6f7fa6e26dc
F02243,1,10.1126/science.adq8385,final_data/x_time_h/10.1126_science.adq8385/Fig3_A_stability_performance_curve_pce/accepted/10.1126_science.adq8385_Fig3_A_stability_performance_curve_pce_Cgo-based_device_(encapsulated)__Series_1.csv,10.1126_science.adq8385/10.1126_science.adq8385_Fig3_A_stability_performance_curve_pce_Cgo-based_device_(encapsulated)__Series_1.csv,9dc56d06a69e6dd6630f78c8af7c27f45d0b9a2c5db085580df7f5ae4afccc0f
F02244,1,10.1016/j.joule.2019.08.023,final_data/x_time_min/10.1016_j.joule.2019.08.023/Fig5_C_stability_performance_curve_pce/accepted/10.1016_j.joule.2019.08.023_Fig5_C_stability_performance_curve_pce_0%PPAI__Series_1.csv,10.1016_j.joule.2019.08.023/10.1016_j.joule.2019.08.023_Fig5_C_stability_performance_curve_pce_0%PPAI__Series_1.csv,3bdc24807f277791760e757fa526cc41c6bdd22fb5bc13266cd009dee1510552
F02245,1,10.1016/j.joule.2019.08.023,final_data/x_time_min/10.1016_j.joule.2019.08.023/Fig5_C_stability_performance_curve_pce/accepted/10.1016_j.joule.2019.08.023_Fig5_C_stability_performance_curve_pce_15%PPAI__Series_2.csv,10.1016_j.joule.2019.08.023/10.1016_j.joule.2019.08.023_Fig5_C_stability_performance_curve_pce_15%PPAI__Series_2.csv,9a90831b9365369c17373e4641a3668369f79d439ccb083f87080533f201e222
F02247,1,10.1038/s41467-018-05454-4,final_data/x_time_min/10.1038_s41467-018-05454-4/Fig5_B_mppt_stability_performance_curve_pce/accepted/10.1038_s41467-018-05454-4_Fig5_B_mppt_stability_performance_curve_pce_Control__Series_1.csv,10.1038_s41467-018-05454-4/10.1038_s41467-018-05454-4_Fig5_B_mppt_stability_performance_curve_pce_Control__Series_1.csv,35ba2e43dadfbc49d2f669052d23deb55d82e86d74fed4703f7aaac16e20f0ea
F02248,1,10.1038/s41467-018-05454-4,final_data/x_time_min/10.1038_s41467-018-05454-4/Fig5_B_mppt_stability_performance_curve_pce/accepted/10.1038_s41467-018-05454-4_Fig5_B_mppt_stability_performance_curve_pce_Target__Series_2.csv,10.1038_s41467-018-05454-4/10.1038_s41467-018-05454-4_Fig5_B_mppt_stability_performance_curve_pce_Target__Series_2.csv,00ae01ad364757052dbc6bdc90f0b04326d6c678bbbcf9f9bdee9ab5f27d67a4
F02249,1,10.1039/d2ta02352k,final_data/x_time_min/10.1039_d2ta02352k/Fig2_D_stability_performance_curve_pce/accepted/10.1039_d2ta02352k_Fig2_D_stability_performance_curve_pce_20_%__Series_4.csv,10.1039_d2ta02352k/10.1039_d2ta02352k_Fig2_D_stability_performance_curve_pce_20_%__Series_4.csv,1393a079cb750289931541a7983c704ef25c923433d5c0b2e59552f4793e3005
F02250,1,10.1039/d2ta02352k,final_data/x_time_min/10.1039_d2ta02352k/Fig2_D_stability_performance_curve_pce/accepted/10.1039_d2ta02352k_Fig2_D_stability_performance_curve_pce_60_%__Series_2.csv,10.1039_d2ta02352k/10.1039_d2ta02352k_Fig2_D_stability_performance_curve_pce_60_%__Series_2.csv,e340607abecd8bd757173211314e967315007e7857ad6591cd527480ec795c72
