curve_id,source_group,source_csv,normalized_csv,distinct_observations,evidence_tier
F00001,10.1002/adfm.201705545,data_all/x_time_day/10.1002_adfm.201705545/Fig11_B_stability_performance_curve/accepted/10.1002_adfm.201705545__Fig11__B__stability_performance_curve__PSC-0.1__Series_1.csv,points/F00001.csv,10,more_observations
F00002,10.1002/adfm.201705545,data_all/x_time_day/10.1002_adfm.201705545/Fig11_B_stability_performance_curve/accepted/10.1002_adfm.201705545__Fig11__B__stability_performance_curve__PSC-0.25__Series_3.csv,points/F00002.csv,10,more_observations
F00003,10.1002/adfm.201705545,data_all/x_time_day/10.1002_adfm.201705545/Fig11_B_stability_performance_curve/accepted/10.1002_adfm.201705545__Fig11__B__stability_performance_curve__PSC-0.5__Series_4.csv,points/F00003.csv,10,more_observations
F00004,10.1002/adfm.201705545,data_all/x_time_day/10.1002_adfm.201705545/Fig11_B_stability_performance_curve/accepted/10.1002_adfm.201705545__Fig11__B__stability_performance_curve__PSC-0__Series_2.csv,points/F00004.csv,10,more_observations
F00005,10.1002/adfm.201801654,data_all/x_time_day/10.1002_adfm.201801654/Fig4_F_stability_performance_curve_pce/accepted/10.1002_adfm.201801654__Fig4__F__stability_performance_curve_pce__Control_MAPbl__Series_1.csv,points/F00005.csv,19,more_observations
F00008,10.1002/adfm.201804128,data_all/x_time_day/10.1002_adfm.201804128/Fig8_C_stability_performance_curve_decay/accepted/10.1002_adfm.201804128__Fig8__C__stability_performance_curve_decay__PCE__Series_2.csv,points/F00008.csv,17,more_observations
F00011,10.1002/adfm.201807556,data_all/x_time_day/10.1002_adfm.201807556/Fig6_A_stability_performance_curve_ff/accepted/10.1002_adfm.201807556__Fig6__A__stability_performance_curve_ff__PEDOT_PSS-controlled__Series_2.csv,points/F00011.csv,15,more_observations
F00012,10.1002/adfm.201807556,data_all/x_time_day/10.1002_adfm.201807556/Fig6_A_stability_performance_curve_ff/accepted/10.1002_adfm.201807556__Fig6__A__stability_performance_curve_ff__PTAA-controlled__Series_1.csv,points/F00012.csv,15,more_observations
F00013,10.1002/adfm.201807556,data_all/x_time_day/10.1002_adfm.201807556/Fig6_A_stability_performance_curve_ff/accepted/10.1002_adfm.201807556__Fig6__A__stability_performance_curve_ff__TFB-controlled__Series_3.csv,points/F00013.csv,15,more_observations
F00014,10.1002/adfm.201807604,data_all/x_time_day/10.1002_adfm.201807604/Fig5_A_stability/accepted/10.1002_adfm.201807604__Fig5__A__stability__AD-SnO₂__Series_1.csv,points/F00014.csv,17,more_observations
F00015,10.1002/adfm.201807604,data_all/x_time_day/10.1002_adfm.201807604/Fig5_A_stability/accepted/10.1002_adfm.201807604__Fig5__A__stability__TA-SnO2__Series_2.csv,points/F00015.csv,16,more_observations
F00016,10.1002/adfm.201807850,data_all/x_time_day/10.1002_adfm.201807850/Fig7_E_stability_performance_curve/accepted/10.1002_adfm.201807850__Fig7__E__stability_performance_curve__w_o_NbF₅__Series_1.csv,points/F00016.csv,8,more_observations
F00017,10.1002/adfm.201900221,data_all/x_time_day/10.1002_adfm.201900221/Fig5_D_stability_performance_curve_pce/accepted/10.1002_adfm.201900221__Fig5__D__stability_performance_curve_pce__F-PEAI__Series_2.csv,points/F00017.csv,13,more_observations
F00018,10.1002/adfm.201900221,data_all/x_time_day/10.1002_adfm.201900221/Fig5_D_stability_performance_curve_pce/accepted/10.1002_adfm.201900221__Fig5__D__stability_performance_curve_pce__PEAI__Series_1.csv,points/F00018.csv,13,more_observations
F00019,10.1002/adfm.202000778,data_all/x_time_day/10.1002_adfm.202000778/Fig6_C_stability_performance_curve/accepted/10.1002_adfm.202000778__Fig6__C__stability_performance_curve__MAPbI₃__Series_1.csv,points/F00019.csv,8,more_observations
F00020,10.1002/adfm.202000778,data_all/x_time_day/10.1002_adfm.202000778/Fig6_D_stability_performance_curve_pce/accepted/10.1002_adfm.202000778__Fig6__D__stability_performance_curve_pce__MAPbI₃__Series_2.csv,points/F00020.csv,25,more_observations
F00021,10.1002/adfm.202001418,data_all/x_time_day/10.1002_adfm.202001418/Fig6_A_stability_performance_curve_pce/accepted/10.1002_adfm.202001418__Fig6__A__stability_performance_curve_pce__T—ITO_PCgBM__Series_1.csv,points/F00021.csv,11,more_observations
F00022,10.1002/adfm.202001557,data_all/x_time_day/10.1002_adfm.202001557/Fig4_B_pce/accepted/10.1002_adfm.202001557__Fig4__B__pce__perovskite__Series_1.csv,points/F00022.csv,32,more_observations
F00024,10.1002/adfm.202008052,data_all/x_time_day/10.1002_adfm.202008052/Fig7_G_decay/accepted/10.1002_adfm.202008052__Fig7__G__decay__W_MoOx__Series_2.csv,points/F00024.csv,13,more_observations
F00025,10.1002/adfm.202008052,data_all/x_time_day/10.1002_adfm.202008052/Fig7_G_decay/accepted/10.1002_adfm.202008052__Fig7__G__decay__W_o_MoOx__Series_1.csv,points/F00025.csv,14,more_observations
F00026,10.1002/adfm.202101568,data_all/x_time_day/10.1002_adfm.202101568/Fig6_F_stability_performance_curve_pce/accepted/10.1002_adfm.202101568__Fig6__F__stability_performance_curve_pce__Without_HOCP__Series_2.csv,points/F00026.csv,12,more_observations
F00027,10.1002/adfm.202106560,data_all/x_time_day/10.1002_adfm.202106560/Fig4_A_stability_performance_curve_pce/accepted/10.1002_adfm.202106560__Fig4__A__stability_performance_curve_pce__FASnl-based_perovskite_with_HTL__Series_1.csv,points/F00027.csv,11,more_observations
F00030,10.1002/adfm.202204450,data_all/x_time_day/10.1002_adfm.202204450/Fig1_F_stability/accepted/10.1002_adfm.202204450__Fig1__F__stability__Control__Series_1.csv,points/F00030.csv,22,more_observations
F00031,10.1002/adma.201606806,data_all/x_time_day/10.1002_adma.201606806/Fig5_A_stability_performance_curve_pce/accepted/10.1002_adma.201606806__Fig5__A__stability_performance_curve_pce__Control__Series_1.csv,points/F00031.csv,10,more_observations
F00032,10.1002/adma.201606806,data_all/x_time_day/10.1002_adma.201606806/Fig5_A_stability_performance_curve_pce/accepted/10.1002_adma.201606806__Fig5__A__stability_performance_curve_pce__PCBM__Series_2.csv,points/F00032.csv,10,more_observations
F00033,10.1002/adma.201700607,data_all/x_time_day/10.1002_adma.201700607/Fig2_F_stability_performance_curve_pce/accepted/10.1002_adma.201700607__Fig2__F__stability_performance_curve_pce__ICBA-mixture__Series_1.csv,points/F00033.csv,16,more_observations
F00034,10.1002/adma.201706975,data_all/x_time_day/10.1002_adma.201706975/Fig4_A_stability_performance_curve/accepted/10.1002_adma.201706975__Fig4__A__stability_performance_curve__TiO2__Series_2.csv,points/F00034.csv,26,more_observations
F00035,10.1002/adma.201900605,data_all/x_time_day/10.1002_adma.201900605/Fig5_F_stability_performance_curve_pce/accepted/10.1002_adma.201900605__Fig5__F__stability_performance_curve_pce__CsPbl__Series_2.csv,points/F00035.csv,14,more_observations
F00036,10.1002/adma.201902902,data_all/x_time_day/10.1002_adma.201902902/Fig6_D_stability_performance_curve_pce/accepted/10.1002_adma.201902902__Fig6__D__stability_performance_curve_pce__1TSnO₂__Series_1.csv,points/F00036.csv,11,more_observations
F00038,10.1002/adma.201907864,data_all/x_time_day/10.1002_adma.201907864/Fig1_F_stability_performance_curve_pce/accepted/10.1002_adma.201907864__Fig1__F__stability_performance_curve_pce__1%_H₂O__Series_3.csv,points/F00038.csv,12,more_observations
F00039,10.1002/adma.201907864,data_all/x_time_day/10.1002_adma.201907864/Fig1_F_stability_performance_curve_pce/accepted/10.1002_adma.201907864__Fig1__F__stability_performance_curve_pce__Reference__Series_2.csv,points/F00039.csv,12,more_observations
F00040,10.1002/admi.201800499,data_all/x_time_day/10.1002_admi.201800499/Fig6_E_stability_performance_curve_pce/accepted/10.1002_admi.201800499__Fig6__E__stability_performance_curve_pce__Without_CF_film__Series_2.csv,points/F00040.csv,34,more_observations
F00041,10.1002/admi.201900939,data_all/x_time_day/10.1002_admi.201900939/Fig11_D_pce/accepted/10.1002_admi.201900939__Fig11__D__pce__Standard__Series_2.csv,points/F00041.csv,13,more_observations
F00042,10.1002/admi.202101463,data_all/x_time_day/10.1002_admi.202101463/Fig7_B_stability_performance_curve_pce/accepted/10.1002_admi.202101463__Fig7__B__stability_performance_curve_pce__Pristine__Series_1.csv,points/F00042.csv,16,more_observations
F00043,10.1002/advs.201700025,data_all/x_time_day/10.1002_advs.201700025/Fig7_whole_stability/accepted/10.1002_advs.201700025__Fig7__whole__stability__w_oBDTS-2DPP__Series_2.csv,points/F00043.csv,79,more_observations
F00044,10.1002/advs.201801715,data_all/x_time_day/10.1002_advs.201801715/Fig5_A_sem_image_stability_performance_curve_pce/accepted/10.1002_advs.201801715__Fig5__A__sem_image_stability_performance_curve_pce__Control__Series_1.csv,points/F00044.csv,26,more_observations
F00046,10.1002/advs.202101418,data_all/x_time_day/10.1002_advs.202101418/Fig5_A_stability_performance_curve_pce/accepted/10.1002_advs.202101418__Fig5__A__stability_performance_curve_pce__W_o_Ti₃C2C1x__Series_1.csv,points/F00046.csv,12,more_observations
F00047,10.1002/aenm.201501354,data_all/x_time_day/10.1002_aenm.201501354/Fig9_C_stability_performance_curve/accepted/10.1002_aenm.201501354__Fig9__C__stability_performance_curve__Device_based_on_C-PbI₂__Series_1.csv,points/F00047.csv,11,more_observations
F00050,10.1002/aenm.201602556,data_all/x_time_day/10.1002_aenm.201602556/Fig7_A_stability_performance_curve/accepted/10.1002_aenm.201602556__Fig7__A__stability_performance_curve__doped_Spiro-OMeTAD__Series_1.csv,points/F00050.csv,18,more_observations
F00051,10.1002/aenm.201700226,data_all/x_time_day/10.1002_aenm.201700226/Fig4_A_stability_performance_curve_pce/accepted/10.1002_aenm.201700226__Fig4__A__stability_performance_curve_pce__★1-TiO2__Series_3.csv,points/F00051.csv,44,more_observations
F00052,10.1002/aenm.201700683,data_all/x_time_day/10.1002_aenm.201700683/Fig5_A_stability_performance_curve_pce/accepted/10.1002_aenm.201700683__Fig5__A__stability_performance_curve_pce__Spiro-OMeTAD__Series_1.csv,points/F00052.csv,12,more_observations
F00054,10.1002/aenm.201702960,data_all/x_time_day/10.1002_aenm.201702960/Fig5_F_stability_performance_curve/accepted/10.1002_aenm.201702960__Fig5__F__stability_performance_curve__Pristine__Series_1.csv,points/F00054.csv,14,more_observations
F00055,10.1002/aenm.201703392,data_all/x_time_day/10.1002_aenm.201703392/Fig6_C_stability_performance_curve/accepted/10.1002_aenm.201703392__Fig6__C__stability_performance_curve__Reference__Series_1.csv,points/F00055.csv,16,more_observations
F00057,10.1002/aenm.201800715,data_all/x_time_day/10.1002_aenm.201800715/Fig6_D_stability_performance_curve_pce/accepted/10.1002_aenm.201800715__Fig6__D__stability_performance_curve_pce__W_OAQ310__Series_1.csv,points/F00057.csv,19,more_observations
F00059,10.1002/aenm.201803766,data_all/x_time_day/10.1002_aenm.201803766/Fig4_F_stability_performance_curve_pce/accepted/10.1002_aenm.201803766__Fig4__F__stability_performance_curve_pce__Control__Series_1.csv,points/F00059.csv,20,more_observations
F00060,10.1002/aenm.201803766,data_all/x_time_day/10.1002_aenm.201803766/Fig4_F_stability_performance_curve_pce/accepted/10.1002_aenm.201803766__Fig4__F__stability_performance_curve_pce__SP1__Series_2.csv,points/F00060.csv,19,more_observations
F00061,10.1002/aenm.201803766,data_all/x_time_day/10.1002_aenm.201803766/Fig4_F_stability_performance_curve_pce/accepted/10.1002_aenm.201803766__Fig4__F__stability_performance_curve_pce__SP3__Series_3.csv,points/F00061.csv,19,more_observations
F00062,10.1002/aenm.201903013,data_all/x_time_day/10.1002_aenm.201903013/Fig5_E_stability_performance_curve_pce/accepted/10.1002_aenm.201903013__Fig5__E__stability_performance_curve_pce__Reference__Series_1.csv,points/F00062.csv,18,more_observations
F00063,10.1002/aenm.201903299,data_all/x_time_day/10.1002_aenm.201903299/Fig6_C_stability_performance_curve_pce/accepted/10.1002_aenm.201903299__Fig6__C__stability_performance_curve_pce__0%__Series_2.csv,points/F00063.csv,9,more_observations
F00066,10.1002/aenm.202101416,data_all/x_time_day/10.1002_aenm.202101416/Fig4_F_stability_performance_curve/accepted/10.1002_aenm.202101416__Fig4__F__stability_performance_curve__SnO₂__Series_1.csv,points/F00066.csv,14,more_observations
F00070,10.1002/anie.202105512,data_all/x_time_day/10.1002_anie.202105512/Fig4_D_stability_performance_curve_pce_photovoltaic_parameter/accepted/10.1002_anie.202105512__Fig4__D__stability_performance_curve_pce_photovoltaic_parameter__Control_Device__Series_2.csv,points/F00070.csv,11,more_observations
F00071,10.1002/chem.201703382,data_all/x_time_day/10.1002_chem.201703382/Fig5_A_stability_performance_curve_pce/accepted/10.1002_chem.201703382__Fig5__A__stability_performance_curve_pce__PCBM+PMMA1__Series_4.csv,points/F00071.csv,12,more_observations
F00072,10.1002/chem.201703382,data_all/x_time_day/10.1002_chem.201703382/Fig5_A_stability_performance_curve_pce/accepted/10.1002_chem.201703382__Fig5__A__stability_performance_curve_pce__PCBM+PMMA2__Series_1.csv,points/F00072.csv,11,more_observations
F00073,10.1002/chem.201703382,data_all/x_time_day/10.1002_chem.201703382/Fig5_A_stability_performance_curve_pce/accepted/10.1002_chem.201703382__Fig5__A__stability_performance_curve_pce__PCBM+PMMA3__Series_3.csv,points/F00073.csv,10,more_observations
F00074,10.1002/chem.201703382,data_all/x_time_day/10.1002_chem.201703382/Fig5_A_stability_performance_curve_pce/accepted/10.1002_chem.201703382__Fig5__A__stability_performance_curve_pce__PCBM__Series_2.csv,points/F00074.csv,11,more_observations
F00076,10.1002/cnma.201800064,data_all/x_time_day/10.1002_cnma.201800064/Fig6_B_stability_performance_curve/accepted/10.1002_cnma.201800064__Fig6__B__stability_performance_curve__(a)MAPbl₃__Series_1.csv,points/F00076.csv,31,more_observations
F00077,10.1002/cssc.201600887,data_all/x_time_day/10.1002_cssc.201600887/Fig6_whole_stability/accepted/10.1002_cssc.201600887__Fig6__whole__stability__D-0_in_ambient_atm__Series_3.csv,points/F00077.csv,15,more_observations
F00078,10.1002/cssc.201600887,data_all/x_time_day/10.1002_cssc.201600887/Fig6_whole_stability/accepted/10.1002_cssc.201600887__Fig6__whole__stability__−−D-0_in_glove_box__Series_1.csv,points/F00078.csv,14,more_observations
F00079,10.1002/cssc.201600887,data_all/x_time_day/10.1002_cssc.201600887/Fig7_D_photovoltaic_parameter/accepted/10.1002_cssc.201600887__Fig7__D__photovoltaic_parameter__D-0__Series_2.csv,points/F00079.csv,15,more_observations
F00080,10.1002/cssc.201600887,data_all/x_time_day/10.1002_cssc.201600887/Fig7_D_photovoltaic_parameter/accepted/10.1002_cssc.201600887__Fig7__D__photovoltaic_parameter__D-5__Series_3.csv,points/F00080.csv,15,more_observations
F00081,10.1002/cssc.201700271,data_all/x_time_day/10.1002_cssc.201700271/Fig5_C_stability_performance_curve_pce/accepted/10.1002_cssc.201700271__Fig5__C__stability_performance_curve_pce__Device_without_PVP__Series_2.csv,points/F00081.csv,17,more_observations
F00082,10.1002/cssc.201700603,data_all/x_time_day/10.1002_cssc.201700603/Fig5_B_stability_performance_curve_pce/accepted/10.1002_cssc.201700603__Fig5__B__stability_performance_curve_pce__0__Series_4.csv,points/F00082.csv,26,more_observations
F00083,10.1002/cssc.201700603,data_all/x_time_day/10.1002_cssc.201700603/Fig5_B_stability_performance_curve_pce/accepted/10.1002_cssc.201700603__Fig5__B__stability_performance_curve_pce__5__Series_1.csv,points/F00083.csv,26,more_observations
F00084,10.1002/cssc.201702265,data_all/x_time_day/10.1002_cssc.201702265/Fig3_A_pce/accepted/10.1002_cssc.201702265__Fig3__A__pce__MAPbI₃_+_10%_F1_0.5_mmol__Series_1.csv,points/F00084.csv,33,more_observations
F00085,10.1002/cssc.201702265,data_all/x_time_day/10.1002_cssc.201702265/Fig3_A_pce/accepted/10.1002_cssc.201702265__Fig3__A__pce__Reference__Series_2.csv,points/F00085.csv,33,more_observations
F00086,10.1002/cssc.201702265,data_all/x_time_day/10.1002_cssc.201702265/Fig3_B_pce/accepted/10.1002_cssc.201702265__Fig3__B__pce__MAPbl+10%F20.5mmol3__Series_1.csv,points/F00086.csv,33,more_observations
F00087,10.1002/cssc.201702265,data_all/x_time_day/10.1002_cssc.201702265/Fig3_B_pce/accepted/10.1002_cssc.201702265__Fig3__B__pce__MAPbl+10%F3_0.5mmol3__Series_3.csv,points/F00087.csv,33,more_observations
F00088,10.1002/cssc.201702265,data_all/x_time_day/10.1002_cssc.201702265/Fig3_B_pce/accepted/10.1002_cssc.201702265__Fig3__B__pce__Reference__Series_2.csv,points/F00088.csv,33,more_observations
F00089,10.1002/cssc.201702265,data_all/x_time_day/10.1002_cssc.201702265/Fig3_C_pce/accepted/10.1002_cssc.201702265__Fig3__C__pce__MAPbI₃_+_10%_C₆₀__Series_3.csv,points/F00089.csv,19,more_observations
F00090,10.1002/cssc.201702265,data_all/x_time_day/10.1002_cssc.201702265/Fig3_C_pce/accepted/10.1002_cssc.201702265__Fig3__C__pce__MAPbI₃_+_5%_C₆₀__Series_1.csv,points/F00090.csv,20,more_observations
F00091,10.1002/cssc.201702265,data_all/x_time_day/10.1002_cssc.201702265/Fig3_C_pce/accepted/10.1002_cssc.201702265__Fig3__C__pce__Reference__Series_2.csv,points/F00091.csv,17,more_observations
F00092,10.1002/cssc.201902165,data_all/x_time_day/10.1002_cssc.201902165/Fig6_B_stability_performance_curve_pce_mapping/accepted/10.1002_cssc.201902165__Fig6__B__stability_performance_curve_pce_mapping__TiO2_NPs__Series_2.csv,points/F00092.csv,17,more_observations
F00093,10.1002/cssc.201903025,data_all/x_time_day/10.1002_cssc.201903025/Fig7_A_stability_performance_curve_pce/accepted/10.1002_cssc.201903025__Fig7__A__stability_performance_curve_pce__NiO_NCs__Series_1.csv,points/F00093.csv,17,more_observations
F00094,10.1002/cssc.201903025,data_all/x_time_day/10.1002_cssc.201903025/Fig7_A_stability_performance_curve_pce/accepted/10.1002_cssc.201903025__Fig7__A__stability_performance_curve_pce__NiO_NWs_DEA__Series_3.csv,points/F00094.csv,18,more_observations
F00095,10.1002/cssc.201903025,data_all/x_time_day/10.1002_cssc.201903025/Fig7_A_stability_performance_curve_pce/accepted/10.1002_cssc.201903025__Fig7__A__stability_performance_curve_pce__NiO_NWs__Series_2.csv,points/F00095.csv,18,more_observations
F00097,10.1002/ente.201800378,data_all/x_time_day/10.1002_ente.201800378/Fig9_C_jv_curve_stability_performance_pce_jsc/accepted/10.1002_ente.201800378__Fig9__C__jv_curve_stability_performance_pce_jsc__W_O_PVB__Series_1.csv,points/F00097.csv,44,more_observations
F00098,10.1002/ente.201800378,data_all/x_time_day/10.1002_ente.201800378/Fig9_C_jv_curve_stability_performance_pce_jsc/accepted/10.1002_ente.201800378__Fig9__C__jv_curve_stability_performance_pce_jsc__With_PVB__Series_2.csv,points/F00098.csv,44,more_observations
F00099,10.1002/ente.201900990,data_all/x_time_day/10.1002_ente.201900990/Fig6_whole_stability/accepted/10.1002_ente.201900990__Fig6__whole__stability__Standard__Series_1.csv,points/F00099.csv,33,more_observations
F00100,10.1002/ente.202200761,data_all/x_time_day/10.1002_ente.202200761/Fig5_F_stability_performance_curve/accepted/10.1002_ente.202200761__Fig5__F__stability_performance_curve__Pristine__Series_1.csv,points/F00100.csv,11,more_observations
F00101,10.1002/ente.202200761,data_all/x_time_day/10.1002_ente.202200761/Fig5_F_stability_performance_curve/accepted/10.1002_ente.202200761__Fig5__F__stability_performance_curve__→—Brij_30__Series_2.csv,points/F00101.csv,11,more_observations
F00102,10.1002/pc.25527,data_all/x_time_day/10.1002_pc.25527/Fig9_D_stability_performance_curve/accepted/10.1002_pc.25527__Fig9__D__stability_performance_curve__based_on_Ag_CuO_Nfs_PEDOT_PSS__Series_2.csv,points/F00102.csv,15,more_observations
F00103,10.1002/pc.25527,data_all/x_time_day/10.1002_pc.25527/Fig9_D_stability_performance_curve/accepted/10.1002_pc.25527__Fig9__D__stability_performance_curve__based_on_PEDOT_PSS__Series_1.csv,points/F00103.csv,16,more_observations
F00105,10.1002/smll.201904387,data_all/x_time_day/10.1002_smll.201904387/Fig5_A_stability_performance_curve_pce/accepted/10.1002_smll.201904387__Fig5__A__stability_performance_curve_pce__0-Control__Series_1.csv,points/F00105.csv,18,more_observations
F00106,10.1002/smll.202004778,data_all/x_time_day/10.1002_smll.202004778/Fig4_A_stability_performance_curve_pce/accepted/10.1002_smll.202004778__Fig4__A__stability_performance_curve_pce__TiO2CL__Series_1.csv,points/F00106.csv,12,more_observations
F00107,10.1002/smll.202004778,data_all/x_time_day/10.1002_smll.202004778/Fig4_A_stability_performance_curve_pce/accepted/10.1002_smll.202004778__Fig4__A__stability_performance_curve_pce__TiO2_CL+Ti_100-NaPA@TiO2__Series_2.csv,points/F00107.csv,13,more_observations
F00109,10.1002/smtd.201900449,data_all/x_time_day/10.1002_smtd.201900449/Fig5_C_stability_performance_curve_pce/accepted/10.1002_smtd.201900449__Fig5__C__stability_performance_curve_pce__Ag__Series_1.csv,points/F00109.csv,67,more_observations
F00110,10.1002/smtd.201900476,data_all/x_time_day/10.1002_smtd.201900476/Fig5_C_stability_performance_curve_pce/accepted/10.1002_smtd.201900476__Fig5__C__stability_performance_curve_pce__SnO₂__Series_2.csv,points/F00110.csv,13,more_observations
F00111,10.1002/smtd.202001090,data_all/x_time_day/10.1002_smtd.202001090/Fig5_E_stability_performance_curve_pce/accepted/10.1002_smtd.202001090__Fig5__E__stability_performance_curve_pce__MAPbI₃__Series_2.csv,points/F00111.csv,14,more_observations
F00112,10.1002/solr.201700096,data_all/x_time_day/10.1002_solr.201700096/Fig7_whole_stability/accepted/10.1002_solr.201700096__Fig7__whole__stability__BTPA-4__Series_3.csv,points/F00112.csv,54,more_observations
F00113,10.1002/solr.201700096,data_all/x_time_day/10.1002_solr.201700096/Fig7_whole_stability/accepted/10.1002_solr.201700096__Fig7__whole__stability__BTPA-5__Series_2.csv,points/F00113.csv,53,more_observations
F00114,10.1002/solr.201700096,data_all/x_time_day/10.1002_solr.201700096/Fig7_whole_stability/accepted/10.1002_solr.201700096__Fig7__whole__stability__BTPA-6__Series_1.csv,points/F00114.csv,53,more_observations
F00115,10.1002/solr.201700096,data_all/x_time_day/10.1002_solr.201700096/Fig7_whole_stability/accepted/10.1002_solr.201700096__Fig7__whole__stability__spiro-OMeTAD__Series_4.csv,points/F00115.csv,54,more_observations
F00116,10.1002/solr.201700125,data_all/x_time_day/10.1002_solr.201700125/Fig6_A_stability_performance_curve_pce/accepted/10.1002_solr.201700125__Fig6__A__stability_performance_curve_pce__3D_PSCs__Series_1.csv,points/F00116.csv,22,more_observations
F00117,10.1002/solr.201700125,data_all/x_time_day/10.1002_solr.201700125/Fig6_A_stability_performance_curve_pce/accepted/10.1002_solr.201700125__Fig6__A__stability_performance_curve_pce__MDMC_PSCs_n=30__Series_2.csv,points/F00117.csv,22,more_observations
F00118,10.1002/solr.201700245,data_all/x_time_day/10.1002_solr.201700245/Fig6_whole_stability_performance_curve_pce/accepted/10.1002_solr.201700245__Fig6__whole__stability_performance_curve_pce__without_CrOX_layer__Series_2.csv,points/F00118.csv,16,more_observations
F00119,10.1002/solr.201800034,data_all/x_time_day/10.1002_solr.201800034/Fig10_B_stability_performance_curve_pce/accepted/10.1002_solr.201800034__Fig10__B__stability_performance_curve_pce__TU-0__Series_2.csv,points/F00119.csv,18,more_observations
F00120,10.1002/solr.201800066,data_all/x_time_day/10.1002_solr.201800066/Fig5_A_pce/accepted/10.1002_solr.201800066__Fig5__A__pce__W_O_PbAc2__Series_1.csv,points/F00120.csv,24,more_observations
F00121,10.1002/solr.201800205,data_all/x_time_day/10.1002_solr.201800205/Fig3_A_stability_performance_curve_pce/accepted/10.1002_solr.201800205__Fig3__A__stability_performance_curve_pce__FTO_PTCA__Series_1.csv,points/F00121.csv,14,more_observations
F00122,10.1002/solr.201800205,data_all/x_time_day/10.1002_solr.201800205/Fig3_A_stability_performance_curve_pce/accepted/10.1002_solr.201800205__Fig3__A__stability_performance_curve_pce__FTO__Series_2.csv,points/F00122.csv,14,more_observations
F00123,10.1002/solr.201800216,data_all/x_time_day/10.1002_solr.201800216/Fig4_C_image/accepted/10.1002_solr.201800216__Fig4__C__image__PEAI-1__Series_1.csv,points/F00123.csv,26,more_observations
F00124,10.1002/solr.201800216,data_all/x_time_day/10.1002_solr.201800216/Fig4_C_image/accepted/10.1002_solr.201800216__Fig4__C__image__Pristine__Series_2.csv,points/F00124.csv,26,more_observations
F00125,10.1002/solr.201800232,data_all/x_time_day/10.1002_solr.201800232/Fig4_D_stability_performance_curve_pce/accepted/10.1002_solr.201800232__Fig4__D__stability_performance_curve_pce__Spiro-OMeTAD_Devices__Series_1.csv,points/F00125.csv,9,more_observations
F00126,10.1002/solr.201800240,data_all/x_time_day/10.1002_solr.201800240/Fig6_E_stability_performance_curve/accepted/10.1002_solr.201800240__Fig6__E__stability_performance_curve__ZnO_based_PSCs__Series_1.csv,points/F00126.csv,19,more_observations
F00127,10.1002/solr.201800338,"data_all/x_time_day/10.1002_solr.201800338/Fig2_D_stability_performance_curve_pce/accepted/10.1002_solr.201800338__Fig2__D__stability_performance_curve_pce__DMSO-molecule-control,_1cm²_device__Series_2.csv",points/F00127.csv,9,more_observations
F00128,10.1002/solr.201800338,"data_all/x_time_day/10.1002_solr.201800338/Fig2_D_stability_performance_curve_pce/accepted/10.1002_solr.201800338__Fig2__D__stability_performance_curve_pce__Pristine,_1cm²_device__Series_1.csv",points/F00128.csv,9,more_observations
F00129,10.1002/solr.201800352,data_all/x_time_day/10.1002_solr.201800352/Fig5_A_stability_performance_curve_pce/accepted/10.1002_solr.201800352__Fig5__A__stability_performance_curve_pce__Spiro-OMeTAD_(doped)__Series_1.csv,points/F00129.csv,18,more_observations
F00130,10.1002/solr.201900207,data_all/x_time_day/10.1002_solr.201900207/Fig4_A_stability_performance_curve_pce/accepted/10.1002_solr.201900207__Fig4__A__stability_performance_curve_pce__PCBM__Series_1.csv,points/F00130.csv,18,more_observations
F00131,10.1002/solr.201900249,data_all/x_time_day/10.1002_solr.201900249/Fig1_C_stability_performance_curve_pce/accepted/10.1002_solr.201900249__Fig1__C__stability_performance_curve_pce__o—pero-pristine__Series_1.csv,points/F00131.csv,18,more_observations
F00132,10.1002/solr.201900249,data_all/x_time_day/10.1002_solr.201900249/Fig6_E_stability_performance_curve_pce/accepted/10.1002_solr.201900249__Fig6__E__stability_performance_curve_pce__pero-pristine__Series_1.csv,points/F00132.csv,20,more_observations
F00133,10.1002/solr.201900336,data_all/x_time_day/10.1002_solr.201900336/Fig5_D_stability_performance_curve_pce/accepted/10.1002_solr.201900336__Fig5__D__stability_performance_curve_pce__o—SnO₂__Series_2.csv,points/F00133.csv,8,more_observations
F00134,10.1002/solr.201900457,data_all/x_time_day/10.1002_solr.201900457/Fig5_D_stability_performance_curve_pce/accepted/10.1002_solr.201900457__Fig5__D__stability_performance_curve_pce__CsPb0.5Sn0.5I2Br__Series_1.csv,points/F00134.csv,9,more_observations
F00135,10.1002/solr.202000206,data_all/x_time_day/10.1002_solr.202000206/Fig7_A_stability_performance_curve_pce/accepted/10.1002_solr.202000206__Fig7__A__stability_performance_curve_pce__PEDOT_PSS__Series_2.csv,points/F00135.csv,11,more_observations
F00138,10.1002/solr.202000490,data_all/x_time_day/10.1002_solr.202000490/Fig2_F_stability_performance_curve_pce/accepted/10.1002_solr.202000490__Fig2__F__stability_performance_curve_pce__PS__Series_3.csv,points/F00138.csv,46,more_observations
F00139,10.1002/solr.202000490,data_all/x_time_day/10.1002_solr.202000490/Fig2_F_stability_performance_curve_pce/accepted/10.1002_solr.202000490__Fig2__F__stability_performance_curve_pce__Pristine__Series_1.csv,points/F00139.csv,45,more_observations
F00140,10.1002/solr.202000491,data_all/x_time_day/10.1002_solr.202000491/Fig7_B_stability_performance_curve/accepted/10.1002_solr.202000491__Fig7__B__stability_performance_curve__C-PSC_without_M_TLC__Series_1.csv,points/F00140.csv,17,more_observations
F00141,10.1002/solr.202000536,data_all/x_time_day/10.1002_solr.202000536/Fig5_B_stability_performance_curve_pce/accepted/10.1002_solr.202000536__Fig5__B__stability_performance_curve_pce__PTAA__Series_1.csv,points/F00141.csv,19,more_observations
F00142,10.1002/solr.202000573,data_all/x_time_day/10.1002_solr.202000573/Fig4_F_sem_curve_pce/accepted/10.1002_solr.202000573__Fig4__F__sem_curve_pce__Control__Series_1.csv,points/F00142.csv,24,more_observations
F00143,10.1002/solr.202000637,data_all/x_time_day/10.1002_solr.202000637/Fig5_B_stability_performance_curve_pce/accepted/10.1002_solr.202000637__Fig5__B__stability_performance_curve_pce__Reference_PSCs__Series_1.csv,points/F00143.csv,15,more_observations
F00144,10.1002/solr.202000801,data_all/x_time_day/10.1002_solr.202000801/Fig5_A_stability_performance_curve/accepted/10.1002_solr.202000801__Fig5__A__stability_performance_curve__PMMA_Spiro__Series_1.csv,points/F00144.csv,14,more_observations
F00145,10.1002/solr.202100058,data_all/x_time_day/10.1002_solr.202100058/Fig6_C_stability_performance_curve_pce/accepted/10.1002_solr.202100058__Fig6__C__stability_performance_curve_pce__SnO₂-CNS__Series_2.csv,points/F00145.csv,51,more_observations
F00146,10.1002/solr.202100058,data_all/x_time_day/10.1002_solr.202100058/Fig6_C_stability_performance_curve_pce/accepted/10.1002_solr.202100058__Fig6__C__stability_performance_curve_pce__SnO₂__Series_1.csv,points/F00146.csv,50,more_observations
F00147,10.1002/solr.202100069,data_all/x_time_day/10.1002_solr.202100069/Fig5_B_stability_performance_curve_pce/accepted/10.1002_solr.202100069__Fig5__B__stability_performance_curve_pce__o—wlo_APZ__Series_1.csv,points/F00147.csv,8,more_observations
F00149,10.1002/solr.202100178,data_all/x_time_day/10.1002_solr.202100178/Fig3_D_stability_performance_curve_pce/accepted/10.1002_solr.202100178__Fig3__D__stability_performance_curve_pce__Control__Series_1.csv,points/F00149.csv,11,more_observations
F00150,10.1002/solr.202100344,data_all/x_time_day/10.1002_solr.202100344/Fig5_A_pce/accepted/10.1002_solr.202100344__Fig5__A__pce__Pristine__Series_2.csv,points/F00150.csv,12,more_observations
F00151,10.1002/solr.202100404,data_all/x_time_day/10.1002_solr.202100404/Fig7_A_pce/accepted/10.1002_solr.202100404__Fig7__A__pce__W_O_BMIMBF₄__Series_2.csv,points/F00151.csv,9,more_observations
F00152,10.1002/solr.202100404,data_all/x_time_day/10.1002_solr.202100404/Fig7_A_pce/accepted/10.1002_solr.202100404__Fig7__A__pce__With_BMIMBF₄__Series_1.csv,points/F00152.csv,10,more_observations
F00153,10.1002/solr.202300091,data_all/x_time_day/10.1002_solr.202300091/Fig4_F_stability_performance_curve_pce/accepted/10.1002_solr.202300091__Fig4__F__stability_performance_curve_pce__w_o__Series_1.csv,points/F00153.csv,10,more_observations
F00154,10.1007/s10853-021-06200-w,data_all/x_time_day/10.1007_s10853-021-06200-w/Fig7_A_stability_performance_curve_pce/accepted/10.1007_s10853-021-06200-w__Fig7__A__stability_performance_curve_pce__Two-steps__Series_1.csv,points/F00154.csv,10,more_observations
F00155,10.1007/s10854-021-06778-6,data_all/x_time_day/10.1007_s10854-021-06778-6/Fig4_A_stability_performance_curve_pce/accepted/10.1007_s10854-021-06778-6__Fig4__A__stability_performance_curve_pce__WithoutPCBM__Series_1.csv,points/F00155.csv,48,more_observations
F00160,10.1007/s11431-021-1861-y,data_all/x_time_day/10.1007_s11431-021-1861-y/Fig5_D_stability_performance_curve_pce_plot/accepted/10.1007_s11431-021-1861-y__Fig5__D__stability_performance_curve_pce_plot__Control__Series_1.csv,points/F00160.csv,13,more_observations
F00161,10.1007/s11664-018-6614-x,data_all/x_time_day/10.1007_s11664-018-6614-x/Fig5_D_stability_performance_curve_pce/accepted/10.1007_s11664-018-6614-x__Fig5__D__stability_performance_curve_pce__SampleB__Series_4.csv,points/F00161.csv,27,more_observations
F00162,10.1007/s11664-018-6614-x,data_all/x_time_day/10.1007_s11664-018-6614-x/Fig5_D_stability_performance_curve_pce/accepted/10.1007_s11664-018-6614-x__Fig5__D__stability_performance_curve_pce__Sample_A__Series_3.csv,points/F00162.csv,25,more_observations
F00163,10.1007/s12274-021-3286-2,data_all/x_time_day/10.1007_s12274-021-3286-2/Fig5_F_stability_performance_curve_pce_decay/accepted/10.1007_s12274-021-3286-2__Fig5__F__stability_performance_curve_pce_decay__Control__Series_1.csv,points/F00163.csv,11,more_observations
F00164,10.1007/s13233-021-9020-9,data_all/x_time_day/10.1007_s13233-021-9020-9/Fig5_D_stability_performance_curve/accepted/10.1007_s13233-021-9020-9__Fig5__D__stability_performance_curve__Spiro-OMeTAD__Series_1.csv,points/F00164.csv,19,more_observations
F00166,10.1007/s40843-019-1287-3,data_all/x_time_day/10.1007_s40843-019-1287-3/Fig4_D_stability_performance_curve_pce/accepted/10.1007_s40843-019-1287-3__Fig4__D__stability_performance_curve_pce__w_o_KF__Series_2.csv,points/F00166.csv,45,more_observations
F00167,10.1016/j.apsusc.2016.06.187,data_all/x_time_day/10.1016_j.apsusc.2016.06.187/Fig9_whole_figure/accepted/10.1016_j.apsusc.2016.06.187__Fig9__whole__figure__cl-SnO2(SnO__Series_2.csv,points/F00167.csv,118,more_observations
F00168,10.1016/j.apsusc.2016.06.187,data_all/x_time_day/10.1016_j.apsusc.2016.06.187/Fig9_whole_figure/accepted/10.1016_j.apsusc.2016.06.187__Fig9__whole__figure__cl-TiO2__Series_1.csv,points/F00168.csv,133,more_observations
F00169,10.1016/j.apsusc.2017.02.057,"data_all/x_time_day/10.1016_j.apsusc.2017.02.057/Fig4_D_stability_performance_curve_pce/accepted/10.1016_j.apsusc.2017.02.057__Fig4__D__stability_performance_curve_pce__In-Pbl,based__Series_1.csv",points/F00169.csv,24,more_observations
F00170,10.1016/j.apsusc.2017.02.057,"data_all/x_time_day/10.1016_j.apsusc.2017.02.057/Fig4_D_stability_performance_curve_pce/accepted/10.1016_j.apsusc.2017.02.057__Fig4__D__stability_performance_curve_pce__c-Pbl,based__Series_2.csv",points/F00170.csv,15,more_observations
F00171,10.1016/j.apsusc.2017.04.153,data_all/x_time_day/10.1016_j.apsusc.2017.04.153/Fig5_D_pce/accepted/10.1016_j.apsusc.2017.04.153__Fig5__D__pce__spiro-OMeTAD__Series_2.csv,points/F00171.csv,18,more_observations
F00172,10.1016/j.apsusc.2019.145099,data_all/x_time_day/10.1016_j.apsusc.2019.145099/Fig6_whole_stability/accepted/10.1016_j.apsusc.2019.145099__Fig6__whole__stability__SnO₂__Series_1.csv,points/F00172.csv,17,more_observations
F00173,10.1016/j.apsusc.2020.145790,data_all/x_time_day/10.1016_j.apsusc.2020.145790/Fig7_F_stability_performance_curve_pce/accepted/10.1016_j.apsusc.2020.145790__Fig7__F__stability_performance_curve_pce__Reference__Series_3.csv,points/F00173.csv,12,more_observations
F00174,10.1016/j.apsusc.2020.147949,data_all/x_time_day/10.1016_j.apsusc.2020.147949/Fig8_A_stability_performance_curve_pattern/accepted/10.1016_j.apsusc.2020.147949__Fig8__A__stability_performance_curve_pattern__Pristine__Series_1.csv,points/F00174.csv,24,more_observations
F00175,10.1016/j.apsusc.2021.149276,data_all/x_time_day/10.1016_j.apsusc.2021.149276/Fig5_D_stability_performance_curve_pce/accepted/10.1016_j.apsusc.2021.149276__Fig5__D__stability_performance_curve_pce__MAPbl₃__Series_1.csv,points/F00175.csv,18,more_observations
F00176,10.1016/j.carbon.2019.10.101,data_all/x_time_day/10.1016_j.carbon.2019.10.101/Fig4_A_stability_performance_curve_pce/accepted/10.1016_j.carbon.2019.10.101__Fig4__A__stability_performance_curve_pce__CuSCN_AuPSC__Series_1.csv,points/F00176.csv,49,more_observations
F00177,10.1016/j.carbon.2019.10.101,data_all/x_time_day/10.1016_j.carbon.2019.10.101/Fig4_D_stability_performance_curve_pce/accepted/10.1016_j.carbon.2019.10.101__Fig4__D__stability_performance_curve_pce__CuSCN_Au_PSC__Series_2.csv,points/F00177.csv,43,more_observations
F00178,10.1016/j.carbon.2020.05.079,data_all/x_time_day/10.1016_j.carbon.2020.05.079/Fig8_D_pce/accepted/10.1016_j.carbon.2020.05.079__Fig8__D__pce__Control__Series_1.csv,points/F00178.csv,38,more_observations
F00179,10.1016/j.carbon.2021.05.008,data_all/x_time_day/10.1016_j.carbon.2021.05.008/Fig6_A_stability_performance_curve_pce/accepted/10.1016_j.carbon.2021.05.008__Fig6__A__stability_performance_curve_pce__PC61BM__Series_1.csv,points/F00179.csv,18,more_observations
F00180,10.1016/j.cclet.2020.02.004,data_all/x_time_day/10.1016_j.cclet.2020.02.004/Fig4_D_charge_density/accepted/10.1016_j.cclet.2020.02.004__Fig4__D__charge_density__PHJ_PSCs__Series_2.csv,points/F00180.csv,37,more_observations
F00182,10.1016/j.cej.2020.126435,data_all/x_time_day/10.1016_j.cej.2020.126435/Fig4_F_stability_performance_curve_pce_structure/accepted/10.1016_j.cej.2020.126435__Fig4__F__stability_performance_curve_pce_structure__PSC-T-SnO₂_ETL__Series_1.csv,points/F00182.csv,27,more_observations
F00185,10.1016/j.cej.2021.128436,data_all/x_time_day/10.1016_j.cej.2021.128436/Fig8_A_stability_performance_curve_pce/accepted/10.1016_j.cej.2021.128436__Fig8__A__stability_performance_curve_pce__SnO2_2D_Bi2O2Se_(20_nm)__Series_2.csv,points/F00185.csv,20,more_observations
F00186,10.1016/j.cej.2021.128436,data_all/x_time_day/10.1016_j.cej.2021.128436/Fig8_A_stability_performance_curve_pce/accepted/10.1016_j.cej.2021.128436__Fig8__A__stability_performance_curve_pce__SnO₂__Series_1.csv,points/F00186.csv,20,more_observations
F00187,10.1016/j.cej.2021.128727,data_all/x_time_day/10.1016_j.cej.2021.128727/Fig7_F_stability_performance_curve_pce/accepted/10.1016_j.cej.2021.128727__Fig7__F__stability_performance_curve_pce__Pristine__Series_1.csv,points/F00187.csv,14,more_observations
F00189,10.1016/j.cej.2021.128727,data_all/x_time_day/10.1016_j.cej.2021.128727/Fig7_F_stability_performance_curve_pce/accepted/10.1016_j.cej.2021.128727__Fig7__F__stability_performance_curve_pce__wloHTM__Series_2.csv,points/F00189.csv,15,more_observations
F00193,10.1016/j.cej.2021.129735,data_all/x_time_day/10.1016_j.cej.2021.129735/Fig3_D_stability_performance_curve_pce_eqe/accepted/10.1016_j.cej.2021.129735__Fig3__D__stability_performance_curve_pce_eqe__。—TB(Na)__Series_1.csv,points/F00193.csv,15,more_observations
F00194,10.1016/j.cej.2021.130001,data_all/x_time_day/10.1016_j.cej.2021.130001/Fig5_I_stability_performance_curve_pce/accepted/10.1016_j.cej.2021.130001__Fig5__I__stability_performance_curve_pce__withPPPDE__Series_1.csv,points/F00194.csv,9,more_observations
F00195,10.1016/j.cej.2021.130001,data_all/x_time_day/10.1016_j.cej.2021.130001/Fig5_I_stability_performance_curve_pce/accepted/10.1016_j.cej.2021.130001__Fig5__I__stability_performance_curve_pce__wlo_PPPDE__Series_2.csv,points/F00195.csv,9,more_observations
F00196,10.1016/j.cej.2021.131108,"data_all/x_time_day/10.1016_j.cej.2021.131108/Fig11_E_stability/accepted/10.1016_j.cej.2021.131108__Fig11__E__stability__SGT-405(3,6)__Series_2.csv",points/F00196.csv,33,more_observations
F00197,10.1016/j.cej.2021.131108,data_all/x_time_day/10.1016_j.cej.2021.131108/Fig11_E_stability/accepted/10.1016_j.cej.2021.131108__Fig11__E__stability__spiro-OMeTAD__Series_3.csv,points/F00197.csv,33,more_observations
F00198,10.1016/j.cej.2021.131357,data_all/x_time_day/10.1016_j.cej.2021.131357/Fig5_E_stability_performance_curve_pce/accepted/10.1016_j.cej.2021.131357__Fig5__E__stability_performance_curve_pce__NiOx__Series_1.csv,points/F00198.csv,14,more_observations
F00199,10.1016/j.cej.2021.131357,data_all/x_time_day/10.1016_j.cej.2021.131357/Fig5_F_stability_performance_curve_pce/accepted/10.1016_j.cej.2021.131357__Fig5__F__stability_performance_curve_pce__→NiOx__Series_1.csv,points/F00199.csv,14,more_observations
F00200,10.1016/j.cej.2021.131358,data_all/x_time_day/10.1016_j.cej.2021.131358/Fig5_A_stability_performance_curve/accepted/10.1016_j.cej.2021.131358__Fig5__A__stability_performance_curve__Control__Series_1.csv,points/F00200.csv,14,more_observations
F00202,10.1016/j.ceramint.2020.07.260,data_all/x_time_day/10.1016_j.ceramint.2020.07.260/Fig7_A_stability_performance_curve_pce/accepted/10.1016_j.ceramint.2020.07.260__Fig7__A__stability_performance_curve_pce__Cell_A__Series_2.csv,points/F00202.csv,9,more_observations
F00203,10.1016/j.ceramint.2020.07.260,data_all/x_time_day/10.1016_j.ceramint.2020.07.260/Fig7_A_stability_performance_curve_pce/accepted/10.1016_j.ceramint.2020.07.260__Fig7__A__stability_performance_curve_pce__Cell_B__Series_1.csv,points/F00203.csv,9,more_observations
F00206,10.1016/j.cplett.2021.138496,data_all/x_time_day/10.1016_j.cplett.2021.138496/Fig5_B_stability_performance_curve/accepted/10.1016_j.cplett.2021.138496__Fig5__B__stability_performance_curve__c-TiO₂_m-TiO₂_based__Series_2.csv,points/F00206.csv,56,more_observations
F00207,10.1016/j.dyepig.2018.07.053,data_all/x_time_day/10.1016_j.dyepig.2018.07.053/Fig8_B_curve/accepted/10.1016_j.dyepig.2018.07.053__Fig8__B__curve__PEDOT_PSS__Series_1.csv,points/F00207.csv,33,more_observations
F00208,10.1016/j.dyepig.2020.108663,data_all/x_time_day/10.1016_j.dyepig.2020.108663/Fig6_whole_figure/accepted/10.1016_j.dyepig.2020.108663__Fig6__whole__figure__Spiro-OMeTAD__Series_1.csv,points/F00208.csv,36,more_observations
F00209,10.1016/j.dyepig.2021.109339,data_all/x_time_day/10.1016_j.dyepig.2021.109339/Fig7_whole_stability/accepted/10.1016_j.dyepig.2021.109339__Fig7__whole__stability__Spiro-OMeTAD_(doped)__Series_1.csv,points/F00209.csv,20,more_observations
F00210,10.1016/j.dyepig.2021.109718,data_all/x_time_day/10.1016_j.dyepig.2021.109718/Fig6_A_stability_performance_curve_pce/accepted/10.1016_j.dyepig.2021.109718__Fig6__A__stability_performance_curve_pce__BTPA-C__Series_1.csv,points/F00210.csv,18,more_observations
F00211,10.1016/j.dyepig.2021.109718,data_all/x_time_day/10.1016_j.dyepig.2021.109718/Fig6_A_stability_performance_curve_pce/accepted/10.1016_j.dyepig.2021.109718__Fig6__A__stability_performance_curve_pce__Spiro-OMeTAD__Series_3.csv,points/F00211.csv,19,more_observations
F00212,10.1016/j.electacta.2016.11.132,data_all/x_time_day/10.1016_j.electacta.2016.11.132/Fig6_A_stability_performance_curve_pce/accepted/10.1016_j.electacta.2016.11.132__Fig6__A__stability_performance_curve_pce__MAPbI₃_Perovskite_Device__Series_2.csv,points/F00212.csv,26,more_observations
F00214,10.1016/j.electacta.2017.03.192,data_all/x_time_day/10.1016_j.electacta.2017.03.192/Fig6_E_eqe_plot_stability_performance_curve/accepted/10.1016_j.electacta.2017.03.192__Fig6__E__eqe_plot_stability_performance_curve__M-PSCs__Series_2.csv,points/F00214.csv,11,more_observations
F00215,10.1016/j.electacta.2017.03.192,data_all/x_time_day/10.1016_j.electacta.2017.03.192/Fig6_E_eqe_plot_stability_performance_curve/accepted/10.1016_j.electacta.2017.03.192__Fig6__E__eqe_plot_stability_performance_curve__P-Pscs__Series_3.csv,points/F00215.csv,11,more_observations
F00216,10.1016/j.electacta.2017.03.192,data_all/x_time_day/10.1016_j.electacta.2017.03.192/Fig6_E_eqe_plot_stability_performance_curve/accepted/10.1016_j.electacta.2017.03.192__Fig6__E__eqe_plot_stability_performance_curve__QM-PSCs__Series_1.csv,points/F00216.csv,11,more_observations
F00217,10.1016/j.electacta.2017.07.040,data_all/x_time_day/10.1016_j.electacta.2017.07.040/Fig8_whole_stability_performance_curve_pce/accepted/10.1016_j.electacta.2017.07.040__Fig8__whole__stability_performance_curve_pce__FAPbI_3__Series_2.csv,points/F00217.csv,32,more_observations
F00218,10.1016/j.electacta.2017.07.040,data_all/x_time_day/10.1016_j.electacta.2017.07.040/Fig8_whole_stability_performance_curve_pce/accepted/10.1016_j.electacta.2017.07.040__Fig8__whole__stability_performance_curve_pce__MAPbI_3__Series_3.csv,points/F00218.csv,31,more_observations
F00220,10.1016/j.electacta.2018.04.055,data_all/x_time_day/10.1016_j.electacta.2018.04.055/Fig4_D_stability_performance_curve_pce/accepted/10.1016_j.electacta.2018.04.055__Fig4__D__stability_performance_curve_pce__PEDOT_PSS__Series_1.csv,points/F00220.csv,66,more_observations
F00221,10.1016/j.electacta.2018.06.112,data_all/x_time_day/10.1016_j.electacta.2018.06.112/Fig7_A_pce/accepted/10.1016_j.electacta.2018.06.112__Fig7__A__pce__Pristine_PSCs__Series_2.csv,points/F00221.csv,22,more_observations
F00222,10.1016/j.electacta.2018.07.028,data_all/x_time_day/10.1016_j.electacta.2018.07.028/Fig2_A_spectrum_2/accepted/10.1016_j.electacta.2018.07.028__Fig2__A__spectrum_2__Ref.ETL__Series_2.csv,points/F00222.csv,54,more_observations
F00223,10.1016/j.electacta.2018.07.028,data_all/x_time_day/10.1016_j.electacta.2018.07.028/Fig2_A_spectrum_2/accepted/10.1016_j.electacta.2018.07.028__Fig2__A__spectrum_2__m-TiO2__Series_3.csv,points/F00223.csv,54,more_observations
F00224,10.1016/j.electacta.2018.09.097,data_all/x_time_day/10.1016_j.electacta.2018.09.097/Fig8_A_stability_performance_curve_pce/accepted/10.1016_j.electacta.2018.09.097__Fig8__A__stability_performance_curve_pce__ZnO_PSC__Series_1.csv,points/F00224.csv,16,more_observations
F00225,10.1016/j.electacta.2018.09.195,data_all/x_time_day/10.1016_j.electacta.2018.09.195/Fig6_D_stability_performance_curve/accepted/10.1016_j.electacta.2018.09.195__Fig6__D__stability_performance_curve__W_OMethanol__Series_1.csv,points/F00225.csv,14,more_observations
F00226,10.1016/j.electacta.2019.06.102,data_all/x_time_day/10.1016_j.electacta.2019.06.102/Fig6_A_stability_performance_curve_pce/accepted/10.1016_j.electacta.2019.06.102__Fig6__A__stability_performance_curve_pce__Tw_o_PVK__Series_1.csv,points/F00226.csv,11,more_observations
F00227,10.1016/j.jallcom.2019.06.089,data_all/x_time_day/10.1016_j.jallcom.2019.06.089/Fig6_B_stability_performance_curve_pce/accepted/10.1016_j.jallcom.2019.06.089__Fig6__B__stability_performance_curve_pce__PCBM__Series_1.csv,points/F00227.csv,29,more_observations
F00229,10.1016/j.jallcom.2019.152091,data_all/x_time_day/10.1016_j.jallcom.2019.152091/Fig5_A_chart/accepted/10.1016_j.jallcom.2019.152091__Fig5__A__chart__PEDOT_PSS__Series_1.csv,points/F00229.csv,17,more_observations
F00230,10.1016/j.jallcom.2020.153738,data_all/x_time_day/10.1016_j.jallcom.2020.153738/Fig8_whole_figure/accepted/10.1016_j.jallcom.2020.153738__Fig8__whole__figure__TiO₂__Series_1.csv,points/F00230.csv,54,more_observations
F00231,10.1016/j.jallcom.2020.155460,data_all/x_time_day/10.1016_j.jallcom.2020.155460/Fig7_B_stability_performance_curve_pce/accepted/10.1016_j.jallcom.2020.155460__Fig7__B__stability_performance_curve_pce__−-p-In203__Series_1.csv,points/F00231.csv,15,more_observations
F00232,10.1016/j.jallcom.2020.157396,data_all/x_time_day/10.1016_j.jallcom.2020.157396/Fig6_B_stability_performance_curve_pce/accepted/10.1016_j.jallcom.2020.157396__Fig6__B__stability_performance_curve_pce__No_additive__Series_2.csv,points/F00232.csv,47,more_observations
F00233,10.1016/j.jallcom.2020.158079,data_all/x_time_day/10.1016_j.jallcom.2020.158079/Fig7_D_pce/accepted/10.1016_j.jallcom.2020.158079__Fig7__D__pce__CH3NH3PbI3_Control_TiO2__Series_1.csv,points/F00233.csv,14,more_observations
F00234,10.1016/j.jallcom.2020.158079,data_all/x_time_day/10.1016_j.jallcom.2020.158079/Fig7_D_pce/accepted/10.1016_j.jallcom.2020.158079__Fig7__D__pce__CH3NH3PbI3_HollowTiO2__Series_2.csv,points/F00234.csv,14,more_observations
F00236,10.1016/j.jallcom.2021.161247,data_all/x_time_day/10.1016_j.jallcom.2021.161247/Fig7_B_stability_performance_curve_pce/accepted/10.1016_j.jallcom.2021.161247__Fig7__B__stability_performance_curve_pce__Pristine__Series_2.csv,points/F00236.csv,35,more_observations
F00237,10.1016/j.jallcom.2021.161352,data_all/x_time_day/10.1016_j.jallcom.2021.161352/Fig5_D_stability_performance_curve_pce/accepted/10.1016_j.jallcom.2021.161352__Fig5__D__stability_performance_curve_pce__o—SnO2__Series_1.csv,points/F00237.csv,28,more_observations
F00238,10.1016/j.jallcom.2021.161455,data_all/x_time_day/10.1016_j.jallcom.2021.161455/Fig5_D_stability_performance_curve/accepted/10.1016_j.jallcom.2021.161455__Fig5__D__stability_performance_curve__Device_A__Series_2.csv,points/F00238.csv,57,more_observations
F00242,10.1016/j.jechem.2020.05.061,data_all/x_time_day/10.1016_j.jechem.2020.05.061/Fig6_A_stability_performance_curve_pce/accepted/10.1016_j.jechem.2020.05.061__Fig6__A__stability_performance_curve_pce__MAPbl3__Series_2.csv,points/F00242.csv,29,more_observations
F00243,10.1016/j.jechem.2020.06.061,data_all/x_time_day/10.1016_j.jechem.2020.06.061/Fig2_C_eqe_spectrum_jsc_2/accepted/10.1016_j.jechem.2020.06.061__Fig2__C__eqe_spectrum_jsc_2__w_o__Series_2.csv,points/F00243.csv,16,more_observations
F00244,10.1016/j.jechem.2020.06.062,data_all/x_time_day/10.1016_j.jechem.2020.06.062/Fig5_A_stability_performance_curve_pce/accepted/10.1016_j.jechem.2020.06.062__Fig5__A__stability_performance_curve_pce__Spiro-OMeTAD__Series_2.csv,points/F00244.csv,18,more_observations
F00245,10.1016/j.jechem.2021.04.058,data_all/x_time_day/10.1016_j.jechem.2021.04.058/Fig5_F_stability_performance_curve_pce/accepted/10.1016_j.jechem.2021.04.058__Fig5__F__stability_performance_curve_pce__Control__Series_2.csv,points/F00245.csv,13,more_observations
F00246,10.1016/j.jmst.2018.03.005,data_all/x_time_day/10.1016_j.jmst.2018.03.005/Fig6_whole_curve/accepted/10.1016_j.jmst.2018.03.005__Fig6__whole__curve__Spiro-OMeTAD__Series_2.csv,points/F00246.csv,15,more_observations
F00247,10.1016/j.jmst.2021.05.084,data_all/x_time_day/10.1016_j.jmst.2021.05.084/Fig5_A_stability_performance_curve_pce/accepted/10.1016_j.jmst.2021.05.084__Fig5__A__stability_performance_curve_pce__0_wt%__Series_2.csv,points/F00247.csv,18,more_observations
F00248,10.1016/j.jpcs.2021.110000,data_all/x_time_day/10.1016_j.jpcs.2021.110000/Fig4_E_stability_performance_curve_pce/accepted/10.1016_j.jpcs.2021.110000__Fig4__E__stability_performance_curve_pce__CsPbI2Br__Series_1.csv,points/F00248.csv,23,more_observations
F00249,10.1016/j.jpowsour.2017.05.007,data_all/x_time_day/10.1016_j.jpowsour.2017.05.007/Fig5_A_pce/accepted/10.1016_j.jpowsour.2017.05.007__Fig5__A__pce__PEDOT_PSS__Series_1.csv,points/F00249.csv,18,more_observations
F00250,10.1016/j.jpowsour.2017.07.112,data_all/x_time_day/10.1016_j.jpowsour.2017.07.112/Fig7_A_stability_performance_curve_pce/accepted/10.1016_j.jpowsour.2017.07.112__Fig7__A__stability_performance_curve_pce__W_O_IPA_treatment__Series_1.csv,points/F00250.csv,31,more_observations
F00251,10.1016/j.jpowsour.2018.02.030,data_all/x_time_day/10.1016_j.jpowsour.2018.02.030/Fig6_A_stability_performance_curve_pce/accepted/10.1016_j.jpowsour.2018.02.030__Fig6__A__stability_performance_curve_pce__ZnO_Device__Series_2.csv,points/F00251.csv,17,more_observations
F00252,10.1016/j.jpowsour.2019.04.024,data_all/x_time_day/10.1016_j.jpowsour.2019.04.024/Fig8_A_xrd_pattern_stability_performance_curve_pce/accepted/10.1016_j.jpowsour.2019.04.024__Fig8__A__xrd_pattern_stability_performance_curve_pce__MAPbI+TMA__Series_1.csv,points/F00252.csv,24,more_observations
F00253,10.1016/j.jpowsour.2019.04.024,data_all/x_time_day/10.1016_j.jpowsour.2019.04.024/Fig8_A_xrd_pattern_stability_performance_curve_pce/accepted/10.1016_j.jpowsour.2019.04.024__Fig8__A__xrd_pattern_stability_performance_curve_pce__MAPbl3__Series_2.csv,points/F00253.csv,24,more_observations
F00254,10.1016/j.jpowsour.2019.226914,data_all/x_time_day/10.1016_j.jpowsour.2019.226914/Fig6_E_jv_curve_stability_performance_pce/accepted/10.1016_j.jpowsour.2019.226914__Fig6__E__jv_curve_stability_performance_pce__w_o_PbBr2__Series_1.csv,points/F00254.csv,8,more_observations
F00255,10.1016/j.jpowsour.2019.227216,data_all/x_time_day/10.1016_j.jpowsour.2019.227216/Fig6_A_stability_performance_curve_pce/accepted/10.1016_j.jpowsour.2019.227216__Fig6__A__stability_performance_curve_pce__CH₃NH₃PbI₃_w_o_tBP__Series_1.csv,points/F00255.csv,55,more_observations
F00256,10.1016/j.jpowsour.2019.227267,data_all/x_time_day/10.1016_j.jpowsour.2019.227267/Fig5_B_stability_performance_curve_pce/accepted/10.1016_j.jpowsour.2019.227267__Fig5__B__stability_performance_curve_pce__NiOx__Series_1.csv,points/F00256.csv,42,more_observations
F00257,10.1016/j.jpowsour.2020.227913,data_all/x_time_day/10.1016_j.jpowsour.2020.227913/Fig5_B_stability_performance_curve_pce/accepted/10.1016_j.jpowsour.2020.227913__Fig5__B__stability_performance_curve_pce__Pristine__Series_2.csv,points/F00257.csv,18,more_observations
F00258,10.1016/j.jpowsour.2020.227938,data_all/x_time_day/10.1016_j.jpowsour.2020.227938/Fig5_C_stability_performance_curve/accepted/10.1016_j.jpowsour.2020.227938__Fig5__C__stability_performance_curve__spiro-OMeTAD__Series_2.csv,points/F00258.csv,33,more_observations
F00259,10.1016/j.jpowsour.2020.228556,data_all/x_time_day/10.1016_j.jpowsour.2020.228556/Fig7_A_stability_performance_curve_pce/accepted/10.1016_j.jpowsour.2020.228556__Fig7__A__stability_performance_curve_pce__PSCwith_t-BP__Series_2.csv,points/F00259.csv,36,more_observations
F00261,10.1016/j.jpowsour.2020.228738,data_all/x_time_day/10.1016_j.jpowsour.2020.228738/Fig6_A_stability_performance_curve_pce/accepted/10.1016_j.jpowsour.2020.228738__Fig6__A__stability_performance_curve_pce__NiO__Series_1.csv,points/F00261.csv,10,more_observations
F00262,10.1016/j.jpowsour.2020.228764,data_all/x_time_day/10.1016_j.jpowsour.2020.228764/Fig6_D_stability_performance_curve/accepted/10.1016_j.jpowsour.2020.228764__Fig6__D__stability_performance_curve__AgNWs__Series_2.csv,points/F00262.csv,9,more_observations
F00263,10.1016/j.jpowsour.2020.228857,data_all/x_time_day/10.1016_j.jpowsour.2020.228857/Fig4_F_stability_performance_curve/accepted/10.1016_j.jpowsour.2020.228857__Fig4__F__stability_performance_curve__Pristine__Series_1.csv,points/F00263.csv,13,more_observations
F00264,10.1016/j.jpowsour.2020.229149,data_all/x_time_day/10.1016_j.jpowsour.2020.229149/Fig2_D_jv_curve_stability_performance_pce/accepted/10.1016_j.jpowsour.2020.229149__Fig2__D__jv_curve_stability_performance_pce__tra._Spiro__Series_2.csv,points/F00264.csv,14,more_observations
F00265,10.1016/j.jpowsour.2020.229345,data_all/x_time_day/10.1016_j.jpowsour.2020.229345/Fig8_E_stability_performance_curve_jsc/accepted/10.1016_j.jpowsour.2020.229345__Fig8__E__stability_performance_curve_jsc__Bare__Series_1.csv,points/F00265.csv,19,more_observations
F00266,10.1016/j.jpowsour.2020.229345,data_all/x_time_day/10.1016_j.jpowsour.2020.229345/Fig8_E_stability_performance_curve_jsc/accepted/10.1016_j.jpowsour.2020.229345__Fig8__E__stability_performance_curve_jsc__Perovskite_PEG__Series_2.csv,points/F00266.csv,19,more_observations
F00267,10.1016/j.jpowsour.2021.229909,data_all/x_time_day/10.1016_j.jpowsour.2021.229909/Fig7_A_stability_performance_curve/accepted/10.1016_j.jpowsour.2021.229909__Fig7__A__stability_performance_curve__ZnO__Series_1.csv,points/F00267.csv,22,more_observations
F00268,10.1016/j.jpowsour.2021.229909,data_all/x_time_day/10.1016_j.jpowsour.2021.229909/Fig7_B_stability_performance_curve/accepted/10.1016_j.jpowsour.2021.229909__Fig7__B__stability_performance_curve__ZnO__Series_1.csv,points/F00268.csv,38,more_observations
F00269,10.1016/j.jpowsour.2021.230212,data_all/x_time_day/10.1016_j.jpowsour.2021.230212/Fig5_F_stability_performance_curve_pce/accepted/10.1016_j.jpowsour.2021.230212__Fig5__F__stability_performance_curve_pce__SC_device__Series_1.csv,points/F00269.csv,20,more_observations
F00270,10.1016/j.jpowsour.2021.230302,data_all/x_time_day/10.1016_j.jpowsour.2021.230302/Fig7_B_pce/accepted/10.1016_j.jpowsour.2021.230302__Fig7__B__pce__PEDOT_PSS__Series_2.csv,points/F00270.csv,21,more_observations
F00271,10.1016/j.jpowsour.2021.230302,data_all/x_time_day/10.1016_j.jpowsour.2021.230302/Fig7_B_pce/accepted/10.1016_j.jpowsour.2021.230302__Fig7__B__pce__Pristine__Series_3.csv,points/F00271.csv,21,more_observations
F00272,10.1016/j.jpowsour.2022.231243,data_all/x_time_day/10.1016_j.jpowsour.2022.231243/Fig6_B_jv_curve_stability_performance_pce/accepted/10.1016_j.jpowsour.2022.231243__Fig6__B__jv_curve_stability_performance_pce__W_O_M-P_chloride__Series_2.csv,points/F00272.csv,56,more_observations
F00273,10.1016/j.jssc.2018.10.014,data_all/x_time_day/10.1016_j.jssc.2018.10.014/Fig9_A_stability_performance_curve_pce/accepted/10.1016_j.jssc.2018.10.014__Fig9__A__stability_performance_curve_pce__w_oKSCN__Series_1.csv,points/F00273.csv,8,more_observations
F00274,10.1016/j.materresbull.2018.03.027,data_all/x_time_day/10.1016_j.materresbull.2018.03.027/Fig6_B_eis_plot_pce/accepted/10.1016_j.materresbull.2018.03.027__Fig6__B__eis_plot_pce__PEDOT_PSS__Series_1.csv,points/F00274.csv,29,more_observations
F00276,10.1016/j.mssp.2018.10.034,data_all/x_time_day/10.1016_j.mssp.2018.10.034/Fig12_whole_stability/accepted/10.1016_j.mssp.2018.10.034__Fig12__whole__stability__ZnO-TiO2nanorods__Series_1.csv,points/F00276.csv,71,more_observations
F00277,10.1016/j.mssp.2018.10.034,data_all/x_time_day/10.1016_j.mssp.2018.10.034/Fig12_whole_stability/accepted/10.1016_j.mssp.2018.10.034__Fig12__whole__stability__ZnOnanorods__Series_2.csv,points/F00277.csv,51,more_observations
F00278,10.1016/j.mssp.2019.03.028,data_all/x_time_day/10.1016_j.mssp.2019.03.028/Fig5_F_stability_performance_curve_eqe/accepted/10.1016_j.mssp.2019.03.028__Fig5__F__stability_performance_curve_eqe__MAPbl3__Series_2.csv,points/F00278.csv,20,more_observations
F00279,10.1016/j.mssp.2019.104908,data_all/x_time_day/10.1016_j.mssp.2019.104908/Fig11_A_stability_performance_curve_pce/accepted/10.1016_j.mssp.2019.104908__Fig11__A__stability_performance_curve_pce__PEDOT_PSS__Series_1.csv,points/F00279.csv,20,more_observations
F00280,10.1016/j.mssp.2021.105847,data_all/x_time_day/10.1016_j.mssp.2021.105847/Fig6_C_stability_performance_curve_pce/accepted/10.1016_j.mssp.2021.105847__Fig6__C__stability_performance_curve_pce__。—W_O_QDs__Series_1.csv,points/F00280.csv,39,more_observations
F00281,10.1016/j.mssp.2021.105941,data_all/x_time_day/10.1016_j.mssp.2021.105941/Fig9_whole_figure/accepted/10.1016_j.mssp.2021.105941__Fig9__whole__figure__Pure__Series_4.csv,points/F00281.csv,24,more_observations
F00282,10.1016/j.mtener.2018.07.004,data_all/x_time_day/10.1016_j.mtener.2018.07.004/Fig5_A_stability_performance_curve_pce/accepted/10.1016_j.mtener.2018.07.004__Fig5__A__stability_performance_curve_pce__Without_V₂O₅__Series_2.csv,points/F00282.csv,18,more_observations
F00283,10.1016/j.mtener.2021.100853,data_all/x_time_day/10.1016_j.mtener.2021.100853/Fig5_A_stability_performance_curve_pce/accepted/10.1016_j.mtener.2021.100853__Fig5__A__stability_performance_curve_pce__0%_GQDs__Series_1.csv,points/F00283.csv,9,more_observations
F00284,10.1016/j.mtener.2021.100853,data_all/x_time_day/10.1016_j.mtener.2021.100853/Fig5_B_stability_performance_curve_pce/accepted/10.1016_j.mtener.2021.100853__Fig5__B__stability_performance_curve_pce__0%GQDs__Series_1.csv,points/F00284.csv,16,more_observations
F00285,10.1016/j.nanoen.2015.11.024,data_all/x_time_day/10.1016_j.nanoen.2015.11.024/Fig8_B_stability_performance_curve_pce/accepted/10.1016_j.nanoen.2015.11.024__Fig8__B__stability_performance_curve_pce__Device_with_S0__Series_1.csv,points/F00285.csv,35,more_observations
F00286,10.1016/j.nanoen.2016.06.007,data_all/x_time_day/10.1016_j.nanoen.2016.06.007/Fig7_D_ff/accepted/10.1016_j.nanoen.2016.06.007__Fig7__D__ff__primitive__Series_1.csv,points/F00286.csv,18,more_observations
F00287,10.1016/j.nanoen.2016.08.006,data_all/x_time_day/10.1016_j.nanoen.2016.08.006/Fig5_D_stability_performance_curve_pce/accepted/10.1016_j.nanoen.2016.08.006__Fig5__D__stability_performance_curve_pce__MAPbI₃_Spiro-OMeTAD__Series_2.csv,points/F00287.csv,9,more_observations
F00288,10.1016/j.nanoen.2016.08.048,data_all/x_time_day/10.1016_j.nanoen.2016.08.048/Fig5_A_stability_performance_curve_pce/accepted/10.1016_j.nanoen.2016.08.048__Fig5__A__stability_performance_curve_pce__W_OPCBDAN__Series_2.csv,points/F00288.csv,15,more_observations
F00290,10.1016/j.nanoen.2016.08.055,data_all/x_time_day/10.1016_j.nanoen.2016.08.055/Fig9_A_stability_performance_curve_pce/accepted/10.1016_j.nanoen.2016.08.055__Fig9__A__stability_performance_curve_pce__Pristine__Series_1.csv,points/F00290.csv,48,more_observations
F00292,10.1016/j.nanoen.2016.10.036,data_all/x_time_day/10.1016_j.nanoen.2016.10.036/Fig7_D_xrd_pattern_stability_performance_curve_pce/accepted/10.1016_j.nanoen.2016.10.036__Fig7__D__xrd_pattern_stability_performance_curve_pce__MAPbI₃__Series_2.csv,points/F00292.csv,16,more_observations
F00293,10.1016/j.nanoen.2017.10.006,data_all/x_time_day/10.1016_j.nanoen.2017.10.006/Fig8_whole_curve/accepted/10.1016_j.nanoen.2017.10.006__Fig8__whole__curve__GUTS-4-MAPbI3__Series_2.csv,points/F00293.csv,8,more_observations
F00294,10.1016/j.nanoen.2017.10.006,data_all/x_time_day/10.1016_j.nanoen.2017.10.006/Fig8_whole_curve/accepted/10.1016_j.nanoen.2017.10.006__Fig8__whole__curve__Ref-MAPbI3__Series_1.csv,points/F00294.csv,13,more_observations
F00295,10.1016/j.nanoen.2017.11.024,data_all/x_time_day/10.1016_j.nanoen.2017.11.024/Fig9_A_stability_performance_curve/accepted/10.1016_j.nanoen.2017.11.024__Fig9__A__stability_performance_curve__PS-0__Series_2.csv,points/F00295.csv,10,more_observations
F00296,10.1016/j.nanoen.2017.12.028,data_all/x_time_day/10.1016_j.nanoen.2017.12.028/Fig5_B_stability_performance_curve_pattern/accepted/10.1016_j.nanoen.2017.12.028__Fig5__B__stability_performance_curve_pattern__PCDTBT8__Series_3.csv,points/F00296.csv,19,more_observations
F00297,10.1016/j.nanoen.2017.12.028,data_all/x_time_day/10.1016_j.nanoen.2017.12.028/Fig5_B_stability_performance_curve_pattern/accepted/10.1016_j.nanoen.2017.12.028__Fig5__B__stability_performance_curve_pattern__spiro-OMeTAD__Series_1.csv,points/F00297.csv,20,more_observations
F00298,10.1016/j.nanoen.2019.03.014,data_all/x_time_day/10.1016_j.nanoen.2019.03.014/Fig5_C_stability_performance_curve_pce/accepted/10.1016_j.nanoen.2019.03.014__Fig5__C__stability_performance_curve_pce__BAI5min__Series_1.csv,points/F00298.csv,12,more_observations
F00299,10.1016/j.nanoen.2019.03.014,data_all/x_time_day/10.1016_j.nanoen.2019.03.014/Fig5_C_stability_performance_curve_pce/accepted/10.1016_j.nanoen.2019.03.014__Fig5__C__stability_performance_curve_pce__wlo__Series_2.csv,points/F00299.csv,12,more_observations
F00300,10.1016/j.nanoen.2019.03.081,data_all/x_time_day/10.1016_j.nanoen.2019.03.081/Fig6_C_stability_performance_curve_pce/accepted/10.1016_j.nanoen.2019.03.081__Fig6__C__stability_performance_curve_pce__o—W_o_MoO3__Series_1.csv,points/F00300.csv,9,more_observations
F00301,10.1016/j.nanoen.2019.103866,data_all/x_time_day/10.1016_j.nanoen.2019.103866/Fig5_C_stability_performance_curve_pce/accepted/10.1016_j.nanoen.2019.103866__Fig5__C__stability_performance_curve_pce__Control_(PCBM)__Series_3.csv,points/F00301.csv,12,more_observations
F00305,10.1016/j.nanoen.2020.104635,data_all/x_time_day/10.1016_j.nanoen.2020.104635/Fig4_A_stability_performance_curve_pce/accepted/10.1016_j.nanoen.2020.104635__Fig4__A__stability_performance_curve_pce__Spiro-OMeTAD__Series_2.csv,points/F00305.csv,16,more_observations
F00306,10.1016/j.nanoen.2021.105788,data_all/x_time_day/10.1016_j.nanoen.2021.105788/Fig2_E_stability_performance_curve_pce/accepted/10.1016_j.nanoen.2021.105788__Fig2__E__stability_performance_curve_pce__Ref__Series_1.csv,points/F00306.csv,10,more_observations
F00308,10.1016/j.nanoen.2021.106495,data_all/x_time_day/10.1016_j.nanoen.2021.106495/Fig3_B_stability_performance_curve_pce/accepted/10.1016_j.nanoen.2021.106495__Fig3__B__stability_performance_curve_pce__63%__Series_1.csv,points/F00308.csv,14,more_observations
F00309,10.1016/j.nanoen.2021.106495,data_all/x_time_day/10.1016_j.nanoen.2021.106495/Fig3_B_stability_performance_curve_pce/accepted/10.1016_j.nanoen.2021.106495__Fig3__B__stability_performance_curve_pce__85%__Series_2.csv,points/F00309.csv,13,more_observations
F00311,10.1016/j.optmat.2021.111214,data_all/x_time_day/10.1016_j.optmat.2021.111214/Fig7_E_stability_performance_curve_pce/accepted/10.1016_j.optmat.2021.111214__Fig7__E__stability_performance_curve_pce__0_Vol%ofAc__Series_1.csv,points/F00311.csv,8,more_observations
F00312,10.1016/j.optmat.2021.111214,data_all/x_time_day/10.1016_j.optmat.2021.111214/Fig7_E_stability_performance_curve_pce/accepted/10.1016_j.optmat.2021.111214__Fig7__E__stability_performance_curve_pce__8Vol%of_Ac__Series_2.csv,points/F00312.csv,8,more_observations
F00313,10.1016/j.optmat.2021.111313,data_all/x_time_day/10.1016_j.optmat.2021.111313/Fig8_whole_stability/accepted/10.1016_j.optmat.2021.111313__Fig8__whole__stability__FTO_cTiO₂_ETL1_CH₃NH₃PbI₃__Series_1.csv,points/F00313.csv,20,more_observations
F00314,10.1016/j.orgel.2017.06.023,data_all/x_time_day/10.1016_j.orgel.2017.06.023/Fig5_B_stability_performance_curve_pce/accepted/10.1016_j.orgel.2017.06.023__Fig5__B__stability_performance_curve_pce__conventional_device__Series_2.csv,points/F00314.csv,38,more_observations
F00315,10.1016/j.orgel.2017.10.034,data_all/x_time_day/10.1016_j.orgel.2017.10.034/Fig10_whole_stability_performance_curve_pce/accepted/10.1016_j.orgel.2017.10.034__Fig10__whole__stability_performance_curve_pce__Ref__Series_1.csv,points/F00315.csv,47,more_observations
F00316,10.1016/j.orgel.2017.11.045,data_all/x_time_day/10.1016_j.orgel.2017.11.045/Fig7_D_pce/accepted/10.1016_j.orgel.2017.11.045__Fig7__D__pce__FA0.8Cs0.2PbI2.68Br0.32__Series_2.csv,points/F00316.csv,12,more_observations
F00317,10.1016/j.orgel.2018.01.029,data_all/x_time_day/10.1016_j.orgel.2018.01.029/Fig4_D_stability_performance_curve_pce/accepted/10.1016_j.orgel.2018.01.029__Fig4__D__stability_performance_curve_pce__Anti-solvent__Series_2.csv,points/F00317.csv,8,more_observations
F00319,10.1016/j.orgel.2018.05.024,data_all/x_time_day/10.1016_j.orgel.2018.05.024/Fig9_D_pce/accepted/10.1016_j.orgel.2018.05.024__Fig9__D__pce__Spiro-OMeTAD__Series_1.csv,points/F00319.csv,18,more_observations
F00320,10.1016/j.orgel.2018.07.029,data_all/x_time_day/10.1016_j.orgel.2018.07.029/Fig6_A_stability_performance_curve_pce/accepted/10.1016_j.orgel.2018.07.029__Fig6__A__stability_performance_curve_pce__ITIC-Th__Series_2.csv,points/F00320.csv,63,more_observations
F00321,10.1016/j.orgel.2018.07.029,data_all/x_time_day/10.1016_j.orgel.2018.07.029/Fig6_A_stability_performance_curve_pce/accepted/10.1016_j.orgel.2018.07.029__Fig6__A__stability_performance_curve_pce__PCBM__Series_1.csv,points/F00321.csv,63,more_observations
F00322,10.1016/j.orgel.2018.09.040,data_all/x_time_day/10.1016_j.orgel.2018.09.040/Fig8_whole_stability_performance_curve_pce/accepted/10.1016_j.orgel.2018.09.040__Fig8__whole__stability_performance_curve_pce__0mM_KSCN__Series_1.csv,points/F00322.csv,55,more_observations
F00323,10.1016/j.orgel.2018.12.012,data_all/x_time_day/10.1016_j.orgel.2018.12.012/Fig8_whole_figure/accepted/10.1016_j.orgel.2018.12.012__Fig8__whole__figure__without_DOBD__Series_2.csv,points/F00323.csv,16,more_observations
F00324,10.1016/j.orgel.2019.03.033,data_all/x_time_day/10.1016_j.orgel.2019.03.033/Fig7_D_stability_performance_curve_pce/accepted/10.1016_j.orgel.2019.03.033__Fig7__D__stability_performance_curve_pce__reference__Series_1.csv,points/F00324.csv,15,more_observations
F00325,10.1016/j.orgel.2019.03.035,data_all/x_time_day/10.1016_j.orgel.2019.03.035/Fig7_whole_stability/accepted/10.1016_j.orgel.2019.03.035__Fig7__whole__stability__Spiro-OMeTAD__Series_2.csv,points/F00325.csv,26,more_observations
F00326,10.1016/j.orgel.2019.06.039,data_all/x_time_day/10.1016_j.orgel.2019.06.039/Fig5_A_stability_performance_curve_pce/accepted/10.1016_j.orgel.2019.06.039__Fig5__A__stability_performance_curve_pce__control__Series_1.csv,points/F00326.csv,8,more_observations
F00327,10.1016/j.orgel.2019.105519,data_all/x_time_day/10.1016_j.orgel.2019.105519/Fig8_whole_pce/accepted/10.1016_j.orgel.2019.105519__Fig8__whole__pce__W_O_Habtc__Series_2.csv,points/F00327.csv,33,more_observations
F00328,10.1016/j.orgel.2020.105681,data_all/x_time_day/10.1016_j.orgel.2020.105681/Fig8_D_stability_performance_curve_pce/accepted/10.1016_j.orgel.2020.105681__Fig8__D__stability_performance_curve_pce__Reference__Series_1.csv,points/F00328.csv,41,more_observations
F00329,10.1016/j.orgel.2020.105681,data_all/x_time_day/10.1016_j.orgel.2020.105681/Fig8_D_stability_performance_curve_pce/accepted/10.1016_j.orgel.2020.105681__Fig8__D__stability_performance_curve_pce__TSA_passivated__Series_2.csv,points/F00329.csv,42,more_observations
F00330,10.1016/j.orgel.2020.105922,data_all/x_time_day/10.1016_j.orgel.2020.105922/Fig8_F_stability_performance_curve/accepted/10.1016_j.orgel.2020.105922__Fig8__F__stability_performance_curve__4-CIBA-TiO2__Series_1.csv,points/F00330.csv,24,more_observations
F00331,10.1016/j.orgel.2020.105922,data_all/x_time_day/10.1016_j.orgel.2020.105922/Fig8_F_stability_performance_curve/accepted/10.1016_j.orgel.2020.105922__Fig8__F__stability_performance_curve__TiO2$__Series_2.csv,points/F00331.csv,24,more_observations
F00334,10.1016/j.orgel.2021.106249,data_all/x_time_day/10.1016_j.orgel.2021.106249/Fig8_B_stability_performance_curve_pce/accepted/10.1016_j.orgel.2021.106249__Fig8__B__stability_performance_curve_pce__Spiro__Series_2.csv,points/F00334.csv,14,more_observations
F00335,10.1016/j.orgel.2021.106258,data_all/x_time_day/10.1016_j.orgel.2021.106258/Fig9_D_pce/accepted/10.1016_j.orgel.2021.106258__Fig9__D__pce__CH3NH3PbI3__Series_1.csv,points/F00335.csv,11,more_observations
F00336,10.1016/j.orgel.2021.106258,data_all/x_time_day/10.1016_j.orgel.2021.106258/Fig9_H_pce/accepted/10.1016_j.orgel.2021.106258__Fig9__H__pce__CH3NH3Pbl3__Series_1.csv,points/F00336.csv,11,more_observations
F00337,10.1016/j.orgel.2021.106293,data_all/x_time_day/10.1016_j.orgel.2021.106293/Fig6_C_stability_performance_curve_pce/accepted/10.1016_j.orgel.2021.106293__Fig6__C__stability_performance_curve_pce__TiO₂__Series_1.csv,points/F00337.csv,20,more_observations
F00338,10.1016/j.orgel.2021.106428,data_all/x_time_day/10.1016_j.orgel.2021.106428/Fig9_whole_stability/accepted/10.1016_j.orgel.2021.106428__Fig9__whole__stability__NiOx__Series_3.csv,points/F00338.csv,12,more_observations
F00339,10.1016/j.orgel.2021.106428,data_all/x_time_day/10.1016_j.orgel.2021.106428/Fig9_whole_stability/accepted/10.1016_j.orgel.2021.106428__Fig9__whole__stability__TPA-Py-PTZ__Series_1.csv,points/F00339.csv,17,more_observations
F00340,10.1016/j.orgel.2021.106428,data_all/x_time_day/10.1016_j.orgel.2021.106428/Fig9_whole_stability/accepted/10.1016_j.orgel.2021.106428__Fig9__whole__stability__TPA-TPy__Series_2.csv,points/F00340.csv,18,more_observations
F00341,10.1016/j.solener.2016.07.034,data_all/x_time_day/10.1016_j.solener.2016.07.034/Fig8_D_sem_image_stability_performance_curve_pce/accepted/10.1016_j.solener.2016.07.034__Fig8__D__sem_image_stability_performance_curve_pce__device_with_small_crystal__Series_1.csv,points/F00341.csv,11,more_observations
F00342,10.1016/j.solener.2016.10.005,data_all/x_time_day/10.1016_j.solener.2016.10.005/Fig7_whole_stability/accepted/10.1016_j.solener.2016.10.005__Fig7__whole__stability__PEDOT_PSS__Series_2.csv,points/F00342.csv,61,more_observations
F00343,10.1016/j.solener.2017.05.089,data_all/x_time_day/10.1016_j.solener.2017.05.089/Fig5_D_stability_performance_curve_ff/accepted/10.1016_j.solener.2017.05.089__Fig5__D__stability_performance_curve_ff__Spiro-OMeTAD__Series_1.csv,points/F00343.csv,17,more_observations
F00344,10.1016/j.solener.2017.05.089,data_all/x_time_day/10.1016_j.solener.2017.05.089/Fig5_D_stability_performance_curve_ff/accepted/10.1016_j.solener.2017.05.089__Fig5__D__stability_performance_curve_ff__ZnPcNO2-OPh__Series_3.csv,points/F00344.csv,18,more_observations
F00345,10.1016/j.solener.2018.05.086,data_all/x_time_day/10.1016_j.solener.2018.05.086/Fig7_A_stability_performance_curve/accepted/10.1016_j.solener.2018.05.086__Fig7__A__stability_performance_curve__FMC__Series_2.csv,points/F00345.csv,18,more_observations
F00346,10.1016/j.solener.2018.05.086,data_all/x_time_day/10.1016_j.solener.2018.05.086/Fig7_A_stability_performance_curve/accepted/10.1016_j.solener.2018.05.086__Fig7__A__stability_performance_curve__MAPI__Series_1.csv,points/F00346.csv,18,more_observations
F00347,10.1016/j.solener.2019.02.020,data_all/x_time_day/10.1016_j.solener.2019.02.020/Fig7_B_stability_performance_curve_pce/accepted/10.1016_j.solener.2019.02.020__Fig7__B__stability_performance_curve_pce__EA__Series_2.csv,points/F00347.csv,20,more_observations
F00348,10.1016/j.solener.2019.02.020,data_all/x_time_day/10.1016_j.solener.2019.02.020/Fig7_B_stability_performance_curve_pce/accepted/10.1016_j.solener.2019.02.020__Fig7__B__stability_performance_curve_pce__EI12__Series_1.csv,points/F00348.csv,20,more_observations
F00349,10.1016/j.solener.2019.02.020,data_all/x_time_day/10.1016_j.solener.2019.02.020/Fig7_B_stability_performance_curve_pce/accepted/10.1016_j.solener.2019.02.020__Fig7__B__stability_performance_curve_pce__IPA__Series_3.csv,points/F00349.csv,20,more_observations
F00350,10.1016/j.solener.2019.05.073,data_all/x_time_day/10.1016_j.solener.2019.05.073/Fig6_whole_stability/accepted/10.1016_j.solener.2019.05.073__Fig6__whole__stability__W_oCTAB__Series_1.csv,points/F00350.csv,20,more_observations
F00352,10.1016/j.solener.2019.10.034,data_all/x_time_day/10.1016_j.solener.2019.10.034/Fig1_B_pce/accepted/10.1016_j.solener.2019.10.034__Fig1__B__pce__Spiro-OMeTAD__Series_1.csv,points/F00352.csv,24,more_observations
F00353,10.1016/j.solener.2019.10.034,data_all/x_time_day/10.1016_j.solener.2019.10.034/Fig1_C_pce/accepted/10.1016_j.solener.2019.10.034__Fig1__C__pce__Spiro-OMeTAD__Series_2.csv,points/F00353.csv,28,more_observations
F00354,10.1016/j.solener.2019.10.067,data_all/x_time_day/10.1016_j.solener.2019.10.067/Fig5_D_stability_performance_curve/accepted/10.1016_j.solener.2019.10.067__Fig5__D__stability_performance_curve__ACN-spiro__Series_1.csv,points/F00354.csv,23,more_observations
F00355,10.1016/j.solener.2019.12.031,data_all/x_time_day/10.1016_j.solener.2019.12.031/Fig9_A_stability_performance_curve/accepted/10.1016_j.solener.2019.12.031__Fig9__A__stability_performance_curve__Spiro-OMeTAD__Series_2.csv,points/F00355.csv,11,more_observations
F00360,10.1016/j.solener.2020.09.058,data_all/x_time_day/10.1016_j.solener.2020.09.058/Fig6_B_stability_performance_curve_pce/accepted/10.1016_j.solener.2020.09.058__Fig6__B__stability_performance_curve_pce__Spiro-OMeTAD__Series_1.csv,points/F00360.csv,19,more_observations
F00361,10.1016/j.solener.2021.03.036,data_all/x_time_day/10.1016_j.solener.2021.03.036/Fig5_whole_stability/accepted/10.1016_j.solener.2021.03.036__Fig5__whole__stability__without_GuaI__Series_2.csv,points/F00361.csv,14,more_observations
F00362,10.1016/j.solener.2021.03.055,data_all/x_time_day/10.1016_j.solener.2021.03.055/Fig3_D_stability_performance_curve_pce/accepted/10.1016_j.solener.2021.03.055__Fig3__D__stability_performance_curve_pce__P0__Series_1.csv,points/F00362.csv,36,more_observations
F00363,10.1016/j.solener.2021.04.053,data_all/x_time_day/10.1016_j.solener.2021.04.053/Fig6_whole_stability/accepted/10.1016_j.solener.2021.04.053__Fig6__whole__stability__0.0%_Mg(Ac)₂__Series_1.csv,points/F00363.csv,17,more_observations
F00364,10.1016/j.solmat.2016.12.025,data_all/x_time_day/10.1016_j.solmat.2016.12.025/Fig3_C_stability_performance_curve_pce/accepted/10.1016_j.solmat.2016.12.025__Fig3__C__stability_performance_curve_pce__By_normal_Pbl2__Series_2.csv,points/F00364.csv,51,more_observations
F00365,10.1016/j.solmat.2017.07.022,data_all/x_time_day/10.1016_j.solmat.2017.07.022/Fig7_whole_stability/accepted/10.1016_j.solmat.2017.07.022__Fig7__whole__stability__Control__Series_1.csv,points/F00365.csv,69,more_observations
F00366,10.1016/j.solmat.2017.07.022,data_all/x_time_day/10.1016_j.solmat.2017.07.022/Fig7_whole_stability/accepted/10.1016_j.solmat.2017.07.022__Fig7__whole__stability__PDDA-perovskite__Series_2.csv,points/F00366.csv,68,more_observations
F00367,10.1016/j.solmat.2017.08.032,data_all/x_time_day/10.1016_j.solmat.2017.08.032/Fig8_A_stability_performance_curve_pce/accepted/10.1016_j.solmat.2017.08.032__Fig8__A__stability_performance_curve_pce__CA_Device__Series_2.csv,points/F00367.csv,19,more_observations
F00368,10.1016/j.solmat.2017.08.032,data_all/x_time_day/10.1016_j.solmat.2017.08.032/Fig8_A_stability_performance_curve_pce/accepted/10.1016_j.solmat.2017.08.032__Fig8__A__stability_performance_curve_pce__CC_Device__Series_1.csv,points/F00368.csv,19,more_observations
F00369,10.1016/j.solmat.2018.01.025,data_all/x_time_day/10.1016_j.solmat.2018.01.025/Fig3_D_stability_performance_curve_pce/accepted/10.1016_j.solmat.2018.01.025__Fig3__D__stability_performance_curve_pce__0-PEDOT__Series_3.csv,points/F00369.csv,57,more_observations
F00370,10.1016/j.solmat.2018.05.022,data_all/x_time_day/10.1016_j.solmat.2018.05.022/Fig5_whole_stability/accepted/10.1016_j.solmat.2018.05.022__Fig5__whole__stability__spiro__Series_2.csv,points/F00370.csv,17,more_observations
F00372,10.1016/j.solmat.2018.07.031,"data_all/x_time_day/10.1016_j.solmat.2018.07.031/Fig5_whole_stability_performance_curve/accepted/10.1016_j.solmat.2018.07.031__Fig5__whole__stability_performance_curve__with1,6-DD__Series_2.csv",points/F00372.csv,38,more_observations
F00373,10.1016/j.solmat.2018.07.031,data_all/x_time_day/10.1016_j.solmat.2018.07.031/Fig5_whole_stability_performance_curve/accepted/10.1016_j.solmat.2018.07.031__Fig5__whole__stability_performance_curve__一with_1-HH__Series_3.csv,points/F00373.csv,39,more_observations
F00374,10.1016/j.solmat.2018.07.031,data_all/x_time_day/10.1016_j.solmat.2018.07.031/Fig5_whole_stability_performance_curve/accepted/10.1016_j.solmat.2018.07.031__Fig5__whole__stability_performance_curve__一without_additive__Series_1.csv,points/F00374.csv,39,more_observations
F00375,10.1016/j.solmat.2019.110052,data_all/x_time_day/10.1016_j.solmat.2019.110052/Fig4_E_stability_performance_curve/accepted/10.1016_j.solmat.2019.110052__Fig4__E__stability_performance_curve__Control__Series_1.csv,points/F00375.csv,14,more_observations
F00376,10.1016/j.solmat.2019.110197,data_all/x_time_day/10.1016_j.solmat.2019.110197/Fig5_D_stability_performance_curve_pce/accepted/10.1016_j.solmat.2019.110197__Fig5__D__stability_performance_curve_pce__x=0__Series_1.csv,points/F00376.csv,14,more_observations
F00377,10.1016/j.solmat.2019.110284,data_all/x_time_day/10.1016_j.solmat.2019.110284/Fig3_A_chart/accepted/10.1016_j.solmat.2019.110284__Fig3__A__chart__illumination__Series_2.csv,points/F00377.csv,11,more_observations
F00379,10.1016/j.solmat.2019.110284,data_all/x_time_day/10.1016_j.solmat.2019.110284/Fig4_C_stability_performance_curve/accepted/10.1016_j.solmat.2019.110284__Fig4__C__stability_performance_curve__Temperature_30_oC__Series_2.csv,points/F00379.csv,13,more_observations
F00380,10.1016/j.solmat.2019.110284,data_all/x_time_day/10.1016_j.solmat.2019.110284/Fig5_B_stability_performance_curve_structure/accepted/10.1016_j.solmat.2019.110284__Fig5__B__stability_performance_curve_structure__planar_regular_(n-i-p)cells__Series_2.csv,points/F00380.csv,12,more_observations
F00385,10.1016/j.solmat.2019.110317,data_all/x_time_day/10.1016_j.solmat.2019.110317/Fig4_D_stability_performance_curve_pce/accepted/10.1016_j.solmat.2019.110317__Fig4__D__stability_performance_curve_pce__OSS_device__Series_2.csv,points/F00385.csv,10,more_observations
F00388,10.1016/j.solmat.2020.110689,data_all/x_time_day/10.1016_j.solmat.2020.110689/Fig5_A_giwaxs_pattern_stability_performance_curve_pce/accepted/10.1016_j.solmat.2020.110689__Fig5__A__giwaxs_pattern_stability_performance_curve_pce__Spin-coating__Series_1.csv,points/F00388.csv,10,more_observations
F00389,10.1016/j.synthmet.2017.02.022,data_all/x_time_day/10.1016_j.synthmet.2017.02.022/Fig1_B_stability_performance_curve_pce/accepted/10.1016_j.synthmet.2017.02.022__Fig1__B__stability_performance_curve_pce__Series_1__Series_1.csv,points/F00389.csv,12,more_observations
F00390,10.1016/j.tsf.2018.03.038,data_all/x_time_day/10.1016_j.tsf.2018.03.038/Fig12_D_stability_performance_curve_photovoltaic_parameter/accepted/10.1016_j.tsf.2018.03.038__Fig12__D__stability_performance_curve_photovoltaic_parameter__SDR__Series_1.csv,points/F00390.csv,15,more_observations
F00391,10.1016/j.tsf.2018.10.001,data_all/x_time_day/10.1016_j.tsf.2018.10.001/Fig7_A_chart/accepted/10.1016_j.tsf.2018.10.001__Fig7__A__chart__x=0__Series_2.csv,points/F00391.csv,18,more_observations
F00392,10.1016/j.xcrp.2020.100180,data_all/x_time_day/10.1016_j.xcrp.2020.100180/Fig7_F_stability_performance_curve/accepted/10.1016_j.xcrp.2020.100180__Fig7__F__stability_performance_curve__Reference__Series_1.csv,points/F00392.csv,16,more_observations
F00393,10.1021/acs.chemmater.5b03137,data_all/x_time_day/10.1021_acs.chemmater.5b03137/Fig3_B_profile/accepted/10.1021_acs.chemmater.5b03137__Fig3__B__profile__B__Series_2.csv,points/F00393.csv,33,more_observations
F00394,10.1021/acs.chemmater.5b03991,data_all/x_time_day/10.1021_acs.chemmater.5b03991/Fig8_A_stability_performance_curve_pce_profile/accepted/10.1021_acs.chemmater.5b03991__Fig8__A__stability_performance_curve_pce_profile__Series_1__Series_1.csv,points/F00394.csv,25,more_observations
F00395,10.1021/acs.chemmater.5b03991,data_all/x_time_day/10.1021_acs.chemmater.5b03991/Fig9_D_stability_performance_curve_pce_profile/accepted/10.1021_acs.chemmater.5b03991__Fig9__D__stability_performance_curve_pce_profile__Series_1__Series_1.csv,points/F00395.csv,33,more_observations
F00396,10.1021/acs.iecr.9b05173,data_all/x_time_day/10.1021_acs.iecr.9b05173/Fig8_whole_stability_performance_curve/accepted/10.1021_acs.iecr.9b05173__Fig8__whole__stability_performance_curve__Spiro__Series_1.csv,points/F00396.csv,12,more_observations
F00397,10.1021/acs.jpcc.0c02628,data_all/x_time_day/10.1021_acs.jpcc.0c02628/Fig6_B_stability_performance_curve_pce/accepted/10.1021_acs.jpcc.0c02628__Fig6__B__stability_performance_curve_pce__SnO₂__Series_2.csv,points/F00397.csv,43,more_observations
F00399,10.1021/acs.jpcc.0c05357,data_all/x_time_day/10.1021_acs.jpcc.0c05357/Fig1_C_stability_performance_curve_pce/accepted/10.1021_acs.jpcc.0c05357__Fig1__C__stability_performance_curve_pce__Cs15-U__Series_3.csv,points/F00399.csv,12,more_observations
F00400,10.1021/acs.jpcc.0c05357,data_all/x_time_day/10.1021_acs.jpcc.0c05357/Fig1_C_stability_performance_curve_pce/accepted/10.1021_acs.jpcc.0c05357__Fig1__C__stability_performance_curve_pce__Rb5Cs10-M__Series_4.csv,points/F00400.csv,12,more_observations
F00401,10.1021/acs.jpcc.0c05357,data_all/x_time_day/10.1021_acs.jpcc.0c05357/Fig1_C_stability_performance_curve_pce/accepted/10.1021_acs.jpcc.0c05357__Fig1__C__stability_performance_curve_pce__Rb5Cs10-U__Series_1.csv,points/F00401.csv,12,more_observations
F00402,10.1021/acs.jpcc.0c05649,data_all/x_time_day/10.1021_acs.jpcc.0c05649/Fig7_A_stability_performance_curve_pce/accepted/10.1021_acs.jpcc.0c05649__Fig7__A__stability_performance_curve_pce__Control__Series_1.csv,points/F00402.csv,8,more_observations
F00403,10.1021/acs.jpcc.6b12137,data_all/x_time_day/10.1021_acs.jpcc.6b12137/Fig4_D_stability_performance_curve/accepted/10.1021_acs.jpcc.6b12137__Fig4__D__stability_performance_curve__PMMA0mg_mL__Series_2.csv,points/F00403.csv,19,more_observations
F00407,10.1021/acs.jpclett.0c03566,data_all/x_time_day/10.1021_acs.jpclett.0c03566/Fig7_A_stability_performance_curve/accepted/10.1021_acs.jpclett.0c03566__Fig7__A__stability_performance_curve__Pristine__Series_2.csv,points/F00407.csv,12,more_observations
F00408,10.1021/acs.langmuir.7b00127,data_all/x_time_day/10.1021_acs.langmuir.7b00127/Fig10_A_pce/accepted/10.1021_acs.langmuir.7b00127__Fig10__A__pce__PEDOT_PSS__Series_1.csv,points/F00408.csv,38,more_observations
F00409,10.1021/acs.langmuir.7b00127,data_all/x_time_day/10.1021_acs.langmuir.7b00127/Fig10_A_pce_2/accepted/10.1021_acs.langmuir.7b00127__Fig10__A__pce_2__PEDOT_PSS__Series_2.csv,points/F00409.csv,39,more_observations
F00410,10.1021/acs.nanolett.9b01553,data_all/x_time_day/10.1021_acs.nanolett.9b01553/Fig4_F_stability_performance_curve_pce/accepted/10.1021_acs.nanolett.9b01553__Fig4__F__stability_performance_curve_pce__CuBr(0.2wt%)__Series_2.csv,points/F00410.csv,15,more_observations
F00411,10.1021/acs.nanolett.9b01553,data_all/x_time_day/10.1021_acs.nanolett.9b01553/Fig4_F_stability_performance_curve_pce/accepted/10.1021_acs.nanolett.9b01553__Fig4__F__stability_performance_curve_pce__Pristine_perovskite__Series_1.csv,points/F00411.csv,12,more_observations
F00416,10.1021/acsaelm.0c00808,data_all/x_time_day/10.1021_acsaelm.0c00808/Fig6_E_pattern/accepted/10.1021_acsaelm.0c00808__Fig6__E__pattern__Control__Series_1.csv,points/F00416.csv,21,more_observations
F00417,10.1021/acsaelm.0c00808,data_all/x_time_day/10.1021_acsaelm.0c00808/Fig6_E_pattern/accepted/10.1021_acsaelm.0c00808__Fig6__E__pattern__PFOMA__Series_2.csv,points/F00417.csv,22,more_observations
F00418,10.1021/acsaem.0c00398,data_all/x_time_day/10.1021_acsaem.0c00398/Fig4_D_stability_performance_curve/accepted/10.1021_acsaem.0c00398__Fig4__D__stability_performance_curve__10%_PEAI__Series_3.csv,points/F00418.csv,14,more_observations
F00419,10.1021/acsaem.0c00398,data_all/x_time_day/10.1021_acsaem.0c00398/Fig4_D_stability_performance_curve/accepted/10.1021_acsaem.0c00398__Fig4__D__stability_performance_curve__60%_PEAI__Series_2.csv,points/F00419.csv,14,more_observations
F00420,10.1021/acsaem.0c00398,data_all/x_time_day/10.1021_acsaem.0c00398/Fig4_D_stability_performance_curve/accepted/10.1021_acsaem.0c00398__Fig4__D__stability_performance_curve__Control__Series_1.csv,points/F00420.csv,14,more_observations
F00422,10.1021/acsaem.0c01675,data_all/x_time_day/10.1021_acsaem.0c01675/Fig6_B_stability_performance_curve/accepted/10.1021_acsaem.0c01675__Fig6__B__stability_performance_curve__Control__Series_2.csv,points/F00422.csv,21,more_observations
F00423,10.1021/acsaem.0c03227,data_all/x_time_day/10.1021_acsaem.0c03227/Fig5_E_stability/accepted/10.1021_acsaem.0c03227__Fig5__E__stability__reference__Series_1.csv,points/F00423.csv,13,more_observations
F00425,10.1021/acsaem.1c00054,data_all/x_time_day/10.1021_acsaem.1c00054/Fig9_whole_stability/accepted/10.1021_acsaem.1c00054__Fig9__whole__stability__0%Pb(AC)2__Series_1.csv,points/F00425.csv,48,more_observations
F00426,10.1021/acsaem.1c00192,data_all/x_time_day/10.1021_acsaem.1c00192/Fig5_D_stability_performance_curve_pce/accepted/10.1021_acsaem.1c00192__Fig5__D__stability_performance_curve_pce__0mg_mL__Series_2.csv,points/F00426.csv,9,more_observations
F00427,10.1021/acsaem.1c00192,data_all/x_time_day/10.1021_acsaem.1c00192/Fig5_D_stability_performance_curve_pce/accepted/10.1021_acsaem.1c00192__Fig5__D__stability_performance_curve_pce__1mg_mL__Series_1.csv,points/F00427.csv,9,more_observations
F00428,10.1021/acsaem.1c00517,data_all/x_time_day/10.1021_acsaem.1c00517/Fig5_D_stability_performance_curve_pce/accepted/10.1021_acsaem.1c00517__Fig5__D__stability_performance_curve_pce__Control__Series_1.csv,points/F00428.csv,10,more_observations
F00429,10.1021/acsaem.1c00767,data_all/x_time_day/10.1021_acsaem.1c00767/Fig5_A_stability_performance_curve_pce/accepted/10.1021_acsaem.1c00767__Fig5__A__stability_performance_curve_pce__Control__Series_1.csv,points/F00429.csv,29,more_observations
F00430,10.1021/acsaem.1c00767,data_all/x_time_day/10.1021_acsaem.1c00767/Fig5_B_stability_performance_curve_pce/accepted/10.1021_acsaem.1c00767__Fig5__B__stability_performance_curve_pce__Control__Series_1.csv,points/F00430.csv,29,more_observations
F00431,10.1021/acsaem.1c00767,data_all/x_time_day/10.1021_acsaem.1c00767/Fig5_C_stability_performance_curve_pce/accepted/10.1021_acsaem.1c00767__Fig5__C__stability_performance_curve_pce__Control__Series_2.csv,points/F00431.csv,29,more_observations
F00432,10.1021/acsaem.1c00767,data_all/x_time_day/10.1021_acsaem.1c00767/Fig5_D_stability_performance_curve_pce/accepted/10.1021_acsaem.1c00767__Fig5__D__stability_performance_curve_pce__Control__Series_1.csv,points/F00432.csv,29,more_observations
F00433,10.1021/acsaem.8b00277,data_all/x_time_day/10.1021_acsaem.8b00277/Fig9_A_stability_performance_curve_pce/accepted/10.1021_acsaem.8b00277__Fig9__A__stability_performance_curve_pce__PEDOT_PSS__Series_1.csv,points/F00433.csv,12,more_observations
F00434,10.1021/acsaem.8b00277,data_all/x_time_day/10.1021_acsaem.8b00277/Fig9_A_stability_performance_curve_pce/accepted/10.1021_acsaem.8b00277__Fig9__A__stability_performance_curve_pce__WOx@PEDOT_PEDOT_PSS__Series_3.csv,points/F00434.csv,12,more_observations
F00435,10.1021/acsaem.8b01075,data_all/x_time_day/10.1021_acsaem.8b01075/Fig6_A_retention/accepted/10.1021_acsaem.8b01075__Fig6__A__retention__VASP_withMAI__Series_2.csv,points/F00435.csv,11,more_observations
F00438,10.1021/acsami.0c05527,data_all/x_time_day/10.1021_acsami.0c05527/Fig7_B_stability_performance_curve_pce/accepted/10.1021_acsami.0c05527__Fig7__B__stability_performance_curve_pce__Sn-based__Series_1.csv,points/F00438.csv,27,more_observations
F00439,10.1021/acsami.0c05527,data_all/x_time_day/10.1021_acsami.0c05527/Fig7_C_stability_performance_curve/accepted/10.1021_acsami.0c05527__Fig7__C__stability_performance_curve__Sn-based__Series_2.csv,points/F00439.csv,73,more_observations
F00440,10.1021/acsami.0c09046,data_all/x_time_day/10.1021_acsami.0c09046/Fig6_A_stability_performance_curve_pce/accepted/10.1021_acsami.0c09046__Fig6__A__stability_performance_curve_pce__Control_Device__Series_1.csv,points/F00440.csv,17,more_observations
F00441,10.1021/acsami.0c09046,data_all/x_time_day/10.1021_acsami.0c09046/Fig6_A_stability_performance_curve_pce/accepted/10.1021_acsami.0c09046__Fig6__A__stability_performance_curve_pce__With_0.02Wt%__Series_2.csv,points/F00441.csv,15,more_observations
F00442,10.1021/acsami.0c15042,data_all/x_time_day/10.1021_acsami.0c15042/Fig4_F_stability_performance_curve/accepted/10.1021_acsami.0c15042__Fig4__F__stability_performance_curve__w_o_F8IC__Series_1.csv,points/F00442.csv,13,more_observations
F00443,10.1021/acsami.0c16939,data_all/x_time_day/10.1021_acsami.0c16939/Fig8_D_stability_performance_curve_pce/accepted/10.1021_acsami.0c16939__Fig8__D__stability_performance_curve_pce__Pristine__Series_1.csv,points/F00443.csv,29,more_observations
F00444,10.1021/acsami.0c19784,data_all/x_time_day/10.1021_acsami.0c19784/Fig5_C_diagram/accepted/10.1021_acsami.0c19784__Fig5__C__diagram__Control__Series_1.csv,points/F00444.csv,15,more_observations
F00445,10.1021/acsami.0c19968,data_all/x_time_day/10.1021_acsami.0c19968/Fig6_F_stability_performance_curve_pce/accepted/10.1021_acsami.0c19968__Fig6__F__stability_performance_curve_pce__HTM_Zn-CBOB-0.6__Series_2.csv,points/F00445.csv,20,more_observations
F00446,10.1021/acsami.0c19968,data_all/x_time_day/10.1021_acsami.0c19968/Fig6_F_stability_performance_curve_pce/accepted/10.1021_acsami.0c19968__Fig6__F__stability_performance_curve_pce__HTM__Series_1.csv,points/F00446.csv,20,more_observations
F00447,10.1021/acsami.0c20126,data_all/x_time_day/10.1021_acsami.0c20126/Fig5_F_stability_performance_curve_pce/accepted/10.1021_acsami.0c20126__Fig5__F__stability_performance_curve_pce__Ref__Series_1.csv,points/F00447.csv,16,more_observations
F00448,10.1021/acsami.0c22817,data_all/x_time_day/10.1021_acsami.0c22817/Fig5_F_stability_performance_curve_pce/accepted/10.1021_acsami.0c22817__Fig5__F__stability_performance_curve_pce__Ambient_stability__Series_2.csv,points/F00448.csv,14,more_observations
F00449,10.1021/acsami.1c02218,data_all/x_time_day/10.1021_acsami.1c02218/Fig8_F_stability_performance_curve_pce/accepted/10.1021_acsami.1c02218__Fig8__F__stability_performance_curve_pce__W_O_5-TFMAP__Series_1.csv,points/F00449.csv,11,more_observations
F00450,10.1021/acsami.1c02218,data_all/x_time_day/10.1021_acsami.1c02218/Fig8_F_stability_performance_curve_pce/accepted/10.1021_acsami.1c02218__Fig8__F__stability_performance_curve_pce__With5-TFMAP__Series_2.csv,points/F00450.csv,10,more_observations
F00451,10.1021/acsami.1c02377,data_all/x_time_day/10.1021_acsami.1c02377/Fig8_D_stability_performance_curve/accepted/10.1021_acsami.1c02377__Fig8__D__stability_performance_curve__Cs-0__Series_1.csv,points/F00451.csv,39,more_observations
F00452,10.1021/acsami.1c04601,data_all/x_time_day/10.1021_acsami.1c04601/Fig6_A_stability_performance_curve_pce/accepted/10.1021_acsami.1c04601__Fig6__A__stability_performance_curve_pce__W_O4-ABSA__Series_1.csv,points/F00452.csv,16,more_observations
F00453,10.1021/acsami.1c05055,data_all/x_time_day/10.1021_acsami.1c05055/Fig10_D_stability_performance_curve_pce/accepted/10.1021_acsami.1c05055__Fig10__D__stability_performance_curve_pce__Reference__Series_2.csv,points/F00453.csv,17,more_observations
F00454,10.1021/acsami.1c16519,data_all/x_time_day/10.1021_acsami.1c16519/Fig5_E_stability_performance_curve/accepted/10.1021_acsami.1c16519__Fig5__E__stability_performance_curve__SnO2__Series_1.csv,points/F00454.csv,40,more_observations
F00455,10.1021/acsami.6b09532,data_all/x_time_day/10.1021_acsami.6b09532/Fig7_D_stability_performance_curve_pce/accepted/10.1021_acsami.6b09532__Fig7__D__stability_performance_curve_pce__FAₓMA₁₋ₓPbI₃__Series_1.csv,points/F00455.csv,15,more_observations
F00456,10.1021/acsami.6b11757,data_all/x_time_day/10.1021_acsami.6b11757/Fig6_A_stability_performance_curve_pce/accepted/10.1021_acsami.6b11757__Fig6__A__stability_performance_curve_pce__a-PEDOT_PSS__Series_2.csv,points/F00456.csv,39,more_observations
F00457,10.1021/acsami.6b11757,data_all/x_time_day/10.1021_acsami.6b11757/Fig6_A_stability_performance_curve_pce/accepted/10.1021_acsami.6b11757__Fig6__A__stability_performance_curve_pce__n-PEDOT_PSS__Series_1.csv,points/F00457.csv,40,more_observations
F00458,10.1021/acsami.6b15563,data_all/x_time_day/10.1021_acsami.6b15563/Fig5_F_stability_performance_curve_pce/accepted/10.1021_acsami.6b15563__Fig5__F__stability_performance_curve_pce__CA__Series_2.csv,points/F00458.csv,25,more_observations
F00459,10.1021/acsami.7b01136,data_all/x_time_day/10.1021_acsami.7b01136/Fig5_D_stability_performance_curve_pce/accepted/10.1021_acsami.7b01136__Fig5__D__stability_performance_curve_pce__Pristine_PVK__Series_1.csv,points/F00459.csv,11,more_observations
F00460,10.1021/acsami.7b01864,data_all/x_time_day/10.1021_acsami.7b01864/Fig6_B_stability_performance_curve_pce/accepted/10.1021_acsami.7b01864__Fig6__B__stability_performance_curve_pce__I-MAPbl3__Series_2.csv,points/F00460.csv,25,more_observations
F00461,10.1021/acsami.7b01864,data_all/x_time_day/10.1021_acsami.7b01864/Fig6_B_stability_performance_curve_pce/accepted/10.1021_acsami.7b01864__Fig6__B__stability_performance_curve_pce__N-MAPbl3__Series_1.csv,points/F00461.csv,25,more_observations
F00462,10.1021/acsami.7b08488,data_all/x_time_day/10.1021_acsami.7b08488/Fig7_A_stability_performance_curve_pce/accepted/10.1021_acsami.7b08488__Fig7__A__stability_performance_curve_pce__MAPbI₃__Series_1.csv,points/F00462.csv,14,more_observations
F00463,10.1021/acsami.7b10994,data_all/x_time_day/10.1021_acsami.7b10994/Fig5_A_stability_performance_curve/accepted/10.1021_acsami.7b10994__Fig5__A__stability_performance_curve__WithPCBM__Series_1.csv,points/F00463.csv,51,more_observations
F00464,10.1021/acsami.7b10994,data_all/x_time_day/10.1021_acsami.7b10994/Fig5_A_stability_performance_curve/accepted/10.1021_acsami.7b10994__Fig5__A__stability_performance_curve__Without_PCBM__Series_2.csv,points/F00464.csv,51,more_observations
F00465,10.1021/acsami.7b10994,data_all/x_time_day/10.1021_acsami.7b10994/Fig5_B_stability_performance_curve/accepted/10.1021_acsami.7b10994__Fig5__B__stability_performance_curve__With_PCBM__Series_2.csv,points/F00465.csv,50,more_observations
F00466,10.1021/acsami.7b10994,data_all/x_time_day/10.1021_acsami.7b10994/Fig5_B_stability_performance_curve/accepted/10.1021_acsami.7b10994__Fig5__B__stability_performance_curve__WithoutPCBM__Series_1.csv,points/F00466.csv,50,more_observations
F00467,10.1021/acsami.7b16912,data_all/x_time_day/10.1021_acsami.7b16912/Fig5_C_stability_performance_curve_pce/accepted/10.1021_acsami.7b16912__Fig5__C__stability_performance_curve_pce__CH3NH3Pbl3__Series_2.csv,points/F00467.csv,16,more_observations
F00468,10.1021/acsami.8b05956,data_all/x_time_day/10.1021_acsami.8b05956/Fig4_A_stability_performance_curve_pce/accepted/10.1021_acsami.8b05956__Fig4__A__stability_performance_curve_pce__PEDOT_PSS__Series_2.csv,points/F00468.csv,44,more_observations
F00469,10.1021/acsami.8b08658,data_all/x_time_day/10.1021_acsami.8b08658/Fig7_D_stability_performance_curve_pce/accepted/10.1021_acsami.8b08658__Fig7__D__stability_performance_curve_pce__MAPbI₃₋ₓClₓ__Series_2.csv,points/F00469.csv,12,more_observations
F00474,10.1021/acsami.8b18807,data_all/x_time_day/10.1021_acsami.8b18807/Fig9_B_pce/accepted/10.1021_acsami.8b18807__Fig9__B__pce__control__Series_1.csv,points/F00474.csv,8,more_observations
F00476,10.1021/acsami.9b01740,data_all/x_time_day/10.1021_acsami.9b01740/Fig5_E_stability_performance_curve_pce/accepted/10.1021_acsami.9b01740__Fig5__E__stability_performance_curve_pce__w_o_EC__Series_2.csv,points/F00476.csv,30,more_observations
F00477,10.1021/acsami.9b07149,data_all/x_time_day/10.1021_acsami.9b07149/Fig4_D_stability_performance_curve_pce/accepted/10.1021_acsami.9b07149__Fig4__D__stability_performance_curve_pce__PVK_C60-PEG__Series_2.csv,points/F00477.csv,12,more_observations
F00478,10.1021/acsami.9b07149,data_all/x_time_day/10.1021_acsami.9b07149/Fig4_D_stability_performance_curve_pce/accepted/10.1021_acsami.9b07149__Fig4__D__stability_performance_curve_pce__PVK_PCBM__Series_3.csv,points/F00478.csv,12,more_observations
F00479,10.1021/acsami.9b07149,data_all/x_time_day/10.1021_acsami.9b07149/Fig4_D_stability_performance_curve_pce/accepted/10.1021_acsami.9b07149__Fig4__D__stability_performance_curve_pce__PVK__Series_1.csv,points/F00479.csv,12,more_observations
F00483,10.1021/acsami.9b09171,data_all/x_time_day/10.1021_acsami.9b09171/Fig6_H_stability_performance_curve_pce/accepted/10.1021_acsami.9b09171__Fig6__H__stability_performance_curve_pce__GAI-DEE__Series_2.csv,points/F00483.csv,12,more_observations
F00484,10.1021/acsami.9b12323,data_all/x_time_day/10.1021_acsami.9b12323/Fig4_F_stability_performance_curve_pce/accepted/10.1021_acsami.9b12323__Fig4__F__stability_performance_curve_pce__0%__Series_2.csv,points/F00484.csv,15,more_observations
F00485,10.1021/acsami.9b12961,data_all/x_time_day/10.1021_acsami.9b12961/Fig6_A_stability_performance_curve_pce/accepted/10.1021_acsami.9b12961__Fig6__A__stability_performance_curve_pce__Control_device__Series_1.csv,points/F00485.csv,11,more_observations
F00486,10.1021/acsami.9b12961,data_all/x_time_day/10.1021_acsami.9b12961/Fig6_A_stability_performance_curve_pce/accepted/10.1021_acsami.9b12961__Fig6__A__stability_performance_curve_pce__TFTPA_device__Series_2.csv,points/F00486.csv,11,more_observations
F00487,10.1021/acsami.9b17851,data_all/x_time_day/10.1021_acsami.9b17851/Fig5_A_stability_performance_curve/accepted/10.1021_acsami.9b17851__Fig5__A__stability_performance_curve__Pristine__Series_1.csv,points/F00487.csv,18,more_observations
F00488,10.1021/acsami.9b17930,data_all/x_time_day/10.1021_acsami.9b17930/Fig8_B_stability_performance_curve_pce/accepted/10.1021_acsami.9b17930__Fig8__B__stability_performance_curve_pce__3D+BAI__Series_3.csv,points/F00488.csv,8,more_observations
F00489,10.1021/acsami.9b17930,data_all/x_time_day/10.1021_acsami.9b17930/Fig8_B_stability_performance_curve_pce/accepted/10.1021_acsami.9b17930__Fig8__B__stability_performance_curve_pce__3D__Series_1.csv,points/F00489.csv,8,more_observations
F00490,10.1021/acsami.9b18572,data_all/x_time_day/10.1021_acsami.9b18572/Fig4_K_stability_performance_curve_pce_2/accepted/10.1021_acsami.9b18572__Fig4__K__stability_performance_curve_pce_2__Control__Series_1.csv,points/F00490.csv,8,more_observations
F00491,10.1021/acsami.9b20831,data_all/x_time_day/10.1021_acsami.9b20831/Fig5_A_photovoltaic_parameter/accepted/10.1021_acsami.9b20831__Fig5__A__photovoltaic_parameter__Pristine__Series_1.csv,points/F00491.csv,16,more_observations
F00493,10.1021/acsenergylett.1c00342,data_all/x_time_day/10.1021_acsenergylett.1c00342/Fig5_D_stability/accepted/10.1021_acsenergylett.1c00342__Fig5__D__stability__CsSnl₃__Series_1.csv,points/F00493.csv,8,more_observations
F00495,10.1021/acsenergylett.8b00085,data_all/x_time_day/10.1021_acsenergylett.8b00085/Fig2_F_stability_performance_curve_image/accepted/10.1021_acsenergylett.8b00085__Fig2__F__stability_performance_curve_image__FASnl3__Series_2.csv,points/F00495.csv,66,more_observations
F00497,10.1021/acsomega.0c04593,data_all/x_time_day/10.1021_acsomega.0c04593/Fig10_A_stability_performance_curve/accepted/10.1021_acsomega.0c04593__Fig10__A__stability_performance_curve__Aged__Series_2.csv,points/F00497.csv,13,more_observations
F00499,10.1021/acssuschemeng.0c02983,data_all/x_time_day/10.1021_acssuschemeng.0c02983/Fig5_A_stability_performance_curve_pce/accepted/10.1021_acssuschemeng.0c02983__Fig5__A__stability_performance_curve_pce__w_PTABr__Series_1.csv,points/F00499.csv,18,more_observations
F00500,10.1021/acssuschemeng.0c02983,data_all/x_time_day/10.1021_acssuschemeng.0c02983/Fig5_A_stability_performance_curve_pce/accepted/10.1021_acssuschemeng.0c02983__Fig5__A__stability_performance_curve_pce__w_o_PTABr__Series_2.csv,points/F00500.csv,19,more_observations
F00501,10.1021/acssuschemeng.1c02537,data_all/x_time_day/10.1021_acssuschemeng.1c02537/Fig6_A_stability_performance_curve/accepted/10.1021_acssuschemeng.1c02537__Fig6__A__stability_performance_curve__0.1MABr__Series_2.csv,points/F00501.csv,20,more_observations
F00502,10.1021/acssuschemeng.1c02537,data_all/x_time_day/10.1021_acssuschemeng.1c02537/Fig6_A_stability_performance_curve/accepted/10.1021_acssuschemeng.1c02537__Fig6__A__stability_performance_curve__o—Control__Series_1.csv,points/F00502.csv,20,more_observations
F00503,10.1021/acssuschemeng.9b00368,data_all/x_time_day/10.1021_acssuschemeng.9b00368/Fig7_A_stability_performance_curve/accepted/10.1021_acssuschemeng.9b00368__Fig7__A__stability_performance_curve__MAPbI3__Series_2.csv,points/F00503.csv,13,more_observations
F00504,10.1021/acssuschemeng.9b02336,data_all/x_time_day/10.1021_acssuschemeng.9b02336/Fig6_whole_figure/accepted/10.1021_acssuschemeng.9b02336__Fig6__whole__figure__PEDOT_PSS__Series_2.csv,points/F00504.csv,16,more_observations
F00505,10.1038/nenergy.2017.102,data_all/x_time_day/10.1038_nenergy.2017.102/Fig4_A_pce/accepted/10.1038_nenergy.2017.102__Fig4__A__pce__L-α-phosphatidylcholine__Series_1.csv,points/F00505.csv,12,more_observations
F00506,10.1038/s41427-018-0055-0,data_all/x_time_day/10.1038_s41427-018-0055-0/Fig5_A_stability_performance_curve/accepted/10.1038_s41427-018-0055-0__Fig5__A__stability_performance_curve__W_O_QDs__Series_1.csv,points/F00506.csv,13,more_observations
F00507,10.1038/s41560-018-0192-2,data_all/x_time_day/10.1038_s41560-018-0192-2/Fig5_B_statistics_plot_stability_performance_curve_pce/accepted/10.1038_s41560-018-0192-2__Fig5__B__statistics_plot_stability_performance_curve_pce__CsMAFA__Series_1.csv,points/F00507.csv,15,more_observations
F00508,10.1038/s41598-018-25975-8,data_all/x_time_day/10.1038_s41598-018-25975-8/Fig6_A_stability_performance_curve/accepted/10.1038_s41598-018-25975-8__Fig6__A__stability_performance_curve__w_o_Cu₂O_60__Series_1.csv,points/F00508.csv,17,more_observations
F00509,10.1038/s41598-024-78155-2,data_all/x_time_day/10.1038_s41598-024-78155-2/Fig8_C_stability_performance_curve_pce/accepted/10.1038_s41598-024-78155-2__Fig8__C__stability_performance_curve_pce__Control__Series_1.csv,points/F00509.csv,42,more_observations
F00510,10.1038/s41598-024-78155-2,data_all/x_time_day/10.1038_s41598-024-78155-2/Fig8_C_stability_performance_curve_pce/accepted/10.1038_s41598-024-78155-2__Fig8__C__stability_performance_curve_pce__GAI__Series_2.csv,points/F00510.csv,41,more_observations
F00511,10.1038/s41598-024-78155-2,data_all/x_time_day/10.1038_s41598-024-78155-2/Fig8_D_stability_performance_curve_pce/accepted/10.1038_s41598-024-78155-2__Fig8__D__stability_performance_curve_pce__Control__Series_1.csv,points/F00511.csv,57,more_observations
F00512,10.1038/s41598-024-78155-2,data_all/x_time_day/10.1038_s41598-024-78155-2/Fig8_D_stability_performance_curve_pce/accepted/10.1038_s41598-024-78155-2__Fig8__D__stability_performance_curve_pce__GAI__Series_2.csv,points/F00512.csv,57,more_observations
F00513,10.1039/c9ta04366g,data_all/x_time_day/10.1039_C9TA04366G/Fig2_D_stability_performance_curve_eqe/accepted/10.1039_C9TA04366G__Fig2__D__stability_performance_curve_eqe__PCBM__Series_1.csv,points/F00513.csv,13,more_observations
F00514,10.1039/d5sc05095b,data_all/x_time_day/10.1039_D5SC05095B/Fig5_I_eis_plot_stability_performance_curve_pce_device_structure/accepted/10.1039_D5SC05095B__Fig5__I__eis_plot_stability_performance_curve_pce_device_structure__W_O_AMPM__Series_1.csv,points/F00514.csv,8,more_observations
F00515,10.1039/c5ta06008g,data_all/x_time_day/10.1039_c5ta06008g/Fig4_F_stability_performance_curve_decay/accepted/10.1039_c5ta06008g__Fig4__F__stability_performance_curve_decay__Without_PEI__Series_2.csv,points/F00515.csv,15,more_observations
F00516,10.1039/c6ee02687g,data_all/x_time_day/10.1039_c6ee02687g/Fig6_D_stability_performance_curve_pce/accepted/10.1039_c6ee02687g__Fig6__D__stability_performance_curve_pce__Without_ALD_AI203__Series_2.csv,points/F00516.csv,10,more_observations
F00517,10.1039/c6nr06670d,data_all/x_time_day/10.1039_c6nr06670d/Fig7_whole_stability_performance_curve_pce/accepted/10.1039_c6nr06670d__Fig7__whole__stability_performance_curve_pce__ITO_PEDOT_PSS_MAPb(I1.BrJ₃_PCBM_Al__Series_2.csv,points/F00517.csv,8,more_observations
F00519,10.1039/c6ta03164a,data_all/x_time_day/10.1039_c6ta03164a/Fig7_A_stability_performance_curve_pce/accepted/10.1039_c6ta03164a__Fig7__A__stability_performance_curve_pce__LN-P3HT__Series_2.csv,points/F00519.csv,13,more_observations
F00520,10.1039/c6ta03164a,data_all/x_time_day/10.1039_c6ta03164a/Fig7_A_stability_performance_curve_pce/accepted/10.1039_c6ta03164a__Fig7__A__stability_performance_curve_pce__LP-P3HT__Series_1.csv,points/F00520.csv,13,more_observations
F00521,10.1039/c6ta09174a,data_all/x_time_day/10.1039_c6ta09174a/Fig4_B_stability_performance_curve_pce/accepted/10.1039_c6ta09174a__Fig4__B__stability_performance_curve_pce__b__Series_2.csv,points/F00521.csv,18,more_observations
F00522,10.1039/c6ta09687e,data_all/x_time_day/10.1039_c6ta09687e/Fig1_C_jv_curve_stability_performance_ff/accepted/10.1039_c6ta09687e__Fig1__C__jv_curve_stability_performance_ff__FAPbI3__Series_1.csv,points/F00522.csv,12,more_observations
F00523,10.1039/c6ta09687e,data_all/x_time_day/10.1039_c6ta09687e/Fig1_C_jv_curve_stability_performance_ff/accepted/10.1039_c6ta09687e__Fig1__C__jv_curve_stability_performance_ff__MAPbI3__Series_2.csv,points/F00523.csv,11,more_observations
F00524,10.1039/c6ta10588b,data_all/x_time_day/10.1039_c6ta10588b/Fig6_whole_stability/accepted/10.1039_c6ta10588b__Fig6__whole__stability__FTO_TiO2__Series_1.csv,points/F00524.csv,67,more_observations
F00525,10.1039/c6ta10588b,data_all/x_time_day/10.1039_c6ta10588b/Fig6_whole_stability/accepted/10.1039_c6ta10588b__Fig6__whole__stability__ITO_PEDOT_PSS__Series_2.csv,points/F00525.csv,67,more_observations
F00526,10.1039/c7nr03507a,data_all/x_time_day/10.1039_c7nr03507a/Fig5_A_stability_performance_curve_pce/accepted/10.1039_c7nr03507a__Fig5__A__stability_performance_curve_pce__Control__Series_1.csv,points/F00526.csv,36,more_observations
F00527,10.1039/c7nr03963h,data_all/x_time_day/10.1039_c7nr03963h/Fig5_whole_figure/accepted/10.1039_c7nr03963h__Fig5__whole__figure__PEDOT__Series_2.csv,points/F00527.csv,22,more_observations
F00528,10.1039/c7nr06812c,data_all/x_time_day/10.1039_c7nr06812c/Fig8_A_stability_performance_curve_pce/accepted/10.1039_c7nr06812c__Fig8__A__stability_performance_curve_pce__ZnO_Device__Series_1.csv,points/F00528.csv,17,more_observations
F00530,10.1039/c7se00036g,data_all/x_time_day/10.1039_c7se00036g/Fig5_C_stability_performance_curve_pce/accepted/10.1039_c7se00036g__Fig5__C__stability_performance_curve_pce__Conventional_dripping__Series_2.csv,points/F00530.csv,17,more_observations
F00532,10.1039/c7ta00894e,data_all/x_time_day/10.1039_c7ta00894e/Fig6_G_stability_performance_curve_pce/accepted/10.1039_c7ta00894e__Fig6__G__stability_performance_curve_pce__CH3NH3PbI3__Series_1.csv,points/F00532.csv,11,more_observations
F00533,10.1039/c7ta00894e,data_all/x_time_day/10.1039_c7ta00894e/Fig6_H_stability_performance_curve_pce/accepted/10.1039_c7ta00894e__Fig6__H__stability_performance_curve_pce__CH3NH3PbI3__Series_2.csv,points/F00533.csv,11,more_observations
F00534,10.1039/c7ta06088b,data_all/x_time_day/10.1039_c7ta06088b/Fig6_A_stability_performance_curve_pce/accepted/10.1039_c7ta06088b__Fig6__A__stability_performance_curve_pce__perovskite_spiro-OMeTAD__Series_2.csv,points/F00534.csv,12,more_observations
F00536,10.1039/c7ta09543k,data_all/x_time_day/10.1039_c7ta09543k/Fig5_D_stability_performance_curve/accepted/10.1039_c7ta09543k__Fig5__D__stability_performance_curve__TiO2__Series_1.csv,points/F00536.csv,56,more_observations
F00537,10.1039/c7tc01973d,data_all/x_time_day/10.1039_c7tc01973d/Fig5_D_stability_performance_curve/accepted/10.1039_c7tc01973d__Fig5__D__stability_performance_curve__Compact_Pbl2__Series_2.csv,points/F00537.csv,28,more_observations
F00538,10.1039/c7tc01973d,data_all/x_time_day/10.1039_c7tc01973d/Fig5_D_stability_performance_curve/accepted/10.1039_c7tc01973d__Fig5__D__stability_performance_curve__Mesoporous_Pbl__Series_1.csv,points/F00538.csv,28,more_observations
F00541,10.1039/c8nh00163d,data_all/x_time_day/10.1039_c8nh00163d/Fig4_A_stability_performance_curve_pce/accepted/10.1039_c8nh00163d__Fig4__A__stability_performance_curve_pce__Pristine__Series_1.csv,points/F00541.csv,21,more_observations
F00542,10.1039/c8nj06146g,data_all/x_time_day/10.1039_c8nj06146g/Fig6_A_stability_performance_curve_pce/accepted/10.1039_c8nj06146g__Fig6__A__stability_performance_curve_pce__Pure_PCBM__Series_2.csv,points/F00542.csv,13,more_observations
F00543,10.1039/c8ra03162b,data_all/x_time_day/10.1039_c8ra03162b/Fig10_A_stability_performance_curve_plot/accepted/10.1039_c8ra03162b__Fig10__A__stability_performance_curve_plot__ZnO_NPs_TiO₂__Series_2.csv,points/F00543.csv,11,more_observations
F00544,10.1039/c8ra03162b,data_all/x_time_day/10.1039_c8ra03162b/Fig10_A_stability_performance_curve_plot/accepted/10.1039_c8ra03162b__Fig10__A__stability_performance_curve_plot__ZnO_NPs__Series_1.csv,points/F00544.csv,11,more_observations
F00545,10.1039/c8ra03162b,data_all/x_time_day/10.1039_c8ra03162b/Fig10_B_stability_performance_curve_plot/accepted/10.1039_c8ra03162b__Fig10__B__stability_performance_curve_plot__ZnO_sol-gel_TiO2__Series_2.csv,points/F00545.csv,9,more_observations
F00547,10.1039/c8ta00457a,data_all/x_time_day/10.1039_c8ta00457a/Fig9_H_pce/accepted/10.1039_c8ta00457a__Fig9__H__pce__WithoutOTAB__Series_2.csv,points/F00547.csv,9,more_observations
F00548,10.1039/c8ta00583d,data_all/x_time_day/10.1039_c8ta00583d/Fig5_whole_stability_performance_curve/accepted/10.1039_c8ta00583d__Fig5__whole__stability_performance_curve__MAPbI₃_(IT-4F)__Series_1.csv,points/F00548.csv,18,more_observations
F00549,10.1039/c8ta00583d,data_all/x_time_day/10.1039_c8ta00583d/Fig5_whole_stability_performance_curve/accepted/10.1039_c8ta00583d__Fig5__whole__stability_performance_curve__MAPbI₃__Series_2.csv,points/F00549.csv,18,more_observations
F00550,10.1039/c8ta03608j,data_all/x_time_day/10.1039_c8ta03608j/Fig4_B_stability_performance_curve_pce/accepted/10.1039_c8ta03608j__Fig4__B__stability_performance_curve_pce__PEDOT_PSS__Series_1.csv,points/F00550.csv,18,more_observations
F00551,10.1039/c8ta11925b,data_all/x_time_day/10.1039_c8ta11925b/Fig6_E_stability_performance_curve_pce/accepted/10.1039_c8ta11925b__Fig6__E__stability_performance_curve_pce__ABS-0__Series_1.csv,points/F00551.csv,9,more_observations
F00553,10.1039/c8ta12206g,data_all/x_time_day/10.1039_c8ta12206g/Fig8_A_pce/accepted/10.1039_c8ta12206g__Fig8__A__pce__Control__Series_1.csv,points/F00553.csv,11,more_observations
F00555,10.1039/c9nr05719f,data_all/x_time_day/10.1039_c9nr05719f/Fig6_A_stability_performance_curve_pce/accepted/10.1039_c9nr05719f__Fig6__A__stability_performance_curve_pce__Spiro-OMeTAD_(LiTFSI_+TBP)__Series_2.csv,points/F00555.csv,36,more_observations
F00556,10.1039/c9nr05719f,data_all/x_time_day/10.1039_c9nr05719f/Fig6_A_stability_performance_curve_pce/accepted/10.1039_c9nr05719f__Fig6__A__stability_performance_curve_pce__TFB_(LiTFSI_+TBP)__Series_1.csv,points/F00556.csv,36,more_observations
F00557,10.1039/c9se00003h,data_all/x_time_day/10.1039_c9se00003h/Fig4_D_stability_performance_curve/accepted/10.1039_c9se00003h__Fig4__D__stability_performance_curve__spiro-OMeTAD__Series_2.csv,points/F00557.csv,15,more_observations
F00559,10.1039/c9ta00118b,data_all/x_time_day/10.1039_c9ta00118b/Fig6_A_stability_performance_curve_pce/accepted/10.1039_c9ta00118b__Fig6__A__stability_performance_curve_pce__C60__Series_1.csv,points/F00559.csv,8,more_observations
F00564,10.1039/c9ta03022k,data_all/x_time_day/10.1039_c9ta03022k/Fig1_F_stability_performance_curve_pce/accepted/10.1039_c9ta03022k__Fig1__F__stability_performance_curve_pce__PTAA__Series_2.csv,points/F00564.csv,10,more_observations
F00565,10.1039/c9ta08084h,data_all/x_time_day/10.1039_c9ta08084h/Fig7_D_stability_performance_curve_pce/accepted/10.1039_c9ta08084h__Fig7__D__stability_performance_curve_pce__0—NiOx_PS_MAPbl3__Series_2.csv,points/F00565.csv,14,more_observations
F00566,10.1039/c9ta08084h,data_all/x_time_day/10.1039_c9ta08084h/Fig7_D_stability_performance_curve_pce/accepted/10.1039_c9ta08084h__Fig7__D__stability_performance_curve_pce__NiOx_MAPbl₃__Series_3.csv,points/F00566.csv,14,more_observations
F00567,10.1039/c9ta08177a,data_all/x_time_day/10.1039_c9ta08177a/Fig6_B_stability_performance_curve/accepted/10.1039_c9ta08177a__Fig6__B__stability_performance_curve__withPEVCNT__Series_2.csv,points/F00567.csv,22,more_observations
F00568,10.1039/c9ta08177a,data_all/x_time_day/10.1039_c9ta08177a/Fig6_B_stability_performance_curve/accepted/10.1039_c9ta08177a__Fig6__B__stability_performance_curve__without_PEVCNT__Series_1.csv,points/F00568.csv,22,more_observations
F00569,10.1039/c9ta11744j,data_all/x_time_day/10.1039_c9ta11744j/Fig6_A_stability_performance_curve_pce/accepted/10.1039_c9ta11744j__Fig6__A__stability_performance_curve_pce__Spiro-OMeTAD__Series_1.csv,points/F00569.csv,33,more_observations
F00571,10.1039/c9tc00374f,data_all/x_time_day/10.1039_c9tc00374f/Fig4_F_jv_curve_stability_performance_pce/accepted/10.1039_c9tc00374f__Fig4__F__jv_curve_stability_performance_pce__Reference-PSC__Series_1.csv,points/F00571.csv,19,more_observations
F00572,10.1039/c9tc02526j,data_all/x_time_day/10.1039_c9tc02526j/Fig7_whole_stability/accepted/10.1039_c9tc02526j__Fig7__whole__stability__NiOX__Series_3.csv,points/F00572.csv,20,more_observations
F00573,10.1039/c9tc03120k,data_all/x_time_day/10.1039_c9tc03120k/Fig7_D_stability_performance_curve_pce/accepted/10.1039_c9tc03120k__Fig7__D__stability_performance_curve_pce__NPB__Series_1.csv,points/F00573.csv,50,more_observations
F00574,10.1039/c9tc04269e,data_all/x_time_day/10.1039_c9tc04269e/Fig4_D_stability_performance_curve_pce/accepted/10.1039_c9tc04269e__Fig4__D__stability_performance_curve_pce__SnO2__Series_2.csv,points/F00574.csv,9,more_observations
F00575,10.1039/c9tc05227e,data_all/x_time_day/10.1039_c9tc05227e/Fig6_A_stability_performance_curve_pce/accepted/10.1039_c9tc05227e__Fig6__A__stability_performance_curve_pce__Control__Series_1.csv,points/F00575.csv,8,more_observations
F00576,10.1039/c9tc05410c,data_all/x_time_day/10.1039_c9tc05410c/Fig5_F_stability_performance_curve_image/accepted/10.1039_c9tc05410c__Fig5__F__stability_performance_curve_image__Z8@MWCNT__Series_2.csv,points/F00576.csv,22,more_observations
F00577,10.1039/c9tc05410c,data_all/x_time_day/10.1039_c9tc05410c/Fig5_F_stability_performance_curve_image/accepted/10.1039_c9tc05410c__Fig5__F__stability_performance_curve_image__Z8__Series_1.csv,points/F00577.csv,22,more_observations
F00578,10.1039/d0dt03201h,data_all/x_time_day/10.1039_d0dt03201h/Fig6_E_stability_performance_curve_pce/accepted/10.1039_d0dt03201h__Fig6__E__stability_performance_curve_pce__HTMwithout_BiWg-Zn__Series_2.csv,points/F00578.csv,12,more_observations
F00579,10.1039/d0dt03201h,data_all/x_time_day/10.1039_d0dt03201h/Fig6_G_stability_performance_curve_pce/accepted/10.1039_d0dt03201h__Fig6__G__stability_performance_curve_pce__Without_BiWg-Zn__Series_1.csv,points/F00579.csv,42,more_observations
F00582,10.1039/d0qm00983k,data_all/x_time_day/10.1039_d0qm00983k/Fig10_B_stability_performance_curve/accepted/10.1039_d0qm00983k__Fig10__B__stability_performance_curve__o—Pristine__Series_1.csv,points/F00582.csv,16,more_observations
F00583,10.1039/d0ra07254k,data_all/x_time_day/10.1039_d0ra07254k/Fig6_C_stability_performance_curve/accepted/10.1039_d0ra07254k__Fig6__C__stability_performance_curve__W_O_DDQ__Series_1.csv,points/F00583.csv,14,more_observations
F00584,10.1039/d0ra09294k,data_all/x_time_day/10.1039_d0ra09294k/Fig5_C_stability_performance_curve/accepted/10.1039_d0ra09294k__Fig5__C__stability_performance_curve__Cs0.05__Series_1.csv,points/F00584.csv,39,more_observations
F00585,10.1039/d0ra09294k,data_all/x_time_day/10.1039_d0ra09294k/Fig5_C_stability_performance_curve/accepted/10.1039_d0ra09294k__Fig5__C__stability_performance_curve__Cs0.15__Series_2.csv,points/F00585.csv,38,more_observations
F00586,10.1039/d0ra09294k,data_all/x_time_day/10.1039_d0ra09294k/Fig5_C_stability_performance_curve/accepted/10.1039_d0ra09294k__Fig5__C__stability_performance_curve__Cs0.25__Series_3.csv,points/F00586.csv,36,more_observations
F00591,10.1039/d0ta06646j,data_all/x_time_day/10.1039_d0ta06646j/Fig4_G_stability_performance_curve_pce/accepted/10.1039_d0ta06646j__Fig4__G__stability_performance_curve_pce__1nmFPPX__Series_2.csv,points/F00591.csv,16,more_observations
F00592,10.1039/d0ta06646j,data_all/x_time_day/10.1039_d0ta06646j/Fig4_G_stability_performance_curve_pce/accepted/10.1039_d0ta06646j__Fig4__G__stability_performance_curve_pce__5nmPPX__Series_1.csv,points/F00592.csv,17,more_observations
F00593,10.1039/d0ta06646j,data_all/x_time_day/10.1039_d0ta06646j/Fig4_G_stability_performance_curve_pce/accepted/10.1039_d0ta06646j__Fig4__G__stability_performance_curve_pce__Uncoated__Series_3.csv,points/F00593.csv,16,more_observations
F00597,10.1039/d0tc01464h,data_all/x_time_day/10.1039_d0tc01464h/Fig5_C_eqe_curve_stability_performance/accepted/10.1039_d0tc01464h__Fig5__C__eqe_curve_stability_performance__pristine__Series_1.csv,points/F00597.csv,10,more_observations
F00598,10.1039/d0tc01464h,data_all/x_time_day/10.1039_d0tc01464h/Fig5_C_eqe_curve_stability_performance/accepted/10.1039_d0tc01464h__Fig5__C__eqe_curve_stability_performance__with_NH₂GACl__Series_2.csv,points/F00598.csv,9,more_observations
F00599,10.1039/d0tc02535f,data_all/x_time_day/10.1039_d0tc02535f/Fig6_whole_stability/accepted/10.1039_d0tc02535f__Fig6__whole__stability__Control__Series_2.csv,points/F00599.csv,78,more_observations
F00600,10.1039/d0tc03133j,data_all/x_time_day/10.1039_d0tc03133j/Fig6_D_stability_performance_curve_pce/accepted/10.1039_d0tc03133j__Fig6__D__stability_performance_curve_pce__Without_CB__Series_1.csv,points/F00600.csv,34,more_observations
F00604,10.1039/d0tc05455k,data_all/x_time_day/10.1039_d0tc05455k/Fig6_A_stability_performance_curve_pce/accepted/10.1039_d0tc05455k__Fig6__A__stability_performance_curve_pce__CsPbIBr₂__Series_2.csv,points/F00604.csv,19,more_observations
F00605,10.1039/d0tc05877g,data_all/x_time_day/10.1039_d0tc05877g/Fig9_whole_stability/accepted/10.1039_d0tc05877g__Fig9__whole__stability__o—ITO_SnO2_Perovskite__Series_2.csv,points/F00605.csv,27,more_observations
F00611,10.1039/d1ra05399j,data_all/x_time_day/10.1039_d1ra05399j/Fig5_C_stability_performance_curve_pce/accepted/10.1039_d1ra05399j__Fig5__C__stability_performance_curve_pce__Control__Series_2.csv,points/F00611.csv,22,more_observations
F00612,10.1039/d1sc01416a,data_all/x_time_day/10.1039_d1sc01416a/Fig5_B_stability_performance_curve/accepted/10.1039_d1sc01416a__Fig5__B__stability_performance_curve__Spiro-OMeTAD__Series_1.csv,points/F00612.csv,9,more_observations
F00614,10.1039/d1se00192b,data_all/x_time_day/10.1039_d1se00192b/Fig6_A_stability_performance_curve_pce/accepted/10.1039_d1se00192b__Fig6__A__stability_performance_curve_pce__Control__Series_1.csv,points/F00614.csv,61,more_observations
F00615,10.1039/d1ta04520b,data_all/x_time_day/10.1039_d1ta04520b/Fig5_A_stability_performance_curve_pce/accepted/10.1039_d1ta04520b__Fig5__A__stability_performance_curve_pce__Pristine__Series_1.csv,points/F00615.csv,15,more_observations
F00616,10.1039/d2cp02033e,data_all/x_time_day/10.1039_d2cp02033e/Fig5_A_stability_performance_curve_pce/accepted/10.1039_d2cp02033e__Fig5__A__stability_performance_curve_pce__NiOx_C60_C70__Series_1.csv,points/F00616.csv,31,more_observations
F00617,10.1039/d2cp02033e,data_all/x_time_day/10.1039_d2cp02033e/Fig5_A_stability_performance_curve_pce/accepted/10.1039_d2cp02033e__Fig5__A__stability_performance_curve_pce__PEDOT_PSS_PCBM__Series_2.csv,points/F00617.csv,31,more_observations
F00618,10.1039/d2ra03411e,data_all/x_time_day/10.1039_d2ra03411e/Fig8_F_stability_performance_curve_pce/accepted/10.1039_d2ra03411e__Fig8__F__stability_performance_curve_pce__NiOx__Series_1.csv,points/F00618.csv,15,more_observations
F00623,10.1039/d3ra00809f,data_all/x_time_day/10.1039_d3ra00809f/Fig4_C_stability_performance_curve_pce/accepted/10.1039_d3ra00809f__Fig4__C__stability_performance_curve_pce__Control__Series_1.csv,points/F00623.csv,18,more_observations
F00626,10.1039/d3ta03423b,data_all/x_time_day/10.1039_d3ta03423b/Fig3_C_stability_performance_curve_pce/accepted/10.1039_d3ta03423b__Fig3__C__stability_performance_curve_pce__Reference__Series_1.csv,points/F00626.csv,11,more_observations
F00627,10.1039/d4ra00583j,data_all/x_time_day/10.1039_d4ra00583j/Fig7_whole_stability_performance_curve_pce/accepted/10.1039_d4ra00583j__Fig7__whole__stability_performance_curve_pce__W_O_BA__Series_2.csv,points/F00627.csv,11,more_observations
F00628,10.1039/d4sc02020k,data_all/x_time_day/10.1039_d4sc02020k/Fig4_A_stability_performance_curve_image/accepted/10.1039_d4sc02020k__Fig4__A__stability_performance_curve_image__PTAA_Li-CYCLIC__Series_2.csv,points/F00628.csv,12,more_observations
F00629,10.1039/d4sc02020k,data_all/x_time_day/10.1039_d4sc02020k/Fig4_A_stability_performance_curve_image/accepted/10.1039_d4sc02020k__Fig4__A__stability_performance_curve_image__PTAA_Li-TFSI__Series_1.csv,points/F00629.csv,12,more_observations
F00630,10.1039/d5sc04440e,data_all/x_time_day/10.1039_d5sc04440e/Fig4_A_stability_performance_curve_pce/accepted/10.1039_d5sc04440e__Fig4__A__stability_performance_curve_pce__PTAA_Li-TFSI__Series_1.csv,points/F00630.csv,24,more_observations
F00631,10.1063/5.0012646,data_all/x_time_day/10.1063_5.0012646/Fig4_B_stability_performance_curve_pce/accepted/10.1063_5.0012646__Fig4__B__stability_performance_curve_pce__PCBM_Ag__Series_1.csv,points/F00631.csv,31,more_observations
F00639,10.1109/jphotov.2017.2775162,data_all/x_time_day/10.1109_jphotov.2017.2775162/Fig6_A_stability_performance_curve/accepted/10.1109_jphotov.2017.2775162__Fig6__A__stability_performance_curve__without_substrate-preheating__Series_2.csv,points/F00639.csv,18,more_observations
F00640,10.1126/science.aad1015,data_all/x_time_day/10.1126_science.aad1015/Fig4_C_jv_curve_stability_performance_jsc/accepted/10.1126_science.aad1015__Fig4__C__jv_curve_stability_performance_jsc__Ca__Series_3.csv,points/F00640.csv,48,more_observations
F00641,10.1126/science.aad1015,data_all/x_time_day/10.1126_science.aad1015/Fig4_C_jv_curve_stability_performance_jsc/accepted/10.1126_science.aad1015__Fig4__C__jv_curve_stability_performance_jsc__LiF__Series_2.csv,points/F00641.csv,48,more_observations
F00642,10.1134/s1063785020030153,data_all/x_time_day/10.1134_s1063785020030153/Fig3_A_stability_performance_curve_pce_ff/accepted/10.1134_s1063785020030153__Fig3__A__stability_performance_curve_pce_ff__PSC(CH3NH3PbI3)__Series_1.csv,points/F00642.csv,13,more_observations
F00643,10.1142/s0218625x18501378,data_all/x_time_day/10.1142_s0218625x18501378/Fig9_whole_pce/accepted/10.1142_s0218625x18501378__Fig9__whole__pce__x=0__Series_1.csv,points/F00643.csv,30,more_observations
F00644,10.1186/s11671-019-2936-8,data_all/x_time_day/10.1186_s11671-019-2936-8/Fig4_A_stability_performance_curve_pce/accepted/10.1186_s11671-019-2936-8__Fig4__A__stability_performance_curve_pce__Series_1__Series_1.csv,points/F00644.csv,14,more_observations
F00645,10.1186/s11671-020-03406-w,data_all/x_time_day/10.1186_s11671-020-03406-w/Fig4_D_jv_curve_stability_performance_pce/accepted/10.1186_s11671-020-03406-w__Fig4__D__jv_curve_stability_performance_pce__x=0__Series_2.csv,points/F00645.csv,14,more_observations
F00646,10.3390/coatings14040409,data_all/x_time_day/10.3390_coatings14040409/Fig10_D_stability_performance_curve_pce/accepted/10.3390_coatings14040409__Fig10__D__stability_performance_curve_pce__Reference__Series_2.csv,points/F00646.csv,17,more_observations
F00647,10.3390/cryst11121588,data_all/x_time_day/10.3390_cryst11121588/Fig4_A_stability_performance_curve_pce/accepted/10.3390_cryst11121588__Fig4__A__stability_performance_curve_pce__Control__Series_1.csv,points/F00647.csv,15,more_observations
F00648,10.3390/cryst11121588,data_all/x_time_day/10.3390_cryst11121588/Fig4_A_stability_performance_curve_pce/accepted/10.3390_cryst11121588__Fig4__A__stability_performance_curve_pce__OABr__Series_2.csv,points/F00648.csv,15,more_observations
F00649,10.3390/cryst12020290,data_all/x_time_day/10.3390_cryst12020290/Fig10_whole_stability_performance_curve/accepted/10.3390_cryst12020290__Fig10__whole__stability_performance_curve__PSC_0.0wt%__Series_1.csv,points/F00649.csv,27,more_observations
F00650,10.3390/cryst12081090,data_all/x_time_day/10.3390_cryst12081090/Fig6_D_stability_performance_curve_pce/accepted/10.3390_cryst12081090__Fig6__D__stability_performance_curve_pce__FTO_PEIE__Series_2.csv,points/F00650.csv,30,more_observations
F00651,10.3390/cryst12081090,data_all/x_time_day/10.3390_cryst12081090/Fig6_D_stability_performance_curve_pce/accepted/10.3390_cryst12081090__Fig6__D__stability_performance_curve_pce__FTO_TiO2__Series_1.csv,points/F00651.csv,30,more_observations
F00652,10.3390/en16237849,data_all/x_time_day/10.3390_en16237849/Fig8_F_stability_performance_curve_pce/accepted/10.3390_en16237849__Fig8__F__stability_performance_curve_pce__CsPbI3−xBrx__Series_1.csv,points/F00652.csv,41,more_observations
F00653,10.3390/ijms232214441,data_all/x_time_day/10.3390_ijms232214441/Fig5_C_stability_performance_curve_pce/accepted/10.3390_ijms232214441__Fig5__C__stability_performance_curve_pce__PCE_(30_%_UCNPs)__Series_1.csv,points/F00653.csv,84,more_observations
F00654,10.3390/ijms232214441,data_all/x_time_day/10.3390_ijms232214441/Fig5_C_stability_performance_curve_pce/accepted/10.3390_ijms232214441__Fig5__C__stability_performance_curve_pce__PCE_(pristine)__Series_2.csv,points/F00654.csv,84,more_observations
F00655,10.3390/mi16040379,data_all/x_time_day/10.3390_mi16040379/Fig5_C_stability_performance_curve_pce/accepted/10.3390_mi16040379__Fig5__C__stability_performance_curve_pce__→—Cs₃Sb2I9__Series_1.csv,points/F00655.csv,8,more_observations
F00656,10.3390/molecules28134976,data_all/x_time_day/10.3390_molecules28134976/Fig5_whole_stability/accepted/10.3390_molecules28134976__Fig5__whole__stability__0—0THI__Series_1.csv,points/F00656.csv,25,more_observations
F00657,10.3390/molecules29112556,data_all/x_time_day/10.3390_molecules29112556/Fig6_whole_stability_performance_curve_pce/accepted/10.3390_molecules29112556__Fig6__whole__stability_performance_curve_pce__PSC_device_30%_UCNPs__Series_1.csv,points/F00657.csv,64,more_observations
F00658,10.3390/molecules29112556,data_all/x_time_day/10.3390_molecules29112556/Fig6_whole_stability_performance_curve_pce/accepted/10.3390_molecules29112556__Fig6__whole__stability_performance_curve_pce__Pristine_device__Series_3.csv,points/F00658.csv,64,more_observations
F00659,10.3390/molecules29215064,data_all/x_time_day/10.3390_molecules29215064/Fig5_A_stability_performance_curve/accepted/10.3390_molecules29215064__Fig5__A__stability_performance_curve__PEDOT_PSS__Series_2.csv,points/F00659.csv,23,more_observations
F00660,10.3390/molecules29215064,data_all/x_time_day/10.3390_molecules29215064/Fig5_B_stability_performance_curve_pce/accepted/10.3390_molecules29215064__Fig5__B__stability_performance_curve_pce__PEDOT_PSS__Series_1.csv,points/F00660.csv,32,more_observations
F00661,10.3390/pr10081477,data_all/x_time_day/10.3390_pr10081477/Fig6_whole_figure/accepted/10.3390_pr10081477__Fig6__whole__figure__without_TOPO__Series_2.csv,points/F00661.csv,59,more_observations
F00663,10.7498/aps.72.20230636,data_all/x_time_day/10.7498_aps.72.20230636/Fig14_whole_stability/accepted/10.7498_aps.72.20230636__Fig14__whole__stability__o—Control__Series_1.csv,points/F00663.csv,9,more_observations
F00664,10.1002/adem.202000990,data_all/x_time_h/10.1002_adem.202000990/Fig5_C_jv_curve_stability_performance_pce/accepted/10.1002_adem.202000990__Fig5__C__jv_curve_stability_performance_pce__Pero@Pbl2-70°C__Series_3.csv,points/F00664.csv,19,more_observations
F00665,10.1002/adem.202000990,data_all/x_time_h/10.1002_adem.202000990/Fig5_C_jv_curve_stability_performance_pce/accepted/10.1002_adem.202000990__Fig5__C__jv_curve_stability_performance_pce__Pero@Pbl₂-300°C__Series_1.csv,points/F00665.csv,31,more_observations
F00667,10.1002/adfm.201503559,data_all/x_time_h/10.1002_adfm.201503559/Fig6_whole_figure/accepted/10.1002_adfm.201503559__Fig6__whole__figure__DMF__Series_2.csv,points/F00667.csv,74,more_observations
F00668,10.1002/adfm.201600746,data_all/x_time_h/10.1002_adfm.201600746/Fig6_A_stability_performance_curve_pce/accepted/10.1002_adfm.201600746__Fig6__A__stability_performance_curve_pce__PEDOT_PSS__Series_1.csv,points/F00668.csv,33,more_observations
F00669,10.1002/adfm.201601119,data_all/x_time_h/10.1002_adfm.201601119/Fig5_B_stability_performance_curve/accepted/10.1002_adfm.201601119__Fig5__B__stability_performance_curve__[spiro-OMeTAD]__Series_2.csv,points/F00669.csv,10,more_observations
F00670,10.1002/adfm.201605988,data_all/x_time_h/10.1002_adfm.201605988/Fig7_D_stability_performance_curve_pce/accepted/10.1002_adfm.201605988__Fig7__D__stability_performance_curve_pce__FAPbl₃__Series_1.csv,points/F00670.csv,11,more_observations
F00671,10.1002/adfm.201702090,data_all/x_time_h/10.1002_adfm.201702090/Fig4_B_mppt_stability_performance_curve/accepted/10.1002_adfm.201702090__Fig4__B__mppt_stability_performance_curve__Mesoporous_Ts_TiO2__Series_2.csv,points/F00671.csv,33,more_observations
F00672,10.1002/adfm.201705363,data_all/x_time_h/10.1002_adfm.201705363/Fig4_C_stability_performance_curve_pce/accepted/10.1002_adfm.201705363__Fig4__C__stability_performance_curve_pce__withPTT__Series_2.csv,points/F00672.csv,26,more_observations
F00673,10.1002/adfm.201705363,data_all/x_time_h/10.1002_adfm.201705363/Fig4_C_stability_performance_curve_pce/accepted/10.1002_adfm.201705363__Fig4__C__stability_performance_curve_pce__without_PTT__Series_1.csv,points/F00673.csv,25,more_observations
F00676,10.1002/adfm.201706923,data_all/x_time_h/10.1002_adfm.201706923/Fig5_B_stability_performance_curve_pce/accepted/10.1002_adfm.201706923__Fig5__B__stability_performance_curve_pce__→Control__Series_2.csv,points/F00676.csv,12,more_observations
F00677,10.1002/adfm.201800346,data_all/x_time_h/10.1002_adfm.201800346/Fig4_A_stability/accepted/10.1002_adfm.201800346__Fig4__A__stability__PCBM__Series_2.csv,points/F00677.csv,20,more_observations
F00678,10.1002/adfm.201803269,data_all/x_time_h/10.1002_adfm.201803269/Fig7_A_stability_performance_curve_pce/accepted/10.1002_adfm.201803269__Fig7__A__stability_performance_curve_pce__w_o_DMSO-adducts__Series_1.csv,points/F00678.csv,20,more_observations
F00679,10.1002/adfm.201804856,data_all/x_time_h/10.1002_adfm.201804856/Fig5_F_stability_performance_curve_eqe/accepted/10.1002_adfm.201804856__Fig5__F__stability_performance_curve_eqe__MAPbI₃__Series_1.csv,points/F00679.csv,26,more_observations
F00680,10.1002/adfm.201807850,data_all/x_time_h/10.1002_adfm.201807850/Fig7_F_stability_performance_curve_pce/accepted/10.1002_adfm.201807850__Fig7__F__stability_performance_curve_pce__w_NbF₅__Series_1.csv,points/F00680.csv,38,more_observations
F00681,10.1002/adfm.201807850,data_all/x_time_h/10.1002_adfm.201807850/Fig7_F_stability_performance_curve_pce/accepted/10.1002_adfm.201807850__Fig7__F__stability_performance_curve_pce__w_o_NbF₅__Series_2.csv,points/F00681.csv,12,more_observations
F00682,10.1002/adfm.201808119,data_all/x_time_h/10.1002_adfm.201808119/Fig7_B_stability_performance_curve/accepted/10.1002_adfm.201808119__Fig7__B__stability_performance_curve__Control__Series_2.csv,points/F00682.csv,9,more_observations
F00683,10.1002/adfm.201901026,data_all/x_time_h/10.1002_adfm.201901026/Fig7_C_stability_performance_curve_pce/accepted/10.1002_adfm.201901026__Fig7__C__stability_performance_curve_pce__0%__Series_3.csv,points/F00683.csv,10,more_observations
F00684,10.1002/adfm.201901296,data_all/x_time_h/10.1002_adfm.201901296/Fig7_B_stability_performance_curve_pce/accepted/10.1002_adfm.201901296__Fig7__B__stability_performance_curve_pce__Doped_Spiro-OMeTAD__Series_1.csv,points/F00684.csv,23,more_observations
F00685,10.1002/adfm.201905951,data_all/x_time_h/10.1002_adfm.201905951/Fig7_A_mppt_stability/accepted/10.1002_adfm.201905951__Fig7__A__mppt_stability__NDI-ID(RS)__Series_2.csv,points/F00685.csv,31,more_observations
F00686,10.1002/adfm.201905951,data_all/x_time_h/10.1002_adfm.201905951/Fig7_A_mppt_stability/accepted/10.1002_adfm.201905951__Fig7__A__mppt_stability__PCBM__Series_1.csv,points/F00686.csv,32,more_observations
F00687,10.1002/adfm.201909737,data_all/x_time_h/10.1002_adfm.201909737/Fig8_B_stability_performance_curve_pce/accepted/10.1002_adfm.201909737__Fig8__B__stability_performance_curve_pce__MAPbI₃__Series_1.csv,points/F00687.csv,11,more_observations
F00688,10.1002/adfm.201910620,data_all/x_time_h/10.1002_adfm.201910620/Fig5_D_stability_performance_curve_pce/accepted/10.1002_adfm.201910620__Fig5__D__stability_performance_curve_pce__w_oM2P__Series_1.csv,points/F00688.csv,19,more_observations
F00689,10.1002/adfm.202000034,data_all/x_time_h/10.1002_adfm.202000034/Fig6_F_stability_performance_curve_pce/accepted/10.1002_adfm.202000034__Fig6__F__stability_performance_curve_pce__3D__Series_3.csv,points/F00689.csv,59,more_observations
F00690,10.1002/adfm.202000034,data_all/x_time_h/10.1002_adfm.202000034/Fig6_F_stability_performance_curve_pce/accepted/10.1002_adfm.202000034__Fig6__F__stability_performance_curve_pce__BA_(n=4)__Series_2.csv,points/F00690.csv,59,more_observations
F00691,10.1002/adfm.202001788,data_all/x_time_h/10.1002_adfm.202001788/Fig6_D_stability/accepted/10.1002_adfm.202001788__Fig6__D__stability__Pero-I-0.1__Series_2.csv,points/F00691.csv,29,more_observations
F00692,10.1002/adfm.202001788,data_all/x_time_h/10.1002_adfm.202001788/Fig6_D_stability/accepted/10.1002_adfm.202001788__Fig6__D__stability__Pero-Th-0.05__Series_3.csv,points/F00692.csv,28,more_observations
F00693,10.1002/adfm.202001788,data_all/x_time_h/10.1002_adfm.202001788/Fig6_D_stability/accepted/10.1002_adfm.202001788__Fig6__D__stability__Pero-pristine__Series_1.csv,points/F00693.csv,29,more_observations
F00694,10.1002/adfm.202002230,data_all/x_time_h/10.1002_adfm.202002230/Fig6_B_stability_performance_curve_mapping/accepted/10.1002_adfm.202002230__Fig6__B__stability_performance_curve_mapping__0MABr__Series_2.csv,points/F00694.csv,25,more_observations
F00695,10.1002/adfm.202002964,data_all/x_time_h/10.1002_adfm.202002964/Fig5_C_mppt_stability_performance_curve_profile/accepted/10.1002_adfm.202002964__Fig5__C__mppt_stability_performance_curve_profile__o-Control__Series_1.csv,points/F00695.csv,24,more_observations
F00696,10.1002/adfm.202005846,data_all/x_time_h/10.1002_adfm.202005846/Fig4_A_stability/accepted/10.1002_adfm.202005846__Fig4__A__stability__Reference__Series_2.csv,points/F00696.csv,11,more_observations
F00697,10.1002/adfm.202008801,data_all/x_time_h/10.1002_adfm.202008801/Fig6_C_stability_performance_curve_spectrum/accepted/10.1002_adfm.202008801__Fig6__C__stability_performance_curve_spectrum__w_oIMBF4__Series_1.csv,points/F00697.csv,12,more_observations
F00698,10.1002/adfm.202008801,data_all/x_time_h/10.1002_adfm.202008801/Fig6_C_stability_performance_curve_spectrum/accepted/10.1002_adfm.202008801__Fig6__C__stability_performance_curve_spectrum__with_IMBF4__Series_2.csv,points/F00698.csv,12,more_observations
F00699,10.1002/adfm.202010368,data_all/x_time_h/10.1002_adfm.202010368/Fig7_B_stability_performance_curve/accepted/10.1002_adfm.202010368__Fig7__B__stability_performance_curve__Control__Series_1.csv,points/F00699.csv,14,more_observations
F00700,10.1002/adfm.202010368,data_all/x_time_h/10.1002_adfm.202010368/Fig7_E_stability_performance_curve/accepted/10.1002_adfm.202010368__Fig7__E__stability_performance_curve__Control__Series_1.csv,points/F00700.csv,21,more_observations
F00701,10.1002/adfm.202010696,"data_all/x_time_h/10.1002_adfm.202010696/Fig6_B_mppt_stability_performance_curve_pce/accepted/10.1002_adfm.202010696__Fig6__B__mppt_stability_performance_curve_pce__→CsPbl,Br-PT_Spiro-OMeTAD__Series_2.csv",points/F00701.csv,26,more_observations
F00702,10.1002/adfm.202101163,data_all/x_time_h/10.1002_adfm.202101163/Fig7_B_stability_performance_curve_pce/accepted/10.1002_adfm.202101163__Fig7__B__stability_performance_curve_pce__FAPbl3__Series_1.csv,points/F00702.csv,65,more_observations
F00703,10.1002/adfm.202103316,data_all/x_time_h/10.1002_adfm.202103316/Fig6_B_stability_performance_curve_pce_image/accepted/10.1002_adfm.202103316__Fig6__B__stability_performance_curve_pce_image__reference__Series_1.csv,points/F00703.csv,37,more_observations
F00704,10.1002/adfm.202103316,data_all/x_time_h/10.1002_adfm.202103316/Fig6_B_stability_performance_curve_pce_image/accepted/10.1002_adfm.202103316__Fig6__B__stability_performance_curve_pce_image__w_4t-5CzBn__Series_3.csv,points/F00704.csv,37,more_observations
F00705,10.1002/adfm.202103316,data_all/x_time_h/10.1002_adfm.202103316/Fig6_B_stability_performance_curve_pce_image/accepted/10.1002_adfm.202103316__Fig6__B__stability_performance_curve_pce_image__w_5CzBn__Series_2.csv,points/F00705.csv,37,more_observations
F00706,10.1002/adfm.202103316,data_all/x_time_h/10.1002_adfm.202103316/Fig6_C_stability_performance_curve_pce_image/accepted/10.1002_adfm.202103316__Fig6__C__stability_performance_curve_pce_image__reference__Series_3.csv,points/F00706.csv,37,more_observations
F00707,10.1002/adfm.202103316,data_all/x_time_h/10.1002_adfm.202103316/Fig6_C_stability_performance_curve_pce_image/accepted/10.1002_adfm.202103316__Fig6__C__stability_performance_curve_pce_image__w_4t-5CzBn__Series_1.csv,points/F00707.csv,37,more_observations
F00708,10.1002/adfm.202103316,data_all/x_time_h/10.1002_adfm.202103316/Fig6_C_stability_performance_curve_pce_image/accepted/10.1002_adfm.202103316__Fig6__C__stability_performance_curve_pce_image__w_5CzBn__Series_2.csv,points/F00708.csv,37,more_observations
F00709,10.1002/adfm.202103807,data_all/x_time_h/10.1002_adfm.202103807/Fig5_B_stability_performance_curve_pce/accepted/10.1002_adfm.202103807__Fig5__B__stability_performance_curve_pce__NiO__Series_1.csv,points/F00709.csv,15,more_observations
F00710,10.1002/adfm.202106560,"data_all/x_time_h/10.1002_adfm.202106560/Fig4_B_stability_performance_curve/accepted/10.1002_adfm.202106560__Fig4__B__stability_performance_curve__。—FASnl,_based_PSCs_with_HTL__Series_2.csv",points/F00710.csv,39,more_observations
F00711,10.1002/adfm.202107710,data_all/x_time_h/10.1002_adfm.202107710/Fig4_F_stability_performance_curve_jsc/accepted/10.1002_adfm.202107710__Fig4__F__stability_performance_curve_jsc__FASnl₃__Series_1.csv,points/F00711.csv,10,more_observations
F00712,10.1002/adfm.202111116,data_all/x_time_h/10.1002_adfm.202111116/Fig5_B_stability_performance_curve/accepted/10.1002_adfm.202111116__Fig5__B__stability_performance_curve__O-Ref__Series_2.csv,points/F00712.csv,12,more_observations
F00713,10.1002/adfm.202200174,data_all/x_time_h/10.1002_adfm.202200174/Fig3_E_stability_performance_curve_pce/accepted/10.1002_adfm.202200174__Fig3__E__stability_performance_curve_pce__Control__Series_2.csv,points/F00713.csv,12,more_observations
F00714,10.1002/adfm.202200473,data_all/x_time_h/10.1002_adfm.202200473/Fig4_A_stability_performance_curve/accepted/10.1002_adfm.202200473__Fig4__A__stability_performance_curve__FA0.92CS0.08Pbl3__Series_1.csv,points/F00714.csv,16,more_observations
F00715,10.1002/adfm.202200473,data_all/x_time_h/10.1002_adfm.202200473/Fig4_B_stability_performance_curve/accepted/10.1002_adfm.202200473__Fig4__B__stability_performance_curve__FA0.92CS0.08PbI3__Series_1.csv,points/F00715.csv,16,more_observations
F00716,10.1002/adfm.202200473,data_all/x_time_h/10.1002_adfm.202200473/Fig4_C_stability_performance_curve/accepted/10.1002_adfm.202200473__Fig4__C__stability_performance_curve__FA₀.₉₂Cs₀.₀₈PbI₃__Series_1.csv,points/F00716.csv,15,more_observations
F00717,10.1002/adfm.202215041,data_all/x_time_h/10.1002_adfm.202215041/Fig3_E_stability_performance_curve_pce/accepted/10.1002_adfm.202215041__Fig3__E__stability_performance_curve_pce__Control__Series_1.csv,points/F00717.csv,12,more_observations
F00719,10.1002/adfm.202501623,data_all/x_time_h/10.1002_adfm.202501623/Fig5_A_mppt_stability_performance_curve_pce_cross_section/accepted/10.1002_adfm.202501623__Fig5__A__mppt_stability_performance_curve_pce_cross_section__Control__Series_1.csv,points/F00719.csv,13,more_observations
F00720,10.1002/adfm.202501623,data_all/x_time_h/10.1002_adfm.202501623/Fig5_B_stability_performance_curve/accepted/10.1002_adfm.202501623__Fig5__B__stability_performance_curve__o—Control__Series_1.csv,points/F00720.csv,20,more_observations
F00721,10.1002/adma.201503729,data_all/x_time_h/10.1002_adma.201503729/Fig4_A_stability_performance_curve_retention/accepted/10.1002_adma.201503729__Fig4__A__stability_performance_curve_retention__Spiro-OMeTAD__Series_2.csv,points/F00721.csv,27,more_observations
F00722,10.1002/adma.201606608,data_all/x_time_h/10.1002_adma.201606608/Fig4_F_stability_performance_curve_pce/accepted/10.1002_adma.201606608__Fig4__F__stability_performance_curve_pce__MAPbI₃_device__Series_2.csv,points/F00722.csv,11,more_observations
F00723,10.1002/adma.201701221,data_all/x_time_h/10.1002_adma.201701221/Fig5_B_stability_performance_curve_pce/accepted/10.1002_adma.201701221__Fig5__B__stability_performance_curve_pce__spiro__Series_1.csv,points/F00723.csv,42,more_observations
F00724,10.1002/adma.201701221,data_all/x_time_h/10.1002_adma.201701221/Fig5_C_stability_performance_curve_pce/accepted/10.1002_adma.201701221__Fig5__C__stability_performance_curve_pce__w_o__Series_3.csv,points/F00724.csv,42,more_observations
F00725,10.1002/adma.201705596,data_all/x_time_h/10.1002_adma.201705596/Fig5_C_image/accepted/10.1002_adma.201705596__Fig5__C__image__MAPbl₃__Series_1.csv,points/F00725.csv,19,more_observations
F00728,10.1002/adma.201707143,data_all/x_time_h/10.1002_adma.201707143/Fig4_C_mppt_stability_performance_curve/accepted/10.1002_adma.201707143__Fig4__C__mppt_stability_performance_curve__Series_1__Series_1.csv,points/F00728.csv,9,more_observations
F00729,10.1002/adma.201707143,data_all/x_time_h/10.1002_adma.201707143/Fig4_D_stability/accepted/10.1002_adma.201707143__Fig4__D__stability__Series_1__Series_1.csv,points/F00729.csv,12,more_observations
F00730,10.1002/adma.201800544,data_all/x_time_h/10.1002_adma.201800544/Fig3_A_stability_performance_curve/accepted/10.1002_adma.201800544__Fig3__A__stability_performance_curve__Reference__Series_1.csv,points/F00730.csv,11,more_observations
F00731,10.1002/adma.201800973,data_all/x_time_h/10.1002_adma.201800973/Fig3_D_stability_performance_curve_pce/accepted/10.1002_adma.201800973__Fig3__D__stability_performance_curve_pce__reference_MAPbl__Series_2.csv,points/F00731.csv,8,more_observations
F00732,10.1002/adma.201801948,data_all/x_time_h/10.1002_adma.201801948/Fig8_C_stability/accepted/10.1002_adma.201801948__Fig8__C__stability__w_FAPFpost-treatment6__Series_2.csv,points/F00732.csv,47,more_observations
F00733,10.1002/adma.201801948,data_all/x_time_h/10.1002_adma.201801948/Fig8_C_stability/accepted/10.1002_adma.201801948__Fig8__C__stability__w_o_post-treatment__Series_1.csv,points/F00733.csv,46,more_observations
F00734,10.1002/adma.201803735,data_all/x_time_h/10.1002_adma.201803735/Fig4_D_stability_performance_curve_decay/accepted/10.1002_adma.201803735__Fig4__D__stability_performance_curve_decay__Spiro-OMeTAD__Series_1.csv,points/F00734.csv,37,more_observations
F00736,10.1002/adma.201805323,data_all/x_time_h/10.1002_adma.201805323/Fig4_F_stability_performance_curve_pce/accepted/10.1002_adma.201805323__Fig4__F__stability_performance_curve_pce__X=0__Series_1.csv,points/F00736.csv,8,more_observations
F00737,10.1002/adma.201806823,data_all/x_time_h/10.1002_adma.201806823/Fig3_C_pce/accepted/10.1002_adma.201806823__Fig3__C__pce__X=0.17__Series_1.csv,points/F00737.csv,10,more_observations
F00739,10.1002/adma.201901673,data_all/x_time_h/10.1002_adma.201901673/Fig7_C_stability_performance_curve_pce/accepted/10.1002_adma.201901673__Fig7__C__stability_performance_curve_pce__(PEA)₂MA₄Pb₅I₁₆__Series_2.csv,points/F00739.csv,21,more_observations
F00740,10.1002/adma.201901966,data_all/x_time_h/10.1002_adma.201901966/Fig4_E_stability_performance_curve/accepted/10.1002_adma.201901966__Fig4__E__stability_performance_curve__LDRP__Series_1.csv,points/F00740.csv,33,more_observations
F00741,10.1002/adma.201903448,data_all/x_time_h/10.1002_adma.201903448/Fig3_G_stability_performance_curve_pce/accepted/10.1002_adma.201903448__Fig3__G__stability_performance_curve_pce__CsPbI₃__Series_2.csv,points/F00741.csv,14,more_observations
F00742,10.1002/adma.201904347,data_all/x_time_h/10.1002_adma.201904347/Fig3_F_stability_performance_curve_pce/accepted/10.1002_adma.201904347__Fig3__F__stability_performance_curve_pce__Pristine__Series_1.csv,points/F00742.csv,11,more_observations
F00743,10.1002/adma.201904494,data_all/x_time_h/10.1002_adma.201904494/Fig4_D_mppt_stability_performance_curve_profile/accepted/10.1002_adma.201904494__Fig4__D__mppt_stability_performance_curve_profile__with_IEICO-4F__Series_2.csv,points/F00743.csv,46,more_observations
F00744,10.1002/adma.201904494,data_all/x_time_h/10.1002_adma.201904494/Fig4_D_mppt_stability_performance_curve_profile/accepted/10.1002_adma.201904494__Fig4__D__mppt_stability_performance_curve_profile__without_IEICO-4F__Series_1.csv,points/F00744.csv,46,more_observations
F00745,10.1002/adma.201905502,data_all/x_time_h/10.1002_adma.201905502/Fig4_H_stability_performance_curve/accepted/10.1002_adma.201905502__Fig4__H__stability_performance_curve__0.15__Series_2.csv,points/F00745.csv,23,more_observations
F00746,10.1002/adma.201905502,data_all/x_time_h/10.1002_adma.201905502/Fig4_H_stability_performance_curve/accepted/10.1002_adma.201905502__Fig4__H__stability_performance_curve__R__Series_1.csv,points/F00746.csv,24,more_observations
F00749,10.1002/adma.201905766,data_all/x_time_h/10.1002_adma.201905766/Fig4_E_stability_performance_curve_pce/accepted/10.1002_adma.201905766__Fig4__E__stability_performance_curve_pce__In₂O₃_SnO₂__Series_1.csv,points/F00749.csv,51,more_observations
F00747,10.1002/adma.201905766,data_all/x_time_h/10.1002_adma.201905766/Fig4_E_mppt_stability_performance_curve_pce/accepted/10.1002_adma.201905766__Fig4__E__mppt_stability_performance_curve_pce__In₂O₃_SnO₂__Series_1.csv,points/F00747.csv,48,more_observations
F00750,10.1002/adma.201905766,data_all/x_time_h/10.1002_adma.201905766/Fig4_E_stability_performance_curve_pce/accepted/10.1002_adma.201905766__Fig4__E__stability_performance_curve_pce__SnO₂__Series_2.csv,points/F00750.csv,51,more_observations
F00748,10.1002/adma.201905766,data_all/x_time_h/10.1002_adma.201905766/Fig4_E_mppt_stability_performance_curve_pce/accepted/10.1002_adma.201905766__Fig4__E__mppt_stability_performance_curve_pce__SnO₂__Series_2.csv,points/F00748.csv,48,more_observations
F00751,10.1002/adma.201906995,data_all/x_time_h/10.1002_adma.201906995/Fig5_D_stability/accepted/10.1002_adma.201906995__Fig5__D__stability__AceMA__Series_1.csv,points/F00751.csv,44,more_observations
F00752,10.1002/adma.201907396,data_all/x_time_h/10.1002_adma.201907396/Fig5_E_mppt_stability_performance_curve_pattern/accepted/10.1002_adma.201907396__Fig5__E__mppt_stability_performance_curve_pattern__Control__Series_1.csv,points/F00752.csv,55,more_observations
F02167,10.1002/adma.201907623,final_data/x_time_h/10.1002_adma.201907623/Fig5_C_stability_performance_curve_pce/accepted/10.1002_adma.201907623_Fig5_C_stability_performance_curve_pce_0%PHCI__Series_2.csv,points/F02167.csv,184,more_observations
F02168,10.1002/adma.201907623,final_data/x_time_h/10.1002_adma.201907623/Fig5_C_stability_performance_curve_pce/accepted/10.1002_adma.201907623_Fig5_C_stability_performance_curve_pce_5%PHCI__Series_1.csv,points/F02168.csv,358,more_observations
F00755,10.1002/adma.201907769,data_all/x_time_h/10.1002_adma.201907769/Fig4_E_jv_curve_stability_performance_jsc/accepted/10.1002_adma.201907769__Fig4__E__jv_curve_stability_performance_jsc__Control__Series_2.csv,points/F00755.csv,50,more_observations
F00756,10.1002/adma.201907769,data_all/x_time_h/10.1002_adma.201907769/Fig4_F_jv_curve_stability_performance_jsc/accepted/10.1002_adma.201907769__Fig4__F__jv_curve_stability_performance_jsc__Control__Series_1.csv,points/F00756.csv,12,more_observations
F00757,10.1002/adma.201908107,data_all/x_time_h/10.1002_adma.201908107/Fig5_E_stability_performance_curve_pce/accepted/10.1002_adma.201908107__Fig5__E__stability_performance_curve_pce__0%GABr__Series_2.csv,points/F00757.csv,12,more_observations
F00758,10.1002/adma.202000865,data_all/x_time_h/10.1002_adma.202000865/Fig4_F_mppt_stability_performance_curve_pce/accepted/10.1002_adma.202000865__Fig4__F__mppt_stability_performance_curve_pce__Control__Series_1.csv,points/F00758.csv,95,more_observations
F00759,10.1002/adma.202001470,data_all/x_time_h/10.1002_adma.202001470/Fig5_G_stability_performance_curve_pattern/accepted/10.1002_adma.202001470__Fig5__G__stability_performance_curve_pattern__Control__Series_1.csv,points/F00759.csv,29,more_observations
F00760,10.1002/adma.202001470,data_all/x_time_h/10.1002_adma.202001470/Fig5_G_stability_performance_curve_pattern/accepted/10.1002_adma.202001470__Fig5__G__stability_performance_curve_pattern__FAPbI₃__Series_2.csv,points/F00760.csv,29,more_observations
F00761,10.1002/adma.202001470,data_all/x_time_h/10.1002_adma.202001470/Fig5_H_stability_performance_curve_pattern/accepted/10.1002_adma.202001470__Fig5__H__stability_performance_curve_pattern__Control__Series_2.csv,points/F00761.csv,28,more_observations
F00762,10.1002/adma.202001470,data_all/x_time_h/10.1002_adma.202001470/Fig5_H_stability_performance_curve_pattern/accepted/10.1002_adma.202001470__Fig5__H__stability_performance_curve_pattern__FAPbl3__Series_1.csv,points/F00762.csv,29,more_observations
F00763,10.1002/adma.202003296,data_all/x_time_h/10.1002_adma.202003296/Fig5_A_stability_performance_curve_pce/accepted/10.1002_adma.202003296__Fig5__A__stability_performance_curve_pce__Control__Series_1.csv,points/F00763.csv,9,more_observations
F00764,10.1002/adma.202003296,data_all/x_time_h/10.1002_adma.202003296/Fig5_B_stability_performance_curve_pce/accepted/10.1002_adma.202003296__Fig5__B__stability_performance_curve_pce__Control__Series_2.csv,points/F00764.csv,43,more_observations
F00765,10.1002/adma.202003965,data_all/x_time_h/10.1002_adma.202003965/Fig6_A_stability_performance_curve_pce/accepted/10.1002_adma.202003965__Fig6__A__stability_performance_curve_pce__Eth-PSCs__Series_2.csv,points/F00765.csv,23,more_observations
F00766,10.1002/adma.202003965,data_all/x_time_h/10.1002_adma.202003965/Fig6_B_chart/accepted/10.1002_adma.202003965__Fig6__B__chart__Eth-PsCs__Series_2.csv,points/F00766.csv,57,more_observations
F00768,10.1002/adma.202006087,data_all/x_time_h/10.1002_adma.202006087/Fig3_C_stability_performance_curve/accepted/10.1002_adma.202006087__Fig3__C__stability_performance_curve__Spiro-OMeTAD°__Series_2.csv,points/F00768.csv,17,more_observations
F00769,10.1002/adma.202006087,data_all/x_time_h/10.1002_adma.202006087/Fig7_A_mppt_stability_performance_curve/accepted/10.1002_adma.202006087__Fig7__A__mppt_stability_performance_curve__Control__Series_2.csv,points/F00769.csv,13,more_observations
F00770,10.1002/adma.202006087,data_all/x_time_h/10.1002_adma.202006087/Fig7_B_mppt_stability_performance_curve_pce/accepted/10.1002_adma.202006087__Fig7__B__mppt_stability_performance_curve_pce__Control__Series_1.csv,points/F00770.csv,34,more_observations
F00771,10.1002/adma.202006753,data_all/x_time_h/10.1002_adma.202006753/Fig6_B_stability_performance_curve_pce/accepted/10.1002_adma.202006753__Fig6__B__stability_performance_curve_pce__PTAA__Series_1.csv,points/F00771.csv,12,more_observations
F00772,10.1002/adma.202007431,data_all/x_time_h/10.1002_adma.202007431/Fig4_F_stability_performance_curve_pce/accepted/10.1002_adma.202007431__Fig4__F__stability_performance_curve_pce__HL38__Series_1.csv,points/F00772.csv,35,more_observations
F00773,10.1002/adma.202007431,data_all/x_time_h/10.1002_adma.202007431/Fig4_F_stability_performance_curve_pce/accepted/10.1002_adma.202007431__Fig4__F__stability_performance_curve_pce__spiro-MeOTAD__Series_2.csv,points/F00773.csv,35,more_observations
F00774,10.1002/adma.202101823,data_all/x_time_h/10.1002_adma.202101823/Fig6_D_stability_performance_curve_pce/accepted/10.1002_adma.202101823__Fig6__D__stability_performance_curve_pce__BZA__Series_2.csv,points/F00774.csv,10,more_observations
F00775,10.1002/adma.202101823,data_all/x_time_h/10.1002_adma.202101823/Fig6_D_stability_performance_curve_pce/accepted/10.1002_adma.202101823__Fig6__D__stability_performance_curve_pce__Reference__Series_3.csv,points/F00775.csv,9,more_observations
F00776,10.1002/adma.202103231,data_all/x_time_h/10.1002_adma.202103231/Fig6_A_stability_performance_curve/accepted/10.1002_adma.202103231__Fig6__A__stability_performance_curve__Control__Series_2.csv,points/F00776.csv,12,more_observations
F00778,10.1002/adma.202205769,data_all/x_time_h/10.1002_adma.202205769/Fig4_B_stability_performance_curve_pce/accepted/10.1002_adma.202205769__Fig4__B__stability_performance_curve_pce__PEDOT_PSS__Series_2.csv,points/F00778.csv,11,more_observations
F00779,10.1002/adma.202205769,data_all/x_time_h/10.1002_adma.202205769/Fig4_C_stability_performance_curve_pce/accepted/10.1002_adma.202205769__Fig4__C__stability_performance_curve_pce__PEDOT_PSS—C₆₀_ALD_SnO₂__Series_3.csv,points/F00779.csv,9,more_observations
F00780,10.1002/adma.202205769,data_all/x_time_h/10.1002_adma.202205769/Fig4_D_stability_performance_curve_pce/accepted/10.1002_adma.202205769__Fig4__D__stability_performance_curve_pce__PEDOT_PSS__Series_2.csv,points/F00780.csv,15,more_observations
F00781,10.1002/adma.202302839,data_all/x_time_h/10.1002_adma.202302839/Fig2_G_stability_performance_curve/accepted/10.1002_adma.202302839__Fig2__G__stability_performance_curve__Control__Series_2.csv,points/F00781.csv,8,more_observations
F00783,10.1002/adma.202303692,data_all/x_time_h/10.1002_adma.202303692/Fig6_B_stability_performance_curve/accepted/10.1002_adma.202303692__Fig6__B__stability_performance_curve__SP__Series_2.csv,points/F00783.csv,8,more_observations
F00784,10.1002/adma.202303869,data_all/x_time_h/10.1002_adma.202303869/Fig4_E_mppt_stability_performance_curve_pce_voc/accepted/10.1002_adma.202303869__Fig4__E__mppt_stability_performance_curve_pce_voc__CsFAMA__Series_1.csv,points/F00784.csv,8,more_observations
F00785,10.1002/adma.202304150,data_all/x_time_h/10.1002_adma.202304150/Fig4_E_stability_performance_curve_pce/accepted/10.1002_adma.202304150__Fig4__E__stability_performance_curve_pce__Ref__Series_1.csv,points/F00785.csv,17,more_observations
F00788,10.1002/adma.202307422,data_all/x_time_h/10.1002_adma.202307422/Fig6_H_stability_performance_curve_pce/accepted/10.1002_adma.202307422__Fig6__H__stability_performance_curve_pce__Control__Series_1.csv,points/F00788.csv,32,more_observations
F00786,10.1002/adma.202307422,data_all/x_time_h/10.1002_adma.202307422/Fig6_H_mppt_stability_performance_curve_pce/accepted/10.1002_adma.202307422__Fig6__H__mppt_stability_performance_curve_pce__Control__Series_1.csv,points/F00786.csv,23,more_observations
F00790,10.1002/admi.201500799,data_all/x_time_h/10.1002_admi.201500799/Fig7_whole_stability_performance_curve_pce/accepted/10.1002_admi.201500799__Fig7__whole__stability_performance_curve_pce__CrOx__Series_2.csv,points/F00790.csv,73,more_observations
F00791,10.1002/admi.201500799,data_all/x_time_h/10.1002_admi.201500799/Fig7_whole_stability_performance_curve_pce/accepted/10.1002_admi.201500799__Fig7__whole__stability_performance_curve_pce__Cu_CrOx__Series_1.csv,points/F00791.csv,77,more_observations
F00792,10.1002/admi.201800645,data_all/x_time_h/10.1002_admi.201800645/Fig5_whole_mppt_stability/accepted/10.1002_admi.201800645__Fig5__whole__mppt_stability__W_o_5-AVA__Series_2.csv,points/F00792.csv,55,more_observations
F00793,10.1002/admi.201901964,data_all/x_time_h/10.1002_admi.201901964/Fig4_D_stability_performance_curve_pce/accepted/10.1002_admi.201901964__Fig4__D__stability_performance_curve_pce__TiO2__Series_1.csv,points/F00793.csv,21,more_observations
F00794,10.1002/admi.202000105,data_all/x_time_h/10.1002_admi.202000105/Fig5_D_stability_performance_curve_pce/accepted/10.1002_admi.202000105__Fig5__D__stability_performance_curve_pce__Reference__Series_2.csv,points/F00794.csv,72,more_observations
F00795,10.1002/admi.202000105,data_all/x_time_h/10.1002_admi.202000105/Fig5_E_stability_performance_curve_pce_pattern/accepted/10.1002_admi.202000105__Fig5__E__stability_performance_curve_pce_pattern__reference__Series_1.csv,points/F00795.csv,51,more_observations
F00797,10.1002/admi.202001144,data_all/x_time_h/10.1002_admi.202001144/Fig3_A_stability_performance_curve_pce/accepted/10.1002_admi.202001144__Fig3__A__stability_performance_curve_pce__C6-BTC@AuNPs__Series_3.csv,points/F00797.csv,21,more_observations
F00798,10.1002/admi.202001144,data_all/x_time_h/10.1002_admi.202001144/Fig3_A_stability_performance_curve_pce/accepted/10.1002_admi.202001144__Fig3__A__stability_performance_curve_pce__c-TiO2__Series_1.csv,points/F00798.csv,21,more_observations
F00799,10.1002/admi.202001144,data_all/x_time_h/10.1002_admi.202001144/Fig3_A_stability_performance_curve_pce/accepted/10.1002_admi.202001144__Fig3__A__stability_performance_curve_pce__。—PCBM__Series_2.csv,points/F00799.csv,22,more_observations
F00800,10.1002/admi.202001144,data_all/x_time_h/10.1002_admi.202001144/Fig3_B_stability_performance_curve_pce/accepted/10.1002_admi.202001144__Fig3__B__stability_performance_curve_pce__C₆₀-BCT@Au_NPs__Series_1.csv,points/F00800.csv,53,more_observations
F00801,10.1002/admi.202001144,data_all/x_time_h/10.1002_admi.202001144/Fig3_B_stability_performance_curve_pce/accepted/10.1002_admi.202001144__Fig3__B__stability_performance_curve_pce__PCBM__Series_2.csv,points/F00801.csv,54,more_observations
F00802,10.1002/admi.202001144,data_all/x_time_h/10.1002_admi.202001144/Fig3_B_stability_performance_curve_pce/accepted/10.1002_admi.202001144__Fig3__B__stability_performance_curve_pce__c-TiO₂__Series_3.csv,points/F00802.csv,53,more_observations
F00803,10.1002/admi.202001425,data_all/x_time_h/10.1002_admi.202001425/Fig4_F_stability_performance_curve_pce/accepted/10.1002_admi.202001425__Fig4__F__stability_performance_curve_pce__PCDTBTw_ofibrils__Series_3.csv,points/F00803.csv,27,more_observations
F00804,10.1002/admi.202001425,data_all/x_time_h/10.1002_admi.202001425/Fig4_F_stability_performance_curve_pce/accepted/10.1002_admi.202001425__Fig4__F__stability_performance_curve_pce__Spiro-OMeTAD__Series_1.csv,points/F00804.csv,27,more_observations
F00806,10.1002/admi.202100776,data_all/x_time_h/10.1002_admi.202100776/Fig5_B_stability_performance_curve_pce/accepted/10.1002_admi.202100776__Fig5__B__stability_performance_curve_pce__without_QDs__Series_2.csv,points/F00806.csv,20,more_observations
F00807,10.1002/admi.202102324,data_all/x_time_h/10.1002_admi.202102324/Fig6_F_stability_performance_curve_pce/accepted/10.1002_admi.202102324__Fig6__F__stability_performance_curve_pce__25_°C_BDP-NH₂__Series_2.csv,points/F00807.csv,12,more_observations
F00808,10.1002/admi.202102324,data_all/x_time_h/10.1002_admi.202102324/Fig6_F_stability_performance_curve_pce/accepted/10.1002_admi.202102324__Fig6__F__stability_performance_curve_pce__25_°C_w_o_BDP__Series_1.csv,points/F00808.csv,11,more_observations
F00809,10.1002/admi.202102324,data_all/x_time_h/10.1002_admi.202102324/Fig6_F_stability_performance_curve_pce/accepted/10.1002_admi.202102324__Fig6__F__stability_performance_curve_pce__65_°C_BDP-NH₂__Series_3.csv,points/F00809.csv,11,more_observations
F00810,10.1002/admi.202102324,data_all/x_time_h/10.1002_admi.202102324/Fig6_F_stability_performance_curve_pce/accepted/10.1002_admi.202102324__Fig6__F__stability_performance_curve_pce__65_°C_w_o_BDP__Series_4.csv,points/F00810.csv,10,more_observations
F00811,10.1002/adom.201900542,data_all/x_time_h/10.1002_adom.201900542/Fig5_whole_stability_performance_curve_pce/accepted/10.1002_adom.201900542__Fig5__whole__stability_performance_curve_pce__PCBM__Series_1.csv,points/F00811.csv,44,more_observations
F00812,10.1002/advs.201700018,data_all/x_time_h/10.1002_advs.201700018/Fig5_A_stability_performance_curve_pce/accepted/10.1002_advs.201700018__Fig5__A__stability_performance_curve_pce__TiO₂__Series_1.csv,points/F00812.csv,40,more_observations
F00815,10.1002/advs.201700484,data_all/x_time_h/10.1002_advs.201700484/Fig5_A_stability_performance_curve_pce/accepted/10.1002_advs.201700484__Fig5__A__stability_performance_curve_pce__PCE__Series_1.csv,points/F00815.csv,15,more_observations
F00817,10.1002/advs.201901241,data_all/x_time_h/10.1002_advs.201901241/Fig5_B_stability_performance_curve_pce/accepted/10.1002_advs.201901241__Fig5__B__stability_performance_curve_pce__Control__Series_2.csv,points/F00817.csv,19,more_observations
F00818,10.1002/advs.201901241,data_all/x_time_h/10.1002_advs.201901241/Fig5_C_stability_performance_curve_pce_plot/accepted/10.1002_advs.201901241__Fig5__C__stability_performance_curve_pce_plot__2%DIFA__Series_2.csv,points/F00818.csv,54,more_observations
F00819,10.1002/advs.201901241,data_all/x_time_h/10.1002_advs.201901241/Fig5_C_stability_performance_curve_pce_plot/accepted/10.1002_advs.201901241__Fig5__C__stability_performance_curve_pce_plot__Control__Series_1.csv,points/F00819.csv,53,more_observations
F00820,10.1002/advs.201901241,data_all/x_time_h/10.1002_advs.201901241/Fig5_D_stability_performance_curve_pce_plot/accepted/10.1002_advs.201901241__Fig5__D__stability_performance_curve_pce_plot__2%DIFA__Series_1.csv,points/F00820.csv,53,more_observations
F00821,10.1002/advs.201901241,data_all/x_time_h/10.1002_advs.201901241/Fig5_D_stability_performance_curve_pce_plot/accepted/10.1002_advs.201901241__Fig5__D__stability_performance_curve_pce_plot__Control__Series_2.csv,points/F00821.csv,41,more_observations
F00822,10.1002/advs.201903044,data_all/x_time_h/10.1002_advs.201903044/Fig6_D_stability_performance_curve_pce/accepted/10.1002_advs.201903044__Fig6__D__stability_performance_curve_pce__NiOx__Series_2.csv,points/F00822.csv,14,more_observations
F00823,10.1002/advs.201903047,data_all/x_time_h/10.1002_advs.201903047/Fig4_D_stability_performance_curve_pce/accepted/10.1002_advs.201903047__Fig4__D__stability_performance_curve_pce__Current_method__Series_2.csv,points/F00823.csv,58,more_observations
F00824,10.1002/advs.201903047,data_all/x_time_h/10.1002_advs.201903047/Fig4_D_stability_performance_curve_pce/accepted/10.1002_advs.201903047__Fig4__D__stability_performance_curve_pce__One_step__Series_1.csv,points/F00824.csv,58,more_observations
F00825,10.1002/advs.201903250,data_all/x_time_h/10.1002_advs.201903250/Fig5_D_tga_stability_performance_curve_pce/accepted/10.1002_advs.201903250__Fig5__D__tga_stability_performance_curve_pce__Control__Series_2.csv,points/F00825.csv,42,more_observations
F00826,10.1002/advs.201903250,data_all/x_time_h/10.1002_advs.201903250/Fig5_D_tga_stability_performance_curve_pce/accepted/10.1002_advs.201903250__Fig5__D__tga_stability_performance_curve_pce__wTGA__Series_3.csv,points/F00826.csv,34,more_observations
F00827,10.1002/advs.201903250,data_all/x_time_h/10.1002_advs.201903250/Fig5_E_tga_stability_performance_curve_pce/accepted/10.1002_advs.201903250__Fig5__E__tga_stability_performance_curve_pce__Control__Series_1.csv,points/F00827.csv,35,more_observations
F00828,10.1002/advs.201903250,data_all/x_time_h/10.1002_advs.201903250/Fig5_E_tga_stability_performance_curve_pce/accepted/10.1002_advs.201903250__Fig5__E__tga_stability_performance_curve_pce__wTGA__Series_2.csv,points/F00828.csv,34,more_observations
F00829,10.1002/advs.201903250,data_all/x_time_h/10.1002_advs.201903250/Fig5_F_tga_stability_performance_curve_pce/accepted/10.1002_advs.201903250__Fig5__F__tga_stability_performance_curve_pce__Control__Series_2.csv,points/F00829.csv,11,more_observations
F00830,10.1002/advs.201903250,data_all/x_time_h/10.1002_advs.201903250/Fig5_F_tga_stability_performance_curve_pce/accepted/10.1002_advs.201903250__Fig5__F__tga_stability_performance_curve_pce__WTGA__Series_3.csv,points/F00830.csv,11,more_observations
F00831,10.1002/aelm.202000604,data_all/x_time_h/10.1002_aelm.202000604/Fig4_F_stability_performance_curve/accepted/10.1002_aelm.202000604__Fig4__F__stability_performance_curve__WithoutMI__Series_1.csv,points/F00831.csv,17,more_observations
F00832,10.1002/aenm.201600285,data_all/x_time_h/10.1002_aenm.201600285/Fig6_whole_stability_performance_curve_pce/accepted/10.1002_aenm.201600285__Fig6__whole__stability_performance_curve_pce__PC[70]BM_AZO_Al__Series_3.csv,points/F00832.csv,11,more_observations
F00833,10.1002/aenm.201600285,data_all/x_time_h/10.1002_aenm.201600285/Fig6_whole_stability_performance_curve_pce/accepted/10.1002_aenm.201600285__Fig6__whole__stability_performance_curve_pce__PC[70]BM_Al__Series_2.csv,points/F00833.csv,12,more_observations
F00834,10.1002/aenm.201600920,data_all/x_time_h/10.1002_aenm.201600920/Fig7_B_stability_performance_curve_jsc/accepted/10.1002_aenm.201600920__Fig7__B__stability_performance_curve_jsc__Spiro__Series_2.csv,points/F00834.csv,26,more_observations
F00835,10.1002/aenm.201601156,data_all/x_time_h/10.1002_aenm.201601156/Fig4_A_pce/accepted/10.1002_aenm.201601156__Fig4__A__pce__Spiro-OMeTAD__Series_1.csv,points/F00835.csv,60,more_observations
F00836,10.1002/aenm.201602120,data_all/x_time_h/10.1002_aenm.201602120/Fig4_A_pce/accepted/10.1002_aenm.201602120__Fig4__A__pce__PCBM__Series_2.csv,points/F00836.csv,23,more_observations
F00839,10.1002/aenm.201700763,data_all/x_time_h/10.1002_aenm.201700763/Fig5_A_stability_performance_curve_pce/accepted/10.1002_aenm.201700763__Fig5__A__stability_performance_curve_pce__r-GO_PTAA__Series_2.csv,points/F00839.csv,20,more_observations
F00840,10.1002/aenm.201700763,data_all/x_time_h/10.1002_aenm.201700763/Fig5_A_stability_performance_curve_pce/accepted/10.1002_aenm.201700763__Fig5__A__stability_performance_curve_pce__r-GO__Series_1.csv,points/F00840.csv,20,more_observations
F00841,10.1002/aenm.201701688,data_all/x_time_h/10.1002_aenm.201701688/Fig4_F_device_structure/accepted/10.1002_aenm.201701688__Fig4__F__device_structure__PEDOT_PSS__Series_2.csv,points/F00841.csv,29,more_observations
F00842,10.1002/aenm.201703054,data_all/x_time_h/10.1002_aenm.201703054/Fig8_A_stability_performance_curve_pce/accepted/10.1002_aenm.201703054__Fig8__A__stability_performance_curve_pce__Pero-pristine__Series_1.csv,points/F00842.csv,36,more_observations
F00843,10.1002/aenm.201802774,data_all/x_time_h/10.1002_aenm.201802774/Fig3_B_stability_performance_curve_pce_pattern/accepted/10.1002_aenm.201802774__Fig3__B__stability_performance_curve_pce_pattern__w_oGDR__Series_2.csv,points/F00843.csv,13,more_observations
F00844,10.1002/aenm.201802774,data_all/x_time_h/10.1002_aenm.201802774/Fig3_C_stability_performance_curve_pce/accepted/10.1002_aenm.201802774__Fig3__C__stability_performance_curve_pce__w_oGDR__Series_1.csv,points/F00844.csv,65,more_observations
F00845,10.1002/aenm.201803047,data_all/x_time_h/10.1002_aenm.201803047/Fig6_A_stability_performance_curve_pce_ff/accepted/10.1002_aenm.201803047__Fig6__A__stability_performance_curve_pce_ff__RUS-D__Series_1.csv,points/F00845.csv,23,more_observations
F00846,10.1002/aenm.201803287,data_all/x_time_h/10.1002_aenm.201803287/Fig6_B_stability_performance_curve_pce/accepted/10.1002_aenm.201803287__Fig6__B__stability_performance_curve_pce__o-Doped_Spiro-OMeTAD__Series_1.csv,points/F00846.csv,51,more_observations
F00848,10.1002/aenm.201901726,data_all/x_time_h/10.1002_aenm.201901726/Fig6_E_stability_performance_curve_pce_pattern/accepted/10.1002_aenm.201901726__Fig6__E__stability_performance_curve_pce_pattern__control_device__Series_2.csv,points/F00848.csv,49,more_observations
F00849,10.1002/aenm.201901852,data_all/x_time_h/10.1002_aenm.201901852/Fig6_A_stability_performance_curve_pce/accepted/10.1002_aenm.201901852__Fig6__A__stability_performance_curve_pce__control__Series_2.csv,points/F00849.csv,20,more_observations
F00850,10.1002/aenm.201901852,data_all/x_time_h/10.1002_aenm.201901852/Fig6_B_stability_performance_curve_pce/accepted/10.1002_aenm.201901852__Fig6__B__stability_performance_curve_pce__control__Series_1.csv,points/F00850.csv,20,more_observations
F00851,10.1002/aenm.201901852,data_all/x_time_h/10.1002_aenm.201901852/Fig6_C_stability_performance_curve/accepted/10.1002_aenm.201901852__Fig6__C__stability_performance_curve__control__Series_1.csv,points/F00851.csv,35,more_observations
F00854,10.1002/aenm.201902239,data_all/x_time_h/10.1002_aenm.201902239/Fig5_C_stability_performance_curve_pce/accepted/10.1002_aenm.201902239__Fig5__C__stability_performance_curve_pce__control__Series_1.csv,points/F00854.csv,42,more_observations
F00855,10.1002/aenm.201902472,data_all/x_time_h/10.1002_aenm.201902472/Fig5_C_stability_performance_curve/accepted/10.1002_aenm.201902472__Fig5__C__stability_performance_curve__UVCA_without_Paraffin__Series_1.csv,points/F00855.csv,18,more_observations
F00856,10.1002/aenm.201902472,data_all/x_time_h/10.1002_aenm.201902472/Fig5_D_stability_performance_curve/accepted/10.1002_aenm.201902472__Fig5__D__stability_performance_curve__UVCA_without_Paraffin__Series_1.csv,points/F00856.csv,10,more_observations
F00857,10.1002/aenm.201902653,data_all/x_time_h/10.1002_aenm.201902653/Fig5_E_stability_performance_curve_pce/accepted/10.1002_aenm.201902653__Fig5__E__stability_performance_curve_pce__Perovskite__Series_2.csv,points/F00857.csv,22,more_observations
F00858,10.1002/aenm.201903146,data_all/x_time_h/10.1002_aenm.201903146/Fig7_whole_figure/accepted/10.1002_aenm.201903146__Fig7__whole__figure__spiro-OMeTAD__Series_1.csv,points/F00858.csv,24,more_observations
F00859,10.1002/aenm.201903654,data_all/x_time_h/10.1002_aenm.201903654/Fig5_E_mppt_stability_performance_curve_pce/accepted/10.1002_aenm.201903654__Fig5__E__mppt_stability_performance_curve_pce__3D__Series_2.csv,points/F00859.csv,49,more_observations
F00860,10.1002/aenm.201903751,data_all/x_time_h/10.1002_aenm.201903751/Fig4_D_stability_performance_curve_pce/accepted/10.1002_aenm.201903751__Fig4__D__stability_performance_curve_pce__O-without_STCG__Series_1.csv,points/F00860.csv,29,more_observations
F00861,10.1002/aenm.201903751,data_all/x_time_h/10.1002_aenm.201903751/Fig4_F_stability/accepted/10.1002_aenm.201903751__Fig4__F__stability__MAPbl3__Series_1.csv,points/F00861.csv,20,more_observations
F00862,10.1002/aenm.201903751,data_all/x_time_h/10.1002_aenm.201903751/Fig4_F_stability/accepted/10.1002_aenm.201903751__Fig4__F__stability__O-CsPbl₂without_STCG__Series_3.csv,points/F00862.csv,20,more_observations
F00863,10.1002/aenm.201903751,data_all/x_time_h/10.1002_aenm.201903751/Fig5_D_stability_performance_curve_pce/accepted/10.1002_aenm.201903751__Fig5__D__stability_performance_curve_pce__Series_1__Series_1.csv,points/F00863.csv,9,more_observations
F00865,10.1002/aenm.202001869,data_all/x_time_h/10.1002_aenm.202001869/Fig8_C_stability_performance_curve/accepted/10.1002_aenm.202001869__Fig8__C__stability_performance_curve__ITO_SnO₂_SAM_FAPbI₃_PDCBT_Ta-WOₓ_Ag__Series_3.csv,points/F00865.csv,19,more_observations
F00866,10.1002/aenm.202001869,data_all/x_time_h/10.1002_aenm.202001869/Fig8_C_stability_performance_curve/accepted/10.1002_aenm.202001869__Fig8__C__stability_performance_curve__ITO_SnO₂_SAM_MAPbI₃_PDCBT_Ta-WOₓ_Carbon__Series_2.csv,points/F00866.csv,19,more_observations
F00867,10.1002/aenm.202001869,data_all/x_time_h/10.1002_aenm.202001869/Fig8_D_stability/accepted/10.1002_aenm.202001869__Fig8__D__stability__MAPbI₃__Series_2.csv,points/F00867.csv,67,more_observations
F00869,10.1002/aenm.202002004,data_all/x_time_h/10.1002_aenm.202002004/Fig5_F_stability_performance_curve/accepted/10.1002_aenm.202002004__Fig5__F__stability_performance_curve__Control__Series_1.csv,points/F00869.csv,8,more_observations
F00870,10.1002/aenm.202002882,data_all/x_time_h/10.1002_aenm.202002882/Fig5_C_stability_performance_curve_pce/accepted/10.1002_aenm.202002882__Fig5__C__stability_performance_curve_pce__CsPbI₂Br_NSs__Series_2.csv,points/F00870.csv,16,more_observations
F00871,10.1002/aenm.202002882,data_all/x_time_h/10.1002_aenm.202002882/Fig5_C_stability_performance_curve_pce/accepted/10.1002_aenm.202002882__Fig5__C__stability_performance_curve_pce__CsPbI₂Br__Series_1.csv,points/F00871.csv,15,more_observations
F00872,10.1002/aenm.202002882,data_all/x_time_h/10.1002_aenm.202002882/Fig5_C_stability_performance_curve_pce/accepted/10.1002_aenm.202002882__Fig5__C__stability_performance_curve_pce__NSs_CsPbI₂Br_NSs__Series_3.csv,points/F00872.csv,16,more_observations
F00873,10.1002/aenm.202002966,data_all/x_time_h/10.1002_aenm.202002966/Fig5_F_stability_performance_curve_pce/accepted/10.1002_aenm.202002966__Fig5__F__stability_performance_curve_pce__2D__Series_2.csv,points/F00873.csv,8,more_observations
F00874,10.1002/aenm.202003301,data_all/x_time_h/10.1002_aenm.202003301/Fig5_E_stability_performance_curve_pce/accepted/10.1002_aenm.202003301__Fig5__E__stability_performance_curve_pce__o-Control__Series_2.csv,points/F00874.csv,10,more_observations
F00875,10.1002/aenm.202003301,data_all/x_time_h/10.1002_aenm.202003301/Fig5_F_mppt_stability_performance_curve_pce/accepted/10.1002_aenm.202003301__Fig5__F__mppt_stability_performance_curve_pce__o-Control__Series_2.csv,points/F00875.csv,10,more_observations
F00876,10.1002/aenm.202003785,data_all/x_time_h/10.1002_aenm.202003785/Fig6_F_mppt_stability_performance_curve/accepted/10.1002_aenm.202003785__Fig6__F__mppt_stability_performance_curve__o-Control__Series_2.csv,points/F00876.csv,88,more_observations
F00878,10.1002/aenm.202100967,data_all/x_time_h/10.1002_aenm.202100967/Fig4_F_mppt_stability_performance_curve_pce_jsc/accepted/10.1002_aenm.202100967__Fig4__F__mppt_stability_performance_curve_pce_jsc__Spiro__Series_1.csv,points/F00878.csv,18,more_observations
F00879,10.1002/aenm.202101291,data_all/x_time_h/10.1002_aenm.202101291/Fig5_G_stability_performance_curve_pce/accepted/10.1002_aenm.202101291__Fig5__G__stability_performance_curve_pce__MAPbl₃__Series_1.csv,points/F00879.csv,22,more_observations
F00880,10.1002/aenm.202101539,data_all/x_time_h/10.1002_aenm.202101539/Fig4_F_stability_performance_curve_pce/accepted/10.1002_aenm.202101539__Fig4__F__stability_performance_curve_pce__Reference__Series_1.csv,points/F00880.csv,10,more_observations
F00881,10.1002/aenm.202200480,data_all/x_time_h/10.1002_aenm.202200480/Fig6_A_stability_performance_curve_pce/accepted/10.1002_aenm.202200480__Fig6__A__stability_performance_curve_pce__85.2%__Series_1.csv,points/F00881.csv,28,more_observations
F00882,10.1002/aenm.202200480,data_all/x_time_h/10.1002_aenm.202200480/Fig6_B_stability/accepted/10.1002_aenm.202200480__Fig6__B__stability__TTDA-TAPB-COF__Series_1.csv,points/F00882.csv,28,more_observations
F00884,10.1002/aenm.202301066,data_all/x_time_h/10.1002_aenm.202301066/Fig4_D_stability_performance_curve_pce/accepted/10.1002_aenm.202301066__Fig4__D__stability_performance_curve_pce__Control__Series_3.csv,points/F00884.csv,17,more_observations
F00885,10.1002/aenm.202301066,data_all/x_time_h/10.1002_aenm.202301066/Fig4_D_stability_performance_curve_pce/accepted/10.1002_aenm.202301066__Fig4__D__stability_performance_curve_pce__With_NMAI__Series_1.csv,points/F00885.csv,16,more_observations
F00886,10.1002/aenm.202301218,data_all/x_time_h/10.1002_aenm.202301218/Fig3_E_mppt_stability_performance_curve_pce_eqe/accepted/10.1002_aenm.202301218__Fig3__E__mppt_stability_performance_curve_pce_eqe__Control__Series_2.csv,points/F00886.csv,12,more_observations
F00887,10.1002/aenm.202301218,data_all/x_time_h/10.1002_aenm.202301218/Fig5_F_mppt_stability_performance_curve_pce/accepted/10.1002_aenm.202301218__Fig5__F__mppt_stability_performance_curve_pce__Control__Series_2.csv,points/F00887.csv,13,more_observations
F00888,10.1002/aenm.202302169,data_all/x_time_h/10.1002_aenm.202302169/Fig5_A_stability_performance_curve_spectrum/accepted/10.1002_aenm.202302169__Fig5__A__stability_performance_curve_spectrum__Control_(initial_PCE_20.15%)__Series_1.csv,points/F00888.csv,24,more_observations
F00889,10.1002/aenm.202302169,data_all/x_time_h/10.1002_aenm.202302169/Fig5_B_stability/accepted/10.1002_aenm.202302169__Fig5__B__stability__Control_(initial_PCE_20.98%)__Series_1.csv,points/F00889.csv,32,more_observations
F00890,10.1002/aenm.202302169,data_all/x_time_h/10.1002_aenm.202302169/Fig5_C_stability_performance_curve_pce/accepted/10.1002_aenm.202302169__Fig5__C__stability_performance_curve_pce__Control_(initial_PCE_21.02%)__Series_1.csv,points/F00890.csv,32,more_observations
F00891,10.1002/anie.201800816,data_all/x_time_h/10.1002_anie.201800816/Fig2_D_jv_curve_stability_performance/accepted/10.1002_anie.201800816__Fig2__D__jv_curve_stability_performance__e-LiTFSI__Series_2.csv,points/F00891.csv,14,more_observations
F00892,10.1002/anie.201904195,data_all/x_time_h/10.1002_anie.201904195/Fig4_A_stability_performance_curve/accepted/10.1002_anie.201904195__Fig4__A__stability_performance_curve__PCBM_in_ambient__Series_1.csv,points/F00892.csv,13,more_observations
F00893,10.1002/anie.201904195,data_all/x_time_h/10.1002_anie.201904195/Fig4_A_stability_performance_curve/accepted/10.1002_anie.201904195__Fig4__A__stability_performance_curve__PDI-C60_in_ambient__Series_2.csv,points/F00893.csv,14,more_observations
F00894,10.1002/anie.201905690,data_all/x_time_h/10.1002_anie.201905690/Fig1_F_stability_performance_curve_pce/accepted/10.1002_anie.201905690__Fig1__F__stability_performance_curve_pce__BA₂MA₄Pb₅I₁₆__Series_1.csv,points/F00894.csv,14,more_observations
F00896,10.1002/anie.202005211,data_all/x_time_h/10.1002_anie.202005211/Fig4_E_mppt_stability_performance_curve_pce/accepted/10.1002_anie.202005211__Fig4__E__mppt_stability_performance_curve_pce__Bare_FAPbI₃_with_MACI__Series_1.csv,points/F00896.csv,20,more_observations
F00897,10.1002/anie.202007353,data_all/x_time_h/10.1002_anie.202007353/Fig3_F_stability_performance_curve_pce/accepted/10.1002_anie.202007353__Fig3__F__stability_performance_curve_pce__a__Series_1.csv,points/F00897.csv,18,more_observations
F00898,10.1002/anie.202007353,data_all/x_time_h/10.1002_anie.202007353/Fig3_F_stability_performance_curve_pce/accepted/10.1002_anie.202007353__Fig3__F__stability_performance_curve_pce__c__Series_2.csv,points/F00898.csv,18,more_observations
F00899,10.1002/anie.202012095,data_all/x_time_h/10.1002_anie.202012095/Fig5_E_stability_performance_curve_pce/accepted/10.1002_anie.202012095__Fig5__E__stability_performance_curve_pce__Pristine__Series_1.csv,points/F00899.csv,10,more_observations
F00900,10.1002/anie.202016085,data_all/x_time_h/10.1002_anie.202016085/Fig6_A_pce/accepted/10.1002_anie.202016085__Fig6__A__pce__PTAA__Series_2.csv,points/F00900.csv,14,more_observations
F00902,10.1002/anie.202410069,data_all/x_time_h/10.1002_anie.202410069/Fig4_E_stability_performance_curve_pce/accepted/10.1002_anie.202410069__Fig4__E__stability_performance_curve_pce__Control__Series_1.csv,points/F00902.csv,61,more_observations
F00904,10.1002/anie.202505470,data_all/x_time_h/10.1002_anie.202505470/Fig6_D_stability_performance_curve/accepted/10.1002_anie.202505470__Fig6__D__stability_performance_curve__Control__Series_1.csv,points/F00904.csv,19,more_observations
F00905,10.1002/anie.202505470,data_all/x_time_h/10.1002_anie.202505470/Fig6_E_stability_performance_curve/accepted/10.1002_anie.202505470__Fig6__E__stability_performance_curve__Control__Series_2.csv,points/F00905.csv,9,more_observations
F00906,10.1002/celc.201701054,data_all/x_time_h/10.1002_celc.201701054/Fig7_B_stability_performance_curve/accepted/10.1002_celc.201701054__Fig7__B__stability_performance_curve__α-Fe203__Series_2.csv,points/F00906.csv,45,more_observations
F00908,10.1002/cjoc.201800469,data_all/x_time_h/10.1002_cjoc.201800469/Fig5_B_stability/accepted/10.1002_cjoc.201800469__Fig5__B__stability__Perovskite__Series_1.csv,points/F00908.csv,17,more_observations
F00910,10.1002/cssc.201600860,data_all/x_time_h/10.1002_cssc.201600860/Fig11_A_stability_performance_curve_pce/accepted/10.1002_cssc.201600860__Fig11__A__stability_performance_curve_pce__ZnO__Series_2.csv,points/F00910.csv,18,more_observations
F00911,10.1002/cssc.201800658,data_all/x_time_h/10.1002_cssc.201800658/Fig6_C_stability_performance_curve_pce/accepted/10.1002_cssc.201800658__Fig6__C__stability_performance_curve_pce__FA__Series_3.csv,points/F00911.csv,12,more_observations
F00912,10.1002/cssc.201802421,data_all/x_time_h/10.1002_cssc.201802421/Fig5_whole_figure/accepted/10.1002_cssc.201802421__Fig5__whole__figure__TiO2__Series_2.csv,points/F00912.csv,19,more_observations
F00913,10.1002/cssc.201900106,data_all/x_time_h/10.1002_cssc.201900106/Fig6_A_stability_performance_curve_pce/accepted/10.1002_cssc.201900106__Fig6__A__stability_performance_curve_pce__W_Ot-BAI__Series_2.csv,points/F00913.csv,10,more_observations
F00914,10.1002/cssc.201900106,data_all/x_time_h/10.1002_cssc.201900106/Fig6_C_stability_performance_curve_pce/accepted/10.1002_cssc.201900106__Fig6__C__stability_performance_curve_pce__W_Ot-BAI__Series_1.csv,points/F00914.csv,32,more_observations
F00915,10.1002/cssc.201900509,data_all/x_time_h/10.1002_cssc.201900509/Fig7_C_stability/accepted/10.1002_cssc.201900509__Fig7__C__stability__HTL__Series_1.csv,points/F00915.csv,14,more_observations
F00916,10.1002/cssc.201902488,data_all/x_time_h/10.1002_cssc.201902488/Fig6_A_stability_performance_curve_pce/accepted/10.1002_cssc.201902488__Fig6__A__stability_performance_curve_pce__Controlgroup__Series_1.csv,points/F00916.csv,42,more_observations
F00917,10.1002/cssc.201902488,data_all/x_time_h/10.1002_cssc.201902488/Fig6_A_stability_performance_curve_pce/accepted/10.1002_cssc.201902488__Fig6__A__stability_performance_curve_pce__With_ttfa__Series_2.csv,points/F00917.csv,43,more_observations
F00918,10.1002/cssc.201903216,data_all/x_time_h/10.1002_cssc.201903216/Fig5_C_stability_performance_curve_pce/accepted/10.1002_cssc.201903216__Fig5__C__stability_performance_curve_pce__BA_Method__Series_2.csv,points/F00918.csv,73,more_observations
F00919,10.1002/cssc.201903216,data_all/x_time_h/10.1002_cssc.201903216/Fig5_C_stability_performance_curve_pce/accepted/10.1002_cssc.201903216__Fig5__C__stability_performance_curve_pce__Control__Series_1.csv,points/F00919.csv,74,more_observations
F00920,10.1002/cssc.202001527,data_all/x_time_h/10.1002_cssc.202001527/Fig5_A_jsc/accepted/10.1002_cssc.202001527__Fig5__A__jsc__0.3_suns__Series_3.csv,points/F00920.csv,14,more_observations
F00921,10.1002/cssc.202001527,data_all/x_time_h/10.1002_cssc.202001527/Fig5_A_jsc/accepted/10.1002_cssc.202001527__Fig5__A__jsc__0.5_suns__Series_1.csv,points/F00921.csv,14,more_observations
F00922,10.1002/cssc.202001527,data_all/x_time_h/10.1002_cssc.202001527/Fig5_A_jsc/accepted/10.1002_cssc.202001527__Fig5__A__jsc__1sun__Series_2.csv,points/F00922.csv,13,more_observations
F00924,10.1002/cssc.202002707,data_all/x_time_h/10.1002_cssc.202002707/Fig7_A_stability_performance_curve_pce/accepted/10.1002_cssc.202002707__Fig7__A__stability_performance_curve_pce__Control__Series_1.csv,points/F00924.csv,26,more_observations
F00925,10.1002/eem2.12089,data_all/x_time_h/10.1002_eem2.12089/Fig5_B_stability_performance_curve/accepted/10.1002_eem2.12089__Fig5__B__stability_performance_curve__Ag__Series_2.csv,points/F00925.csv,24,more_observations
F00926,10.1002/eem2.12595,data_all/x_time_h/10.1002_eem2.12595/Fig3_F_stability_performance_curve_pce/accepted/10.1002_eem2.12595__Fig3__F__stability_performance_curve_pce__PCBM-only_IPSC__Series_1.csv,points/F00926.csv,34,more_observations
F00927,10.1002/ente.201700448,data_all/x_time_h/10.1002_ente.201700448/Fig6_D_stability_performance_curve/accepted/10.1002_ente.201700448__Fig6__D__stability_performance_curve__Spiro-OMeTAD__Series_1.csv,points/F00927.csv,12,more_observations
F00929,10.1002/ente.202000224,data_all/x_time_h/10.1002_ente.202000224/Fig5_C_stability_performance_curve_pce/accepted/10.1002_ente.202000224__Fig5__C__stability_performance_curve_pce__Control__Series_1.csv,points/F00929.csv,31,more_observations
F00932,10.1002/pssr.202000062,data_all/x_time_h/10.1002_pssr.202000062/Fig4_B_stability_performance_curve_pce/accepted/10.1002_pssr.202000062__Fig4__B__stability_performance_curve_pce__TiO2__Series_2.csv,points/F00932.csv,114,more_observations
F00933,10.1002/slct.201904141,data_all/x_time_h/10.1002_slct.201904141/Fig6_D_stability_performance_curve_voc_eqe/accepted/10.1002_slct.201904141__Fig6__D__stability_performance_curve_voc_eqe__Spiro-OMeTAD__Series_1.csv,points/F00933.csv,30,more_observations
F00934,10.1002/slct.202102172,data_all/x_time_h/10.1002_slct.202102172/Fig8_whole_stability/accepted/10.1002_slct.202102172__Fig8__whole__stability__0%__Series_1.csv,points/F00934.csv,17,more_observations
F00935,10.1002/slct.202102172,data_all/x_time_h/10.1002_slct.202102172/Fig8_whole_stability/accepted/10.1002_slct.202102172__Fig8__whole__stability__4%__Series_2.csv,points/F00935.csv,17,more_observations
F00936,10.1002/smll.201904372,data_all/x_time_h/10.1002_smll.201904372/Fig6_A_stability_performance_curve_pce/accepted/10.1002_smll.201904372__Fig6__A__stability_performance_curve_pce__MAPbI₃__Series_1.csv,points/F00936.csv,68,more_observations
F00938,10.1002/smll.201904399,data_all/x_time_h/10.1002_smll.201904399/Fig6_B_stability/accepted/10.1002_smll.201904399__Fig6__B__stability__P3HT_Li+TBP__Series_1.csv,points/F00938.csv,17,more_observations
F00939,10.1002/smll.201904399,data_all/x_time_h/10.1002_smll.201904399/Fig6_C_stability_performance_curve_pce/accepted/10.1002_smll.201904399__Fig6__C__stability_performance_curve_pce__P3HT_Li+TBP__Series_2.csv,points/F00939.csv,50,more_observations
F00940,10.1002/smll.201904746,data_all/x_time_h/10.1002_smll.201904746/Fig3_B_stability_performance_curve/accepted/10.1002_smll.201904746__Fig3__B__stability_performance_curve__TiO2_Pero_Spiro_Au__Series_2.csv,points/F00940.csv,30,more_observations
F00941,10.1002/smll.201904746,data_all/x_time_h/10.1002_smll.201904746/Fig3_C_stability_performance_curve/accepted/10.1002_smll.201904746__Fig3__C__stability_performance_curve__TiO₂_Pero_Spiro_Au__Series_2.csv,points/F00941.csv,30,more_observations
F00942,10.1002/smll.201904746,data_all/x_time_h/10.1002_smll.201904746/Fig4_C_stability_performance_curve/accepted/10.1002_smll.201904746__Fig4__C__stability_performance_curve__TiO2_Pero_CuSCN_C__Series_1.csv,points/F00942.csv,19,more_observations
F00943,10.1002/smll.201907283,data_all/x_time_h/10.1002_smll.201907283/Fig6_D_ff/accepted/10.1002_smll.201907283__Fig6__D__ff__WO__Series_2.csv,points/F00943.csv,24,more_observations
F00944,10.1002/smll.202003582,data_all/x_time_h/10.1002_smll.202003582/Fig7_F_xrd_pattern_stability_performance_curve/accepted/10.1002_smll.202003582__Fig7__F__xrd_pattern_stability_performance_curve__Pristine__Series_1.csv,points/F00944.csv,8,more_observations
F00945,10.1002/smll.202004877,data_all/x_time_h/10.1002_smll.202004877/Fig5_I_stability_performance_curve/accepted/10.1002_smll.202004877__Fig5__I__stability_performance_curve__Pristine__Series_2.csv,points/F00945.csv,12,more_observations
F00946,10.1002/smll.202005246,data_all/x_time_h/10.1002_smll.202005246/Fig5_A_stability_performance_curve_pce/accepted/10.1002_smll.202005246__Fig5__A__stability_performance_curve_pce__Series_1__Series_1.csv,points/F00946.csv,24,more_observations
F00948,10.1002/smll.202101380,data_all/x_time_h/10.1002_smll.202101380/Fig5_H_stability_performance_curve_pce/accepted/10.1002_smll.202101380__Fig5__H__stability_performance_curve_pce__CsPb0.55Sn0.45l2Br-CsCI__Series_3.csv,points/F00948.csv,57,more_observations
F00949,10.1002/smll.202101380,data_all/x_time_h/10.1002_smll.202101380/Fig5_H_stability_performance_curve_pce/accepted/10.1002_smll.202101380__Fig5__H__stability_performance_curve_pce__CsPbo.5Sn0.45l2Br__Series_1.csv,points/F00949.csv,38,more_observations
F00950,10.1002/smll.202101902,data_all/x_time_h/10.1002_smll.202101902/Fig7_A_stability_performance_curve_pce/accepted/10.1002_smll.202101902__Fig7__A__stability_performance_curve_pce__Spiro-OMeTAD__Series_1.csv,points/F00950.csv,26,more_observations
F00951,10.1002/smll.202101902,data_all/x_time_h/10.1002_smll.202101902/Fig7_A_stability_performance_curve_pce/accepted/10.1002_smll.202101902__Fig7__A__stability_performance_curve_pce__Spiro_Ts-CuPc-i__Series_2.csv,points/F00951.csv,27,more_observations
F00952,10.1002/smll.202102272,"data_all/x_time_h/10.1002_smll.202102272/Fig6_B_stability_performance_curve_pce/accepted/10.1002_smll.202102272__Fig6__B__stability_performance_curve_pce__o—CsPbI,Br__Series_1.csv",points/F00952.csv,12,more_observations
F00953,10.1002/smll.202102368,data_all/x_time_h/10.1002_smll.202102368/Fig4_B_stability_performance_curve_pce/accepted/10.1002_smll.202102368__Fig4__B__stability_performance_curve_pce__3D__Series_2.csv,points/F00953.csv,9,more_observations
F00954,10.1002/smll.202201820,data_all/x_time_h/10.1002_smll.202201820/Fig5_C_stability_performance_curve_pce_pattern/accepted/10.1002_smll.202201820__Fig5__C__stability_performance_curve_pce_pattern__C-C1_C-C1-P__Series_2.csv,points/F00954.csv,38,more_observations
F00956,10.1002/smtd.201900476,data_all/x_time_h/10.1002_smtd.201900476/Fig5_D_mppt_stability_performance_curve_pce_eqe/accepted/10.1002_smtd.201900476__Fig5__D__mppt_stability_performance_curve_pce_eqe__SnO₂__Series_2.csv,points/F00956.csv,52,more_observations
F00957,10.1002/smtd.201900652,data_all/x_time_h/10.1002_smtd.201900652/Fig5_E_stability_performance_curve_pce/accepted/10.1002_smtd.201900652__Fig5__E__stability_performance_curve_pce__150℃__Series_1.csv,points/F00957.csv,50,more_observations
F00958,10.1002/smtd.201900652,data_all/x_time_h/10.1002_smtd.201900652/Fig5_E_stability_performance_curve_pce/accepted/10.1002_smtd.201900652__Fig5__E__stability_performance_curve_pce__80°℃__Series_2.csv,points/F00958.csv,65,more_observations
F00959,10.1002/smtd.201900831,data_all/x_time_h/10.1002_smtd.201900831/Fig5_I_stability_performance_curve/accepted/10.1002_smtd.201900831__Fig5__I__stability_performance_curve__0SCN__Series_1.csv,points/F00959.csv,12,more_observations
F00960,10.1002/smtd.201900831,data_all/x_time_h/10.1002_smtd.201900831/Fig5_I_stability_performance_curve/accepted/10.1002_smtd.201900831__Fig5__I__stability_performance_curve__2SCN__Series_2.csv,points/F00960.csv,12,more_observations
F00962,10.1002/solr.201700209,data_all/x_time_h/10.1002_solr.201700209/Fig5_A_pce/accepted/10.1002_solr.201700209__Fig5__A__pce__FA_MA__Series_2.csv,points/F00962.csv,22,more_observations
F00963,10.1002/solr.201800004,data_all/x_time_h/10.1002_solr.201800004/Fig6_D_pce/accepted/10.1002_solr.201800004__Fig6__D__pce__W-NiOx__Series_2.csv,points/F00963.csv,22,more_observations
F00964,10.1002/solr.201800222,data_all/x_time_h/10.1002_solr.201800222/Fig7_D_stability_performance_curve_pce/accepted/10.1002_solr.201800222__Fig7__D__stability_performance_curve_pce__PCBM__Series_2.csv,points/F00964.csv,19,more_observations
F00965,10.1002/solr.201800290,data_all/x_time_h/10.1002_solr.201800290/Fig7_A_stability_performance_curve/accepted/10.1002_solr.201800290__Fig7__A__stability_performance_curve__W_O_TFEACI__Series_2.csv,points/F00965.csv,21,more_observations
F00966,10.1002/solr.201900011,data_all/x_time_h/10.1002_solr.201900011/Fig8_D_stability_performance_curve_pce/accepted/10.1002_solr.201900011__Fig8__D__stability_performance_curve_pce__spiro-OMeTAD__Series_1.csv,points/F00966.csv,14,more_observations
F00967,10.1002/solr.201900029,data_all/x_time_h/10.1002_solr.201900029/Fig7_whole_stability_performance_curve_pce/accepted/10.1002_solr.201900029__Fig7__whole__stability_performance_curve_pce__CB_anti-solvent__Series_1.csv,points/F00967.csv,15,more_observations
F00970,10.1002/solr.201900072,data_all/x_time_h/10.1002_solr.201900072/Fig6_A_stability_performance_curve_pce/accepted/10.1002_solr.201900072__Fig6__A__stability_performance_curve_pce__WoTPFPB__Series_1.csv,points/F00970.csv,18,more_observations
F00971,10.1002/solr.201900091,data_all/x_time_h/10.1002_solr.201900091/Fig5_A_xps_spectrum_stability_performance_curve/accepted/10.1002_solr.201900091__Fig5__A__xps_spectrum_stability_performance_curve__wc-Nb2O5__Series_1.csv,points/F00971.csv,27,more_observations
F00972,10.1002/solr.201900091,data_all/x_time_h/10.1002_solr.201900091/Fig5_A_xps_spectrum_stability_performance_curve/accepted/10.1002_solr.201900091__Fig5__A__xps_spectrum_stability_performance_curve__wo__Series_2.csv,points/F00972.csv,27,more_observations
F00973,10.1002/solr.201900119,data_all/x_time_h/10.1002_solr.201900119/Fig5_D_stability_performance_curve/accepted/10.1002_solr.201900119__Fig5__D__stability_performance_curve__ZnBu₄Pc__Series_2.csv,points/F00973.csv,19,more_observations
F00975,10.1002/solr.201900167,data_all/x_time_h/10.1002_solr.201900167/Fig4_D_stability_performance_curve/accepted/10.1002_solr.201900167__Fig4__D__stability_performance_curve__W-TiO₂__Series_1.csv,points/F00975.csv,22,more_observations
F00976,10.1002/solr.201900197,data_all/x_time_h/10.1002_solr.201900197/Fig2_C_stability_performance_curve/accepted/10.1002_solr.201900197__Fig2__C__stability_performance_curve__MAPbI₃_BP__Series_2.csv,points/F00976.csv,12,more_observations
F00977,10.1002/solr.201900197,data_all/x_time_h/10.1002_solr.201900197/Fig2_C_stability_performance_curve/accepted/10.1002_solr.201900197__Fig2__C__stability_performance_curve__MAPbI₃__Series_1.csv,points/F00977.csv,11,more_observations
F00978,10.1002/solr.201900224,data_all/x_time_h/10.1002_solr.201900224/Fig2_F_stability_performance_curve/accepted/10.1002_solr.201900224__Fig2__F__stability_performance_curve__Spiro-OMeTAD__Series_1.csv,points/F00978.csv,14,more_observations
F00979,10.1002/solr.201900245,data_all/x_time_h/10.1002_solr.201900245/Fig6_A_stability_performance_curve/accepted/10.1002_solr.201900245__Fig6__A__stability_performance_curve__NA_process__Series_1.csv,points/F00979.csv,12,more_observations
F00980,10.1002/solr.201900291,data_all/x_time_h/10.1002_solr.201900291/Fig6_whole_stability/accepted/10.1002_solr.201900291__Fig6__whole__stability__Control_device__Series_1.csv,points/F00980.csv,59,more_observations
F00981,10.1002/solr.201900293,data_all/x_time_h/10.1002_solr.201900293/Fig6_C_stability_performance_curve_pce/accepted/10.1002_solr.201900293__Fig6__C__stability_performance_curve_pce__Conventional__Series_1.csv,points/F00981.csv,33,more_observations
F00982,10.1002/solr.201900319,data_all/x_time_h/10.1002_solr.201900319/Fig4_F_stability_performance_curve_eqe/accepted/10.1002_solr.201900319__Fig4__F__stability_performance_curve_eqe__FB-OMeTPA__Series_1.csv,points/F00982.csv,43,more_observations
F00983,10.1002/solr.201900345,data_all/x_time_h/10.1002_solr.201900345/Fig5_A_pce/accepted/10.1002_solr.201900345__Fig5__A__pce__PEV+1mg_ml_N719__Series_1.csv,points/F00983.csv,26,more_observations
F00984,10.1002/solr.201900345,data_all/x_time_h/10.1002_solr.201900345/Fig5_A_pce/accepted/10.1002_solr.201900345__Fig5__A__pce__PEV+2mg_ml_N719__Series_3.csv,points/F00984.csv,27,more_observations
F00985,10.1002/solr.201900345,data_all/x_time_h/10.1002_solr.201900345/Fig5_A_pce/accepted/10.1002_solr.201900345__Fig5__A__pce__PEV__Series_2.csv,points/F00985.csv,26,more_observations
F00987,10.1002/solr.201900380,data_all/x_time_h/10.1002_solr.201900380/Fig4_B_stability_performance_curve_pce/accepted/10.1002_solr.201900380__Fig4__B__stability_performance_curve_pce__pristine_PSC__Series_1.csv,points/F00987.csv,21,more_observations
F00988,10.1002/solr.201900406,data_all/x_time_h/10.1002_solr.201900406/Fig5_E_stability_performance_curve_pce/accepted/10.1002_solr.201900406__Fig5__E__stability_performance_curve_pce__pristine__Series_1.csv,points/F00988.csv,59,more_observations
F00989,10.1002/solr.201900529,data_all/x_time_h/10.1002_solr.201900529/Fig6_A_stability_performance_curve_pce/accepted/10.1002_solr.201900529__Fig6__A__stability_performance_curve_pce__MAPbI₃__Series_2.csv,points/F00989.csv,35,more_observations
F00990,10.1002/solr.202000011,data_all/x_time_h/10.1002_solr.202000011/Fig5_E_jv_curve_stability_performance_pce/accepted/10.1002_solr.202000011__Fig5__E__jv_curve_stability_performance_pce__Puv-polyTPD__Series_1.csv,points/F00990.csv,13,more_observations
F00991,10.1002/solr.202000113,data_all/x_time_h/10.1002_solr.202000113/Fig6_A_stability_performance_curve_pce/accepted/10.1002_solr.202000113__Fig6__A__stability_performance_curve_pce__w_o__Series_2.csv,points/F00991.csv,12,more_observations
F00992,10.1002/solr.202000164,data_all/x_time_h/10.1002_solr.202000164/Fig4_C_stability_performance_curve_pce/accepted/10.1002_solr.202000164__Fig4__C__stability_performance_curve_pce__CsPbI₂Br__Series_1.csv,points/F00992.csv,151,more_observations
F00993,10.1002/solr.202000205,data_all/x_time_h/10.1002_solr.202000205/Fig4_F_stability_performance_curve_pce/accepted/10.1002_solr.202000205__Fig4__F__stability_performance_curve_pce__TiO₂__Series_2.csv,points/F00993.csv,40,more_observations
F00994,10.1002/solr.202000292,data_all/x_time_h/10.1002_solr.202000292/Fig6_A_stability_performance_curve_pce_image/accepted/10.1002_solr.202000292__Fig6__A__stability_performance_curve_pce_image__PEDOT_PSS__Series_1.csv,points/F00994.csv,14,more_observations
F00997,10.1002/solr.202000621,data_all/x_time_h/10.1002_solr.202000621/Fig6_A_stability_performance_curve_pce/accepted/10.1002_solr.202000621__Fig6__A__stability_performance_curve_pce__MAPbI₃__Series_3.csv,points/F00997.csv,10,more_observations
F00998,10.1002/solr.202000621,data_all/x_time_h/10.1002_solr.202000621/Fig6_B_stability_performance_curve_pce/accepted/10.1002_solr.202000621__Fig6__B__stability_performance_curve_pce__MAPbl3__Series_3.csv,points/F00998.csv,58,more_observations
F00999,10.1002/solr.202000621,data_all/x_time_h/10.1002_solr.202000621/Fig6_B_stability_performance_curve_pce/accepted/10.1002_solr.202000621__Fig6__B__stability_performance_curve_pce__MAPblz-BA__Series_2.csv,points/F00999.csv,55,more_observations
F01000,10.1002/solr.202000621,data_all/x_time_h/10.1002_solr.202000621/Fig6_B_stability_performance_curve_pce/accepted/10.1002_solr.202000621__Fig6__B__stability_performance_curve_pce__MAPblz-BP__Series_1.csv,points/F01000.csv,42,more_observations
F01001,10.1002/solr.202000629,data_all/x_time_h/10.1002_solr.202000629/Fig5_B_stability_performance_curve_pce/accepted/10.1002_solr.202000629__Fig5__B__stability_performance_curve_pce__Pristine__Series_2.csv,points/F01001.csv,44,more_observations
F01002,10.1002/solr.202000650,data_all/x_time_h/10.1002_solr.202000650/Fig3_C_mppt_stability_performance_curve_voc/accepted/10.1002_solr.202000650__Fig3__C__mppt_stability_performance_curve_voc__Without_PFOTES__Series_1.csv,points/F01002.csv,106,more_observations
F01003,10.1002/solr.202000681,data_all/x_time_h/10.1002_solr.202000681/Fig5_E_stability_performance_curve_pce_jsc/accepted/10.1002_solr.202000681__Fig5__E__stability_performance_curve_pce_jsc__Control__Series_1.csv,points/F01003.csv,11,more_observations
F01004,10.1002/solr.202000819,data_all/x_time_h/10.1002_solr.202000819/Fig7_A_stability_performance_curve_pce/accepted/10.1002_solr.202000819__Fig7__A__stability_performance_curve_pce__Pristine__Series_1.csv,points/F01004.csv,17,more_observations
F01005,10.1002/solr.202000819,data_all/x_time_h/10.1002_solr.202000819/Fig7_B_pce/accepted/10.1002_solr.202000819__Fig7__B__pce__Pristine__Series_1.csv,points/F01005.csv,16,more_observations
F01009,10.1002/solr.202100087,data_all/x_time_h/10.1002_solr.202100087/Fig5_D_stability_performance_curve/accepted/10.1002_solr.202100087__Fig5__D__stability_performance_curve__Spiro-OMeTAD__Series_1.csv,points/F01009.csv,20,more_observations
F01010,10.1002/solr.202100178,data_all/x_time_h/10.1002_solr.202100178/Fig3_E_mppt_stability_performance_curve_pce_jsc/accepted/10.1002_solr.202100178__Fig3__E__mppt_stability_performance_curve_pce_jsc__Control__Series_1.csv,points/F01010.csv,59,more_observations
F01011,10.1002/solr.202100236,data_all/x_time_h/10.1002_solr.202100236/Fig6_B_mppt_stability_performance_curve_pce_profile/accepted/10.1002_solr.202100236__Fig6__B__mppt_stability_performance_curve_pce_profile__PCBM__Series_1.csv,points/F01011.csv,12,more_observations
F01012,10.1002/solr.202100249,data_all/x_time_h/10.1002_solr.202100249/Fig5_D_stability_performance_curve_pce/accepted/10.1002_solr.202100249__Fig5__D__stability_performance_curve_pce__w_o_F4-TCNQ__Series_1.csv,points/F01012.csv,14,more_observations
F01013,10.1002/solr.202100257,data_all/x_time_h/10.1002_solr.202100257/Fig8_E_stability_performance_curve_pce/accepted/10.1002_solr.202100257__Fig8__E__stability_performance_curve_pce__PVK__Series_2.csv,points/F01013.csv,11,more_observations
F01015,10.1002/solr.202100320,data_all/x_time_h/10.1002_solr.202100320/Fig7_F_stability_performance_curve_pce_pattern/accepted/10.1002_solr.202100320__Fig7__F__stability_performance_curve_pce_pattern__Control__Series_1.csv,points/F01015.csv,40,more_observations
F01016,10.1002/solr.202100320,data_all/x_time_h/10.1002_solr.202100320/Fig7_F_stability_performance_curve_pce_pattern/accepted/10.1002_solr.202100320__Fig7__F__stability_performance_curve_pce_pattern__With_4F-PHCl__Series_2.csv,points/F01016.csv,32,more_observations
F01017,10.1002/solr.202100347,data_all/x_time_h/10.1002_solr.202100347/Fig8_B_stability_performance_curve_pce_diagram/accepted/10.1002_solr.202100347__Fig8__B__stability_performance_curve_pce_diagram__Ag__Series_1.csv,points/F01017.csv,49,more_observations
F01019,10.1002/solr.202100555,data_all/x_time_h/10.1002_solr.202100555/Fig5_F_stability_performance_curve_structure/accepted/10.1002_solr.202100555__Fig5__F__stability_performance_curve_structure__N₂__Series_2.csv,points/F01019.csv,10,more_observations
F01020,10.1002/solr.202100622,data_all/x_time_h/10.1002_solr.202100622/Fig3_C_stability_performance_curve_pce_eqe/accepted/10.1002_solr.202100622__Fig3__C__stability_performance_curve_pce_eqe__Spiro-OMeTAD__Series_1.csv,points/F01020.csv,10,more_observations
F01021,10.1002/solr.202100712,data_all/x_time_h/10.1002_solr.202100712/Fig6_B_stability_performance_curve/accepted/10.1002_solr.202100712__Fig6__B__stability_performance_curve__CF₃BZA-Br__Series_1.csv,points/F01021.csv,48,more_observations
F01022,10.1002/solr.202100712,data_all/x_time_h/10.1002_solr.202100712/Fig6_B_stability_performance_curve/accepted/10.1002_solr.202100712__Fig6__B__stability_performance_curve__CF₃BZA-I__Series_3.csv,points/F01022.csv,46,more_observations
F01023,10.1002/solr.202100712,data_all/x_time_h/10.1002_solr.202100712/Fig6_B_stability_performance_curve/accepted/10.1002_solr.202100712__Fig6__B__stability_performance_curve__Pristine__Series_2.csv,points/F01023.csv,48,more_observations
F01024,10.1002/solr.202100899,data_all/x_time_h/10.1002_solr.202100899/Fig5_B_stability_performance_curve_pce/accepted/10.1002_solr.202100899__Fig5__B__stability_performance_curve_pce__w_oBPB__Series_2.csv,points/F01024.csv,64,more_observations
F01025,10.1002/solr.202100899,data_all/x_time_h/10.1002_solr.202100899/Fig5_C_stability_performance_curve_pce/accepted/10.1002_solr.202100899__Fig5__C__stability_performance_curve_pce__w_o_BPB__Series_2.csv,points/F01025.csv,59,more_observations
F01026,10.1002/solr.202100899,data_all/x_time_h/10.1002_solr.202100899/Fig5_D_stability_performance_curve_pce/accepted/10.1002_solr.202100899__Fig5__D__stability_performance_curve_pce__w_oBPB__Series_1.csv,points/F01026.csv,64,more_observations
F01027,10.1002/solr.202101103,data_all/x_time_h/10.1002_solr.202101103/Fig7_A_pce/accepted/10.1002_solr.202101103__Fig7__A__pce__MAGA_without_NH₄Br__Series_1.csv,points/F01027.csv,12,more_observations
F01028,10.1002/solr.202101103,data_all/x_time_h/10.1002_solr.202101103/Fig7_A_pce/accepted/10.1002_solr.202101103__Fig7__A__pce__MAPbI₃__Series_3.csv,points/F01028.csv,11,more_observations
F01029,10.1002/solr.202101103,data_all/x_time_h/10.1002_solr.202101103/Fig7_C_pce/accepted/10.1002_solr.202101103__Fig7__C__pce__MAGA_without_NH₄Br__Series_1.csv,points/F01029.csv,15,more_observations
F01030,10.1002/solr.202101103,data_all/x_time_h/10.1002_solr.202101103/Fig7_C_pce/accepted/10.1002_solr.202101103__Fig7__C__pce__MAPb₃__Series_3.csv,points/F01030.csv,15,more_observations
F01031,10.1007/s10853-020-04965-0,data_all/x_time_h/10.1007_s10853-020-04965-0/Fig8_B_stability_performance_curve_jsc/accepted/10.1007_s10853-020-04965-0__Fig8__B__stability_performance_curve_jsc__No_passivation__Series_2.csv,points/F01031.csv,65,more_observations
F01032,10.1007/s10854-019-01515-6,data_all/x_time_h/10.1007_s10854-019-01515-6/Fig6_D_stability_performance_curve_pce/accepted/10.1007_s10854-019-01515-6__Fig6__D__stability_performance_curve_pce__Spiro-OMeTAD__Series_1.csv,points/F01032.csv,44,more_observations
F01033,10.1007/s10854-020-03923-5,data_all/x_time_h/10.1007_s10854-020-03923-5/Fig7_D_stability_performance_curve_pce/accepted/10.1007_s10854-020-03923-5__Fig7__D__stability_performance_curve_pce__ZCK__Series_2.csv,points/F01033.csv,57,more_observations
F01034,10.1007/s11426-020-9741-1,data_all/x_time_h/10.1007_s11426-020-9741-1/Fig5_D_stability_performance_curve_pce/accepted/10.1007_s11426-020-9741-1__Fig5__D__stability_performance_curve_pce__BDT-TPA-sTPA__Series_1.csv,points/F01034.csv,21,more_observations
F01036,10.1007/s11426-020-9866-6,data_all/x_time_h/10.1007_s11426-020-9866-6/Fig4_B_stability_performance_curve_pce/accepted/10.1007_s11426-020-9866-6__Fig4__B__stability_performance_curve_pce__pristine_PsCs__Series_2.csv,points/F01036.csv,11,more_observations
F01037,10.1007/s11426-020-9866-6,data_all/x_time_h/10.1007_s11426-020-9866-6/Fig4_C_stability_performance_curve_pce/accepted/10.1007_s11426-020-9866-6__Fig4__C__stability_performance_curve_pce__pristine_PSCs__Series_2.csv,points/F01037.csv,25,more_observations
F01038,10.1007/s11426-021-1075-7,data_all/x_time_h/10.1007_s11426-021-1075-7/Fig5_A_stability_performance_curve/accepted/10.1007_s11426-021-1075-7__Fig5__A__stability_performance_curve__BAI__Series_2.csv,points/F01038.csv,14,more_observations
F01039,10.1007/s12200-023-00103-1,data_all/x_time_h/10.1007_s12200-023-00103-1/Fig4_A_stability_performance_curve/accepted/10.1007_s12200-023-00103-1__Fig4__A__stability_performance_curve__Control__Series_1.csv,points/F01039.csv,33,more_observations
F01040,10.1007/s12274-020-2836-3,data_all/x_time_h/10.1007_s12274-020-2836-3/Fig5_F_stability_performance_curve/accepted/10.1007_s12274-020-2836-3__Fig5__F__stability_performance_curve__CsPbl₃__Series_1.csv,points/F01040.csv,11,more_observations
F01041,10.1007/s12274-021-3408-x,data_all/x_time_h/10.1007_s12274-021-3408-x/Fig7_B_stability_performance_curve_pce/accepted/10.1007_s12274-021-3408-x__Fig7__B__stability_performance_curve_pce__Control__Series_1.csv,points/F01041.csv,24,more_observations
F01042,10.1007/s12598-020-01595-y,data_all/x_time_h/10.1007_s12598-020-01595-y/Fig4_whole_stability/accepted/10.1007_s12598-020-01595-y__Fig4__whole__stability__Device_B__Series_1.csv,points/F01042.csv,31,more_observations
F01043,10.1007/s12598-020-01641-9,data_all/x_time_h/10.1007_s12598-020-01641-9/Fig6_F_cv_curve_stability_performance_pce/accepted/10.1007_s12598-020-01641-9__Fig6__F__cv_curve_stability_performance_pce__PEDOT_PSS__Series_2.csv,points/F01043.csv,10,more_observations
F01044,10.1007/s13391-020-00206-3,data_all/x_time_h/10.1007_s13391-020-00206-3/Fig3_D_mppt_stability_performance_curve_jsc/accepted/10.1007_s13391-020-00206-3__Fig3__D__mppt_stability_performance_curve_jsc__MAPbI₃__Series_1.csv,points/F01044.csv,27,more_observations
F01045,10.1007/s40820-020-00509-y,data_all/x_time_h/10.1007_s40820-020-00509-y/Fig5_A_stability_performance_curve/accepted/10.1007_s40820-020-00509-y__Fig5__A__stability_performance_curve__Ref__Series_2.csv,points/F01045.csv,9,more_observations
F01046,10.1007/s40820-020-00509-y,data_all/x_time_h/10.1007_s40820-020-00509-y/Fig5_C_mppt_stability_performance_curve/accepted/10.1007_s40820-020-00509-y__Fig5__C__mppt_stability_performance_curve__Ref__Series_1.csv,points/F01046.csv,23,more_observations
F01049,10.1007/s40820-021-00675-7,data_all/x_time_h/10.1007_s40820-021-00675-7/Fig5_C_jv_curve_stability_performance/accepted/10.1007_s40820-021-00675-7__Fig5__C__jv_curve_stability_performance__SnO₂_K_based_5×5_cm²_module__Series_2.csv,points/F01049.csv,25,more_observations
F01050,10.1007/s40820-021-00675-7,data_all/x_time_h/10.1007_s40820-021-00675-7/Fig5_C_jv_curve_stability_performance/accepted/10.1007_s40820-021-00675-7__Fig5__C__jv_curve_stability_performance__SnO₂_based_5×5_cm²_module__Series_1.csv,points/F01050.csv,25,more_observations
F01052,10.1007/s40820-021-00688-2,data_all/x_time_h/10.1007_s40820-021-00688-2/Fig7_D_xrd_pattern_stability_performance_curve_pce/accepted/10.1007_s40820-021-00688-2__Fig7__D__xrd_pattern_stability_performance_curve_pce__w_o__Series_2.csv,points/F01052.csv,21,more_observations
F01053,10.1007/s40820-022-00916-3,data_all/x_time_h/10.1007_s40820-022-00916-3/Fig5_F_eis_plot_stability_performance_curve_pce/accepted/10.1007_s40820-022-00916-3__Fig5__F__eis_plot_stability_performance_curve_pce__o—with_TBP__Series_2.csv,points/F01053.csv,10,more_observations
F01054,10.1007/s40820-022-00995-2,data_all/x_time_h/10.1007_s40820-022-00995-2/Fig5_F_sem_image_stability_performance_curve_pce/accepted/10.1007_s40820-022-00995-2__Fig5__F__sem_image_stability_performance_curve_pce__Filtered_OSC__Series_1.csv,points/F01054.csv,48,more_observations
F01055,10.1007/s40820-022-00995-2,data_all/x_time_h/10.1007_s40820-022-00995-2/Fig5_F_sem_image_stability_performance_curve_pce/accepted/10.1007_s40820-022-00995-2__Fig5__F__sem_image_stability_performance_curve_pce__OSC__Series_2.csv,points/F01055.csv,48,more_observations
F01058,10.1007/s40820-023-01130-5,data_all/x_time_h/10.1007_s40820-023-01130-5/Fig5_C_mppt_stability_performance_curve_pce_mapping/accepted/10.1007_s40820-023-01130-5__Fig5__C__mppt_stability_performance_curve_pce_mapping__Control__Series_1.csv,points/F01058.csv,13,more_observations
F01060,10.1007/s40820-024-01401-9,data_all/x_time_h/10.1007_s40820-024-01401-9/Fig5_K_mppt_stability_performance_curve_voc/accepted/10.1007_s40820-024-01401-9__Fig5__K__mppt_stability_performance_curve_voc__3D(initial_PCE_-19.5%)__Series_1.csv,points/F01060.csv,30,more_observations
F01061,10.1007/s40820-024-01538-7,data_all/x_time_h/10.1007_s40820-024-01538-7/Fig5_D_mppt_stability_performance_curve_pce/accepted/10.1007_s40820-024-01538-7__Fig5__D__mppt_stability_performance_curve_pce__Control__Series_2.csv,points/F01061.csv,32,more_observations
F01062,10.1007/s40820-025-01677-5,data_all/x_time_h/10.1007_s40820-025-01677-5/Fig4_G_mppt_stability_performance_curve_eqe/accepted/10.1007_s40820-025-01677-5__Fig4__G__mppt_stability_performance_curve_eqe__Control__Series_2.csv,points/F01062.csv,36,more_observations
F01063,10.1007/s40820-025-01817-x,data_all/x_time_h/10.1007_s40820-025-01817-x/Fig5_E_mppt_stability_performance_curve_pce/accepted/10.1007_s40820-025-01817-x__Fig5__E__mppt_stability_performance_curve_pce__Perovskite__Series_1.csv,points/F01063.csv,8,more_observations
F01064,10.1007/s40820-025-01817-x,data_all/x_time_h/10.1007_s40820-025-01817-x/Fig5_F_mppt_stability_performance_curve_pce/accepted/10.1007_s40820-025-01817-x__Fig5__F__mppt_stability_performance_curve_pce__Perovskite__Series_1.csv,points/F01064.csv,8,more_observations
F01065,10.1007/s40843-019-1174-3,data_all/x_time_h/10.1007_s40843-019-1174-3/Fig7_D_stability_performance_curve_pce/accepted/10.1007_s40843-019-1174-3__Fig7__D__stability_performance_curve_pce__3D__Series_2.csv,points/F01065.csv,35,more_observations
F01066,10.1007/s40843-020-1383-3,data_all/x_time_h/10.1007_s40843-020-1383-3/Fig7_B_stability_performance_curve_voc/accepted/10.1007_s40843-020-1383-3__Fig7__B__stability_performance_curve_voc__EACI-0%__Series_2.csv,points/F01066.csv,13,more_observations
F01067,10.1007/s40843-020-1581-4,data_all/x_time_h/10.1007_s40843-020-1581-4/Fig4_D_stability_performance_curve/accepted/10.1007_s40843-020-1581-4__Fig4__D__stability_performance_curve__Sn-control-1__Series_2.csv,points/F01067.csv,10,more_observations
F01068,10.1007/s40843-020-1581-4,data_all/x_time_h/10.1007_s40843-020-1581-4/Fig4_D_stability_performance_curve/accepted/10.1007_s40843-020-1581-4__Fig4__D__stability_performance_curve__Sn-control-2__Series_3.csv,points/F01068.csv,10,more_observations
F01070,10.1007/s42114-024-01208-7,data_all/x_time_h/10.1007_s42114-024-01208-7/Fig5_A_statistics_stability_performance_curve_pce/accepted/10.1007_s42114-024-01208-7__Fig5__A__statistics_stability_performance_curve_pce__101Guanine__Series_2.csv,points/F01070.csv,11,more_observations
F01071,10.1007/s42114-024-01208-7,data_all/x_time_h/10.1007_s42114-024-01208-7/Fig5_A_statistics_stability_performance_curve_pce/accepted/10.1007_s42114-024-01208-7__Fig5__A__statistics_stability_performance_curve_pce__o-Control__Series_1.csv,points/F01071.csv,9,more_observations
F01072,10.1016/j.apsusc.2018.09.080,data_all/x_time_h/10.1016_j.apsusc.2018.09.080/Fig16_whole_stability_performance_curve_pce/accepted/10.1016_j.apsusc.2018.09.080__Fig16__whole__stability_performance_curve_pce__ZnO_NRs__Series_1.csv,points/F01072.csv,62,more_observations
F01073,10.1016/j.apsusc.2018.09.080,data_all/x_time_h/10.1016_j.apsusc.2018.09.080/Fig16_whole_stability_performance_curve_pce/accepted/10.1016_j.apsusc.2018.09.080__Fig16__whole__stability_performance_curve_pce__→ZnO@TiO2_NRs__Series_2.csv,points/F01073.csv,62,more_observations
F01074,10.1016/j.apsusc.2019.04.069,"data_all/x_time_h/10.1016_j.apsusc.2019.04.069/Fig7_E_stability_performance_curve_pce/accepted/10.1016_j.apsusc.2019.04.069__Fig7__E__stability_performance_curve_pce__MAPbI,_with_TBP__Series_1.csv",points/F01074.csv,24,more_observations
F01075,10.1016/j.apsusc.2019.04.069,"data_all/x_time_h/10.1016_j.apsusc.2019.04.069/Fig7_E_stability_performance_curve_pce/accepted/10.1016_j.apsusc.2019.04.069__Fig7__E__stability_performance_curve_pce__MAPbI,_without_TBP__Series_2.csv",points/F01075.csv,24,more_observations
F01076,10.1016/j.apsusc.2019.143552,data_all/x_time_h/10.1016_j.apsusc.2019.143552/Fig10_whole_figure/accepted/10.1016_j.apsusc.2019.143552__Fig10__whole__figure__ZnO__Series_1.csv,points/F01076.csv,74,more_observations
F01077,10.1016/j.apsusc.2021.150153,data_all/x_time_h/10.1016_j.apsusc.2021.150153/Fig7_whole_stability/accepted/10.1016_j.apsusc.2021.150153__Fig7__whole__stability__MAPbI3(spin-coating)__Series_3.csv,points/F01077.csv,32,more_observations
F01078,10.1016/j.apsusc.2023.157901,data_all/x_time_h/10.1016_j.apsusc.2023.157901/Fig5_A_stability_performance_curve_pce/accepted/10.1016_j.apsusc.2023.157901__Fig5__A__stability_performance_curve_pce__Pristine__Series_1.csv,points/F01078.csv,8,more_observations
F01079,10.1016/j.cclet.2021.08.039,data_all/x_time_h/10.1016_j.cclet.2021.08.039/Fig5_E_stability_performance_curve_pce/accepted/10.1016_j.cclet.2021.08.039__Fig5__E__stability_performance_curve_pce__Pristine__Series_1.csv,points/F01079.csv,29,more_observations
F01080,10.1016/j.cej.2016.12.050,data_all/x_time_h/10.1016_j.cej.2016.12.050/Fig11_whole_stability/accepted/10.1016_j.cej.2016.12.050__Fig11__whole__stability__Au__Series_2.csv,points/F01080.csv,20,more_observations
F01081,10.1016/j.cej.2019.04.099,data_all/x_time_h/10.1016_j.cej.2019.04.099/Fig5_B_pce/accepted/10.1016_j.cej.2019.04.099__Fig5__B__pce__W_O_ILPF₆__Series_1.csv,points/F01081.csv,14,more_observations
F01082,10.1016/j.cej.2020.126152,data_all/x_time_h/10.1016_j.cej.2020.126152/Fig5_C_stability_performance_curve/accepted/10.1016_j.cej.2020.126152__Fig5__C__stability_performance_curve__Pristine__Series_1.csv,points/F01082.csv,73,more_observations
F01083,10.1016/j.cej.2020.126152,data_all/x_time_h/10.1016_j.cej.2020.126152/Fig5_C_stability_performance_curve_2/accepted/10.1016_j.cej.2020.126152__Fig5__C__stability_performance_curve_2__Pristine__Series_2.csv,points/F01083.csv,73,more_observations
F01084,10.1016/j.cej.2020.126548,data_all/x_time_h/10.1016_j.cej.2020.126548/Fig7_A_stability_performance_curve_pce/accepted/10.1016_j.cej.2020.126548__Fig7__A__stability_performance_curve_pce__Pristine__Series_1.csv,points/F01084.csv,32,more_observations
F01085,10.1016/j.cej.2020.126548,data_all/x_time_h/10.1016_j.cej.2020.126548/Fig7_A_stability_performance_curve_pce/accepted/10.1016_j.cej.2020.126548__Fig7__A__stability_performance_curve_pce__UV-360__Series_2.csv,points/F01085.csv,32,more_observations
F01086,10.1016/j.cej.2020.126548,data_all/x_time_h/10.1016_j.cej.2020.126548/Fig7_E_stability_performance_curve_retention_pce/accepted/10.1016_j.cej.2020.126548__Fig7__E__stability_performance_curve_retention_pce__Pristine__Series_1.csv,points/F01086.csv,8,more_observations
F01087,10.1016/j.cej.2020.126548,data_all/x_time_h/10.1016_j.cej.2020.126548/Fig7_E_stability_performance_curve_retention_pce/accepted/10.1016_j.cej.2020.126548__Fig7__E__stability_performance_curve_retention_pce__UV-360__Series_2.csv,points/F01087.csv,8,more_observations
F01089,10.1016/j.cej.2020.126548,data_all/x_time_h/10.1016_j.cej.2020.126548/Fig7_F_stability_performance_curve_pce/accepted/10.1016_j.cej.2020.126548__Fig7__F__stability_performance_curve_pce__UV-360__Series_2.csv,points/F01089.csv,8,more_observations
F01090,10.1016/j.cej.2020.126712,data_all/x_time_h/10.1016_j.cej.2020.126712/Fig5_B_stability_performance_curve_pce_pattern/accepted/10.1016_j.cej.2020.126712__Fig5__B__stability_performance_curve_pce_pattern__F0__Series_2.csv,points/F01090.csv,10,more_observations
F01091,10.1016/j.cej.2020.126855,data_all/x_time_h/10.1016_j.cej.2020.126855/Fig5_whole_stability/accepted/10.1016_j.cej.2020.126855__Fig5__whole__stability__Pristine__Series_1.csv,points/F01091.csv,8,more_observations
F01092,10.1016/j.cej.2020.127204,data_all/x_time_h/10.1016_j.cej.2020.127204/Fig6_A_stability_performance_curve_pce/accepted/10.1016_j.cej.2020.127204__Fig6__A__stability_performance_curve_pce__Pristine__Series_1.csv,points/F01092.csv,9,more_observations
F01093,10.1016/j.cej.2020.127328,data_all/x_time_h/10.1016_j.cej.2020.127328/Fig2_F_stability_performance_curve_pce/accepted/10.1016_j.cej.2020.127328__Fig2__F__stability_performance_curve_pce__PSCs_with_pristine_HTM__Series_1.csv,points/F01093.csv,9,more_observations
F01094,10.1016/j.cej.2020.127579,data_all/x_time_h/10.1016_j.cej.2020.127579/Fig6_A_stability_performance_curve_pce/accepted/10.1016_j.cej.2020.127579__Fig6__A__stability_performance_curve_pce__control__Series_2.csv,points/F01094.csv,25,more_observations
F01096,10.1016/j.cej.2020.127997,data_all/x_time_h/10.1016_j.cej.2020.127997/Fig5_F_stability_performance_curve_pce/accepted/10.1016_j.cej.2020.127997__Fig5__F__stability_performance_curve_pce__SnO₂__Series_1.csv,points/F01096.csv,12,more_observations
F01098,10.1016/j.cej.2021.129678,data_all/x_time_h/10.1016_j.cej.2021.129678/Fig6_D_stability_performance_curve/accepted/10.1016_j.cej.2021.129678__Fig6__D__stability_performance_curve__10.0_0.0__Series_1.csv,points/F01098.csv,24,more_observations
F01099,10.1016/j.cej.2021.130324,data_all/x_time_h/10.1016_j.cej.2021.130324/Fig6_A_stability_performance_curve_pce/accepted/10.1016_j.cej.2021.130324__Fig6__A__stability_performance_curve_pce__Pure_CsPbIBr₂__Series_2.csv,points/F01099.csv,17,more_observations
F01100,10.1016/j.cej.2021.130572,data_all/x_time_h/10.1016_j.cej.2021.130572/Fig5_A_stability_performance_curve_pce/accepted/10.1016_j.cej.2021.130572__Fig5__A__stability_performance_curve_pce__O-_w_o_HEMA__Series_2.csv,points/F01100.csv,13,more_observations
F01101,10.1016/j.cej.2021.130572,data_all/x_time_h/10.1016_j.cej.2021.130572/Fig5_B_stability_performance_curve_pce/accepted/10.1016_j.cej.2021.130572__Fig5__B__stability_performance_curve_pce__w_o_HEMA__Series_1.csv,points/F01101.csv,12,more_observations
F01103,10.1016/j.cej.2021.130685,data_all/x_time_h/10.1016_j.cej.2021.130685/Fig5_F_stability_performance_curve_pce/accepted/10.1016_j.cej.2021.130685__Fig5__F__stability_performance_curve_pce__Control__Series_2.csv,points/F01103.csv,21,more_observations
F01105,10.1016/j.cej.2021.131185,data_all/x_time_h/10.1016_j.cej.2021.131185/Fig7_A_stability_performance_curve_plot/accepted/10.1016_j.cej.2021.131185__Fig7__A__stability_performance_curve_plot__3D__Series_1.csv,points/F01105.csv,13,more_observations
F01106,10.1016/j.cej.2021.131185,data_all/x_time_h/10.1016_j.cej.2021.131185/Fig7_B_stability_performance_curve/accepted/10.1016_j.cej.2021.131185__Fig7__B__stability_performance_curve__3D__Series_3.csv,points/F01106.csv,30,more_observations
F01107,10.1016/j.cej.2021.131499,data_all/x_time_h/10.1016_j.cej.2021.131499/Fig5_B_stability_performance_curve_pce/accepted/10.1016_j.cej.2021.131499__Fig5__B__stability_performance_curve_pce__planar-M_CcO__Series_1.csv,points/F01107.csv,17,more_observations
F01108,10.1016/j.cej.2021.131499,data_all/x_time_h/10.1016_j.cej.2021.131499/Fig5_C_stability_performance_curve_pce/accepted/10.1016_j.cej.2021.131499__Fig5__C__stability_performance_curve_pce__planar-M_cco__Series_1.csv,points/F01108.csv,44,more_observations
F01109,10.1016/j.cej.2021.131609,data_all/x_time_h/10.1016_j.cej.2021.131609/Fig8_whole_figure/accepted/10.1016_j.cej.2021.131609__Fig8__whole__figure__doped_spiro-OMeTAD_with_TABC-coated__Series_1.csv,points/F01109.csv,31,more_observations
F01110,10.1016/j.cej.2022.137851,data_all/x_time_h/10.1016_j.cej.2022.137851/Fig5_E_stability_performance_curve/accepted/10.1016_j.cej.2022.137851__Fig5__E__stability_performance_curve__Pristine__Series_2.csv,points/F01110.csv,9,more_observations
F01111,10.1016/j.cej.2022.139047,data_all/x_time_h/10.1016_j.cej.2022.139047/Fig5_H_stability_performance_curve/accepted/10.1016_j.cej.2022.139047__Fig5__H__stability_performance_curve__Pristine__Series_2.csv,points/F01111.csv,8,more_observations
F01112,10.1016/j.cej.2022.139961,data_all/x_time_h/10.1016_j.cej.2022.139961/Fig5_F_stability_performance_curve_pce_image/accepted/10.1016_j.cej.2022.139961__Fig5__F__stability_performance_curve_pce_image__w_0__Series_1.csv,points/F01112.csv,17,more_observations
F01116,10.1016/j.dyepig.2019.01.002,data_all/x_time_h/10.1016_j.dyepig.2019.01.002/Fig4_A_stability_performance_curve_pce/accepted/10.1016_j.dyepig.2019.01.002__Fig4__A__stability_performance_curve_pce__P3HT__Series_1.csv,points/F01116.csv,44,more_observations
F01117,10.1016/j.dyepig.2019.01.002,data_all/x_time_h/10.1016_j.dyepig.2019.01.002/Fig4_A_stability_performance_curve_pce/accepted/10.1016_j.dyepig.2019.01.002__Fig4__A__stability_performance_curve_pce__Spiro-OMeTAD__Series_2.csv,points/F01117.csv,45,more_observations
F01118,10.1016/j.dyepig.2020.108301,data_all/x_time_h/10.1016_j.dyepig.2020.108301/Fig6_C_stability_performance_curve/accepted/10.1016_j.dyepig.2020.108301__Fig6__C__stability_performance_curve__Spiro-OMeTAD__Series_3.csv,points/F01118.csv,12,more_observations
F01119,10.1016/j.electacta.2016.03.002,data_all/x_time_h/10.1016_j.electacta.2016.03.002/Fig7_A_stability_performance_curve/accepted/10.1016_j.electacta.2016.03.002__Fig7__A__stability_performance_curve__FS__Series_1.csv,points/F01119.csv,69,more_observations
F01120,10.1016/j.electacta.2016.03.002,data_all/x_time_h/10.1016_j.electacta.2016.03.002/Fig7_A_stability_performance_curve/accepted/10.1016_j.electacta.2016.03.002__Fig7__A__stability_performance_curve__LS__Series_2.csv,points/F01120.csv,69,more_observations
F01121,10.1016/j.electacta.2016.03.002,data_all/x_time_h/10.1016_j.electacta.2016.03.002/Fig7_A_stability_performance_curve/accepted/10.1016_j.electacta.2016.03.002__Fig7__A__stability_performance_curve__S__Series_3.csv,points/F01121.csv,69,more_observations
F01122,10.1016/j.electacta.2016.09.138,data_all/x_time_h/10.1016_j.electacta.2016.09.138/Fig6_D_eis_plot_stability_performance_curve/accepted/10.1016_j.electacta.2016.09.138__Fig6__D__eis_plot_stability_performance_curve__PEDOT_PSS__Series_1.csv,points/F01122.csv,76,more_observations
F01123,10.1016/j.electacta.2018.07.029,data_all/x_time_h/10.1016_j.electacta.2018.07.029/Fig7_A_stability_performance_curve_pce_spectrum/accepted/10.1016_j.electacta.2018.07.029__Fig7__A__stability_performance_curve_pce_spectrum__PEDOT_PSS__Series_1.csv,points/F01123.csv,32,more_observations
F01124,10.1016/j.electacta.2018.07.044,data_all/x_time_h/10.1016_j.electacta.2018.07.044/Fig4_H_stability_performance_curve_pce/accepted/10.1016_j.electacta.2018.07.044__Fig4__H__stability_performance_curve_pce__Mg(0.04)-TiO₂__Series_2.csv,points/F01124.csv,19,more_observations
F01125,10.1016/j.electacta.2018.07.044,data_all/x_time_h/10.1016_j.electacta.2018.07.044/Fig4_H_stability_performance_curve_pce/accepted/10.1016_j.electacta.2018.07.044__Fig4__H__stability_performance_curve_pce__None-doped_TiO₂__Series_1.csv,points/F01125.csv,18,more_observations
F01127,10.1016/j.electacta.2019.135173,data_all/x_time_h/10.1016_j.electacta.2019.135173/Fig9_C_stability_performance_curve/accepted/10.1016_j.electacta.2019.135173__Fig9__C__stability_performance_curve__Pulse-constant_Potential__Series_2.csv,points/F01127.csv,50,more_observations
F01128,10.1016/j.electacta.2021.137812,data_all/x_time_h/10.1016_j.electacta.2021.137812/Fig7_A_stability_performance_curve_pce/accepted/10.1016_j.electacta.2021.137812__Fig7__A__stability_performance_curve_pce__SnO2-PSCs__Series_1.csv,points/F01128.csv,9,more_observations
F01129,10.1016/j.electacta.2022.140172,data_all/x_time_h/10.1016_j.electacta.2022.140172/Fig6_D_stability_performance_curve_pce/accepted/10.1016_j.electacta.2022.140172__Fig6__D__stability_performance_curve_pce__Control__Series_2.csv,points/F01129.csv,13,more_observations
F01130,10.1016/j.flatc.2021.100254,data_all/x_time_h/10.1016_j.flatc.2021.100254/Fig10_whole_stability_performance_curve/accepted/10.1016_j.flatc.2021.100254__Fig10__whole__stability_performance_curve__0.08_mg_mL__Series_2.csv,points/F01130.csv,85,more_observations
F01131,10.1016/j.heliyon.2024.e25352,data_all/x_time_h/10.1016_j.heliyon.2024.e25352/Fig6_whole_stability_performance_curve_pce/accepted/10.1016_j.heliyon.2024.e25352__Fig6__whole__stability_performance_curve_pce__CsI-0__Series_2.csv,points/F01131.csv,75,more_observations
F01133,10.1016/j.jallcom.2019.05.148,data_all/x_time_h/10.1016_j.jallcom.2019.05.148/Fig9_A_stability_performance_curve_pce/accepted/10.1016_j.jallcom.2019.05.148__Fig9__A__stability_performance_curve_pce__TBAO__Series_2.csv,points/F01133.csv,22,more_observations
F01135,10.1016/j.jallcom.2020.155283,data_all/x_time_h/10.1016_j.jallcom.2020.155283/Fig5_G_stability_performance_curve_jsc/accepted/10.1016_j.jallcom.2020.155283__Fig5__G__stability_performance_curve_jsc__o—w_o_BiBr₃__Series_1.csv,points/F01135.csv,14,more_observations
F01137,10.1016/j.jallcom.2020.157784,data_all/x_time_h/10.1016_j.jallcom.2020.157784/Fig7_H_stability_performance_curve_pce/accepted/10.1016_j.jallcom.2020.157784__Fig7__H__stability_performance_curve_pce__Without__Series_2.csv,points/F01137.csv,9,more_observations
F01138,10.1016/j.jallcom.2021.159658,data_all/x_time_h/10.1016_j.jallcom.2021.159658/Fig23_whole_stability_performance_curve_pce/accepted/10.1016_j.jallcom.2021.159658__Fig23__whole__stability_performance_curve_pce__ZnO_Ag_(5%)_ETL__Series_2.csv,points/F01138.csv,88,more_observations
F01139,10.1016/j.jallcom.2021.159658,data_all/x_time_h/10.1016_j.jallcom.2021.159658/Fig23_whole_stability_performance_curve_pce/accepted/10.1016_j.jallcom.2021.159658__Fig23__whole__stability_performance_curve_pce__ZnO_ETL__Series_1.csv,points/F01139.csv,88,more_observations
F01141,10.1016/j.jallcom.2023.170856,data_all/x_time_h/10.1016_j.jallcom.2023.170856/Fig7_whole_stability_performance_curve_pce/accepted/10.1016_j.jallcom.2023.170856__Fig7__whole__stability_performance_curve_pce__0—0nmMgF2__Series_2.csv,points/F01141.csv,59,more_observations
F01142,10.1016/j.jcis.2021.04.055,data_all/x_time_h/10.1016_j.jcis.2021.04.055/Fig8_A_stability_performance_curve_pce/accepted/10.1016_j.jcis.2021.04.055__Fig8__A__stability_performance_curve_pce__w_o_C₆₀-tBu-I__Series_1.csv,points/F01142.csv,21,more_observations
F01143,10.1016/j.jcis.2021.07.058,data_all/x_time_h/10.1016_j.jcis.2021.07.058/Fig4_B_stability_performance_curve_pce/accepted/10.1016_j.jcis.2021.07.058__Fig4__B__stability_performance_curve_pce__(SnS₂_SnS)_PVK+DTA_CuSCN_C__Series_4.csv,points/F01143.csv,19,more_observations
F01144,10.1016/j.jcis.2021.07.058,data_all/x_time_h/10.1016_j.jcis.2021.07.058/Fig4_B_stability_performance_curve_pce/accepted/10.1016_j.jcis.2021.07.058__Fig4__B__stability_performance_curve_pce__(SnS₂_SnS)_PVK_CuSCN_C__Series_1.csv,points/F01144.csv,19,more_observations
F01145,10.1016/j.jcis.2021.07.058,data_all/x_time_h/10.1016_j.jcis.2021.07.058/Fig4_B_stability_performance_curve_pce/accepted/10.1016_j.jcis.2021.07.058__Fig4__B__stability_performance_curve_pce__SnO₂_PVK_C__Series_3.csv,points/F01145.csv,18,more_observations
F01146,10.1016/j.jcis.2021.07.058,data_all/x_time_h/10.1016_j.jcis.2021.07.058/Fig4_B_stability_performance_curve_pce/accepted/10.1016_j.jcis.2021.07.058__Fig4__B__stability_performance_curve_pce__SnO₂_PVK_CuSCN_C__Series_2.csv,points/F01146.csv,19,more_observations
F01148,10.1016/j.jechem.2019.08.015,data_all/x_time_h/10.1016_j.jechem.2019.08.015/Fig5_D_stability_performance_curve_ff/accepted/10.1016_j.jechem.2019.08.015__Fig5__D__stability_performance_curve_ff__IDT1__Series_2.csv,points/F01148.csv,25,more_observations
F01149,10.1016/j.jechem.2019.08.015,data_all/x_time_h/10.1016_j.jechem.2019.08.015/Fig5_D_stability_performance_curve_ff/accepted/10.1016_j.jechem.2019.08.015__Fig5__D__stability_performance_curve_ff__IDT2__Series_1.csv,points/F01149.csv,25,more_observations
F01150,10.1016/j.jechem.2019.08.015,data_all/x_time_h/10.1016_j.jechem.2019.08.015/Fig5_D_stability_performance_curve_ff/accepted/10.1016_j.jechem.2019.08.015__Fig5__D__stability_performance_curve_ff__Spiro-OMeTAD__Series_3.csv,points/F01150.csv,25,more_observations
F01151,10.1016/j.jechem.2019.09.014,data_all/x_time_h/10.1016_j.jechem.2019.09.014/Fig7_D_pce/accepted/10.1016_j.jechem.2019.09.014__Fig7__D__pce__Pristine__Series_1.csv,points/F01151.csv,47,more_observations
F01152,10.1016/j.jechem.2019.10.006,data_all/x_time_h/10.1016_j.jechem.2019.10.006/Fig4_D_stability_performance_curve_pce/accepted/10.1016_j.jechem.2019.10.006__Fig4__D__stability_performance_curve_pce__MAPbl₃__Series_2.csv,points/F01152.csv,8,more_observations
F01153,10.1016/j.jechem.2019.10.006,data_all/x_time_h/10.1016_j.jechem.2019.10.006/Fig4_F_stability_performance_curve_voc/accepted/10.1016_j.jechem.2019.10.006__Fig4__F__stability_performance_curve_voc__MAPbI₃__Series_1.csv,points/F01153.csv,39,more_observations
F01154,10.1016/j.jechem.2020.05.047,data_all/x_time_h/10.1016_j.jechem.2020.05.047/Fig5_C_stability_performance_curve/accepted/10.1016_j.jechem.2020.05.047__Fig5__C__stability_performance_curve__W_OTBUP__Series_1.csv,points/F01154.csv,16,more_observations
F01155,10.1016/j.jechem.2020.06.019,data_all/x_time_h/10.1016_j.jechem.2020.06.019/Fig6_A_jv_curve_stability_performance_pce/accepted/10.1016_j.jechem.2020.06.019__Fig6__A__jv_curve_stability_performance_pce__DIP-KCI__Series_3.csv,points/F01155.csv,27,more_observations
F01156,10.1016/j.jechem.2020.06.019,data_all/x_time_h/10.1016_j.jechem.2020.06.019/Fig6_A_jv_curve_stability_performance_pce/accepted/10.1016_j.jechem.2020.06.019__Fig6__A__jv_curve_stability_performance_pce__Pristine__Series_1.csv,points/F01156.csv,28,more_observations
F01157,10.1016/j.jechem.2020.06.019,data_all/x_time_h/10.1016_j.jechem.2020.06.019/Fig6_A_jv_curve_stability_performance_pce/accepted/10.1016_j.jechem.2020.06.019__Fig6__A__jv_curve_stability_performance_pce__SIP-KCI__Series_2.csv,points/F01157.csv,25,more_observations
F01158,10.1016/j.jechem.2020.06.019,data_all/x_time_h/10.1016_j.jechem.2020.06.019/Fig6_B_mppt_stability_performance_curve/accepted/10.1016_j.jechem.2020.06.019__Fig6__B__mppt_stability_performance_curve__DIP-KCI__Series_3.csv,points/F01158.csv,13,more_observations
F01159,10.1016/j.jechem.2020.06.019,data_all/x_time_h/10.1016_j.jechem.2020.06.019/Fig6_B_mppt_stability_performance_curve/accepted/10.1016_j.jechem.2020.06.019__Fig6__B__mppt_stability_performance_curve__Pristine__Series_1.csv,points/F01159.csv,14,more_observations
F01160,10.1016/j.jechem.2020.06.019,data_all/x_time_h/10.1016_j.jechem.2020.06.019/Fig6_B_mppt_stability_performance_curve/accepted/10.1016_j.jechem.2020.06.019__Fig6__B__mppt_stability_performance_curve__SIP-KCI__Series_2.csv,points/F01160.csv,14,more_observations
F01161,10.1016/j.jechem.2020.06.061,data_all/x_time_h/10.1016_j.jechem.2020.06.061/Fig2_D_stability_performance_curve_pce_jsc_2/accepted/10.1016_j.jechem.2020.06.061__Fig2__D__stability_performance_curve_pce_jsc_2__w_o__Series_1.csv,points/F01161.csv,37,more_observations
F01163,10.1016/j.jechem.2020.08.055,data_all/x_time_h/10.1016_j.jechem.2020.08.055/Fig4_B_stability/accepted/10.1016_j.jechem.2020.08.055__Fig4__B__stability__FA-0__Series_1.csv,points/F01163.csv,19,more_observations
F01164,10.1016/j.jechem.2020.12.022,data_all/x_time_h/10.1016_j.jechem.2020.12.022/Fig3_F_stability_performance_curve_pce/accepted/10.1016_j.jechem.2020.12.022__Fig3__F__stability_performance_curve_pce__PMP__Series_1.csv,points/F01164.csv,8,more_observations
F01165,10.1016/j.jechem.2021.02.017,data_all/x_time_h/10.1016_j.jechem.2021.02.017/Fig4_F_stability_performance_curve_voc/accepted/10.1016_j.jechem.2021.02.017__Fig4__F__stability_performance_curve_voc__Control__Series_1.csv,points/F01165.csv,9,more_observations
F01166,10.1016/j.jechem.2021.04.023,data_all/x_time_h/10.1016_j.jechem.2021.04.023/Fig3_F_stability_performance_curve_pce/accepted/10.1016_j.jechem.2021.04.023__Fig3__F__stability_performance_curve_pce__o—Control__Series_2.csv,points/F01166.csv,15,more_observations
F01167,10.1016/j.jechem.2021.04.063,data_all/x_time_h/10.1016_j.jechem.2021.04.063/Fig6_C_stability_performance_curve_pce/accepted/10.1016_j.jechem.2021.04.063__Fig6__C__stability_performance_curve_pce__Control__Series_1.csv,points/F01167.csv,54,more_observations
F01168,10.1016/j.jechem.2021.04.063,data_all/x_time_h/10.1016_j.jechem.2021.04.063/Fig6_C_stability_performance_curve_pce/accepted/10.1016_j.jechem.2021.04.063__Fig6__C__stability_performance_curve_pce__F-T__Series_2.csv,points/F01168.csv,54,more_observations
F01169,10.1016/j.jechem.2021.04.063,data_all/x_time_h/10.1016_j.jechem.2021.04.063/Fig6_C_stability_performance_curve_pce/accepted/10.1016_j.jechem.2021.04.063__Fig6__C__stability_performance_curve_pce__F₂-T__Series_3.csv,points/F01169.csv,54,more_observations
F01170,10.1016/j.jechem.2021.04.063,data_all/x_time_h/10.1016_j.jechem.2021.04.063/Fig6_C_stability_performance_curve_pce/accepted/10.1016_j.jechem.2021.04.063__Fig6__C__stability_performance_curve_pce__F₃-T__Series_4.csv,points/F01170.csv,54,more_observations
F01171,10.1016/j.jechem.2021.04.063,data_all/x_time_h/10.1016_j.jechem.2021.04.063/Fig6_C_stability_performance_curve_pce/accepted/10.1016_j.jechem.2021.04.063__Fig6__C__stability_performance_curve_pce__F₅-T__Series_5.csv,points/F01171.csv,54,more_observations
F01174,10.1016/j.jechem.2021.05.042,data_all/x_time_h/10.1016_j.jechem.2021.05.042/Fig6_F_stability_performance_curve/accepted/10.1016_j.jechem.2021.05.042__Fig6__F__stability_performance_curve__Control__Series_3.csv,points/F01174.csv,58,more_observations
F01175,10.1016/j.jechem.2021.06.023,data_all/x_time_h/10.1016_j.jechem.2021.06.023/Fig6_F_sem_image_stability_performance_curve_pce/accepted/10.1016_j.jechem.2021.06.023__Fig6__F__sem_image_stability_performance_curve_pce__AA__Series_2.csv,points/F01175.csv,9,more_observations
F01176,10.1016/j.jechem.2021.06.023,data_all/x_time_h/10.1016_j.jechem.2021.06.023/Fig6_F_sem_image_stability_performance_curve_pce/accepted/10.1016_j.jechem.2021.06.023__Fig6__F__sem_image_stability_performance_curve_pce__CT__Series_1.csv,points/F01176.csv,9,more_observations
F01177,10.1016/j.jechem.2021.07.011,data_all/x_time_h/10.1016_j.jechem.2021.07.011/Fig6_D_pce/accepted/10.1016_j.jechem.2021.07.011__Fig6__D__pce__SnO₂__Series_2.csv,points/F01177.csv,10,more_observations
F01178,10.1016/j.jechem.2021.08.021,data_all/x_time_h/10.1016_j.jechem.2021.08.021/Fig5_G_stability_performance_curve_pce_voc/accepted/10.1016_j.jechem.2021.08.021__Fig5__G__stability_performance_curve_pce_voc__w_o_GABr__Series_2.csv,points/F01178.csv,55,more_observations
F01180,10.1016/j.jmat.2021.02.004,data_all/x_time_h/10.1016_j.jmat.2021.02.004/Fig6_A_stability_performance_curve/accepted/10.1016_j.jmat.2021.02.004__Fig6__A__stability_performance_curve__o-Control__Series_1.csv,points/F01180.csv,27,more_observations
F01181,10.1016/j.jmat.2021.02.004,data_all/x_time_h/10.1016_j.jmat.2021.02.004/Fig6_B_stability_performance_curve/accepted/10.1016_j.jmat.2021.02.004__Fig6__B__stability_performance_curve__o-Control__Series_1.csv,points/F01181.csv,10,more_observations
F01182,10.1016/j.jmat.2021.08.007,data_all/x_time_h/10.1016_j.jmat.2021.08.007/Fig6_A_stability_performance_curve/accepted/10.1016_j.jmat.2021.08.007__Fig6__A__stability_performance_curve__1.0_wt%_CNDs__Series_2.csv,points/F01182.csv,58,more_observations
F01183,10.1016/j.jmat.2021.08.007,data_all/x_time_h/10.1016_j.jmat.2021.08.007/Fig6_A_stability_performance_curve/accepted/10.1016_j.jmat.2021.08.007__Fig6__A__stability_performance_curve__pristine__Series_1.csv,points/F01183.csv,43,more_observations
F01184,10.1016/j.jmrt.2021.04.070,data_all/x_time_h/10.1016_j.jmrt.2021.04.070/Fig4_F_sem_image_stability_performance_curve_pce/accepted/10.1016_j.jmrt.2021.04.070__Fig4__F__sem_image_stability_performance_curve_pce__DBP__Series_1.csv,points/F01184.csv,8,more_observations
F01186,10.1016/j.jmrt.2021.12.012,data_all/x_time_h/10.1016_j.jmrt.2021.12.012/Fig14_D_stability_performance_curve_pce/accepted/10.1016_j.jmrt.2021.12.012__Fig14__D__stability_performance_curve_pce__HTM_free__Series_3.csv,points/F01186.csv,49,more_observations
F01187,10.1016/j.jmrt.2021.12.012,data_all/x_time_h/10.1016_j.jmrt.2021.12.012/Fig14_D_stability_performance_curve_pce/accepted/10.1016_j.jmrt.2021.12.012__Fig14__D__stability_performance_curve_pce__Spiro-OMeTAD__Series_2.csv,points/F01187.csv,52,more_observations
F01188,10.1016/j.jmrt.2021.12.012,data_all/x_time_h/10.1016_j.jmrt.2021.12.012/Fig14_D_stability_performance_curve_pce/accepted/10.1016_j.jmrt.2021.12.012__Fig14__D__stability_performance_curve_pce__ZnPor_rGO_CuO_bio-nanocomposite__Series_1.csv,points/F01188.csv,51,more_observations
F01189,10.1016/j.jmst.2021.05.084,data_all/x_time_h/10.1016_j.jmst.2021.05.084/Fig5_B_stability_performance_curve_pce/accepted/10.1016_j.jmst.2021.05.084__Fig5__B__stability_performance_curve_pce__0wt%__Series_2.csv,points/F01189.csv,53,more_observations
F01190,10.1016/j.joule.2017.11.006,data_all/x_time_h/10.1016_j.joule.2017.11.006/Fig3_A_pce/accepted/10.1016_j.joule.2017.11.006__Fig3__A__pce__PCBM__Series_2.csv,points/F01190.csv,8,more_observations
F01192,10.1016/j.joule.2018.10.011,data_all/x_time_h/10.1016_j.joule.2018.10.011/Fig4_E_jv_curve_stability_performance_pce/accepted/10.1016_j.joule.2018.10.011__Fig4__E__jv_curve_stability_performance_pce__GTA-ATS-Tol__Series_2.csv,points/F01192.csv,22,more_observations
F01193,10.1016/j.joule.2018.10.011,data_all/x_time_h/10.1016_j.joule.2018.10.011/Fig4_E_jv_curve_stability_performance_pce/accepted/10.1016_j.joule.2018.10.011__Fig4__E__jv_curve_stability_performance_pce__GTA__Series_1.csv,points/F01193.csv,22,more_observations
F01196,10.1016/j.joule.2018.11.026,data_all/x_time_h/10.1016_j.joule.2018.11.026/Fig6_B_stability_performance_curve_pce/accepted/10.1016_j.joule.2018.11.026__Fig6__B__stability_performance_curve_pce__(PA)2(MA)₃Pb413__Series_2.csv,points/F01196.csv,51,more_observations
F01197,10.1016/j.joule.2018.11.026,data_all/x_time_h/10.1016_j.joule.2018.11.026/Fig6_B_stability_performance_curve_pce/accepted/10.1016_j.joule.2018.11.026__Fig6__B__stability_performance_curve_pce__MAPbl₃__Series_3.csv,points/F01197.csv,50,more_observations
F01198,10.1016/j.joule.2018.11.026,data_all/x_time_h/10.1016_j.joule.2018.11.026/Fig6_C_stability_performance_curve_pce/accepted/10.1016_j.joule.2018.11.026__Fig6__C__stability_performance_curve_pce__0-(PA)2(MA)₃Pb₂13-_MAPb13__Series_2.csv,points/F01198.csv,51,more_observations
F01199,10.1016/j.joule.2018.11.026,data_all/x_time_h/10.1016_j.joule.2018.11.026/Fig6_C_stability_performance_curve_pce/accepted/10.1016_j.joule.2018.11.026__Fig6__C__stability_performance_curve_pce__MAPb13__Series_3.csv,points/F01199.csv,51,more_observations
F01201,10.1016/j.joule.2019.07.030,data_all/x_time_h/10.1016_j.joule.2019.07.030/Fig5_A_stability_performance_curve_ff_pce/accepted/10.1016_j.joule.2019.07.030__Fig5__A__stability_performance_curve_ff_pce__w_o_DBL__Series_2.csv,points/F01201.csv,11,more_observations
F01202,10.1016/j.joule.2019.07.030,data_all/x_time_h/10.1016_j.joule.2019.07.030/Fig5_B_mppt_stability_performance_curve_pce/accepted/10.1016_j.joule.2019.07.030__Fig5__B__mppt_stability_performance_curve_pce__w_o_DBL__Series_1.csv,points/F01202.csv,11,more_observations
F01203,10.1016/j.joule.2020.12.003,data_all/x_time_h/10.1016_j.joule.2020.12.003/Fig6_C_mppt_stability_performance_curve_pce/accepted/10.1016_j.joule.2020.12.003__Fig6__C__mppt_stability_performance_curve_pce__o-w_Spiro__Series_2.csv,points/F01203.csv,12,more_observations
F01205,10.1016/j.joule.2021.06.001,data_all/x_time_h/10.1016_j.joule.2021.06.001/Fig4_F_stability_performance_curve_pce/accepted/10.1016_j.joule.2021.06.001__Fig4__F__stability_performance_curve_pce__Control__Series_1.csv,points/F01205.csv,11,more_observations
F01206,10.1016/j.jpcs.2020.109792,data_all/x_time_h/10.1016_j.jpcs.2020.109792/Fig5_B_stability_performance_curve_pce/accepted/10.1016_j.jpcs.2020.109792__Fig5__B__stability_performance_curve_pce__ACN_0%__Series_2.csv,points/F01206.csv,17,more_observations
F01207,10.1016/j.jpcs.2020.109792,data_all/x_time_h/10.1016_j.jpcs.2020.109792/Fig5_C_stability_performance_curve_pce/accepted/10.1016_j.jpcs.2020.109792__Fig5__C__stability_performance_curve_pce__ACN_0%__Series_1.csv,points/F01207.csv,61,more_observations
F01208,10.1016/j.jphotochem.2018.02.018,data_all/x_time_h/10.1016_j.jphotochem.2018.02.018/Fig8_A_pce/accepted/10.1016_j.jphotochem.2018.02.018__Fig8__A__pce__PEDOT_PSS__Series_1.csv,points/F01208.csv,16,more_observations
F01209,10.1016/j.jpowsour.2019.04.039,data_all/x_time_h/10.1016_j.jpowsour.2019.04.039/Fig8_B_stability_performance_curve_pce_pattern/accepted/10.1016_j.jpowsour.2019.04.039__Fig8__B__stability_performance_curve_pce_pattern__NYES-30__Series_1.csv,points/F01209.csv,31,more_observations
F01210,10.1016/j.jpowsour.2019.04.039,data_all/x_time_h/10.1016_j.jpowsour.2019.04.039/Fig8_B_stability_performance_curve_pce_pattern/accepted/10.1016_j.jpowsour.2019.04.039__Fig8__B__stability_performance_curve_pce_pattern__pristine__Series_2.csv,points/F01210.csv,31,more_observations
F01211,10.1016/j.jpowsour.2019.227386,data_all/x_time_h/10.1016_j.jpowsour.2019.227386/Fig8_D_stability_performance_curve_pce/accepted/10.1016_j.jpowsour.2019.227386__Fig8__D__stability_performance_curve_pce__FABr-0__Series_1.csv,points/F01211.csv,12,more_observations
F01212,10.1016/j.jpowsour.2019.227386,data_all/x_time_h/10.1016_j.jpowsour.2019.227386/Fig8_D_stability_performance_curve_pce/accepted/10.1016_j.jpowsour.2019.227386__Fig8__D__stability_performance_curve_pce__Trad-Mixed-PSC__Series_3.csv,points/F01212.csv,12,more_observations
F01213,10.1016/j.jpowsour.2019.227504,data_all/x_time_h/10.1016_j.jpowsour.2019.227504/Fig7_whole_stability/accepted/10.1016_j.jpowsour.2019.227504__Fig7__whole__stability__TiO2__Series_2.csv,points/F01213.csv,15,more_observations
F01214,10.1016/j.jpowsour.2020.228818,data_all/x_time_h/10.1016_j.jpowsour.2020.228818/Fig6_B_stability_performance_curve_pce/accepted/10.1016_j.jpowsour.2020.228818__Fig6__B__stability_performance_curve_pce__MAPb0.99TI0.013__Series_2.csv,points/F01214.csv,71,more_observations
F01215,10.1016/j.jpowsour.2020.228818,data_all/x_time_h/10.1016_j.jpowsour.2020.228818/Fig6_B_stability_performance_curve_pce/accepted/10.1016_j.jpowsour.2020.228818__Fig6__B__stability_performance_curve_pce__MAPbl3__Series_1.csv,points/F01215.csv,72,more_observations
F01216,10.1016/j.jpowsour.2020.228965,data_all/x_time_h/10.1016_j.jpowsour.2020.228965/Fig6_D_stability_performance_curve/accepted/10.1016_j.jpowsour.2020.228965__Fig6__D__stability_performance_curve__Control__Series_2.csv,points/F01216.csv,14,more_observations
F01217,10.1016/j.jpowsour.2020.229345,data_all/x_time_h/10.1016_j.jpowsour.2020.229345/Fig8_D_stability_performance_curve_jsc/accepted/10.1016_j.jpowsour.2020.229345__Fig8__D__stability_performance_curve_jsc__Bare__Series_1.csv,points/F01217.csv,46,more_observations
F01218,10.1016/j.jpowsour.2020.229345,data_all/x_time_h/10.1016_j.jpowsour.2020.229345/Fig8_D_stability_performance_curve_jsc/accepted/10.1016_j.jpowsour.2020.229345__Fig8__D__stability_performance_curve_jsc__Perovskite_PEG__Series_2.csv,points/F01218.csv,46,more_observations
F01219,10.1016/j.jpowsour.2021.229621,data_all/x_time_h/10.1016_j.jpowsour.2021.229621/Fig4_E_stability_performance_curve_pce/accepted/10.1016_j.jpowsour.2021.229621__Fig4__E__stability_performance_curve_pce__Control__Series_1.csv,points/F01219.csv,15,more_observations
F01220,10.1016/j.jpowsour.2021.229621,data_all/x_time_h/10.1016_j.jpowsour.2021.229621/Fig4_E_stability_performance_curve_pce/accepted/10.1016_j.jpowsour.2021.229621__Fig4__E__stability_performance_curve_pce__TEAH_treated__Series_2.csv,points/F01220.csv,15,more_observations
F01221,10.1016/j.jpowsour.2021.229781,data_all/x_time_h/10.1016_j.jpowsour.2021.229781/Fig4_B_stability_performance_curve_pce/accepted/10.1016_j.jpowsour.2021.229781__Fig4__B__stability_performance_curve_pce__FAPb(SCN)₂I__Series_2.csv,points/F01221.csv,50,more_observations
F01222,10.1016/j.jpowsour.2021.229781,data_all/x_time_h/10.1016_j.jpowsour.2021.229781/Fig4_B_stability_performance_curve_pce/accepted/10.1016_j.jpowsour.2021.229781__Fig4__B__stability_performance_curve_pce__FA₀.₉₈K₀.₀₂Pb(SCN)₂I__Series_1.csv,points/F01222.csv,51,more_observations
F01225,10.1016/j.jpowsour.2021.230120,data_all/x_time_h/10.1016_j.jpowsour.2021.230120/Fig5_whole_stability_performance_curve_pce/accepted/10.1016_j.jpowsour.2021.230120__Fig5__whole__stability_performance_curve_pce__Dopant-free__Series_1.csv,points/F01225.csv,33,more_observations
F01226,10.1016/j.jpowsour.2021.230213,data_all/x_time_h/10.1016_j.jpowsour.2021.230213/Fig5_A_stability_performance_curve_pce/accepted/10.1016_j.jpowsour.2021.230213__Fig5__A__stability_performance_curve_pce__Control__Series_1.csv,points/F01226.csv,11,more_observations
F01227,10.1016/j.jpowsour.2021.230213,data_all/x_time_h/10.1016_j.jpowsour.2021.230213/Fig5_B_stability_performance_curve_pce/accepted/10.1016_j.jpowsour.2021.230213__Fig5__B__stability_performance_curve_pce__Control__Series_2.csv,points/F01227.csv,40,more_observations
F01228,10.1016/j.jpowsour.2021.230213,data_all/x_time_h/10.1016_j.jpowsour.2021.230213/Fig5_C_stability_performance_curve_pce/accepted/10.1016_j.jpowsour.2021.230213__Fig5__C__stability_performance_curve_pce__Control__Series_1.csv,points/F01228.csv,41,more_observations
F01229,10.1016/j.jpowsour.2021.230534,data_all/x_time_h/10.1016_j.jpowsour.2021.230534/Fig4_A_stability_performance_curve_pce/accepted/10.1016_j.jpowsour.2021.230534__Fig4__A__stability_performance_curve_pce__Control__Series_2.csv,points/F01229.csv,13,more_observations
F01230,10.1016/j.jpowsour.2021.230534,data_all/x_time_h/10.1016_j.jpowsour.2021.230534/Fig4_A_stability_performance_curve_pce/accepted/10.1016_j.jpowsour.2021.230534__Fig4__A__stability_performance_curve_pce__Y6_treated'__Series_1.csv,points/F01230.csv,13,more_observations
F01231,10.1016/j.jpowsour.2021.230534,data_all/x_time_h/10.1016_j.jpowsour.2021.230534/Fig4_C_stability/accepted/10.1016_j.jpowsour.2021.230534__Fig4__C__stability__Crotrol_devices__Series_1.csv,points/F01231.csv,73,more_observations
F01232,10.1016/j.jpowsour.2021.230534,data_all/x_time_h/10.1016_j.jpowsour.2021.230534/Fig4_C_stability/accepted/10.1016_j.jpowsour.2021.230534__Fig4__C__stability__Y6_treated__Series_2.csv,points/F01232.csv,73,more_observations
F01233,10.1016/j.jpowsour.2021.230549,data_all/x_time_h/10.1016_j.jpowsour.2021.230549/Fig7_F_stability_performance_curve/accepted/10.1016_j.jpowsour.2021.230549__Fig7__F__stability_performance_curve__Control__Series_2.csv,points/F01233.csv,12,more_observations
F01234,10.1016/j.materresbull.2020.111182,data_all/x_time_h/10.1016_j.materresbull.2020.111182/Fig8_A_stability_performance_curve_pce/accepted/10.1016_j.materresbull.2020.111182__Fig8__A__stability_performance_curve_pce__Control_PSCs__Series_2.csv,points/F01234.csv,9,more_observations
F01235,10.1016/j.materresbull.2020.111182,data_all/x_time_h/10.1016_j.materresbull.2020.111182/Fig8_B_stability_performance_curve_pce/accepted/10.1016_j.materresbull.2020.111182__Fig8__B__stability_performance_curve_pce__Control_PSCs__Series_2.csv,points/F01235.csv,9,more_observations
F01236,10.1016/j.mtchem.2021.100557,data_all/x_time_h/10.1016_j.mtchem.2021.100557/Fig6_B_stability_performance_curve_pce/accepted/10.1016_j.mtchem.2021.100557__Fig6__B__stability_performance_curve_pce__CsPbI₂Br__Series_1.csv,points/F01236.csv,89,more_observations
F01237,10.1016/j.mtener.2020.100590,data_all/x_time_h/10.1016_j.mtener.2020.100590/Fig9_G_schematic_diagram_stability_performance_curve_pce/accepted/10.1016_j.mtener.2020.100590__Fig9__G__schematic_diagram_stability_performance_curve_pce__Au__Series_1.csv,points/F01237.csv,9,more_observations
F01238,10.1016/j.mtener.2021.100724,data_all/x_time_h/10.1016_j.mtener.2021.100724/Fig6_A_stability_performance_curve/accepted/10.1016_j.mtener.2021.100724__Fig6__A__stability_performance_curve__SnO2__Series_1.csv,points/F01238.csv,25,more_observations
F01239,10.1016/j.mtener.2021.100724,data_all/x_time_h/10.1016_j.mtener.2021.100724/Fig6_C_curve/accepted/10.1016_j.mtener.2021.100724__Fig6__C__curve__→SnO2__Series_1.csv,points/F01239.csv,14,more_observations
F01240,10.1016/j.mtener.2021.100837,data_all/x_time_h/10.1016_j.mtener.2021.100837/Fig5_C_stability_performance_curve_pce/accepted/10.1016_j.mtener.2021.100837__Fig5__C__stability_performance_curve_pce__w_o_CsPbI₂Br__Series_1.csv,points/F01240.csv,21,more_observations
F01242,10.1016/j.nanoen.2014.12.022,data_all/x_time_h/10.1016_j.nanoen.2014.12.022/Fig4_A_photovoltaic_parameter/accepted/10.1016_j.nanoen.2014.12.022__Fig4__A__photovoltaic_parameter__PEDOT_PSS__Series_2.csv,points/F01242.csv,54,more_observations
F01243,10.1016/j.nanoen.2015.10.006,data_all/x_time_h/10.1016_j.nanoen.2015.10.006/Fig3_D_jv_curve/accepted/10.1016_j.nanoen.2015.10.006__Fig3__D__jv_curve__'Partial'_Encapsulation__Series_1.csv,points/F01243.csv,24,more_observations
F01244,10.1016/j.nanoen.2015.10.006,data_all/x_time_h/10.1016_j.nanoen.2015.10.006/Fig3_D_jv_curve/accepted/10.1016_j.nanoen.2015.10.006__Fig3__D__jv_curve__No_Encapsulation__Series_3.csv,points/F01244.csv,24,more_observations
F01245,10.1016/j.nanoen.2015.10.010,data_all/x_time_h/10.1016_j.nanoen.2015.10.010/Fig7_D_stability_performance_curve_pce/accepted/10.1016_j.nanoen.2015.10.010__Fig7__D__stability_performance_curve_pce__PbCl₂__Series_3.csv,points/F01245.csv,19,more_observations
F01246,10.1016/j.nanoen.2016.09.041,data_all/x_time_h/10.1016_j.nanoen.2016.09.041/Fig2_A_pce/accepted/10.1016_j.nanoen.2016.09.041__Fig2__A__pce__SP-D__Series_2.csv,points/F01246.csv,55,more_observations
F01251,10.1016/j.nanoen.2017.08.008,data_all/x_time_h/10.1016_j.nanoen.2017.08.008/Fig5_A_pce/accepted/10.1016_j.nanoen.2017.08.008__Fig5__A__pce__PCBM__Series_2.csv,points/F01251.csv,39,more_observations
F01252,10.1016/j.nanoen.2017.11.008,data_all/x_time_h/10.1016_j.nanoen.2017.11.008/Fig3_F_stability_performance_curve_pce/accepted/10.1016_j.nanoen.2017.11.008__Fig3__F__stability_performance_curve_pce__口—TiO2__Series_2.csv,points/F01252.csv,24,more_observations
F01253,10.1016/j.nanoen.2018.03.046,data_all/x_time_h/10.1016_j.nanoen.2018.03.046/Fig4_G_sem_image_stability_performance_curve_pce/accepted/10.1016_j.nanoen.2018.03.046__Fig4__G__sem_image_stability_performance_curve_pce__Control__Series_1.csv,points/F01253.csv,27,more_observations
F01254,10.1016/j.nanoen.2018.09.037,data_all/x_time_h/10.1016_j.nanoen.2018.09.037/Fig6_B_stability_performance_curve_pce/accepted/10.1016_j.nanoen.2018.09.037__Fig6__B__stability_performance_curve_pce__without_DRCN5T__Series_2.csv,points/F01254.csv,13,more_observations
F01255,10.1016/j.nanoen.2018.09.037,data_all/x_time_h/10.1016_j.nanoen.2018.09.037/Fig6_D_stability_performance_curve/accepted/10.1016_j.nanoen.2018.09.037__Fig6__D__stability_performance_curve__TiO₂_based_PSCs__Series_2.csv,points/F01255.csv,67,more_observations
F01256,10.1016/j.nanoen.2018.11.021,data_all/x_time_h/10.1016_j.nanoen.2018.11.021/Fig4_F_stability_performance_curve/accepted/10.1016_j.nanoen.2018.11.021__Fig4__F__stability_performance_curve__Before__Series_1.csv,points/F01256.csv,35,more_observations
F01257,10.1016/j.nanoen.2019.02.002,data_all/x_time_h/10.1016_j.nanoen.2019.02.002/Fig2_D_stability_performance_curve_pce/accepted/10.1016_j.nanoen.2019.02.002__Fig2__D__stability_performance_curve_pce__Hot_3%_degradation__Series_2.csv,points/F01257.csv,11,more_observations
F01258,10.1016/j.nanoen.2019.02.002,data_all/x_time_h/10.1016_j.nanoen.2019.02.002/Fig2_D_stability_performance_curve_pce/accepted/10.1016_j.nanoen.2019.02.002__Fig2__D__stability_performance_curve_pce__RT_5%_degradation__Series_1.csv,points/F01258.csv,8,more_observations
F01259,10.1016/j.nanoen.2019.02.009,data_all/x_time_h/10.1016_j.nanoen.2019.02.009/Fig6_A_stability_performance_curve/accepted/10.1016_j.nanoen.2019.02.009__Fig6__A__stability_performance_curve__MAPbI₃__Series_1.csv,points/F01259.csv,14,more_observations
F01260,10.1016/j.nanoen.2019.02.064,data_all/x_time_h/10.1016_j.nanoen.2019.02.064/Fig5_C_stability_performance_curve_pce/accepted/10.1016_j.nanoen.2019.02.064__Fig5__C__stability_performance_curve_pce__PABA·HI__Series_1.csv,points/F01260.csv,51,more_observations
F01261,10.1016/j.nanoen.2019.02.064,data_all/x_time_h/10.1016_j.nanoen.2019.02.064/Fig5_C_stability_performance_curve_pce/accepted/10.1016_j.nanoen.2019.02.064__Fig5__C__stability_performance_curve_pce__Pristine__Series_2.csv,points/F01261.csv,51,more_observations
F01262,10.1016/j.nanoen.2019.02.070,data_all/x_time_h/10.1016_j.nanoen.2019.02.070/Fig6_A_stability_performance_curve_pce/accepted/10.1016_j.nanoen.2019.02.070__Fig6__A__stability_performance_curve_pce__MAPbI__Series_2.csv,points/F01262.csv,21,more_observations
F02193,10.1016/j.nanoen.2019.03.029,final_data/x_time_h/10.1016_j.nanoen.2019.03.029/Fig4_B_stability_performance_curve_pce/accepted/10.1016_j.nanoen.2019.03.029_Fig4_B_stability_performance_curve_pce_0%__Series_1.csv,points/F02193.csv,22,more_observations
F01264,10.1016/j.nanoen.2019.03.044,data_all/x_time_h/10.1016_j.nanoen.2019.03.044/Fig3_F_stability_performance_curve/accepted/10.1016_j.nanoen.2019.03.044__Fig3__F__stability_performance_curve__C-SnO2__Series_1.csv,points/F01264.csv,14,more_observations
F01265,10.1016/j.nanoen.2019.03.044,data_all/x_time_h/10.1016_j.nanoen.2019.03.044/Fig3_F_stability_performance_curve/accepted/10.1016_j.nanoen.2019.03.044__Fig3__F__stability_performance_curve__G-SnO2__Series_2.csv,points/F01265.csv,14,more_observations
F01266,10.1016/j.nanoen.2019.03.091,data_all/x_time_h/10.1016_j.nanoen.2019.03.091/Fig7_B_mppt_stability_performance_curve_pce/accepted/10.1016_j.nanoen.2019.03.091__Fig7__B__mppt_stability_performance_curve_pce__Control_device__Series_1.csv,points/F01266.csv,40,more_observations
F01267,10.1016/j.nanoen.2019.03.091,data_all/x_time_h/10.1016_j.nanoen.2019.03.091/Fig7_B_mppt_stability_performance_curve_pce/accepted/10.1016_j.nanoen.2019.03.091__Fig7__B__mppt_stability_performance_curve_pce__QDs-10_modified__Series_2.csv,points/F01267.csv,41,more_observations
F01268,10.1016/j.nanoen.2019.05.072,data_all/x_time_h/10.1016_j.nanoen.2019.05.072/Fig7_B_stability_performance_curve_pce/accepted/10.1016_j.nanoen.2019.05.072__Fig7__B__stability_performance_curve_pce__GO__Series_2.csv,points/F01268.csv,28,more_observations
F01270,10.1016/j.nanoen.2019.103962,data_all/x_time_h/10.1016_j.nanoen.2019.103962/Fig5_B_stability_performance_curve/accepted/10.1016_j.nanoen.2019.103962__Fig5__B__stability_performance_curve__FAMA__Series_1.csv,points/F01270.csv,13,more_observations
F01271,10.1016/j.nanoen.2019.103962,data_all/x_time_h/10.1016_j.nanoen.2019.103962/Fig5_C_stability_performance_curve/accepted/10.1016_j.nanoen.2019.103962__Fig5__C__stability_performance_curve__FAMA__Series_1.csv,points/F01271.csv,29,more_observations
F01272,10.1016/j.nanoen.2019.103962,data_all/x_time_h/10.1016_j.nanoen.2019.103962/Fig6_A_stability_performance_curve_structure/accepted/10.1016_j.nanoen.2019.103962__Fig6__A__stability_performance_curve_structure__FAMA_PCBMhalfPSCs__Series_2.csv,points/F01272.csv,13,more_observations
F01273,10.1016/j.nanoen.2019.103962,data_all/x_time_h/10.1016_j.nanoen.2019.103962/Fig6_A_stability_performance_curve_structure/accepted/10.1016_j.nanoen.2019.103962__Fig6__A__stability_performance_curve_structure__FAMAfullPSCs__Series_3.csv,points/F01273.csv,16,more_observations
F01274,10.1016/j.nanoen.2019.103962,data_all/x_time_h/10.1016_j.nanoen.2019.103962/Fig6_A_stability_performance_curve_structure/accepted/10.1016_j.nanoen.2019.103962__Fig6__A__stability_performance_curve_structure__FAMAhalfPSCs__Series_1.csv,points/F01274.csv,16,more_observations
F01275,10.1016/j.nanoen.2019.103964,"data_all/x_time_h/10.1016_j.nanoen.2019.103964/Fig4_B_stability_performance_curve_pce/accepted/10.1016_j.nanoen.2019.103964__Fig4__B__stability_performance_curve_pce__FTO_SnO,_AI,O,_MAPbI,CI_Spiro-IAu-2__Series_2.csv",points/F01275.csv,56,more_observations
F01276,10.1016/j.nanoen.2019.104018,data_all/x_time_h/10.1016_j.nanoen.2019.104018/Fig3_D_stability_performance_curve_pce_jsc/accepted/10.1016_j.nanoen.2019.104018__Fig3__D__stability_performance_curve_pce_jsc__PATCVD-Gr_device__Series_2.csv,points/F01276.csv,19,more_observations
F01277,10.1016/j.nanoen.2019.104244,data_all/x_time_h/10.1016_j.nanoen.2019.104244/Fig5_A_stability_performance_curve_pce/accepted/10.1016_j.nanoen.2019.104244__Fig5__A__stability_performance_curve_pce__PHJ__Series_1.csv,points/F01277.csv,19,more_observations
F01278,10.1016/j.nanoen.2019.104244,data_all/x_time_h/10.1016_j.nanoen.2019.104244/Fig5_B_stability_performance_curve_pce/accepted/10.1016_j.nanoen.2019.104244__Fig5__B__stability_performance_curve_pce__PHJ__Series_2.csv,points/F01278.csv,51,more_observations
F01279,10.1016/j.nanoen.2019.104249,data_all/x_time_h/10.1016_j.nanoen.2019.104249/Fig16_C_stability_performance_curve_pce/accepted/10.1016_j.nanoen.2019.104249__Fig16__C__stability_performance_curve_pce__CsPbl₂Br__Series_2.csv,points/F01279.csv,23,more_observations
F01280,10.1016/j.nanoen.2019.104313,data_all/x_time_h/10.1016_j.nanoen.2019.104313/Fig5_C_stability_performance_curve_pce/accepted/10.1016_j.nanoen.2019.104313__Fig5__C__stability_performance_curve_pce__CH₃NH₃PbI₃_PbSO₄(PbO)₄__Series_2.csv,points/F01280.csv,51,more_observations
F01281,10.1016/j.nanoen.2019.104313,data_all/x_time_h/10.1016_j.nanoen.2019.104313/Fig5_C_stability_performance_curve_pce/accepted/10.1016_j.nanoen.2019.104313__Fig5__C__stability_performance_curve_pce__CH₃NH₃PbI₃__Series_1.csv,points/F01281.csv,51,more_observations
F01282,10.1016/j.nanoen.2019.104375,data_all/x_time_h/10.1016_j.nanoen.2019.104375/Fig4_D_pce/accepted/10.1016_j.nanoen.2019.104375__Fig4__D__pce__PSC_W_O_encapsulation__Series_2.csv,points/F01282.csv,15,more_observations
F01283,10.1016/j.nanoen.2020.104673,data_all/x_time_h/10.1016_j.nanoen.2020.104673/Fig6_D_stability_performance_curve_pce/accepted/10.1016_j.nanoen.2020.104673__Fig6__D__stability_performance_curve_pce__t-BP+FK209__Series_2.csv,points/F01283.csv,20,more_observations
F01286,10.1016/j.nanoen.2020.104929,data_all/x_time_h/10.1016_j.nanoen.2020.104929/Fig5_C_stability_performance_curve_pce/accepted/10.1016_j.nanoen.2020.104929__Fig5__C__stability_performance_curve_pce__MAPbI₃__Series_2.csv,points/F01286.csv,12,more_observations
F01287,10.1016/j.nanoen.2020.104929,data_all/x_time_h/10.1016_j.nanoen.2020.104929/Fig5_D_stability_performance_curve_pce/accepted/10.1016_j.nanoen.2020.104929__Fig5__D__stability_performance_curve_pce__MAPbI₃__Series_2.csv,points/F01287.csv,24,more_observations
F01288,10.1016/j.nanoen.2020.104940,data_all/x_time_h/10.1016_j.nanoen.2020.104940/Fig5_B_stability_performance_curve_pce/accepted/10.1016_j.nanoen.2020.104940__Fig5__B__stability_performance_curve_pce__4-ePy__Series_2.csv,points/F01288.csv,40,more_observations
F01289,10.1016/j.nanoen.2020.104940,data_all/x_time_h/10.1016_j.nanoen.2020.104940/Fig5_B_stability_performance_curve_pce/accepted/10.1016_j.nanoen.2020.104940__Fig5__B__stability_performance_curve_pce__O-Control__Series_1.csv,points/F01289.csv,40,more_observations
F01290,10.1016/j.nanoen.2020.105019,data_all/x_time_h/10.1016_j.nanoen.2020.105019/Fig2_C_stability_performance_curve/accepted/10.1016_j.nanoen.2020.105019__Fig2__C__stability_performance_curve__TiO2_Pero_CuSCN_C__Series_1.csv,points/F01290.csv,34,more_observations
F01291,10.1016/j.nanoen.2020.105019,data_all/x_time_h/10.1016_j.nanoen.2020.105019/Fig2_C_stability_performance_curve/accepted/10.1016_j.nanoen.2020.105019__Fig2__C__stability_performance_curve__TiO2_Pero_Spiro_Au__Series_2.csv,points/F01291.csv,34,more_observations
F01292,10.1016/j.nanoen.2020.105127,data_all/x_time_h/10.1016_j.nanoen.2020.105127/Fig8_A_stability_performance_curve_ff/accepted/10.1016_j.nanoen.2020.105127__Fig8__A__stability_performance_curve_ff__0mM__Series_1.csv,points/F01292.csv,51,more_observations
F01293,10.1016/j.nanoen.2020.105181,data_all/x_time_h/10.1016_j.nanoen.2020.105181/Fig6_A_stability_performance_curve_pce/accepted/10.1016_j.nanoen.2020.105181__Fig6__A__stability_performance_curve_pce__S3__Series_2.csv,points/F01293.csv,12,more_observations
F01294,10.1016/j.nanoen.2020.105181,data_all/x_time_h/10.1016_j.nanoen.2020.105181/Fig6_A_stability_performance_curve_pce/accepted/10.1016_j.nanoen.2020.105181__Fig6__A__stability_performance_curve_pce__S5__Series_1.csv,points/F01294.csv,10,more_observations
F01295,10.1016/j.nanoen.2020.105181,data_all/x_time_h/10.1016_j.nanoen.2020.105181/Fig6_A_stability_performance_curve_pce/accepted/10.1016_j.nanoen.2020.105181__Fig6__A__stability_performance_curve_pce__S6__Series_3.csv,points/F01295.csv,13,more_observations
F01296,10.1016/j.nanoen.2020.105181,data_all/x_time_h/10.1016_j.nanoen.2020.105181/Fig6_B_stability_performance_curve_pce/accepted/10.1016_j.nanoen.2020.105181__Fig6__B__stability_performance_curve_pce__S6__Series_3.csv,points/F01296.csv,43,more_observations
F01299,10.1016/j.nanoen.2020.105462,data_all/x_time_h/10.1016_j.nanoen.2020.105462/Fig5_B_stability_performance_curve_pce/accepted/10.1016_j.nanoen.2020.105462__Fig5__B__stability_performance_curve_pce__SMe-TATPyr_Spiro-OMeTAD__Series_2.csv,points/F01299.csv,42,more_observations
F01300,10.1016/j.nanoen.2020.105462,data_all/x_time_h/10.1016_j.nanoen.2020.105462/Fig5_B_stability_performance_curve_pce/accepted/10.1016_j.nanoen.2020.105462__Fig5__B__stability_performance_curve_pce__→Spiro-OMeTAD__Series_1.csv,points/F01300.csv,42,more_observations
F01301,10.1016/j.nanoen.2020.105462,data_all/x_time_h/10.1016_j.nanoen.2020.105462/Fig5_C_stability_performance_curve_pce/accepted/10.1016_j.nanoen.2020.105462__Fig5__C__stability_performance_curve_pce__SMe-TATPyr_Spiro-OMeTAD__Series_1.csv,points/F01301.csv,42,more_observations
F01302,10.1016/j.nanoen.2020.105462,data_all/x_time_h/10.1016_j.nanoen.2020.105462/Fig5_C_stability_performance_curve_pce/accepted/10.1016_j.nanoen.2020.105462__Fig5__C__stability_performance_curve_pce__Spiro-OMeTAD__Series_2.csv,points/F01302.csv,42,more_observations
F01303,10.1016/j.nanoen.2020.105564,data_all/x_time_h/10.1016_j.nanoen.2020.105564/Fig6_A_stability_performance_curve/accepted/10.1016_j.nanoen.2020.105564__Fig6__A__stability_performance_curve__Control__Series_1.csv,points/F01303.csv,19,more_observations
F01304,10.1016/j.nanoen.2020.105564,data_all/x_time_h/10.1016_j.nanoen.2020.105564/Fig6_B_stability_performance_curve/accepted/10.1016_j.nanoen.2020.105564__Fig6__B__stability_performance_curve__Control__Series_1.csv,points/F01304.csv,20,more_observations
F01306,10.1016/j.nanoen.2020.105737,data_all/x_time_h/10.1016_j.nanoen.2020.105737/Fig4_G_stability_performance_curve/accepted/10.1016_j.nanoen.2020.105737__Fig4__G__stability_performance_curve__w_o_PPFC__Series_1.csv,points/F01306.csv,9,more_observations
F01308,10.1016/j.nanoen.2021.105742,data_all/x_time_h/10.1016_j.nanoen.2021.105742/Fig5_C_stability/accepted/10.1016_j.nanoen.2021.105742__Fig5__C__stability__CsFAMA__Series_1.csv,points/F01308.csv,10,more_observations
F01309,10.1016/j.nanoen.2021.105742,data_all/x_time_h/10.1016_j.nanoen.2021.105742/Fig5_D_stability_performance_curve_pce_spectrum/accepted/10.1016_j.nanoen.2021.105742__Fig5__D__stability_performance_curve_pce_spectrum__CsFAMA__Series_1.csv,points/F01309.csv,15,more_observations
F01310,10.1016/j.nanoen.2021.105751,data_all/x_time_h/10.1016_j.nanoen.2021.105751/Fig4_A_stability_performance_curve_pce/accepted/10.1016_j.nanoen.2021.105751__Fig4__A__stability_performance_curve_pce__Li-TFSI_t-BP__Series_2.csv,points/F01310.csv,11,more_observations
F01311,10.1016/j.nanoen.2021.105751,data_all/x_time_h/10.1016_j.nanoen.2021.105751/Fig4_B_stability_performance_curve_pce_pattern/accepted/10.1016_j.nanoen.2021.105751__Fig4__B__stability_performance_curve_pce_pattern__Li-TFSI_t-BP__Series_2.csv,points/F01311.csv,26,more_observations
F01312,10.1016/j.nanoen.2021.106157,data_all/x_time_h/10.1016_j.nanoen.2021.106157/Fig3_G_stability_performance_curve_pce/accepted/10.1016_j.nanoen.2021.106157__Fig3__G__stability_performance_curve_pce__0%FeCl2__Series_2.csv,points/F01312.csv,36,more_observations
F01313,10.1016/j.nanoen.2021.106286,data_all/x_time_h/10.1016_j.nanoen.2021.106286/Fig1_F_stability_performance_curve_pce/accepted/10.1016_j.nanoen.2021.106286__Fig1__F__stability_performance_curve_pce__Control__Series_2.csv,points/F01313.csv,9,more_observations
F01314,10.1016/j.nanoen.2021.106286,data_all/x_time_h/10.1016_j.nanoen.2021.106286/Fig1_G_stability_performance_curve_pce/accepted/10.1016_j.nanoen.2021.106286__Fig1__G__stability_performance_curve_pce__Control__Series_1.csv,points/F01314.csv,20,more_observations
F01315,10.1016/j.nanoen.2021.106445,data_all/x_time_h/10.1016_j.nanoen.2021.106445/Fig5_C_stability_performance_curve_pce/accepted/10.1016_j.nanoen.2021.106445__Fig5__C__stability_performance_curve_pce__Control__Series_2.csv,points/F01315.csv,70,more_observations
F01316,10.1016/j.nanoen.2021.106445,data_all/x_time_h/10.1016_j.nanoen.2021.106445/Fig5_D_stability_performance_curve_pce/accepted/10.1016_j.nanoen.2021.106445__Fig5__D__stability_performance_curve_pce__Control__Series_1.csv,points/F01316.csv,28,more_observations
F01317,10.1016/j.nanoen.2022.107416,data_all/x_time_h/10.1016_j.nanoen.2022.107416/Fig3_F_stability_performance_curve_pce/accepted/10.1016_j.nanoen.2022.107416__Fig3__F__stability_performance_curve_pce__Control__Series_1.csv,points/F01317.csv,9,more_observations
F01318,10.1016/j.nanoen.2022.107416,data_all/x_time_h/10.1016_j.nanoen.2022.107416/Fig3_G_stability_performance_curve_pce/accepted/10.1016_j.nanoen.2022.107416__Fig3__G__stability_performance_curve_pce__Control__Series_1.csv,points/F01318.csv,16,more_observations
F01319,10.1016/j.nanoen.2022.107818,data_all/x_time_h/10.1016_j.nanoen.2022.107818/Fig5_E_mppt_stability_performance_curve_pce/accepted/10.1016_j.nanoen.2022.107818__Fig5__E__mppt_stability_performance_curve_pce__Control__Series_3.csv,points/F01319.csv,23,more_observations
F01321,10.1016/j.nantod.2021.101164,data_all/x_time_h/10.1016_j.nantod.2021.101164/Fig6_A_stability_performance_curve_pce/accepted/10.1016_j.nantod.2021.101164__Fig6__A__stability_performance_curve_pce__o—wlo__Series_1.csv,points/F01321.csv,14,more_observations
F01322,10.1016/j.nantod.2021.101164,data_all/x_time_h/10.1016_j.nantod.2021.101164/Fig6_D_stability_performance_curve_pce/accepted/10.1016_j.nantod.2021.101164__Fig6__D__stability_performance_curve_pce__w_o__Series_2.csv,points/F01322.csv,30,more_observations
F01323,10.1016/j.optmat.2020.110377,data_all/x_time_h/10.1016_j.optmat.2020.110377/Fig4_whole_pce/accepted/10.1016_j.optmat.2020.110377__Fig4__whole__pce__P3HT_PEDOT_PS__Series_2.csv,points/F01323.csv,50,more_observations
F01324,10.1016/j.optmat.2020.110377,data_all/x_time_h/10.1016_j.optmat.2020.110377/Fig4_whole_pce/accepted/10.1016_j.optmat.2020.110377__Fig4__whole__pce__P3HT__Series_3.csv,points/F01324.csv,49,more_observations
F01325,10.1016/j.optmat.2020.110377,data_all/x_time_h/10.1016_j.optmat.2020.110377/Fig4_whole_pce/accepted/10.1016_j.optmat.2020.110377__Fig4__whole__pce__Spiro-OMeTAD__Series_1.csv,points/F01325.csv,50,more_observations
F01326,10.1016/j.optmat.2020.110794,data_all/x_time_h/10.1016_j.optmat.2020.110794/Fig7_A_stability_performance_curve/accepted/10.1016_j.optmat.2020.110794__Fig7__A__stability_performance_curve__55__Series_2.csv,points/F01326.csv,29,more_observations
F01327,10.1016/j.optmat.2020.110794,data_all/x_time_h/10.1016_j.optmat.2020.110794/Fig7_A_stability_performance_curve/accepted/10.1016_j.optmat.2020.110794__Fig7__A__stability_performance_curve__RT__Series_1.csv,points/F01327.csv,29,more_observations
F01328,10.1016/j.orgel.2016.05.004,data_all/x_time_h/10.1016_j.orgel.2016.05.004/Fig5_B_stability_performance_curve_pce/accepted/10.1016_j.orgel.2016.05.004__Fig5__B__stability_performance_curve_pce__spiro-OMeTAD__Series_1.csv,points/F01328.csv,44,more_observations
F01329,10.1016/j.orgel.2018.02.026,data_all/x_time_h/10.1016_j.orgel.2018.02.026/Fig8_A_stability_performance_curve_pce/accepted/10.1016_j.orgel.2018.02.026__Fig8__A__stability_performance_curve_pce__CB__Series_3.csv,points/F01329.csv,80,more_observations
F01330,10.1016/j.orgel.2018.02.026,data_all/x_time_h/10.1016_j.orgel.2018.02.026/Fig8_A_stability_performance_curve_pce/accepted/10.1016_j.orgel.2018.02.026__Fig8__A__stability_performance_curve_pce__CF__Series_2.csv,points/F01330.csv,81,more_observations
F01331,10.1016/j.orgel.2018.02.026,data_all/x_time_h/10.1016_j.orgel.2018.02.026/Fig8_A_stability_performance_curve_pce/accepted/10.1016_j.orgel.2018.02.026__Fig8__A__stability_performance_curve_pce__DCB__Series_1.csv,points/F01331.csv,80,more_observations
F01332,10.1016/j.orgel.2018.05.030,data_all/x_time_h/10.1016_j.orgel.2018.05.030/Fig6_C_density_of_states/accepted/10.1016_j.orgel.2018.05.030__Fig6__C__density_of_states__Reference__Series_2.csv,points/F01332.csv,19,more_observations
F01333,10.1016/j.orgel.2018.09.019,data_all/x_time_h/10.1016_j.orgel.2018.09.019/Fig4_A_stability_performance_curve_pce/accepted/10.1016_j.orgel.2018.09.019__Fig4__A__stability_performance_curve_pce__TiO₂_(UV)__Series_3.csv,points/F01333.csv,57,more_observations
F01334,10.1016/j.orgel.2018.09.019,data_all/x_time_h/10.1016_j.orgel.2018.09.019/Fig4_A_stability_performance_curve_pce/accepted/10.1016_j.orgel.2018.09.019__Fig4__A__stability_performance_curve_pce__TiO₂_SrO_(UV)__Series_2.csv,points/F01334.csv,57,more_observations
F01335,10.1016/j.orgel.2018.09.045,data_all/x_time_h/10.1016_j.orgel.2018.09.045/Fig6_B_mppt_stability_performance_curve_pce/accepted/10.1016_j.orgel.2018.09.045__Fig6__B__mppt_stability_performance_curve_pce__Spiro-OMeTAD__Series_2.csv,points/F01335.csv,23,more_observations
F01336,10.1016/j.orgel.2019.03.002,data_all/x_time_h/10.1016_j.orgel.2019.03.002/Fig6_whole_stability/accepted/10.1016_j.orgel.2019.03.002__Fig6__whole__stability__C₆₀__Series_2.csv,points/F01336.csv,23,more_observations
F01337,10.1016/j.orgel.2019.03.033,data_all/x_time_h/10.1016_j.orgel.2019.03.033/Fig7_C_stability_performance_curve_pce/accepted/10.1016_j.orgel.2019.03.033__Fig7__C__stability_performance_curve_pce__reference__Series_2.csv,points/F01337.csv,51,more_observations
F01338,10.1016/j.orgel.2019.03.036,data_all/x_time_h/10.1016_j.orgel.2019.03.036/Fig5_C_stability_performance_curve_pce/accepted/10.1016_j.orgel.2019.03.036__Fig5__C__stability_performance_curve_pce__Spiro-OMeTAD_Agl(3%)__Series_1.csv,points/F01338.csv,49,more_observations
F01339,10.1016/j.orgel.2019.03.036,data_all/x_time_h/10.1016_j.orgel.2019.03.036/Fig5_D_stability_performance_curve_pce/accepted/10.1016_j.orgel.2019.03.036__Fig5__D__stability_performance_curve_pce__o—Spiro-OMeTAD_AgI(3%)__Series_1.csv,points/F01339.csv,49,more_observations
F01340,10.1016/j.orgel.2019.07.004,data_all/x_time_h/10.1016_j.orgel.2019.07.004/Fig4_E_stability/accepted/10.1016_j.orgel.2019.07.004__Fig4__E__stability__CdS_PCBM__Series_1.csv,points/F01340.csv,17,more_observations
F01341,10.1016/j.orgel.2019.07.004,data_all/x_time_h/10.1016_j.orgel.2019.07.004/Fig4_E_stability/accepted/10.1016_j.orgel.2019.07.004__Fig4__E__stability__Cds__Series_2.csv,points/F01341.csv,18,more_observations
F01342,10.1016/j.orgel.2019.105384,data_all/x_time_h/10.1016_j.orgel.2019.105384/Fig5_whole_figure/accepted/10.1016_j.orgel.2019.105384__Fig5__whole__figure__MAPbI3_PCBM__Series_1.csv,points/F01342.csv,73,more_observations
F01343,10.1016/j.orgel.2019.105384,data_all/x_time_h/10.1016_j.orgel.2019.105384/Fig5_whole_figure/accepted/10.1016_j.orgel.2019.105384__Fig5__whole__figure__MAPbl3__Series_2.csv,points/F01343.csv,72,more_observations
F01344,10.1016/j.orgel.2019.105396,data_all/x_time_h/10.1016_j.orgel.2019.105396/Fig4_A_stability_performance_curve_pce/accepted/10.1016_j.orgel.2019.105396__Fig4__A__stability_performance_curve_pce__in_air__Series_1.csv,points/F01344.csv,56,more_observations
F01346,10.1016/j.orgel.2019.105573,data_all/x_time_h/10.1016_j.orgel.2019.105573/Fig6_A_stability_performance_curve_pce/accepted/10.1016_j.orgel.2019.105573__Fig6__A__stability_performance_curve_pce__PC61BM_BIZ__Series_2.csv,points/F01346.csv,25,more_observations
F01347,10.1016/j.orgel.2019.105573,data_all/x_time_h/10.1016_j.orgel.2019.105573/Fig6_A_stability_performance_curve_pce/accepted/10.1016_j.orgel.2019.105573__Fig6__A__stability_performance_curve_pce__PC61BM__Series_1.csv,points/F01347.csv,25,more_observations
F01348,10.1016/j.orgel.2020.105627,data_all/x_time_h/10.1016_j.orgel.2020.105627/Fig6_whole_stability_performance_curve_pce/accepted/10.1016_j.orgel.2020.105627__Fig6__whole__stability_performance_curve_pce__w_o_NH₄F__Series_1.csv,points/F01348.csv,24,more_observations
F01349,10.1016/j.orgel.2020.105937,data_all/x_time_h/10.1016_j.orgel.2020.105937/Fig3_E_stability_performance_curve_pce/accepted/10.1016_j.orgel.2020.105937__Fig3__E__stability_performance_curve_pce__KF__Series_2.csv,points/F01349.csv,15,more_observations
F01350,10.1016/j.orgel.2020.105937,data_all/x_time_h/10.1016_j.orgel.2020.105937/Fig3_E_stability_performance_curve_pce/accepted/10.1016_j.orgel.2020.105937__Fig3__E__stability_performance_curve_pce__Pristine__Series_1.csv,points/F01350.csv,19,more_observations
F01351,10.1016/j.orgel.2020.106052,data_all/x_time_h/10.1016_j.orgel.2020.106052/Fig4_F_stability_performance_curve/accepted/10.1016_j.orgel.2020.106052__Fig4__F__stability_performance_curve__Control__Series_2.csv,points/F01351.csv,13,more_observations
F01352,10.1016/j.orgel.2021.106244,data_all/x_time_h/10.1016_j.orgel.2021.106244/Fig7_whole_stability_performance_curve_pce/accepted/10.1016_j.orgel.2021.106244__Fig7__whole__stability_performance_curve_pce__Spiro__Series_1.csv,points/F01352.csv,82,more_observations
F01353,10.1016/j.orgel.2021.106310,data_all/x_time_h/10.1016_j.orgel.2021.106310/Fig6_B_stability_performance_curve/accepted/10.1016_j.orgel.2021.106310__Fig6__B__stability_performance_curve__0_mg__Series_2.csv,points/F01353.csv,10,more_observations
F01354,10.1016/j.physb.2020.412124,data_all/x_time_h/10.1016_j.physb.2020.412124/Fig11_A_stability_performance_curve_pce/accepted/10.1016_j.physb.2020.412124__Fig11__A__stability_performance_curve_pce__X60WLi-TFSI__Series_1.csv,points/F01354.csv,17,more_observations
F01355,10.1016/j.rser.2021.111608,data_all/x_time_h/10.1016_j.rser.2021.111608/Fig23_B_stability_performance_curve_pce/accepted/10.1016_j.rser.2021.111608__Fig23__B__stability_performance_curve_pce__PsCw_O_encapsulation__Series_2.csv,points/F01355.csv,16,more_observations
F01356,10.1016/j.rser.2021.111608,data_all/x_time_h/10.1016_j.rser.2021.111608/Fig25_C_stability_performance_curve_pce/accepted/10.1016_j.rser.2021.111608__Fig25__C__stability_performance_curve_pce__No_Encapsulation__Series_3.csv,points/F01356.csv,27,more_observations
F01357,10.1016/j.rser.2021.111608,data_all/x_time_h/10.1016_j.rser.2021.111608/Fig25_C_stability_performance_curve_pce/accepted/10.1016_j.rser.2021.111608__Fig25__C__stability_performance_curve_pce__Partial'_Encapsulation__Series_1.csv,points/F01357.csv,27,more_observations
F01358,10.1016/j.scib.2021.02.029,data_all/x_time_h/10.1016_j.scib.2021.02.029/Fig4_C_stability_performance_curve/accepted/10.1016_j.scib.2021.02.029__Fig4__C__stability_performance_curve__C60__Series_2.csv,points/F01358.csv,16,more_observations
F01359,10.1016/j.solener.2016.10.003,data_all/x_time_h/10.1016_j.solener.2016.10.003/Fig7_F_stability_performance_curve_pce/accepted/10.1016_j.solener.2016.10.003__Fig7__F__stability_performance_curve_pce__Sprayed_TiO₂__Series_1.csv,points/F01359.csv,15,more_observations
F01362,10.1016/j.solener.2019.10.080,data_all/x_time_h/10.1016_j.solener.2019.10.080/Fig6_A_stability_performance_curve_pce/accepted/10.1016_j.solener.2019.10.080__Fig6__A__stability_performance_curve_pce__(a)_Spiro_-_0.04mmol__Series_2.csv,points/F01362.csv,30,more_observations
F01363,10.1016/j.solener.2019.10.080,data_all/x_time_h/10.1016_j.solener.2019.10.080/Fig6_B_stability_performance_curve_pce/accepted/10.1016_j.solener.2019.10.080__Fig6__B__stability_performance_curve_pce__(a)_Spiro_-0.06mmol__Series_1.csv,points/F01363.csv,28,more_observations
F01364,10.1016/j.solener.2019.11.030,data_all/x_time_h/10.1016_j.solener.2019.11.030/Fig6_E_stability_performance_curve_pce/accepted/10.1016_j.solener.2019.11.030__Fig6__E__stability_performance_curve_pce__CH₃NH₃PbI₃_(w_o_BL)__Series_1.csv,points/F01364.csv,60,more_observations
F01365,10.1016/j.solener.2020.01.048,data_all/x_time_h/10.1016_j.solener.2020.01.048/Fig4_D_stability_performance_curve_eqe/accepted/10.1016_j.solener.2020.01.048__Fig4__D__stability_performance_curve_eqe__Uncoated_PsCs__Series_2.csv,points/F01365.csv,65,more_observations
F01366,10.1016/j.solener.2020.02.025,data_all/x_time_h/10.1016_j.solener.2020.02.025/Fig6_B_mppt_stability_performance_curve/accepted/10.1016_j.solener.2020.02.025__Fig6__B__mppt_stability_performance_curve__CsF_SnO₂_CsFAMA_IL__Series_1.csv,points/F01366.csv,20,more_observations
F01367,10.1016/j.solener.2020.02.025,data_all/x_time_h/10.1016_j.solener.2020.02.025/Fig6_B_mppt_stability_performance_curve/accepted/10.1016_j.solener.2020.02.025__Fig6__B__mppt_stability_performance_curve__CsF_SnO₂_CsFAMA__Series_2.csv,points/F01367.csv,20,more_observations
F01368,10.1016/j.solener.2020.02.085,data_all/x_time_h/10.1016_j.solener.2020.02.085/Fig6_whole_figure/accepted/10.1016_j.solener.2020.02.085__Fig6__whole__figure__W_O_a_sandwich_structure__Series_2.csv,points/F01368.csv,14,more_observations
F01369,10.1016/j.solener.2020.04.021,data_all/x_time_h/10.1016_j.solener.2020.04.021/Fig5_whole_stability/accepted/10.1016_j.solener.2020.04.021__Fig5__whole__stability__Spin_coating__Series_2.csv,points/F01369.csv,21,more_observations
F01370,10.1016/j.solener.2020.05.042,data_all/x_time_h/10.1016_j.solener.2020.05.042/Fig4_E_stability_performance_curve/accepted/10.1016_j.solener.2020.05.042__Fig4__E__stability_performance_curve__without_PEABr__Series_1.csv,points/F01370.csv,9,more_observations
F01371,10.1016/j.solener.2020.06.057,data_all/x_time_h/10.1016_j.solener.2020.06.057/Fig7_A_stability_performance_curve_pce/accepted/10.1016_j.solener.2020.06.057__Fig7__A__stability_performance_curve_pce__Controlled__Series_1.csv,points/F01371.csv,14,more_observations
F01372,10.1016/j.solener.2020.07.050,data_all/x_time_h/10.1016_j.solener.2020.07.050/Fig4_A_stability_performance_curve_pce/accepted/10.1016_j.solener.2020.07.050__Fig4__A__stability_performance_curve_pce__PCBM_Ag__Series_2.csv,points/F01372.csv,24,more_observations
F01373,10.1016/j.solener.2020.07.050,data_all/x_time_h/10.1016_j.solener.2020.07.050/Fig4_B_stability_performance_curve_pce/accepted/10.1016_j.solener.2020.07.050__Fig4__B__stability_performance_curve_pce__PCBM_Ag__Series_1.csv,points/F01373.csv,24,more_observations
F01374,10.1016/j.solener.2020.12.002,data_all/x_time_h/10.1016_j.solener.2020.12.002/Fig5_B_stability_performance_curve_pce/accepted/10.1016_j.solener.2020.12.002__Fig5__B__stability_performance_curve_pce__H2O-SnO2$__Series_1.csv,points/F01374.csv,53,more_observations
F01375,10.1016/j.solener.2021.01.030,data_all/x_time_h/10.1016_j.solener.2021.01.030/Fig6_A_stability_performance_curve_pce/accepted/10.1016_j.solener.2021.01.030__Fig6__A__stability_performance_curve_pce__without_TM__Series_2.csv,points/F01375.csv,67,more_observations
F01376,10.1016/j.solener.2021.02.035,data_all/x_time_h/10.1016_j.solener.2021.02.035/Fig6_A_stability_performance_curve_pce/accepted/10.1016_j.solener.2021.02.035__Fig6__A__stability_performance_curve_pce__Series_1__Series_1.csv,points/F01376.csv,10,more_observations
F01378,10.1016/j.solener.2021.06.001,data_all/x_time_h/10.1016_j.solener.2021.06.001/Fig7_D_stability_performance_curve_pce/accepted/10.1016_j.solener.2021.06.001__Fig7__D__stability_performance_curve_pce__Control__Series_2.csv,points/F01378.csv,26,more_observations
F01379,10.1016/j.solener.2021.06.076,data_all/x_time_h/10.1016_j.solener.2021.06.076/Fig9_A_stability_performance_curve_pce/accepted/10.1016_j.solener.2021.06.076__Fig9__A__stability_performance_curve_pce__PC₀NH₀__Series_1.csv,points/F01379.csv,25,more_observations
F01380,10.1016/j.solmat.2015.09.054,data_all/x_time_h/10.1016_j.solmat.2015.09.054/Fig9_whole_figure/accepted/10.1016_j.solmat.2015.09.054__Fig9__whole__figure__ZnO-SnO₂__Series_2.csv,points/F01380.csv,16,more_observations
F01381,10.1016/j.solmat.2015.09.054,data_all/x_time_h/10.1016_j.solmat.2015.09.054/Fig9_whole_figure/accepted/10.1016_j.solmat.2015.09.054__Fig9__whole__figure__ZnO__Series_3.csv,points/F01381.csv,17,more_observations
F01382,10.1016/j.solmat.2015.10.008,data_all/x_time_h/10.1016_j.solmat.2015.10.008/Fig6_D_ff/accepted/10.1016_j.solmat.2015.10.008__Fig6__D__ff__O-PDPP3T__Series_2.csv,points/F01382.csv,56,more_observations
F01383,10.1016/j.solmat.2015.10.008,data_all/x_time_h/10.1016_j.solmat.2015.10.008/Fig6_D_ff/accepted/10.1016_j.solmat.2015.10.008__Fig6__D__ff__Spiro-OMeTAD__Series_1.csv,points/F01383.csv,56,more_observations
F01384,10.1016/j.solmat.2017.12.015,data_all/x_time_h/10.1016_j.solmat.2017.12.015/Fig8_D_stability_performance_curve_pce/accepted/10.1016_j.solmat.2017.12.015__Fig8__D__stability_performance_curve_pce__Reference__Series_2.csv,points/F01384.csv,69,more_observations
F01385,10.1016/j.solmat.2019.04.007,data_all/x_time_h/10.1016_j.solmat.2019.04.007/Fig6_B_stability/accepted/10.1016_j.solmat.2019.04.007__Fig6__B__stability__PCBM__Series_2.csv,points/F01385.csv,58,more_observations
F01386,10.1016/j.solmat.2019.110130,data_all/x_time_h/10.1016_j.solmat.2019.110130/Fig8_A_stability_performance_curve_pce/accepted/10.1016_j.solmat.2019.110130__Fig8__A__stability_performance_curve_pce__PS0__Series_1.csv,points/F01386.csv,45,more_observations
F01387,10.1016/j.solmat.2019.110130,data_all/x_time_h/10.1016_j.solmat.2019.110130/Fig8_A_stability_performance_curve_pce/accepted/10.1016_j.solmat.2019.110130__Fig8__A__stability_performance_curve_pce__PS1__Series_2.csv,points/F01387.csv,49,more_observations
F01388,10.1016/j.solmat.2019.110297,data_all/x_time_h/10.1016_j.solmat.2019.110297/Fig6_F_stability_performance_curve_pce/accepted/10.1016_j.solmat.2019.110297__Fig6__F__stability_performance_curve_pce__Au_NSs__Series_2.csv,points/F01388.csv,51,more_observations
F01389,10.1016/j.solmat.2019.110297,data_all/x_time_h/10.1016_j.solmat.2019.110297/Fig6_F_stability_performance_curve_pce/accepted/10.1016_j.solmat.2019.110297__Fig6__F__stability_performance_curve_pce__control_device__Series_3.csv,points/F01389.csv,54,more_observations
F01390,10.1016/j.solmat.2019.110335,data_all/x_time_h/10.1016_j.solmat.2019.110335/Fig1_E_schematic_diagram_pce/accepted/10.1016_j.solmat.2019.110335__Fig1__E__schematic_diagram_pce__withoutPC6oBM__Series_1.csv,points/F01390.csv,56,more_observations
F01392,10.1016/j.solmat.2019.110351,data_all/x_time_h/10.1016_j.solmat.2019.110351/Fig11_whole_figure/accepted/10.1016_j.solmat.2019.110351__Fig11__whole__figure__PEDOT_PSS__Series_1.csv,points/F01392.csv,23,more_observations
F01394,10.1016/j.solmat.2020.110407,data_all/x_time_h/10.1016_j.solmat.2020.110407/Fig12_whole_sem_image_stability_performance_curve_pce/accepted/10.1016_j.solmat.2020.110407__Fig12__whole__sem_image_stability_performance_curve_pce__Modified_PSCs_with_GQDs__Series_1.csv,points/F01394.csv,26,more_observations
F01395,10.1016/j.solmat.2020.110407,data_all/x_time_h/10.1016_j.solmat.2020.110407/Fig12_whole_sem_image_stability_performance_curve_pce/accepted/10.1016_j.solmat.2020.110407__Fig12__whole__sem_image_stability_performance_curve_pce__Unmodified_PSCs__Series_2.csv,points/F01395.csv,25,more_observations
F01396,10.1016/j.solmat.2020.110460,data_all/x_time_h/10.1016_j.solmat.2020.110460/Fig4_whole_pce/accepted/10.1016_j.solmat.2020.110460__Fig4__whole__pce__HTM-free__Series_2.csv,points/F01396.csv,16,more_observations
F01398,10.1016/j.solmat.2020.110862,data_all/x_time_h/10.1016_j.solmat.2020.110862/Fig5_D_stability_performance_curve_pce/accepted/10.1016_j.solmat.2020.110862__Fig5__D__stability_performance_curve_pce__Reference__Series_1.csv,points/F01398.csv,21,more_observations
F01399,10.1016/j.solmat.2020.110862,data_all/x_time_h/10.1016_j.solmat.2020.110862/Fig5_D_stability_performance_curve_pce/accepted/10.1016_j.solmat.2020.110862__Fig5__D__stability_performance_curve_pce__With_IR-P__Series_2.csv,points/F01399.csv,21,more_observations
F01400,10.1016/j.solmat.2021.111278,data_all/x_time_h/10.1016_j.solmat.2021.111278/Fig5_A_curve/accepted/10.1016_j.solmat.2021.111278__Fig5__A__curve__Cu_cathode__Series_2.csv,points/F01400.csv,32,more_observations
F01401,10.1016/j.surfin.2021.101213,data_all/x_time_h/10.1016_j.surfin.2021.101213/Fig5_A_stability_performance_curve_pce/accepted/10.1016_j.surfin.2021.101213__Fig5__A__stability_performance_curve_pce__Control__Series_1.csv,points/F01401.csv,17,more_observations
F01402,10.1016/j.surfin.2021.101213,data_all/x_time_h/10.1016_j.surfin.2021.101213/Fig5_B_stability_performance_curve_pce/accepted/10.1016_j.surfin.2021.101213__Fig5__B__stability_performance_curve_pce__Control__Series_1.csv,points/F01402.csv,25,more_observations
F01403,10.1016/j.synthmet.2020.116428,data_all/x_time_h/10.1016_j.synthmet.2020.116428/Fig6_A_stability_performance_curve_pce/accepted/10.1016_j.synthmet.2020.116428__Fig6__A__stability_performance_curve_pce__WithoutPMMA__Series_1.csv,points/F01403.csv,31,more_observations
F01405,10.1016/j.xcrp.2020.100224,data_all/x_time_h/10.1016_j.xcrp.2020.100224/Fig5_A_stability_performance_curve/accepted/10.1016_j.xcrp.2020.100224__Fig5__A__stability_performance_curve__control__Series_1.csv,points/F01405.csv,10,more_observations
F01407,10.1016/j.xcrp.2020.100224,data_all/x_time_h/10.1016_j.xcrp.2020.100224/Fig5_D_stability_performance_curve/accepted/10.1016_j.xcrp.2020.100224__Fig5__D__stability_performance_curve__control__Series_2.csv,points/F01407.csv,8,more_observations
F01411,10.1016/j.xcrp.2021.100395,data_all/x_time_h/10.1016_j.xcrp.2021.100395/Fig6_F_stability_performance_curve_pce/accepted/10.1016_j.xcrp.2021.100395__Fig6__F__stability_performance_curve_pce__中RH0%__Series_2.csv,points/F01411.csv,19,more_observations
F01413,10.1016/j.xcrp.2021.100450,data_all/x_time_h/10.1016_j.xcrp.2021.100450/Fig5_F_stability_performance_curve_pce_image/accepted/10.1016_j.xcrp.2021.100450__Fig5__F__stability_performance_curve_pce_image__Control__Series_2.csv,points/F01413.csv,40,more_observations
F01414,10.1016/j.xcrp.2021.100475,data_all/x_time_h/10.1016_j.xcrp.2021.100475/Fig4_E_stability_performance_curve_pce/accepted/10.1016_j.xcrp.2021.100475__Fig4__E__stability_performance_curve_pce__Without_[Bcim][TFSI]__Series_1.csv,points/F01414.csv,20,more_observations
F01415,10.1021/acs.chemmater.0c00995,data_all/x_time_h/10.1021_acs.chemmater.0c00995/Fig6_D_xrd_pattern_stability_performance_curve_pce_spectrum/accepted/10.1021_acs.chemmater.0c00995__Fig6__D__xrd_pattern_stability_performance_curve_pce_spectrum__MAPI_PSC__Series_1.csv,points/F01415.csv,20,more_observations
F01416,10.1021/acs.chemmater.0c00995,data_all/x_time_h/10.1021_acs.chemmater.0c00995/Fig6_E_xrd_pattern_stability_performance_curve_pce_spectrum/accepted/10.1021_acs.chemmater.0c00995__Fig6__E__xrd_pattern_stability_performance_curve_pce_spectrum__MAPI_PSC__Series_2.csv,points/F01416.csv,23,more_observations
F01419,10.1021/acs.chemmater.1c00662,data_all/x_time_h/10.1021_acs.chemmater.1c00662/Fig4_B_stability_performance_curve_pce/accepted/10.1021_acs.chemmater.1c00662__Fig4__B__stability_performance_curve_pce__PCBM_PDINO__Series_1.csv,points/F01419.csv,27,more_observations
F01420,10.1021/acs.chemmater.1c00662,data_all/x_time_h/10.1021_acs.chemmater.1c00662/Fig4_B_stability_performance_curve_pce/accepted/10.1021_acs.chemmater.1c00662__Fig4__B__stability_performance_curve_pce__PCBM_ZnO__Series_2.csv,points/F01420.csv,22,more_observations
F01421,10.1021/acs.chemmater.1c01436,data_all/x_time_h/10.1021_acs.chemmater.1c01436/Fig6_C_stability_performance_curve_pce_pattern/accepted/10.1021_acs.chemmater.1c01436__Fig6__C__stability_performance_curve_pce_pattern__Pristine__Series_1.csv,points/F01421.csv,10,more_observations
F01422,10.1021/acs.chemmater.8b02002,data_all/x_time_h/10.1021_acs.chemmater.8b02002/Fig7_B_stability_performance_curve_pce/accepted/10.1021_acs.chemmater.8b02002__Fig7__B__stability_performance_curve_pce__FAI__Series_3.csv,points/F01422.csv,15,more_observations
F01425,10.1021/acs.chemmater.8b02970,data_all/x_time_h/10.1021_acs.chemmater.8b02970/Fig6_C_stability_performance_curve_pce/accepted/10.1021_acs.chemmater.8b02970__Fig6__C__stability_performance_curve_pce__MD-Br10__Series_2.csv,points/F01425.csv,8,more_observations
F01427,10.1021/acs.energyfuels.0c01280,data_all/x_time_h/10.1021_acs.energyfuels.0c01280/Fig4_whole_stability/accepted/10.1021_acs.energyfuels.0c01280__Fig4__whole__stability__Control_device_Without_encapsulation__Series_3.csv,points/F01427.csv,11,more_observations
F01429,10.1021/acs.energyfuels.2c03191,data_all/x_time_h/10.1021_acs.energyfuels.2c03191/Fig6_D_schematic_diagram_stability_performance_curve/accepted/10.1021_acs.energyfuels.2c03191__Fig6__D__schematic_diagram_stability_performance_curve__Control_PSC__Series_2.csv,points/F01429.csv,10,more_observations
F01430,10.1021/acs.jpcc.0c02289,data_all/x_time_h/10.1021_acs.jpcc.0c02289/Fig5_E_pce/accepted/10.1021_acs.jpcc.0c02289__Fig5__E__pce__CPA__Series_2.csv,points/F01430.csv,15,more_observations
F01431,10.1021/acs.jpcc.0c02289,data_all/x_time_h/10.1021_acs.jpcc.0c02289/Fig5_E_pce/accepted/10.1021_acs.jpcc.0c02289__Fig5__E__pce__Control__Series_1.csv,points/F01431.csv,16,more_observations
F01432,10.1021/acs.jpcc.0c02628,data_all/x_time_h/10.1021_acs.jpcc.0c02628/Fig6_A_stability_performance_curve_pce_optimized_structure/accepted/10.1021_acs.jpcc.0c02628__Fig6__A__stability_performance_curve_pce_optimized_structure__SnO₂__Series_1.csv,points/F01432.csv,9,more_observations
F01434,10.1021/acs.jpcc.0c09794,data_all/x_time_h/10.1021_acs.jpcc.0c09794/Fig1_B_stability_performance_curve_pce/accepted/10.1021_acs.jpcc.0c09794__Fig1__B__stability_performance_curve_pce__Pristine__Series_1.csv,points/F01434.csv,11,more_observations
F01436,10.1021/acs.jpcc.1c04343,data_all/x_time_h/10.1021_acs.jpcc.1c04343/Fig5_A_stability_performance_curve_pce/accepted/10.1021_acs.jpcc.1c04343__Fig5__A__stability_performance_curve_pce__Control__Series_1.csv,points/F01436.csv,33,more_observations
F01437,10.1021/acs.jpcc.1c04343,data_all/x_time_h/10.1021_acs.jpcc.1c04343/Fig5_A_stability_performance_curve_pce/accepted/10.1021_acs.jpcc.1c04343__Fig5__A__stability_performance_curve_pce__PEAI-2D_3D__Series_3.csv,points/F01437.csv,32,more_observations
F01438,10.1021/acs.jpcc.1c04343,data_all/x_time_h/10.1021_acs.jpcc.1c04343/Fig5_B_stability_performance_curve_pce/accepted/10.1021_acs.jpcc.1c04343__Fig5__B__stability_performance_curve_pce__Control__Series_3.csv,points/F01438.csv,12,more_observations
F01439,10.1021/acs.jpcc.1c04343,data_all/x_time_h/10.1021_acs.jpcc.1c04343/Fig5_B_stability_performance_curve_pce/accepted/10.1021_acs.jpcc.1c04343__Fig5__B__stability_performance_curve_pce__PEAI-2D_3D__Series_1.csv,points/F01439.csv,12,more_observations
F01440,10.1021/acs.jpclett.1c01074,data_all/x_time_h/10.1021_acs.jpclett.1c01074/Fig4_C_stability_performance_curve_pce/accepted/10.1021_acs.jpclett.1c01074__Fig4__C__stability_performance_curve_pce__Control__Series_1.csv,points/F01440.csv,23,more_observations
F01441,10.1021/acs.jpclett.1c02371,data_all/x_time_h/10.1021_acs.jpclett.1c02371/Fig5_A_stability_performance_curve_pce/accepted/10.1021_acs.jpclett.1c02371__Fig5__A__stability_performance_curve_pce__SnO₂__Series_2.csv,points/F01441.csv,20,more_observations
F01442,10.1021/acs.jpclett.1c02371,data_all/x_time_h/10.1021_acs.jpclett.1c02371/Fig5_A_stability_performance_curve_pce/accepted/10.1021_acs.jpclett.1c02371__Fig5__A__stability_performance_curve_pce__TiO₂__Series_1.csv,points/F01442.csv,19,more_observations
F01445,10.1021/acs.jpclett.9b03414,data_all/x_time_h/10.1021_acs.jpclett.9b03414/Fig5_H_stability/accepted/10.1021_acs.jpclett.9b03414__Fig5__H__stability__n=5__Series_1.csv,points/F01445.csv,8,more_observations
F01446,10.1021/acs.jpclett.9b03414,data_all/x_time_h/10.1021_acs.jpclett.9b03414/Fig5_H_stability/accepted/10.1021_acs.jpclett.9b03414__Fig5__H__stability__n=∞__Series_4.csv,points/F01446.csv,8,more_observations
F01447,10.1021/acs.langmuir.8b01650,data_all/x_time_h/10.1021_acs.langmuir.8b01650/Fig6_whole_stability/accepted/10.1021_acs.langmuir.8b01650__Fig6__whole__stability__Control__Series_1.csv,points/F01447.csv,73,more_observations
F01448,10.1021/acs.nanolett.8b04190,data_all/x_time_h/10.1021_acs.nanolett.8b04190/Fig5_A_stability_performance_curve_pce/accepted/10.1021_acs.nanolett.8b04190__Fig5__A__stability_performance_curve_pce__bare_CNT__Series_2.csv,points/F01448.csv,50,more_observations
F01449,10.1021/acs.nanolett.8b04190,data_all/x_time_h/10.1021_acs.nanolett.8b04190/Fig5_A_stability_performance_curve_pce/accepted/10.1021_acs.nanolett.8b04190__Fig5__A__stability_performance_curve_pce__metal_electrode_(Ag)__Series_1.csv,points/F01449.csv,50,more_observations
F01450,10.1021/acs.nanolett.9b04661,data_all/x_time_h/10.1021_acs.nanolett.9b04661/Fig4_H_stability_performance_curve_pce/accepted/10.1021_acs.nanolett.9b04661__Fig4__H__stability_performance_curve_pce__3D_2D__Series_3.csv,points/F01450.csv,11,more_observations
F01451,10.1021/acs.nanolett.9b04661,data_all/x_time_h/10.1021_acs.nanolett.9b04661/Fig4_H_stability_performance_curve_pce/accepted/10.1021_acs.nanolett.9b04661__Fig4__H__stability_performance_curve_pce__3D__Series_2.csv,points/F01451.csv,10,more_observations
F01452,10.1021/acsaelm.1c00084,data_all/x_time_h/10.1021_acsaelm.1c00084/Fig2_F_stability_performance_curve_pce/accepted/10.1021_acsaelm.1c00084__Fig2__F__stability_performance_curve_pce__一with_α-terpineol__Series_1.csv,points/F01452.csv,16,more_observations
F01453,10.1021/acsaem.0c00179,data_all/x_time_h/10.1021_acsaem.0c00179/Fig5_A_stability_performance_curve_pce/accepted/10.1021_acsaem.0c00179__Fig5__A__stability_performance_curve_pce__Spiro-OMeTAD__Series_3.csv,points/F01453.csv,50,more_observations
F01454,10.1021/acsaem.0c00584,data_all/x_time_h/10.1021_acsaem.0c00584/Fig3_D_stability_performance_curve_pce/accepted/10.1021_acsaem.0c00584__Fig3__D__stability_performance_curve_pce__145mg_ml×3LFAIQDs__Series_2.csv,points/F01454.csv,65,more_observations
F01455,10.1021/acsaem.0c00584,data_all/x_time_h/10.1021_acsaem.0c00584/Fig3_D_stability_performance_curve_pce/accepted/10.1021_acsaem.0c00584__Fig3__D__stability_performance_curve_pce__145mg_ml×3L_Control_QDs__Series_1.csv,points/F01455.csv,66,more_observations
F01456,10.1021/acsaem.0c00584,data_all/x_time_h/10.1021_acsaem.0c00584/Fig3_D_stability_performance_curve_pce/accepted/10.1021_acsaem.0c00584__Fig3__D__stability_performance_curve_pce__75mg_ml×5LFAIQDs__Series_4.csv,points/F01456.csv,26,more_observations
F01457,10.1021/acsaem.0c00584,data_all/x_time_h/10.1021_acsaem.0c00584/Fig3_D_stability_performance_curve_pce/accepted/10.1021_acsaem.0c00584__Fig3__D__stability_performance_curve_pce__75mg_ml×5L_Control_QDs__Series_3.csv,points/F01457.csv,65,more_observations
F01459,10.1021/acsaem.0c00811,data_all/x_time_h/10.1021_acsaem.0c00811/Fig5_B_curve/accepted/10.1021_acsaem.0c00811__Fig5__B__curve__spiro-MeOTAD__Series_2.csv,points/F01459.csv,65,more_observations
F01461,10.1021/acsaem.0c01214,data_all/x_time_h/10.1021_acsaem.0c01214/Fig6_A_stability_performance_curve_pce/accepted/10.1021_acsaem.0c01214__Fig6__A__stability_performance_curve_pce__Ref._cells__Series_1.csv,points/F01461.csv,9,more_observations
F01462,10.1021/acsaem.0c01214,data_all/x_time_h/10.1021_acsaem.0c01214/Fig6_A_stability_performance_curve_pce/accepted/10.1021_acsaem.0c01214__Fig6__A__stability_performance_curve_pce__SHP_cells__Series_2.csv,points/F01462.csv,10,more_observations
F01463,10.1021/acsaem.0c01329,data_all/x_time_h/10.1021_acsaem.0c01329/Fig5_F_stability_performance_curve_pce/accepted/10.1021_acsaem.0c01329__Fig5__F__stability_performance_curve_pce__0_mg_mL__Series_1.csv,points/F01463.csv,8,more_observations
F01465,10.1021/acsaem.0c01796,data_all/x_time_h/10.1021_acsaem.0c01796/Fig9_D_stability_performance_curve_pce/accepted/10.1021_acsaem.0c01796__Fig9__D__stability_performance_curve_pce__spiro-OMeTAD__Series_2.csv,points/F01465.csv,24,more_observations
F01467,10.1021/acsaem.0c02213,data_all/x_time_h/10.1021_acsaem.0c02213/Fig7_B_stability_performance_curve_pce/accepted/10.1021_acsaem.0c02213__Fig7__B__stability_performance_curve_pce__Standard(30NR-D)__Series_2.csv,points/F01467.csv,18,more_observations
F01468,10.1021/acsaem.0c02895,data_all/x_time_h/10.1021_acsaem.0c02895/Fig6_C_stability_performance_curve_pce/accepted/10.1021_acsaem.0c02895__Fig6__C__stability_performance_curve_pce__1.5_PEAI__Series_1.csv,points/F01468.csv,9,more_observations
F01469,10.1021/acsaem.0c02895,data_all/x_time_h/10.1021_acsaem.0c02895/Fig6_C_stability_performance_curve_pce/accepted/10.1021_acsaem.0c02895__Fig6__C__stability_performance_curve_pce__Control__Series_2.csv,points/F01469.csv,9,more_observations
F01470,10.1021/acsaem.0c02941,data_all/x_time_h/10.1021_acsaem.0c02941/Fig4_A_stability_performance_curve_pce/accepted/10.1021_acsaem.0c02941__Fig4__A__stability_performance_curve_pce__Control__Series_1.csv,points/F01470.csv,15,more_observations
F01471,10.1021/acsaem.0c03036,data_all/x_time_h/10.1021_acsaem.0c03036/Fig7_whole_stability/accepted/10.1021_acsaem.0c03036__Fig7__whole__stability__TiO₂_NRs__Series_1.csv,points/F01471.csv,59,more_observations
F01472,10.1021/acsaem.0c03185,data_all/x_time_h/10.1021_acsaem.0c03185/Fig1_B_mppt_stability_performance_curve_pce/accepted/10.1021_acsaem.0c03185__Fig1__B__mppt_stability_performance_curve_pce__TiO₂__Series_2.csv,points/F01472.csv,20,more_observations
F01473,10.1021/acsaem.1c00009,data_all/x_time_h/10.1021_acsaem.1c00009/Fig5_E_stability_performance_curve_pce/accepted/10.1021_acsaem.1c00009__Fig5__E__stability_performance_curve_pce__Pristine__Series_1.csv,points/F01473.csv,19,more_observations
F01474,10.1021/acsaem.1c00232,data_all/x_time_h/10.1021_acsaem.1c00232/Fig5_whole_pce/accepted/10.1021_acsaem.1c00232__Fig5__whole__pce__CuSCN-Au__Series_1.csv,points/F01474.csv,10,more_observations
F01475,10.1021/acsaem.1c00575,data_all/x_time_h/10.1021_acsaem.1c00575/Fig6_C_stability_performance_curve_pce/accepted/10.1021_acsaem.1c00575__Fig6__C__stability_performance_curve_pce__CsPbIBr₂__Series_2.csv,points/F01475.csv,11,more_observations
F01476,10.1021/acsaem.1c00826,data_all/x_time_h/10.1021_acsaem.1c00826/Fig4_C_stability_performance_curve/accepted/10.1021_acsaem.1c00826__Fig4__C__stability_performance_curve__Reference__Series_1.csv,points/F01476.csv,28,more_observations
F01478,10.1021/acsaem.2c00923,data_all/x_time_h/10.1021_acsaem.2c00923/Fig4_E_stability_performance_curve/accepted/10.1021_acsaem.2c00923__Fig4__E__stability_performance_curve__Control__Series_1.csv,points/F01478.csv,23,more_observations
F01479,10.1021/acsaem.8b00060,data_all/x_time_h/10.1021_acsaem.8b00060/Fig6_C_stability_performance_curve/accepted/10.1021_acsaem.8b00060__Fig6__C__stability_performance_curve__MAPbI₃__Series_2.csv,points/F01479.csv,22,more_observations
F01480,10.1021/acsaem.8b00602,data_all/x_time_h/10.1021_acsaem.8b00602/Fig8_whole_stability/accepted/10.1021_acsaem.8b00602__Fig8__whole__stability__TiO2__Series_1.csv,points/F01480.csv,75,more_observations
F01481,10.1021/acsaem.9b00164,data_all/x_time_h/10.1021_acsaem.9b00164/Fig2_B_stability_performance_curve/accepted/10.1021_acsaem.9b00164__Fig2__B__stability_performance_curve__PEDOT_PSS__Series_2.csv,points/F01481.csv,27,more_observations
F01482,10.1021/acsaem.9b00486,data_all/x_time_h/10.1021_acsaem.9b00486/Fig7_H_stability_performance_curve_pce/accepted/10.1021_acsaem.9b00486__Fig7__H__stability_performance_curve_pce__Without_passivation__Series_2.csv,points/F01482.csv,14,more_observations
F01483,10.1021/acsaem.9b00603,data_all/x_time_h/10.1021_acsaem.9b00603/Fig5_A_stability_performance_curve_pce_2/accepted/10.1021_acsaem.9b00603__Fig5__A__stability_performance_curve_pce_2__Spiro-OMeTAD__Series_2.csv,points/F01483.csv,8,more_observations
F01484,10.1021/acsaem.9b01004,data_all/x_time_h/10.1021_acsaem.9b01004/Fig4_A_stability_performance_curve_pce/accepted/10.1021_acsaem.9b01004__Fig4__A__stability_performance_curve_pce__MoOx__Series_1.csv,points/F01484.csv,29,more_observations
F01485,10.1021/acsaem.9b01598,data_all/x_time_h/10.1021_acsaem.9b01598/Fig6_D_stability_performance_curve/accepted/10.1021_acsaem.9b01598__Fig6__D__stability_performance_curve__Spiro-OMeTAD__Series_3.csv,points/F01485.csv,43,more_observations
F01486,10.1021/acsaem.9b01652,data_all/x_time_h/10.1021_acsaem.9b01652/Fig6_B_rate/accepted/10.1021_acsaem.9b01652__Fig6__B__rate__SnO₂__Series_1.csv,points/F01486.csv,34,more_observations
F01487,10.1021/acsaem.9b02037,data_all/x_time_h/10.1021_acsaem.9b02037/Fig3_D_stability_performance_curve_pce/accepted/10.1021_acsaem.9b02037__Fig3__D__stability_performance_curve_pce__without_rGO__Series_2.csv,points/F01487.csv,10,more_observations
F01488,10.1021/acsaem.9b02117,data_all/x_time_h/10.1021_acsaem.9b02117/Fig8_A_stability_performance_curve_pce/accepted/10.1021_acsaem.9b02117__Fig8__A__stability_performance_curve_pce__3D__Series_2.csv,points/F01488.csv,29,more_observations
F01489,10.1021/acsami.0c00142,data_all/x_time_h/10.1021_acsami.0c00142/Fig4_F_stability/accepted/10.1021_acsami.0c00142__Fig4__F__stability__NbOₓ__Series_1.csv,points/F01489.csv,12,more_observations
F01491,10.1021/acsami.0c01311,data_all/x_time_h/10.1021_acsami.0c01311/Fig5_E_stability_performance_curve_pce/accepted/10.1021_acsami.0c01311__Fig5__E__stability_performance_curve_pce__FASnI₃__Series_1.csv,points/F01491.csv,15,more_observations
F01492,10.1021/acsami.0c02751,data_all/x_time_h/10.1021_acsami.0c02751/Fig9_A_stability_performance_curve_pce/accepted/10.1021_acsami.0c02751__Fig9__A__stability_performance_curve_pce__CJ-03__Series_2.csv,points/F01492.csv,68,more_observations
F01493,10.1021/acsami.0c02751,data_all/x_time_h/10.1021_acsami.0c02751/Fig9_A_stability_performance_curve_pce/accepted/10.1021_acsami.0c02751__Fig9__A__stability_performance_curve_pce__CJ-04__Series_1.csv,points/F01493.csv,68,more_observations
F01494,10.1021/acsami.0c02751,data_all/x_time_h/10.1021_acsami.0c02751/Fig9_A_stability_performance_curve_pce/accepted/10.1021_acsami.0c02751__Fig9__A__stability_performance_curve_pce__spiro-OMeTAD__Series_3.csv,points/F01494.csv,67,more_observations
F01495,10.1021/acsami.0c02837,data_all/x_time_h/10.1021_acsami.0c02837/Fig5_D_stability_performance_curve_pce/accepted/10.1021_acsami.0c02837__Fig5__D__stability_performance_curve_pce__c-PSCs__Series_2.csv,points/F01495.csv,23,more_observations
F01496,10.1021/acsami.0c03660,data_all/x_time_h/10.1021_acsami.0c03660/Fig5_A_stability_performance_curve_voc/accepted/10.1021_acsami.0c03660__Fig5__A__stability_performance_curve_voc__o—Li-doped_cell__Series_1.csv,points/F01496.csv,10,more_observations
F01497,10.1021/acsami.0c04258,data_all/x_time_h/10.1021_acsami.0c04258/Fig6_A_stability_performance_curve_pce/accepted/10.1021_acsami.0c04258__Fig6__A__stability_performance_curve_pce__control__Series_1.csv,points/F01497.csv,9,more_observations
F01498,10.1021/acsami.0c04938,data_all/x_time_h/10.1021_acsami.0c04938/Fig6_A_stability_performance_curve_pce/accepted/10.1021_acsami.0c04938__Fig6__A__stability_performance_curve_pce__Pristine_CsPbIBr₂__Series_2.csv,points/F01498.csv,14,more_observations
F01499,10.1021/acsami.0c04938,data_all/x_time_h/10.1021_acsami.0c04938/Fig6_A_stability_performance_curve_pce_2/accepted/10.1021_acsami.0c04938__Fig6__A__stability_performance_curve_pce_2__Pristine_CsPbIBr₂__Series_1.csv,points/F01499.csv,12,more_observations
F01500,10.1021/acsami.0c04938,data_all/x_time_h/10.1021_acsami.0c04938/Fig6_D_pce/accepted/10.1021_acsami.0c04938__Fig6__D__pce__Pristine_CsPbIBr₂__Series_1.csv,points/F01500.csv,13,more_observations
F01501,10.1021/acsami.0c04975,data_all/x_time_h/10.1021_acsami.0c04975/Fig6_A_stability_performance_curve_pce/accepted/10.1021_acsami.0c04975__Fig6__A__stability_performance_curve_pce__4-F__Series_2.csv,points/F01501.csv,20,more_observations
F01502,10.1021/acsami.0c04975,data_all/x_time_h/10.1021_acsami.0c04975/Fig6_A_stability_performance_curve_pce/accepted/10.1021_acsami.0c04975__Fig6__A__stability_performance_curve_pce__Control__Series_1.csv,points/F01502.csv,19,more_observations
F01503,10.1021/acsami.0c04975,data_all/x_time_h/10.1021_acsami.0c04975/Fig6_B_stability_performance_curve_pce/accepted/10.1021_acsami.0c04975__Fig6__B__stability_performance_curve_pce__4-F__Series_1.csv,points/F01503.csv,20,more_observations
F01504,10.1021/acsami.0c04975,data_all/x_time_h/10.1021_acsami.0c04975/Fig6_B_stability_performance_curve_pce/accepted/10.1021_acsami.0c04975__Fig6__B__stability_performance_curve_pce__Control__Series_2.csv,points/F01504.csv,20,more_observations
F01505,10.1021/acsami.0c05632,data_all/x_time_h/10.1021_acsami.0c05632/Fig8_I_stability_performance_curve_pce_pattern/accepted/10.1021_acsami.0c05632__Fig8__I__stability_performance_curve_pce_pattern__MAPbI₃__Series_1.csv,points/F01505.csv,13,more_observations
F01506,10.1021/acsami.0c06823,data_all/x_time_h/10.1021_acsami.0c06823/Fig4_A_stability_performance_curve_pce/accepted/10.1021_acsami.0c06823__Fig4__A__stability_performance_curve_pce__Control__Series_3.csv,points/F01506.csv,14,more_observations
F01507,10.1021/acsami.0c06823,data_all/x_time_h/10.1021_acsami.0c06823/Fig4_A_stability_performance_curve_pce/accepted/10.1021_acsami.0c06823__Fig4__A__stability_performance_curve_pce__DCL__Series_1.csv,points/F01507.csv,14,more_observations
F01508,10.1021/acsami.0c06823,data_all/x_time_h/10.1021_acsami.0c06823/Fig4_A_stability_performance_curve_pce/accepted/10.1021_acsami.0c06823__Fig4__A__stability_performance_curve_pce__SCL__Series_2.csv,points/F01508.csv,14,more_observations
F01509,10.1021/acsami.0c06823,data_all/x_time_h/10.1021_acsami.0c06823/Fig4_B_stability_performance_curve_pce/accepted/10.1021_acsami.0c06823__Fig4__B__stability_performance_curve_pce__Control__Series_2.csv,points/F01509.csv,14,more_observations
F01510,10.1021/acsami.0c06823,data_all/x_time_h/10.1021_acsami.0c06823/Fig4_B_stability_performance_curve_pce/accepted/10.1021_acsami.0c06823__Fig4__B__stability_performance_curve_pce__DCL__Series_3.csv,points/F01510.csv,14,more_observations
F01511,10.1021/acsami.0c06823,data_all/x_time_h/10.1021_acsami.0c06823/Fig4_B_stability_performance_curve_pce/accepted/10.1021_acsami.0c06823__Fig4__B__stability_performance_curve_pce__SCL__Series_1.csv,points/F01511.csv,12,more_observations
F01512,10.1021/acsami.0c08827,data_all/x_time_h/10.1021_acsami.0c08827/Fig5_C_stability_performance_curve_pce/accepted/10.1021_acsami.0c08827__Fig5__C__stability_performance_curve_pce__。Pristine__Series_1.csv,points/F01512.csv,18,more_observations
F01513,10.1021/acsami.0c10310,data_all/x_time_h/10.1021_acsami.0c10310/Fig6_whole_modeling/accepted/10.1021_acsami.0c10310__Fig6__whole__modeling__WBG__Series_1.csv,points/F01513.csv,24,more_observations
F01514,10.1021/acsami.0c11164,data_all/x_time_h/10.1021_acsami.0c11164/Fig4_D_stability_performance_curve_pce/accepted/10.1021_acsami.0c11164__Fig4__D__stability_performance_curve_pce__Control__Series_2.csv,points/F01514.csv,8,more_observations
F01515,10.1021/acsami.0c11247,data_all/x_time_h/10.1021_acsami.0c11247/Fig5_A_stability_performance_curve_pce/accepted/10.1021_acsami.0c11247__Fig5__A__stability_performance_curve_pce__PEDOT_PSS__Series_2.csv,points/F01515.csv,16,more_observations
F01516,10.1021/acsami.0c12044,data_all/x_time_h/10.1021_acsami.0c12044/Fig2_C_stability_performance_curve_pce/accepted/10.1021_acsami.0c12044__Fig2__C__stability_performance_curve_pce__Control__Series_1.csv,points/F01516.csv,8,more_observations
F01517,10.1021/acsami.0c12044,data_all/x_time_h/10.1021_acsami.0c12044/Fig2_D_stability_performance_curve/accepted/10.1021_acsami.0c12044__Fig2__D__stability_performance_curve__Control__Series_1.csv,points/F01517.csv,8,more_observations
F01518,10.1021/acsami.0c13116,data_all/x_time_h/10.1021_acsami.0c13116/Fig5_A_stability_performance_curve_pce_decay/accepted/10.1021_acsami.0c13116__Fig5__A__stability_performance_curve_pce_decay__O—W_EDEA__Series_2.csv,points/F01518.csv,27,more_observations
F01519,10.1021/acsami.0c13116,data_all/x_time_h/10.1021_acsami.0c13116/Fig5_A_stability_performance_curve_pce_decay/accepted/10.1021_acsami.0c13116__Fig5__A__stability_performance_curve_pce_decay__reference__Series_3.csv,points/F01519.csv,26,more_observations
F01520,10.1021/acsami.0c14218,data_all/x_time_h/10.1021_acsami.0c14218/Fig3_A_stability_performance_curve_pce_ff/accepted/10.1021_acsami.0c14218__Fig3__A__stability_performance_curve_pce_ff__0%__Series_3.csv,points/F01520.csv,9,more_observations
F01522,10.1021/acsami.0c14218,data_all/x_time_h/10.1021_acsami.0c14218/Fig4_A_stability_performance_curve_ff/accepted/10.1021_acsami.0c14218__Fig4__A__stability_performance_curve_ff__0%__Series_3.csv,points/F01522.csv,9,more_observations
F01523,10.1021/acsami.0c14218,data_all/x_time_h/10.1021_acsami.0c14218/Fig4_A_stability_performance_curve_ff/accepted/10.1021_acsami.0c14218__Fig4__A__stability_performance_curve_ff__0.5%__Series_4.csv,points/F01523.csv,8,more_observations
F01525,10.1021/acsami.0c15676,data_all/x_time_h/10.1021_acsami.0c15676/Fig9_whole_stability/accepted/10.1021_acsami.0c15676__Fig9__whole__stability__V-1__Series_3.csv,points/F01525.csv,30,more_observations
F01526,10.1021/acsami.0c15676,data_all/x_time_h/10.1021_acsami.0c15676/Fig9_whole_stability/accepted/10.1021_acsami.0c15676__Fig9__whole__stability__spiro-OMeTAD__Series_1.csv,points/F01526.csv,29,more_observations
F01527,10.1021/acsami.0c17141,data_all/x_time_h/10.1021_acsami.0c17141/Fig6_B_stability_performance_curve_pce/accepted/10.1021_acsami.0c17141__Fig6__B__stability_performance_curve_pce__CNTs-8__Series_1.csv,points/F01527.csv,18,more_observations
F01528,10.1021/acsami.0c17141,data_all/x_time_h/10.1021_acsami.0c17141/Fig6_B_stability_performance_curve_pce/accepted/10.1021_acsami.0c17141__Fig6__B__stability_performance_curve_pce__graphene-1_CNTs-8__Series_2.csv,points/F01528.csv,19,more_observations
F01529,10.1021/acsami.0c17141,data_all/x_time_h/10.1021_acsami.0c17141/Fig6_B_stability_performance_curve_pce/accepted/10.1021_acsami.0c17141__Fig6__B__stability_performance_curve_pce__reference_Ag_electrode__Series_4.csv,points/F01529.csv,16,more_observations
F01530,10.1021/acsami.0c17773,data_all/x_time_h/10.1021_acsami.0c17773/Fig4_F_eis_plot_stability_performance_curve_pce_voc/accepted/10.1021_acsami.0c17773__Fig4__F__eis_plot_stability_performance_curve_pce_voc__W_O_F-PEAI__Series_1.csv,points/F01530.csv,15,more_observations
F01531,10.1021/acsami.0c18009,data_all/x_time_h/10.1021_acsami.0c18009/Fig5_C_stability_performance_curve_pce/accepted/10.1021_acsami.0c18009__Fig5__C__stability_performance_curve_pce__Control__Series_1.csv,points/F01531.csv,8,more_observations
F01532,10.1021/acsami.0c18862,data_all/x_time_h/10.1021_acsami.0c18862/Fig4_G_stability_performance_curve/accepted/10.1021_acsami.0c18862__Fig4__G__stability_performance_curve__Control__Series_2.csv,points/F01532.csv,100,more_observations
F01533,10.1021/acsami.0c22817,data_all/x_time_h/10.1021_acsami.0c22817/Fig5_E_stability_performance_curve_pce/accepted/10.1021_acsami.0c22817__Fig5__E__stability_performance_curve_pce__Pristine__Series_1.csv,points/F01533.csv,50,more_observations
F01535,10.1021/acsami.1c01408,data_all/x_time_h/10.1021_acsami.1c01408/Fig5_A_stability_performance_curve_pce/accepted/10.1021_acsami.1c01408__Fig5__A__stability_performance_curve_pce__w_oBMIBr__Series_1.csv,points/F01535.csv,8,more_observations
F01538,10.1021/acsami.1c05498,data_all/x_time_h/10.1021_acsami.1c05498/Fig5_A_stability_performance_curve_pce/accepted/10.1021_acsami.1c05498__Fig5__A__stability_performance_curve_pce__w_o_CDTA__Series_1.csv,points/F01538.csv,15,more_observations
F01539,10.1021/acsami.1c05498,data_all/x_time_h/10.1021_acsami.1c05498/Fig5_B_stability_performance_curve_pce/accepted/10.1021_acsami.1c05498__Fig5__B__stability_performance_curve_pce__w_oCDTA__Series_2.csv,points/F01539.csv,44,more_observations
F01540,10.1021/acsami.1c05498,data_all/x_time_h/10.1021_acsami.1c05498/Fig5_C_stability_performance_curve_pce/accepted/10.1021_acsami.1c05498__Fig5__C__stability_performance_curve_pce__w_o_CDTA__Series_2.csv,points/F01540.csv,44,more_observations
F01542,10.1021/acsami.1c09742,data_all/x_time_h/10.1021_acsami.1c09742/Fig4_D_stability_performance_curve_pce/accepted/10.1021_acsami.1c09742__Fig4__D__stability_performance_curve_pce__Control_device__Series_2.csv,points/F01542.csv,8,more_observations
F01543,10.1021/acsami.1c12826,data_all/x_time_h/10.1021_acsami.1c12826/Fig4_B_stability_performance_curve_pce/accepted/10.1021_acsami.1c12826__Fig4__B__stability_performance_curve_pce__Pristine__Series_1.csv,points/F01543.csv,15,more_observations
F01544,10.1021/acsami.1c18375,data_all/x_time_h/10.1021_acsami.1c18375/Fig5_D_stability_performance_curve_pce/accepted/10.1021_acsami.1c18375__Fig5__D__stability_performance_curve_pce__SnO2_CsPbI3__Series_1.csv,points/F01544.csv,33,more_observations
F01545,10.1021/acsami.1c19587,data_all/x_time_h/10.1021_acsami.1c19587/Fig4_G_stability_performance_curve_pce/accepted/10.1021_acsami.1c19587__Fig4__G__stability_performance_curve_pce__PTI-30__Series_1.csv,points/F01545.csv,28,more_observations
F01546,10.1021/acsami.1c19587,data_all/x_time_h/10.1021_acsami.1c19587/Fig4_G_stability_performance_curve_pce/accepted/10.1021_acsami.1c19587__Fig4__G__stability_performance_curve_pce__Reference__Series_2.csv,points/F01546.csv,28,more_observations
F01547,10.1021/acsami.1c19587,data_all/x_time_h/10.1021_acsami.1c19587/Fig4_H_stability_performance_curve_pce/accepted/10.1021_acsami.1c19587__Fig4__H__stability_performance_curve_pce__PT-30__Series_1.csv,points/F01547.csv,28,more_observations
F01548,10.1021/acsami.1c19587,data_all/x_time_h/10.1021_acsami.1c19587/Fig4_H_stability_performance_curve_pce/accepted/10.1021_acsami.1c19587__Fig4__H__stability_performance_curve_pce__Reference__Series_2.csv,points/F01548.csv,28,more_observations
F01550,10.1021/acsami.3c08746,data_all/x_time_h/10.1021_acsami.3c08746/Fig4_E_stability_performance_curve/accepted/10.1021_acsami.3c08746__Fig4__E__stability_performance_curve__Pristine__Series_2.csv,points/F01550.csv,18,more_observations
F01551,10.1021/acsami.6b03724,data_all/x_time_h/10.1021_acsami.6b03724/Fig5_D_chart/accepted/10.1021_acsami.6b03724__Fig5__D__chart__ZnO_PFN__Series_3.csv,points/F01551.csv,19,more_observations
F01552,10.1021/acsami.6b03724,data_all/x_time_h/10.1021_acsami.6b03724/Fig5_D_chart/accepted/10.1021_acsami.6b03724__Fig5__D__chart__wlo__Series_2.csv,points/F01552.csv,18,more_observations
F01553,10.1021/acsami.6b03724,data_all/x_time_h/10.1021_acsami.6b03724/Fig5_D_chart/accepted/10.1021_acsami.6b03724__Fig5__D__chart__zno__Series_1.csv,points/F01553.csv,19,more_observations
F01554,10.1021/acsami.6b11393,data_all/x_time_h/10.1021_acsami.6b11393/Fig5_C_stability_performance_curve_pce/accepted/10.1021_acsami.6b11393__Fig5__C__stability_performance_curve_pce__MAPbI₃__Series_2.csv,points/F01554.csv,33,more_observations
F01555,10.1021/acsami.7b01282,data_all/x_time_h/10.1021_acsami.7b01282/Fig8_whole_sem_stability/accepted/10.1021_acsami.7b01282__Fig8__whole__sem_stability__Spin-coated_ETL__Series_1.csv,points/F01555.csv,87,more_observations
F01556,10.1021/acsami.7b02223,data_all/x_time_h/10.1021_acsami.7b02223/Fig5_A_chart/accepted/10.1021_acsami.7b02223__Fig5__A__chart__O-PEDOT_PSS__Series_1.csv,points/F01556.csv,41,more_observations
F01557,10.1021/acsami.7b06681,data_all/x_time_h/10.1021_acsami.7b06681/Fig6_D_stability_performance_curve_pce/accepted/10.1021_acsami.7b06681__Fig6__D__stability_performance_curve_pce__Bphen__Series_2.csv,points/F01557.csv,68,more_observations
F01558,10.1021/acsami.8b02035,data_all/x_time_h/10.1021_acsami.8b02035/Fig5_A_stability_performance_curve_pce/accepted/10.1021_acsami.8b02035__Fig5__A__stability_performance_curve_pce__NiO(m)&BSO_PCBM__Series_4.csv,points/F01558.csv,23,more_observations
F01559,10.1021/acsami.8b02035,data_all/x_time_h/10.1021_acsami.8b02035/Fig5_A_stability_performance_curve_pce/accepted/10.1021_acsami.8b02035__Fig5__A__stability_performance_curve_pce__NiO(m)&PCBM__Series_2.csv,points/F01559.csv,25,more_observations
F01560,10.1021/acsami.8b02035,"data_all/x_time_h/10.1021_acsami.8b02035/Fig5_A_stability_performance_curve_pce/accepted/10.1021_acsami.8b02035__Fig5__A__stability_performance_curve_pce__NiO,&BSO_PCBM__Series_3.csv",points/F01560.csv,25,more_observations
F01561,10.1021/acsami.8b02035,"data_all/x_time_h/10.1021_acsami.8b02035/Fig5_A_stability_performance_curve_pce/accepted/10.1021_acsami.8b02035__Fig5__A__stability_performance_curve_pce__NiO,&PCBM__Series_1.csv",points/F01561.csv,24,more_observations
F01562,10.1021/acsami.8b02256,data_all/x_time_h/10.1021_acsami.8b02256/Fig8_whole_stability_performance_curve_pce/accepted/10.1021_acsami.8b02256__Fig8__whole__stability_performance_curve_pce__w_o__Series_1.csv,points/F01562.csv,36,more_observations
F01563,10.1021/acsami.8b03543,data_all/x_time_h/10.1021_acsami.8b03543/Fig4_E_stability_performance_curve_pce/accepted/10.1021_acsami.8b03543__Fig4__E__stability_performance_curve_pce__PEDOT_PSS__Series_2.csv,points/F01563.csv,45,more_observations
F01564,10.1021/acsami.8b04003,data_all/x_time_h/10.1021_acsami.8b04003/Fig7_B_stability_performance_curve_retention/accepted/10.1021_acsami.8b04003__Fig7__B__stability_performance_curve_retention__YN1__Series_2.csv,points/F01564.csv,16,more_observations
F01565,10.1021/acsami.8b06619,data_all/x_time_h/10.1021_acsami.8b06619/Fig4_F_stability_performance_curve_ff/accepted/10.1021_acsami.8b06619__Fig4__F__stability_performance_curve_ff__0.0%__Series_1.csv,points/F01565.csv,11,more_observations
F01566,10.1021/acsami.8b07346,data_all/x_time_h/10.1021_acsami.8b07346/Fig5_A_schematic_diagram_stability_performance_curve_pce/accepted/10.1021_acsami.8b07346__Fig5__A__schematic_diagram_stability_performance_curve_pce__control_devices__Series_3.csv,points/F01566.csv,11,more_observations
F01567,10.1021/acsami.8b07346,data_all/x_time_h/10.1021_acsami.8b07346/Fig5_A_schematic_diagram_stability_performance_curve_pce/accepted/10.1021_acsami.8b07346__Fig5__A__schematic_diagram_stability_performance_curve_pce__with_TiO₂_and_Al₂O₃__Series_1.csv,points/F01567.csv,11,more_observations
F01568,10.1021/acsami.8b07346,data_all/x_time_h/10.1021_acsami.8b07346/Fig5_A_schematic_diagram_stability_performance_curve_pce/accepted/10.1021_acsami.8b07346__Fig5__A__schematic_diagram_stability_performance_curve_pce__with_TiO₂_interface_layer__Series_4.csv,points/F01568.csv,11,more_observations
F01569,10.1021/acsami.8b08888,data_all/x_time_h/10.1021_acsami.8b08888/Fig3_B_stability_performance_curve_pce/accepted/10.1021_acsami.8b08888__Fig3__B__stability_performance_curve_pce__Li-TFSI_doped_Spiro-OMeTAD__Series_2.csv,points/F01569.csv,8,more_observations
F01570,10.1021/acsami.8b10332,data_all/x_time_h/10.1021_acsami.8b10332/Fig5_B_stability_performance_curve_ff/accepted/10.1021_acsami.8b10332__Fig5__B__stability_performance_curve_ff__SnO₂__Series_1.csv,points/F01570.csv,37,more_observations
F01571,10.1021/acsami.8b12675,data_all/x_time_h/10.1021_acsami.8b12675/Fig6_whole_stability/accepted/10.1021_acsami.8b12675__Fig6__whole__stability__pcBM__Series_1.csv,points/F01571.csv,73,more_observations
F01572,10.1021/acsami.8b12678,data_all/x_time_h/10.1021_acsami.8b12678/Fig7_D_stability_performance_curve_pce/accepted/10.1021_acsami.8b12678__Fig7__D__stability_performance_curve_pce__POZ9__Series_1.csv,points/F01572.csv,23,more_observations
F01573,10.1021/acsami.8b12678,data_all/x_time_h/10.1021_acsami.8b12678/Fig7_D_stability_performance_curve_pce/accepted/10.1021_acsami.8b12678__Fig7__D__stability_performance_curve_pce__Spiro-OMeTAD__Series_3.csv,points/F01573.csv,23,more_observations
F01574,10.1021/acsami.8b15665,data_all/x_time_h/10.1021_acsami.8b15665/Fig6_whole_stability_performance_curve_pce/accepted/10.1021_acsami.8b15665__Fig6__whole__stability_performance_curve_pce__SnO₂_device__Series_2.csv,points/F01574.csv,52,more_observations
F01575,10.1021/acsami.8b17300,data_all/x_time_h/10.1021_acsami.8b17300/Fig6_F_stability/accepted/10.1021_acsami.8b17300__Fig6__F__stability__o-Sample-A__Series_1.csv,points/F01575.csv,20,more_observations
F01576,10.1021/acsami.8b19036,data_all/x_time_h/10.1021_acsami.8b19036/Fig6_B_stability_performance_curve_pce/accepted/10.1021_acsami.8b19036__Fig6__B__stability_performance_curve_pce__PCBM__Series_3.csv,points/F01576.csv,41,more_observations
F01577,10.1021/acsami.8b19036,data_all/x_time_h/10.1021_acsami.8b19036/Fig6_B_stability_performance_curve_pce/accepted/10.1021_acsami.8b19036__Fig6__B__stability_performance_curve_pce__PN__Series_4.csv,points/F01577.csv,41,more_observations
F01579,10.1021/acsami.9b00923,data_all/x_time_h/10.1021_acsami.9b00923/Fig9_A_stability_performance_curve_pce/accepted/10.1021_acsami.9b00923__Fig9__A__stability_performance_curve_pce__Au__Series_1.csv,points/F01579.csv,8,more_observations
F01582,10.1021/acsami.9b06513,"data_all/x_time_h/10.1021_acsami.9b06513/Fig4_E_jv_curve_stability_performance/accepted/10.1021_acsami.9b06513__Fig4__E__jv_curve_stability_performance__w_o_doping_encapsulated,_under_1_sun_at_MPP__Series_1.csv",points/F01582.csv,15,more_observations
F01583,10.1021/acsami.9b06933,data_all/x_time_h/10.1021_acsami.9b06933/Fig4_F_stability_performance_curve_pce/accepted/10.1021_acsami.9b06933__Fig4__F__stability_performance_curve_pce__o-spiro-OMeTAD__Series_2.csv,points/F01583.csv,8,more_observations
F01584,10.1021/acsami.9b11229,data_all/x_time_h/10.1021_acsami.9b11229/Fig5_B_stability_performance_curve/accepted/10.1021_acsami.9b11229__Fig5__B__stability_performance_curve__TiO₂__Series_2.csv,points/F01584.csv,55,more_observations
F01585,10.1021/acsami.9b11229,data_all/x_time_h/10.1021_acsami.9b11229/Fig5_C_stability_performance_curve/accepted/10.1021_acsami.9b11229__Fig5__C__stability_performance_curve__TiO₂__Series_2.csv,points/F01585.csv,56,more_observations
F01586,10.1021/acsami.9b11229,data_all/x_time_h/10.1021_acsami.9b11229/Fig5_D_stability_performance_curve/accepted/10.1021_acsami.9b11229__Fig5__D__stability_performance_curve__TiO₂__Series_1.csv,points/F01586.csv,56,more_observations
F01587,10.1021/acsami.9b12346,data_all/x_time_h/10.1021_acsami.9b12346/Fig4_D_stability_performance_curve/accepted/10.1021_acsami.9b12346__Fig4__D__stability_performance_curve__PHJ_PSCs_by_CH₃NH₃PbI₂.₅₅Br₀.₄₅__Series_2.csv,points/F01587.csv,25,more_observations
F01588,10.1021/acsami.9b14740,data_all/x_time_h/10.1021_acsami.9b14740/Fig4_A_stability_performance_curve_pce/accepted/10.1021_acsami.9b14740__Fig4__A__stability_performance_curve_pce__Spiro-OMeTAD__Series_1.csv,points/F01588.csv,19,more_observations
F01589,10.1021/acsami.9b14740,data_all/x_time_h/10.1021_acsami.9b14740/Fig4_C_stability_performance_curve_pce/accepted/10.1021_acsami.9b14740__Fig4__C__stability_performance_curve_pce__Spiro-OMeTAD__Series_1.csv,points/F01589.csv,84,more_observations
F01590,10.1021/acsami.9b14957,data_all/x_time_h/10.1021_acsami.9b14957/Fig5_A_stability_performance_curve_pce/accepted/10.1021_acsami.9b14957__Fig5__A__stability_performance_curve_pce__spiro-OMeTAD__Series_1.csv,points/F01590.csv,49,more_observations
F01591,10.1021/acsami.9b15320,data_all/x_time_h/10.1021_acsami.9b15320/Fig5_A_xrd_pattern_stability_performance_curve_pce_structure/accepted/10.1021_acsami.9b15320__Fig5__A__xrd_pattern_stability_performance_curve_pce_structure__Ag__Series_1.csv,points/F01591.csv,16,more_observations
F01592,10.1021/acsami.9b15320,data_all/x_time_h/10.1021_acsami.9b15320/Fig6_B_stability_performance_curve_ff/accepted/10.1021_acsami.9b15320__Fig6__B__stability_performance_curve_ff__Ag__Series_1.csv,points/F01592.csv,15,more_observations
F01593,10.1021/acsami.9b15320,data_all/x_time_h/10.1021_acsami.9b15320/Fig8_whole_stability/accepted/10.1021_acsami.9b15320__Fig8__whole__stability__Ag__Series_1.csv,points/F01593.csv,31,more_observations
F01595,10.1021/acsami.9b16194,data_all/x_time_h/10.1021_acsami.9b16194/Fig5_B_jv_curve_stability_performance/accepted/10.1021_acsami.9b16194__Fig5__B__jv_curve_stability_performance__CsFAMA_CuSCN__Series_2.csv,points/F01595.csv,15,more_observations
F01596,10.1021/acsami.9b17580,data_all/x_time_h/10.1021_acsami.9b17580/Fig5_D_stability_performance_curve_pce/accepted/10.1021_acsami.9b17580__Fig5__D__stability_performance_curve_pce__BZnTPP_MAPbI₃__Series_2.csv,points/F01596.csv,10,more_observations
F01597,10.1021/acsami.9b17580,data_all/x_time_h/10.1021_acsami.9b17580/Fig5_D_stability_performance_curve_pce/accepted/10.1021_acsami.9b17580__Fig5__D__stability_performance_curve_pce__MAPbI₃__Series_1.csv,points/F01597.csv,9,more_observations
F01598,10.1021/acsami.9b17930,data_all/x_time_h/10.1021_acsami.9b17930/Fig8_C_pce/accepted/10.1021_acsami.9b17930__Fig8__C__pce__3D__Series_1.csv,points/F01598.csv,16,more_observations
F01599,10.1021/acsami.9b18082,data_all/x_time_h/10.1021_acsami.9b18082/Fig3_E_stability_performance_curve/accepted/10.1021_acsami.9b18082__Fig3__E__stability_performance_curve__mp-TiO2__Series_1.csv,points/F01599.csv,13,more_observations
F01600,10.1021/acsami.9b19691,data_all/x_time_h/10.1021_acsami.9b19691/Fig7_C_stability_performance_curve_pce/accepted/10.1021_acsami.9b19691__Fig7__C__stability_performance_curve_pce__MAPbI₃__Series_2.csv,points/F01600.csv,18,more_observations
F01601,10.1021/acsami.9b21348,data_all/x_time_h/10.1021_acsami.9b21348/Fig5_A_stability_performance_curve_pce/accepted/10.1021_acsami.9b21348__Fig5__A__stability_performance_curve_pce__Perovskite__Series_3.csv,points/F01601.csv,11,more_observations
F01602,10.1021/acsami.9b22627,data_all/x_time_h/10.1021_acsami.9b22627/Fig9_C_mppt_stability_performance_curve/accepted/10.1021_acsami.9b22627__Fig9__C__mppt_stability_performance_curve__MAPbI_C1__Series_1.csv,points/F01602.csv,59,more_observations
F01603,10.1021/acsami.9b22719,data_all/x_time_h/10.1021_acsami.9b22719/Fig6_F_stability_performance_curve_pce/accepted/10.1021_acsami.9b22719__Fig6__F__stability_performance_curve_pce__Control__Series_1.csv,points/F01603.csv,10,more_observations
F01604,10.1021/acsami.9b22719,data_all/x_time_h/10.1021_acsami.9b22719/Fig6_F_stability_performance_curve_pce/accepted/10.1021_acsami.9b22719__Fig6__F__stability_performance_curve_pce__MACI-20__Series_2.csv,points/F01604.csv,10,more_observations
F01605,10.1021/acsami.9b23255,data_all/x_time_h/10.1021_acsami.9b23255/Fig4_E_stability_performance_curve_pce/accepted/10.1021_acsami.9b23255__Fig4__E__stability_performance_curve_pce__Reference__Series_2.csv,points/F01605.csv,31,more_observations
F01606,10.1021/acsami.9b23532,data_all/x_time_h/10.1021_acsami.9b23532/Fig5_C_stability_performance_curve_pce/accepted/10.1021_acsami.9b23532__Fig5__C__stability_performance_curve_pce__W_O_N749__Series_1.csv,points/F01606.csv,13,more_observations
F01607,10.1021/acsenergylett.0c00526,data_all/x_time_h/10.1021_acsenergylett.0c00526/Fig2_F_sem_image_stability_performance_curve_pce/accepted/10.1021_acsenergylett.0c00526__Fig2__F__sem_image_stability_performance_curve_pce__w_o_GA__Series_1.csv,points/F01607.csv,12,more_observations
F01609,10.1021/acsenergylett.0c00596,data_all/x_time_h/10.1021_acsenergylett.0c00596/Fig4_B_stability_performance_curve_retention/accepted/10.1021_acsenergylett.0c00596__Fig4__B__stability_performance_curve_retention__Control_L-PSC__Series_2.csv,points/F01609.csv,41,more_observations
F01610,10.1021/acsenergylett.0c00596,data_all/x_time_h/10.1021_acsenergylett.0c00596/Fig4_C_mppt_stability_performance_curve_pce/accepted/10.1021_acsenergylett.0c00596__Fig4__C__mppt_stability_performance_curve_pce__Control_L-PSC__Series_1.csv,points/F01610.csv,33,more_observations
F01611,10.1021/acsenergylett.0c01023,data_all/x_time_h/10.1021_acsenergylett.0c01023/Fig3_D_stability_performance_curve_pce/accepted/10.1021_acsenergylett.0c01023__Fig3__D__stability_performance_curve_pce__3EtCz_MoOx_IZO__Series_2.csv,points/F01611.csv,42,more_observations
F01612,10.1021/acsenergylett.0c01023,data_all/x_time_h/10.1021_acsenergylett.0c01023/Fig3_D_stability_performance_curve_pce/accepted/10.1021_acsenergylett.0c01023__Fig3__D__stability_performance_curve_pce__3EtCz_VOx_IZO__Series_1.csv,points/F01612.csv,46,more_observations
F01613,10.1021/acsenergylett.0c01648,data_all/x_time_h/10.1021_acsenergylett.0c01648/Fig3_B_structure/accepted/10.1021_acsenergylett.0c01648__Fig3__B__structure__Ag-doped__Series_1.csv,points/F01613.csv,37,more_observations
F01614,10.1021/acsenergylett.0c01648,data_all/x_time_h/10.1021_acsenergylett.0c01648/Fig3_B_structure/accepted/10.1021_acsenergylett.0c01648__Fig3__B__structure__undoped__Series_2.csv,points/F01614.csv,38,more_observations
F01615,10.1021/acsenergylett.0c01728,data_all/x_time_h/10.1021_acsenergylett.0c01728/Fig5_B_stability_performance_curve_image/accepted/10.1021_acsenergylett.0c01728__Fig5__B__stability_performance_curve_image__O-Ref__Series_2.csv,points/F01615.csv,21,more_observations
F01616,10.1021/acsenergylett.0c01728,data_all/x_time_h/10.1021_acsenergylett.0c01728/Fig5_C_stability_performance_curve/accepted/10.1021_acsenergylett.0c01728__Fig5__C__stability_performance_curve__O-Ref__Series_2.csv,points/F01616.csv,24,more_observations
F01617,10.1021/acsenergylett.0c01848,data_all/x_time_h/10.1021_acsenergylett.0c01848/Fig4_A_stability_performance_curve_pce/accepted/10.1021_acsenergylett.0c01848__Fig4__A__stability_performance_curve_pce__Control__Series_2.csv,points/F01617.csv,24,more_observations
F01618,10.1021/acsenergylett.0c02210,data_all/x_time_h/10.1021_acsenergylett.0c02210/Fig4_B_stability_performance_curve_pce/accepted/10.1021_acsenergylett.0c02210__Fig4__B__stability_performance_curve_pce__spiro-OMeTAD__Series_2.csv,points/F01618.csv,22,more_observations
F01619,10.1021/acsenergylett.1c00443,data_all/x_time_h/10.1021_acsenergylett.1c00443/Fig3_I_stability_performance_curve/accepted/10.1021_acsenergylett.1c00443__Fig3__I__stability_performance_curve__SnO₂__Series_1.csv,points/F01619.csv,49,more_observations
F01620,10.1021/acsenergylett.1c00452,data_all/x_time_h/10.1021_acsenergylett.1c00452/Fig4_A_stability_performance_curve_pce/accepted/10.1021_acsenergylett.1c00452__Fig4__A__stability_performance_curve_pce__ANCI__Series_2.csv,points/F01620.csv,22,more_observations
F01621,10.1021/acsenergylett.1c00452,data_all/x_time_h/10.1021_acsenergylett.1c00452/Fig4_A_stability_performance_curve_pce/accepted/10.1021_acsenergylett.1c00452__Fig4__A__stability_performance_curve_pce__Control__Series_1.csv,points/F01621.csv,22,more_observations
F01622,10.1021/acsenergylett.1c00685,data_all/x_time_h/10.1021_acsenergylett.1c00685/Fig5_B_stability_performance_curve_pce/accepted/10.1021_acsenergylett.1c00685__Fig5__B__stability_performance_curve_pce__Li-FSI__Series_3.csv,points/F01622.csv,35,more_observations
F01623,10.1021/acsenergylett.1c00685,data_all/x_time_h/10.1021_acsenergylett.1c00685/Fig5_B_stability_performance_curve_pce/accepted/10.1021_acsenergylett.1c00685__Fig5__B__stability_performance_curve_pce__Li-TFSI__Series_1.csv,points/F01623.csv,34,more_observations
F01624,10.1021/acsenergylett.1c00685,data_all/x_time_h/10.1021_acsenergylett.1c00685/Fig5_C_stability/accepted/10.1021_acsenergylett.1c00685__Fig5__C__stability__Li-TFSI__Series_2.csv,points/F01624.csv,34,more_observations
F01625,10.1021/acsenergylett.1c00685,data_all/x_time_h/10.1021_acsenergylett.1c00685/Fig5_C_stability/accepted/10.1021_acsenergylett.1c00685__Fig5__C__stability__o—Li-FSI__Series_1.csv,points/F01625.csv,35,more_observations
F01626,10.1021/acsenergylett.1c00685,data_all/x_time_h/10.1021_acsenergylett.1c00685/Fig5_C_stability/accepted/10.1021_acsenergylett.1c00685__Fig5__C__stability__o—Li-PFSI__Series_3.csv,points/F01626.csv,34,more_observations
F01627,10.1021/acsenergylett.1c00685,data_all/x_time_h/10.1021_acsenergylett.1c00685/Fig5_D_stability_performance_curve/accepted/10.1021_acsenergylett.1c00685__Fig5__D__stability_performance_curve__Li-FSI__Series_1.csv,points/F01627.csv,21,more_observations
F01629,10.1021/acsenergylett.1c00794,data_all/x_time_h/10.1021_acsenergylett.1c00794/Fig5_E_stability_performance_curve_pce/accepted/10.1021_acsenergylett.1c00794__Fig5__E__stability_performance_curve_pce__Control__Series_1.csv,points/F01629.csv,13,more_observations
F01630,10.1021/acsenergylett.1c00794,data_all/x_time_h/10.1021_acsenergylett.1c00794/Fig5_F_stability_performance_curve_pce/accepted/10.1021_acsenergylett.1c00794__Fig5__F__stability_performance_curve_pce__Control__Series_1.csv,points/F01630.csv,22,more_observations
F01631,10.1021/acsenergylett.1c01126,data_all/x_time_h/10.1021_acsenergylett.1c01126/Fig5_A_stability_performance_curve_pce_pattern/accepted/10.1021_acsenergylett.1c01126__Fig5__A__stability_performance_curve_pce_pattern__PVK_CZ-As__Series_3.csv,points/F01631.csv,9,more_observations
F01632,10.1021/acsenergylett.1c01126,data_all/x_time_h/10.1021_acsenergylett.1c01126/Fig5_A_stability_performance_curve_pce_pattern/accepted/10.1021_acsenergylett.1c01126__Fig5__A__stability_performance_curve_pce_pattern__PVK_Spiro-OMeTAD__Series_2.csv,points/F01632.csv,9,more_observations
F01633,10.1021/acsenergylett.1c01446,data_all/x_time_h/10.1021_acsenergylett.1c01446/Fig5_whole_stability_performance_curve_pce/accepted/10.1021_acsenergylett.1c01446__Fig5__whole__stability_performance_curve_pce__Control__Series_1.csv,points/F01633.csv,148,more_observations
F01634,10.1021/acsenergylett.1c01817,data_all/x_time_h/10.1021_acsenergylett.1c01817/Fig5_D_stability_performance_curve/accepted/10.1021_acsenergylett.1c01817__Fig5__D__stability_performance_curve__Ref__Series_2.csv,points/F01634.csv,15,more_observations
F01635,10.1021/acsenergylett.4c00306,data_all/x_time_h/10.1021_acsenergylett.4c00306/Fig6_B_stability_performance_curve_retention/accepted/10.1021_acsenergylett.4c00306__Fig6__B__stability_performance_curve_retention__ITO_PANDI(Spiro)__Series_3.csv,points/F01635.csv,15,more_observations
F01636,10.1021/acsenergylett.4c00306,data_all/x_time_h/10.1021_acsenergylett.4c00306/Fig6_B_stability_performance_curve_retention/accepted/10.1021_acsenergylett.4c00306__Fig6__B__stability_performance_curve_retention__ITO_SnO2(Spiro)__Series_1.csv,points/F01636.csv,15,more_observations
F01637,10.1021/acsenergylett.7b00375,data_all/x_time_h/10.1021_acsenergylett.7b00375/Fig4_C_stability_performance_curve_eqe/accepted/10.1021_acsenergylett.7b00375__Fig4__C__stability_performance_curve_eqe__uncoated__Series_1.csv,points/F01637.csv,61,more_observations
F01638,10.1021/acsenergylett.7b00508,data_all/x_time_h/10.1021_acsenergylett.7b00508/Fig4_F_stability_performance_curve_pce/accepted/10.1021_acsenergylett.7b00508__Fig4__F__stability_performance_curve_pce__α-CsPbI3__Series_1.csv,points/F01638.csv,70,more_observations
F01639,10.1021/acsenergylett.7b00976,data_all/x_time_h/10.1021_acsenergylett.7b00976/Fig5_A_stability_performance_curve_ff_pce/accepted/10.1021_acsenergylett.7b00976__Fig5__A__stability_performance_curve_ff_pce__Pb-based_perovskite__Series_1.csv,points/F01639.csv,27,more_observations
F01640,10.1021/acsenergylett.8b00217,data_all/x_time_h/10.1021_acsenergylett.8b00217/Fig5_A_stability_performance_curve_pce_spectrum/accepted/10.1021_acsenergylett.8b00217__Fig5__A__stability_performance_curve_pce_spectrum__Bis-PCBM__Series_2.csv,points/F01640.csv,31,more_observations
F01641,10.1021/acsenergylett.9b00930,data_all/x_time_h/10.1021_acsenergylett.9b00930/Fig6_B_stability_performance_curve/accepted/10.1021_acsenergylett.9b00930__Fig6__B__stability_performance_curve__3D__Series_1.csv,points/F01641.csv,23,more_observations
F01642,10.1021/acsenergylett.9b00930,data_all/x_time_h/10.1021_acsenergylett.9b00930/Fig6_C_stability_performance_curve/accepted/10.1021_acsenergylett.9b00930__Fig6__C__stability_performance_curve__3D__Series_1.csv,points/F01642.csv,23,more_observations
F01643,10.1021/acsenergylett.9b01042,data_all/x_time_h/10.1021_acsenergylett.9b01042/Fig4_F_stability_performance_curve_pce/accepted/10.1021_acsenergylett.9b01042__Fig4__F__stability_performance_curve_pce__LiTFSI__Series_2.csv,points/F01643.csv,13,more_observations
F01644,10.1021/acsenergylett.9b01356,data_all/x_time_h/10.1021_acsenergylett.9b01356/Fig6_A_stability_performance_curve_pce/accepted/10.1021_acsenergylett.9b01356__Fig6__A__stability_performance_curve_pce__Control__Series_1.csv,points/F01644.csv,38,more_observations
F01645,10.1021/acsenergylett.9b01356,data_all/x_time_h/10.1021_acsenergylett.9b01356/Fig6_B_stability_performance_curve_pce/accepted/10.1021_acsenergylett.9b01356__Fig6__B__stability_performance_curve_pce__。—Control__Series_2.csv,points/F01645.csv,38,more_observations
F01647,10.1021/acsenergylett.9b02716,data_all/x_time_h/10.1021_acsenergylett.9b02716/Fig5_B_stability_performance_curve/accepted/10.1021_acsenergylett.9b02716__Fig5__B__stability_performance_curve__BTSTH__Series_2.csv,points/F01647.csv,9,more_observations
F01648,10.1021/acsenergylett.9b02716,data_all/x_time_h/10.1021_acsenergylett.9b02716/Fig5_B_stability_performance_curve/accepted/10.1021_acsenergylett.9b02716__Fig5__B__stability_performance_curve__BT__Series_3.csv,points/F01648.csv,8,more_observations
F01649,10.1021/acsenergylett.9b02716,data_all/x_time_h/10.1021_acsenergylett.9b02716/Fig5_B_stability_performance_curve/accepted/10.1021_acsenergylett.9b02716__Fig5__B__stability_performance_curve__Ref__Series_1.csv,points/F01649.csv,9,more_observations
F01650,10.1021/acsmaterialslett.0c00134,data_all/x_time_h/10.1021_acsmaterialslett.0c00134/Fig7_whole_mppt/accepted/10.1021_acsmaterialslett.0c00134__Fig7__whole__mppt__spiro-OMeTAD__Series_1.csv,points/F01650.csv,28,more_observations
F01651,10.1021/acsnano.6b01904,data_all/x_time_h/10.1021_acsnano.6b01904/Fig8_B_stability_performance_curve_pce_image/accepted/10.1021_acsnano.6b01904__Fig8__B__stability_performance_curve_pce_image__PEDOT_PSS__Series_1.csv,points/F01651.csv,77,more_observations
F01652,10.1021/acsnano.8b01351,data_all/x_time_h/10.1021_acsnano.8b01351/Fig6_B_stability_performance_curve_pce/accepted/10.1021_acsnano.8b01351__Fig6__B__stability_performance_curve_pce__TiO₂__Series_1.csv,points/F01652.csv,23,more_observations
F01653,10.1021/acsnano.8b01351,data_all/x_time_h/10.1021_acsnano.8b01351/Fig6_B_stability_performance_curve_pce/accepted/10.1021_acsnano.8b01351__Fig6__B__stability_performance_curve_pce__ZnSe__Series_2.csv,points/F01653.csv,22,more_observations
F01654,10.1021/acsnano.9b03098,data_all/x_time_h/10.1021_acsnano.9b03098/Fig8_A_stability_performance_curve_pce/accepted/10.1021_acsnano.9b03098__Fig8__A__stability_performance_curve_pce__Control_PSC__Series_1.csv,points/F01654.csv,22,more_observations
F01655,10.1021/acsnano.9b03098,data_all/x_time_h/10.1021_acsnano.9b03098/Fig8_A_stability_performance_curve_pce/accepted/10.1021_acsnano.9b03098__Fig8__A__stability_performance_curve_pce__G-NBRF_(SiO2&AI2O3)__Series_2.csv,points/F01655.csv,22,more_observations
F01656,10.1021/acsomega.0c04593,data_all/x_time_h/10.1021_acsomega.0c04593/Fig10_D_stability_performance_curve_pce/accepted/10.1021_acsomega.0c04593__Fig10__D__stability_performance_curve_pce__MAPbI₃₋ᵧClᵧ__Series_3.csv,points/F01656.csv,11,more_observations
F01657,10.1021/acsomega.1c01074,data_all/x_time_h/10.1021_acsomega.1c01074/Fig4_F_stability_performance_curve_pce_eqe/accepted/10.1021_acsomega.1c01074__Fig4__F__stability_performance_curve_pce_eqe__control__Series_2.csv,points/F01657.csv,21,more_observations
F01658,10.1021/acssuschemeng.0c01794,data_all/x_time_h/10.1021_acssuschemeng.0c01794/Fig7_F_stability_performance_curve_pce/accepted/10.1021_acssuschemeng.0c01794__Fig7__F__stability_performance_curve_pce__sample-A__Series_1.csv,points/F01658.csv,10,more_observations
F01659,10.1021/acssuschemeng.0c01794,data_all/x_time_h/10.1021_acssuschemeng.0c01794/Fig7_F_stability_performance_curve_pce_2/accepted/10.1021_acssuschemeng.0c01794__Fig7__F__stability_performance_curve_pce_2__sample-A__Series_1.csv,points/F01659.csv,8,more_observations
F02204,10.1021/acssuschemeng.0c09015,final_data/x_time_h/10.1021_acssuschemeng.0c09015/Fig5_A_stability_performance_curve_pce/accepted/10.1021_acssuschemeng.0c09015_Fig5_A_stability_performance_curve_pce_0-19kDa_95%__Series_1.csv,points/F02204.csv,32,more_observations
F01661,10.1021/acssuschemeng.0c09015,data_all/x_time_h/10.1021_acssuschemeng.0c09015/Fig5_A_stability_performance_curve_pce/accepted/10.1021_acssuschemeng.0c09015__Fig5__A__stability_performance_curve_pce__338kDa_76%__Series_2.csv,points/F01661.csv,10,more_observations
F01662,10.1021/acssuschemeng.7b01556,data_all/x_time_h/10.1021_acssuschemeng.7b01556/Fig8_A_stability_performance_curve_pce/accepted/10.1021_acssuschemeng.7b01556__Fig8__A__stability_performance_curve_pce__W_O_GPM__Series_1.csv,points/F01662.csv,9,more_observations
F01663,10.1021/acssuschemeng.8b04281,data_all/x_time_h/10.1021_acssuschemeng.8b04281/Fig6_B_jsc/accepted/10.1021_acssuschemeng.8b04281__Fig6__B__jsc__structure_2__Series_2.csv,points/F01663.csv,35,more_observations
F01664,10.1021/acssuschemeng.8b04603,data_all/x_time_h/10.1021_acssuschemeng.8b04603/Fig7_E_schematic_diagram_stability_performance_curve_pce/accepted/10.1021_acssuschemeng.8b04603__Fig7__E__schematic_diagram_stability_performance_curve_pce__→—PEDOT_PSS__Series_1.csv,points/F01664.csv,28,more_observations
F01665,10.1021/acssuschemeng.9b05631,data_all/x_time_h/10.1021_acssuschemeng.9b05631/Fig5_D_stability_performance_curve_pce/accepted/10.1021_acssuschemeng.9b05631__Fig5__D__stability_performance_curve_pce__Pristine__Series_2.csv,points/F01665.csv,28,more_observations
F01666,10.1021/jacs.0c03363,data_all/x_time_h/10.1021_jacs.0c03363/Fig7_C_stability_performance_curve_pce/accepted/10.1021_jacs.0c03363__Fig7__C__stability_performance_curve_pce__3D__Series_1.csv,points/F01666.csv,44,more_observations
F01667,10.1021/jacs.0c09560,data_all/x_time_h/10.1021_jacs.0c09560/Fig5_A_stability_performance_curve_pce/accepted/10.1021_jacs.0c09560__Fig5__A__stability_performance_curve_pce__Ref__Series_1.csv,points/F01667.csv,22,more_observations
F01668,10.1021/jacs.0c12739,data_all/x_time_h/10.1021_jacs.0c12739/Fig6_D_stability_performance_curve_pce/accepted/10.1021_jacs.0c12739__Fig6__D__stability_performance_curve_pce__TiO₂__Series_1.csv,points/F01668.csv,23,more_observations
F01672,10.1021/jacs.0c13069,data_all/x_time_h/10.1021_jacs.0c13069/Fig4_C_stability_performance_curve_pce/accepted/10.1021_jacs.0c13069__Fig4__C__stability_performance_curve_pce__CsSnI₃-MBAA__Series_1.csv,points/F01672.csv,42,more_observations
F01673,10.1021/jacs.0c13069,data_all/x_time_h/10.1021_jacs.0c13069/Fig4_C_stability_performance_curve_pce/accepted/10.1021_jacs.0c13069__Fig4__C__stability_performance_curve_pce__CsSnI₃__Series_2.csv,points/F01673.csv,14,more_observations
F01674,10.1021/jacs.1c02118,data_all/x_time_h/10.1021_jacs.1c02118/Fig5_C_spectrum/accepted/10.1021_jacs.1c02118__Fig5__C__spectrum__Ag-b1__Series_4.csv,points/F01674.csv,37,more_observations
F01675,10.1021/jacs.1c02118,data_all/x_time_h/10.1021_jacs.1c02118/Fig5_C_spectrum/accepted/10.1021_jacs.1c02118__Fig5__C__spectrum__Ag__Series_2.csv,points/F01675.csv,37,more_observations
F01678,10.1021/jacs.1c12732,data_all/x_time_h/10.1021_jacs.1c12732/Fig6_A_stability_performance_curve/accepted/10.1021_jacs.1c12732__Fig6__A__stability_performance_curve__FP-C8_C60__Series_2.csv,points/F01678.csv,10,more_observations
F01679,10.1021/jacs.1c12732,data_all/x_time_h/10.1021_jacs.1c12732/Fig6_A_stability_performance_curve/accepted/10.1021_jacs.1c12732__Fig6__A__stability_performance_curve__PCBM_C60__Series_1.csv,points/F01679.csv,10,more_observations
F01680,10.1021/jacs.1c12732,data_all/x_time_h/10.1021_jacs.1c12732/Fig6_C_stability_performance_curve_pce/accepted/10.1021_jacs.1c12732__Fig6__C__stability_performance_curve_pce__FP-C8_C60__Series_2.csv,points/F01680.csv,14,more_observations
F01681,10.1021/jacs.1c12732,data_all/x_time_h/10.1021_jacs.1c12732/Fig6_C_stability_performance_curve_pce/accepted/10.1021_jacs.1c12732__Fig6__C__stability_performance_curve_pce__PCBM_C60__Series_1.csv,points/F01681.csv,15,more_observations
F01685,10.1021/jacs.7b07949,data_all/x_time_h/10.1021_jacs.7b07949/Fig4_B_stability_performance_curve_ff_pce/accepted/10.1021_jacs.7b07949__Fig4__B__stability_performance_curve_ff_pce__MAPbI3__Series_2.csv,points/F01685.csv,22,more_observations
F01686,10.1021/jacs.7b13229,data_all/x_time_h/10.1021_jacs.7b13229/Fig3_D_stability_performance_curve_pce_jsc/accepted/10.1021_jacs.7b13229__Fig3__D__stability_performance_curve_pce_jsc__All_inorganic_PSCs__Series_1.csv,points/F01686.csv,15,more_observations
F01687,10.1021/jacs.7b13229,data_all/x_time_h/10.1021_jacs.7b13229/Fig3_D_stability_performance_curve_pce_jsc/accepted/10.1021_jacs.7b13229__Fig3__D__stability_performance_curve_pce_jsc__Organic-inorganic_PSCs__Series_2.csv,points/F01687.csv,15,more_observations
F01688,10.1021/jacs.9b13418,data_all/x_time_h/10.1021_jacs.9b13418/Fig3_F_stability_performance_curve_pce/accepted/10.1021_jacs.9b13418__Fig3__F__stability_performance_curve_pce__Control__Series_1.csv,points/F01688.csv,8,more_observations
F01689,10.1038/ncomms10228,data_all/x_time_h/10.1038_ncomms10228/Fig5_A_stability_performance_curve_pce/accepted/10.1038_ncomms10228__Fig5__A__stability_performance_curve_pce__0_mg_ml⁻¹__Series_3.csv,points/F01689.csv,8,more_observations
F01690,10.1038/ncomms11105,data_all/x_time_h/10.1038_ncomms11105/Fig3_D_eqe_curve_stability_performance_pce/accepted/10.1038_ncomms11105__Fig3__D__eqe_curve_stability_performance_pce__CH₃NH₃PbI₃__Series_2.csv,points/F01690.csv,18,more_observations
F01691,10.1038/ncomms11105,data_all/x_time_h/10.1038_ncomms11105/Fig3_D_eqe_curve_stability_performance_pce/accepted/10.1038_ncomms11105__Fig3__D__eqe_curve_stability_performance_pce__CH₃NH₃PbI₃₋ₓ(SCN)ₓ__Series_1.csv,points/F01691.csv,17,more_observations
F01692,10.1038/ncomms15330,data_all/x_time_h/10.1038_ncomms15330/Fig3_D_stability_performance_curve_pce/accepted/10.1038_ncomms15330__Fig3__D__stability_performance_curve_pce__CQDs_PCBM_150_nm__Series_1.csv,points/F01692.csv,19,more_observations
F01693,10.1038/ncomms15330,data_all/x_time_h/10.1038_ncomms15330/Fig3_D_stability_performance_curve_pce/accepted/10.1038_ncomms15330__Fig3__D__stability_performance_curve_pce__CQDs_PCBM_50_nm__Series_3.csv,points/F01693.csv,19,more_observations
F01694,10.1038/s41467-018-03169-0,data_all/x_time_h/10.1038_s41467-018-03169-0/Fig5_A_stability_performance_curve/accepted/10.1038_s41467-018-03169-0__Fig5__A__stability_performance_curve__MAPbl3__Series_2.csv,points/F01694.csv,37,more_observations
F01695,10.1038/s41467-018-03169-0,data_all/x_time_h/10.1038_s41467-018-03169-0/Fig5_C_stability_performance_curve/accepted/10.1038_s41467-018-03169-0__Fig5__C__stability_performance_curve__MAPbl3__Series_2.csv,points/F01695.csv,38,more_observations
F01696,10.1038/s41467-018-05454-4,data_all/x_time_h/10.1038_s41467-018-05454-4/Fig5_A_mppt_stability_performance_curve_pce/accepted/10.1038_s41467-018-05454-4__Fig5__A__mppt_stability_performance_curve_pce__Control__Series_1.csv,points/F01696.csv,8,more_observations
F01699,10.1038/s41467-018-05760-x,data_all/x_time_h/10.1038_s41467-018-05760-x/Fig6_B_jv_curve_stability_performance_pce/accepted/10.1038_s41467-018-05760-x__Fig6__B__jv_curve_stability_performance_pce__E-SnO2__Series_2.csv,points/F01699.csv,66,more_observations
F01700,10.1038/s41467-018-05760-x,data_all/x_time_h/10.1038_s41467-018-05760-x/Fig6_B_jv_curve_stability_performance_pce/accepted/10.1038_s41467-018-05760-x__Fig6__B__jv_curve_stability_performance_pce__SnO2__Series_1.csv,points/F01700.csv,67,more_observations
F01701,10.1038/s41467-018-06204-2,data_all/x_time_h/10.1038_s41467-018-06204-2/Fig5_A_mppt_stability_performance_curve/accepted/10.1038_s41467-018-06204-2__Fig5__A__mppt_stability_performance_curve__O-MAPbl3__Series_1.csv,points/F01701.csv,12,more_observations
F01702,10.1038/s41467-018-06317-8,data_all/x_time_h/10.1038_s41467-018-06317-8/Fig6_A_stability_performance_curve/accepted/10.1038_s41467-018-06317-8__Fig6__A__stability_performance_curve__MAPbl₃_anti-solvent__Series_1.csv,points/F01702.csv,30,more_observations
F01703,10.1038/s41467-018-06317-8,data_all/x_time_h/10.1038_s41467-018-06317-8/Fig6_A_stability_performance_curve/accepted/10.1038_s41467-018-06317-8__Fig6__A__stability_performance_curve__⚫MAPblg(CI)__Series_2.csv,points/F01703.csv,30,more_observations
F01704,10.1038/s41467-018-06709-w,data_all/x_time_h/10.1038_s41467-018-06709-w/Fig5_B_mppt_stability_performance_curve_pce/accepted/10.1038_s41467-018-06709-w__Fig5__B__mppt_stability_performance_curve_pce__Control__Series_3.csv,points/F01704.csv,55,more_observations
F01706,10.1038/s41467-019-09167-0,data_all/x_time_h/10.1038_s41467-019-09167-0/Fig6_B_stability_performance_curve_jsc/accepted/10.1038_s41467-019-09167-0__Fig6__B__stability_performance_curve_jsc__MA(w_o_Bi)__Series_1.csv,points/F01706.csv,46,more_observations
F01707,10.1038/s41467-019-12613-8,data_all/x_time_h/10.1038_s41467-019-12613-8/Fig5_A_modeling_structure_stability_performance_curve_pce/accepted/10.1038_s41467-019-12613-8__Fig5__A__modeling_structure_stability_performance_curve_pce__Control__Series_1.csv,points/F01707.csv,14,more_observations
F01708,10.1038/s41467-019-12613-8,data_all/x_time_h/10.1038_s41467-019-12613-8/Fig5_A_modeling_structure_stability_performance_curve_pce/accepted/10.1038_s41467-019-12613-8__Fig5__A__modeling_structure_stability_performance_curve_pce__PCBB-3N-3I__Series_2.csv,points/F01708.csv,15,more_observations
F01709,10.1038/s41467-019-12613-8,data_all/x_time_h/10.1038_s41467-019-12613-8/Fig5_A_modeling_structure_stability_performance_curve_pce/accepted/10.1038_s41467-019-12613-8__Fig5__A__modeling_structure_stability_performance_curve_pce__PCBB-3N__Series_3.csv,points/F01709.csv,14,more_observations
F01710,10.1038/s41467-020-18015-5,data_all/x_time_h/10.1038_s41467-020-18015-5/Fig4_A_pl_spectrum_stability_performance_curve_pce/accepted/10.1038_s41467-020-18015-5__Fig4__A__pl_spectrum_stability_performance_curve_pce__Pristine__Series_1.csv,points/F01710.csv,11,more_observations
F01711,10.1038/s41467-021-23566-2,data_all/x_time_h/10.1038_s41467-021-23566-2/Fig5_C_mppt_stability_performance_curve_pce/accepted/10.1038_s41467-021-23566-2__Fig5__C__mppt_stability_performance_curve_pce__Control__Series_1.csv,points/F01711.csv,36,more_observations
F01712,10.1038/s41467-021-26754-2,data_all/x_time_h/10.1038_s41467-021-26754-2/Fig5_E_mppt_stability_performance_curve_pattern/accepted/10.1038_s41467-021-26754-2__Fig5__E__mppt_stability_performance_curve_pattern__0—0-PDEAl2__Series_2.csv,points/F01712.csv,10,more_observations
F01713,10.1038/s41467-021-26754-2,data_all/x_time_h/10.1038_s41467-021-26754-2/Fig5_E_mppt_stability_performance_curve_pattern/accepted/10.1038_s41467-021-26754-2__Fig5__E__mppt_stability_performance_curve_pattern__Control__Series_1.csv,points/F01713.csv,10,more_observations
F01714,10.1038/s41467-022-34203-x,data_all/x_time_h/10.1038_s41467-022-34203-x/Fig3_C_mppt_stability_performance_curve_pce/accepted/10.1038_s41467-022-34203-x__Fig3__C__mppt_stability_performance_curve_pce__CB-NH₂__Series_2.csv,points/F01714.csv,28,more_observations
F01715,10.1038/s41467-022-34203-x,data_all/x_time_h/10.1038_s41467-022-34203-x/Fig3_C_mppt_stability_performance_curve_pce/accepted/10.1038_s41467-022-34203-x__Fig3__C__mppt_stability_performance_curve_pce__Control__Series_1.csv,points/F01715.csv,28,more_observations
F01716,10.1038/s41467-023-36918-x,data_all/x_time_h/10.1038_s41467-023-36918-x/Fig5_B_jv_curve_stability_performance_pce/accepted/10.1038_s41467-023-36918-x__Fig5__B__jv_curve_stability_performance_pce__Target_encap__Series_2.csv,points/F01716.csv,17,more_observations
F01717,10.1038/s41467-023-36918-x,data_all/x_time_h/10.1038_s41467-023-36918-x/Fig5_B_jv_curve_stability_performance_pce/accepted/10.1038_s41467-023-36918-x__Fig5__B__jv_curve_stability_performance_pce__UV_resin_encap__Series_1.csv,points/F01717.csv,17,more_observations
F01718,10.1038/s41467-023-36918-x,data_all/x_time_h/10.1038_s41467-023-36918-x/Fig5_F_jv_curve_stability_performance_pce/accepted/10.1038_s41467-023-36918-x__Fig5__F__jv_curve_stability_performance_pce__POE_encap__Series_1.csv,points/F01718.csv,17,more_observations
F01719,10.1038/s41467-023-36918-x,data_all/x_time_h/10.1038_s41467-023-36918-x/Fig5_F_jv_curve_stability_performance_pce/accepted/10.1038_s41467-023-36918-x__Fig5__F__jv_curve_stability_performance_pce__Target_encap__Series_2.csv,points/F01719.csv,17,more_observations
F01720,10.1038/s41467-023-43016-5,data_all/x_time_h/10.1038_s41467-023-43016-5/Fig4_F_mppt_stability_performance_curve_pce/accepted/10.1038_s41467-023-43016-5__Fig4__F__mppt_stability_performance_curve_pce__Control__Series_3.csv,points/F01720.csv,30,more_observations
F01721,10.1038/s41467-023-43016-5,data_all/x_time_h/10.1038_s41467-023-43016-5/Fig4_F_mppt_stability_performance_curve_pce/accepted/10.1038_s41467-023-43016-5__Fig4__F__mppt_stability_performance_curve_pce__VAQ-2D_Cs₀.₂FA₀.₈Pb(I₀.₆Br₀.₄)₃__Series_2.csv,points/F01721.csv,30,more_observations
F01722,10.1038/s41467-023-43016-5,data_all/x_time_h/10.1038_s41467-023-43016-5/Fig4_F_mppt_stability_performance_curve_pce/accepted/10.1038_s41467-023-43016-5__Fig4__F__mppt_stability_performance_curve_pce__VAQ-2D_DMA₀.₁Cs₀.₄FA₀.₅Pb(I₀.₇₂Br₀.₂₄Cl₀.₀₄)₃__Series_1.csv,points/F01722.csv,30,more_observations
F01723,10.1038/s41467-023-43016-5,data_all/x_time_h/10.1038_s41467-023-43016-5/Fig5_D_mppt_stability_performance_curve_pce/accepted/10.1038_s41467-023-43016-5__Fig5__D__mppt_stability_performance_curve_pce__WBG_FAMA_NBG__Series_2.csv,points/F01723.csv,17,more_observations
F01724,10.1038/s41467-023-43016-5,data_all/x_time_h/10.1038_s41467-023-43016-5/Fig5_E_mppt_stability_performance_curve_pce/accepted/10.1038_s41467-023-43016-5__Fig5__E__mppt_stability_performance_curve_pce__Series_1__Series_1.csv,points/F01724.csv,20,more_observations
F01725,10.1038/s41467-024-45228-9,data_all/x_time_h/10.1038_s41467-024-45228-9/Fig6_A_mppt_stability_performance_curve_image/accepted/10.1038_s41467-024-45228-9__Fig6__A__mppt_stability_performance_curve_image__Control__Series_1.csv,points/F01725.csv,14,more_observations
F01726,10.1038/s41467-024-45228-9,data_all/x_time_h/10.1038_s41467-024-45228-9/Fig6_A_mppt_stability_performance_curve_image/accepted/10.1038_s41467-024-45228-9__Fig6__A__mppt_stability_performance_curve_image__PEDAI__Series_2.csv,points/F01726.csv,12,more_observations
F01727,10.1038/s41467-024-49617-y,data_all/x_time_h/10.1038_s41467-024-49617-y/Fig6_D_xrd_pattern_stability_performance_curve_pce/accepted/10.1038_s41467-024-49617-y__Fig6__D__xrd_pattern_stability_performance_curve_pce__o1Control__Series_2.csv,points/F01727.csv,10,more_observations
F01728,10.1038/s41467-024-49617-y,data_all/x_time_h/10.1038_s41467-024-49617-y/Fig6_E_xrd_pattern_stability_performance_curve_pce/accepted/10.1038_s41467-024-49617-y__Fig6__E__xrd_pattern_stability_performance_curve_pce__Control__Series_1.csv,points/F01728.csv,34,more_observations
F01730,10.1038/s41467-024-51760-5,data_all/x_time_h/10.1038_s41467-024-51760-5/Fig4_E_jv_curve_stability_performance_eqe/accepted/10.1038_s41467-024-51760-5__Fig4__E__jv_curve_stability_performance_eqe__2PACz__Series_2.csv,points/F01730.csv,13,more_observations
F01731,10.1038/s41467-025-56409-5,data_all/x_time_h/10.1038_s41467-025-56409-5/Fig4_A_stability_performance_curve_pce_mapping/accepted/10.1038_s41467-025-56409-5__Fig4__A__stability_performance_curve_pce_mapping__2D-PEA-disordered__Series_3.csv,points/F01731.csv,28,more_observations
F01732,10.1038/s41467-025-56409-5,data_all/x_time_h/10.1038_s41467-025-56409-5/Fig4_A_stability_performance_curve_pce_mapping/accepted/10.1038_s41467-025-56409-5__Fig4__A__stability_performance_curve_pce_mapping__Control__Series_1.csv,points/F01732.csv,26,more_observations
F01733,10.1038/s41560-019-0382-6,data_all/x_time_h/10.1038_s41560-019-0382-6/Fig5_A_mppt_stability_performance_curve/accepted/10.1038_s41560-019-0382-6__Fig5__A__mppt_stability_performance_curve__CsFAMA-F__Series_2.csv,points/F01733.csv,12,more_observations
F01734,10.1038/s41560-019-0382-6,data_all/x_time_h/10.1038_s41560-019-0382-6/Fig5_A_mppt_stability_performance_curve/accepted/10.1038_s41560-019-0382-6__Fig5__A__mppt_stability_performance_curve__CsFAMA__Series_1.csv,points/F01734.csv,12,more_observations
F01735,10.1038/s41560-019-0382-6,data_all/x_time_h/10.1038_s41560-019-0382-6/Fig5_B_mppt_stability_performance_curve/accepted/10.1038_s41560-019-0382-6__Fig5__B__mppt_stability_performance_curve__CsFAMA-F__Series_1.csv,points/F01735.csv,12,more_observations
F01736,10.1038/s41560-019-0382-6,data_all/x_time_h/10.1038_s41560-019-0382-6/Fig5_B_mppt_stability_performance_curve/accepted/10.1038_s41560-019-0382-6__Fig5__B__mppt_stability_performance_curve__CsFAMA__Series_2.csv,points/F01736.csv,12,more_observations
F01739,10.1038/s41560-019-0382-6,data_all/x_time_h/10.1038_s41560-019-0382-6/Fig5_D_mppt_stability_performance_curve/accepted/10.1038_s41560-019-0382-6__Fig5__D__mppt_stability_performance_curve__CsFAMA-F__Series_2.csv,points/F01739.csv,12,more_observations
F01740,10.1038/s41560-019-0382-6,data_all/x_time_h/10.1038_s41560-019-0382-6/Fig5_D_mppt_stability_performance_curve/accepted/10.1038_s41560-019-0382-6__Fig5__D__mppt_stability_performance_curve__CsFAMA__Series_1.csv,points/F01740.csv,12,more_observations
F01741,10.1038/s41560-019-0538-4,data_all/x_time_h/10.1038_s41560-019-0538-4/Fig6_B_mppt_stability_performance_curve_pce/accepted/10.1038_s41560-019-0538-4__Fig6__B__mppt_stability_performance_curve_pce__Pristine__Series_2.csv,points/F01741.csv,11,more_observations
F01742,10.1038/s41560-019-0538-4,data_all/x_time_h/10.1038_s41560-019-0538-4/Fig6_C_mppt_stability_performance_curve_pce/accepted/10.1038_s41560-019-0538-4__Fig6__C__mppt_stability_performance_curve_pce__Pristine__Series_1.csv,points/F01742.csv,27,more_observations
F01743,10.1038/s41560-020-00692-7,data_all/x_time_h/10.1038_s41560-020-00692-7/Fig4_G_stability_performance_curve_jsc/accepted/10.1038_s41560-020-00692-7__Fig4__G__stability_performance_curve_jsc__2-T_tandem__Series_2.csv,points/F01743.csv,82,more_observations
F01744,10.1038/s41560-020-00692-7,data_all/x_time_h/10.1038_s41560-020-00692-7/Fig4_G_stability_performance_curve_jsc/accepted/10.1038_s41560-020-00692-7__Fig4__G__stability_performance_curve_jsc__FA$_{0.85}$MA$_{0.1}$Cs$_{0.05}$Sn$_{0.5}$Pb$_{0.5}$I$_3$__Series_1.csv,points/F01744.csv,84,more_observations
F01746,10.1038/s41560-020-00721-5,data_all/x_time_h/10.1038_s41560-020-00721-5/Fig4_G_stability_performance_curve_pce_spectrum/accepted/10.1038_s41560-020-00721-5__Fig4__G__stability_performance_curve_pce_spectrum__MQWs__Series_1.csv,points/F01746.csv,8,more_observations
F01751,10.1038/s41560-023-01249-0,data_all/x_time_h/10.1038_s41560-023-01249-0/Fig5_A_mppt_stability_performance_curve_pce/accepted/10.1038_s41560-023-01249-0__Fig5__A__mppt_stability_performance_curve_pce__Control__Series_1.csv,points/F01751.csv,30,more_observations
F01752,10.1038/s41560-023-01295-8,data_all/x_time_h/10.1038_s41560-023-01295-8/Fig3_E_mppt_stability_performance_curve_pce/accepted/10.1038_s41560-023-01295-8__Fig3__E__mppt_stability_performance_curve_pce__Control__Series_3.csv,points/F01752.csv,20,more_observations
F01753,10.1038/s41560-023-01295-8,data_all/x_time_h/10.1038_s41560-023-01295-8/Fig3_F_mppt_stability_performance_curve_pce/accepted/10.1038_s41560-023-01295-8__Fig3__F__mppt_stability_performance_curve_pce__Control__Series_2.csv,points/F01753.csv,24,more_observations
F01754,10.1038/s41560-023-01358-w,data_all/x_time_h/10.1038_s41560-023-01358-w/Fig4_E_stability_performance_curve_pce/accepted/10.1038_s41560-023-01358-w__Fig4__E__stability_performance_curve_pce__Control__Series_2.csv,points/F01754.csv,35,more_observations
F01756,10.1038/s41560-023-01358-w,data_all/x_time_h/10.1038_s41560-023-01358-w/Fig4_H_stability_performance_curve_pce/accepted/10.1038_s41560-023-01358-w__Fig4__H__stability_performance_curve_pce__o1Control__Series_1.csv,points/F01756.csv,59,more_observations
F01757,10.1038/s41560-023-01421-6,data_all/x_time_h/10.1038_s41560-023-01421-6/Fig4_D_mppt_stability_performance_curve_pce/accepted/10.1038_s41560-023-01421-6__Fig4__D__mppt_stability_performance_curve_pce__Control__Series_1.csv,points/F01757.csv,10,more_observations
F01759,10.1038/s41586-019-1036-3,data_all/x_time_h/10.1038_s41586-019-1036-3/Fig4_A_mppt_stability_performance_curve/accepted/10.1038_s41586-019-1036-3__Fig4__A__mppt_stability_performance_curve__Control__Series_2.csv,points/F01759.csv,25,more_observations
F01761,10.1038/s41586-021-03406-5,"data_all/x_time_h/10.1038_s41586-021-03406-5/Fig4_A_stability_performance_curve/accepted/10.1038_s41586-021-03406-5__Fig4__A__stability_performance_curve__Reference,_PCE_initial_=_23.86%__Series_2.csv",points/F01761.csv,10,more_observations
F01762,10.1038/s41586-021-03406-5,"data_all/x_time_h/10.1038_s41586-021-03406-5/Fig4_B_stability_performance_curve/accepted/10.1038_s41586-021-03406-5__Fig4__B__stability_performance_curve__Reference,_PCEinitial_=_23.75%__Series_2.csv",points/F01762.csv,12,more_observations
F01763,10.1038/s41586-021-03406-5,"data_all/x_time_h/10.1038_s41586-021-03406-5/Fig4_D_stability_performance_curve/accepted/10.1038_s41586-021-03406-5__Fig4__D__stability_performance_curve__Reference,_PCE_initial_=_21.82%__Series_1.csv",points/F01763.csv,26,more_observations
F01764,10.1038/s41586-023-06892-x,data_all/x_time_h/10.1038_s41586-023-06892-x/Fig4_B_mppt_stability_performance_curve_pce/accepted/10.1038_s41586-023-06892-x__Fig4__B__mppt_stability_performance_curve_pce__WBG_PSCs_with_BCP__Series_1.csv,points/F01764.csv,39,more_observations
F01765,10.1038/s41586-023-06892-x,data_all/x_time_h/10.1038_s41586-023-06892-x/Fig4_B_mppt_stability_performance_curve_pce/accepted/10.1038_s41586-023-06892-x__Fig4__B__mppt_stability_performance_curve_pce__WBG_PSCs_with_YbOₓ__Series_2.csv,points/F01765.csv,39,more_observations
F01766,10.1038/s41598-017-00866-6,data_all/x_time_h/10.1038_s41598-017-00866-6/Fig1_A_stability_performance_curve_pce/accepted/10.1038_s41598-017-00866-6__Fig1__A__stability_performance_curve_pce__under_25°C_20-25%_RH__Series_1.csv,points/F01766.csv,57,more_observations
F01767,10.1038/s41598-017-00866-6,data_all/x_time_h/10.1038_s41598-017-00866-6/Fig1_B_xrd_pattern_stability_performance_curve/accepted/10.1038_s41598-017-00866-6__Fig1__B__xrd_pattern_stability_performance_curve__under_85°C_20-25%_RH__Series_1.csv,points/F01767.csv,56,more_observations
F01768,10.1038/s41598-020-72210-4,data_all/x_time_h/10.1038_s41598-020-72210-4/Fig8_E_stability_performance_curve/accepted/10.1038_s41598-020-72210-4__Fig8__E__stability_performance_curve__Efficiency__Series_1.csv,points/F01768.csv,13,more_observations
F01769,10.1038/s41598-020-79348-1,data_all/x_time_h/10.1038_s41598-020-79348-1/Fig4_A_stability_performance_curve_ff/accepted/10.1038_s41598-020-79348-1__Fig4__A__stability_performance_curve_ff__P__Series_3.csv,points/F01769.csv,56,more_observations
F01770,10.1038/s41598-024-55379-w,data_all/x_time_h/10.1038_s41598-024-55379-w/Fig17_whole_stability_performance_curve_pce/accepted/10.1038_s41598-024-55379-w__Fig17__whole__stability_performance_curve_pce__Un-doped_ZnO_ETL__Series_3.csv,points/F01770.csv,57,more_observations
F01771,10.1038/s41598-024-55379-w,data_all/x_time_h/10.1038_s41598-024-55379-w/Fig17_whole_stability_performance_curve_pce/accepted/10.1038_s41598-024-55379-w__Fig17__whole__stability_performance_curve_pce__ZnO_H2O-Ag-doped_ZnO_1wt.%_ETL__Series_1.csv,points/F01771.csv,57,more_observations
F01772,10.1038/s41598-024-74735-4,data_all/x_time_h/10.1038_s41598-024-74735-4/Fig4_C_stability_performance_curve_pce/accepted/10.1038_s41598-024-74735-4__Fig4__C__stability_performance_curve_pce__Spiro-OMeTAD__Series_2.csv,points/F01772.csv,18,more_observations
F01773,10.1038/s41598-024-74735-4,data_all/x_time_h/10.1038_s41598-024-74735-4/Fig4_C_stability_performance_curve_pce/accepted/10.1038_s41598-024-74735-4__Fig4__C__stability_performance_curve_pce__XC2-M__Series_3.csv,points/F01773.csv,18,more_observations
F01774,10.1039/c9sc01697j,data_all/x_time_h/10.1039_C9SC01697J/Fig6_E_sem_image_stability_performance_curve_photovoltaic_parameter/accepted/10.1039_C9SC01697J__Fig6__E__sem_image_stability_performance_curve_photovoltaic_parameter__Doped_Spiro-OMeTAD__Series_1.csv,points/F01774.csv,51,more_observations
F01775,10.1039/c9ta03131f,data_all/x_time_h/10.1039_C9TA03131F/Fig5_D_stability_performance_curve_pce/accepted/10.1039_C9TA03131F__Fig5__D__stability_performance_curve_pce__With_QDs__Series_2.csv,points/F01775.csv,117,more_observations
F01776,10.1039/c9ta03131f,data_all/x_time_h/10.1039_C9TA03131F/Fig5_D_stability_performance_curve_pce/accepted/10.1039_C9TA03131F__Fig5__D__stability_performance_curve_pce__Without_QDs__Series_1.csv,points/F01776.csv,117,more_observations
F01777,10.1039/c9ta04166d,data_all/x_time_h/10.1039_C9TA04166D/Fig6_whole_stability_performance_curve_pce/accepted/10.1039_C9TA04166D__Fig6__whole__stability_performance_curve_pce__Spiro__Series_2.csv,points/F01777.csv,46,more_observations
F01778,10.1039/d5ee03888j,data_all/x_time_h/10.1039_D5EE03888J/Fig5_F_mppt_stability_performance_curve_pce/accepted/10.1039_D5EE03888J__Fig5__F__mppt_stability_performance_curve_pce__DMF_DMSO__Series_3.csv,points/F01778.csv,8,more_observations
F01779,10.1039/d5ee03888j,data_all/x_time_h/10.1039_D5EE03888J/Fig5_F_mppt_stability_performance_curve_pce/accepted/10.1039_D5EE03888J__Fig5__F__mppt_stability_performance_curve_pce__DMF_NMP__Series_2.csv,points/F01779.csv,8,more_observations
F01780,10.1039/d5ee03984c,data_all/x_time_h/10.1039_D5EE03984C/Fig5_L_mppt_stability_performance_curve_pce/accepted/10.1039_D5EE03984C__Fig5__L__mppt_stability_performance_curve_pce__Control__Series_1.csv,points/F01780.csv,11,more_observations
F01781,10.1039/d5ee05397h,data_all/x_time_h/10.1039_D5EE05397H/Fig3_A_stability_performance_curve/accepted/10.1039_D5EE05397H__Fig3__A__stability_performance_curve__SPVKs__Series_3.csv,points/F01781.csv,9,more_observations
F01782,10.1039/d5ee05397h,data_all/x_time_h/10.1039_D5EE05397H/Fig3_A_stability_performance_curve/accepted/10.1039_D5EE05397H__Fig3__A__stability_performance_curve__SQOSCs__Series_1.csv,points/F01782.csv,15,more_observations
F01784,10.1039/d5qm00763a,data_all/x_time_h/10.1039_D5QM00763A/Fig11_C_stability_performance_curve_pce/accepted/10.1039_D5QM00763A__Fig11__C__stability_performance_curve_pce__o-Perovskite_Spiro-OMeTAD__Series_2.csv,points/F01784.csv,8,more_observations
F01785,10.1039/d5sc04399a,data_all/x_time_h/10.1039_D5SC04399A/Fig5_A_stability_performance_curve_pce/accepted/10.1039_D5SC04399A__Fig5__A__stability_performance_curve_pce__Spiro-OMeTAD__Series_4.csv,points/F01785.csv,20,more_observations
F01786,10.1039/d5sc04399a,data_all/x_time_h/10.1039_D5SC04399A/Fig5_A_stability_performance_curve_pce/accepted/10.1039_D5SC04399A__Fig5__A__stability_performance_curve_pce__pcz-DM__Series_2.csv,points/F01786.csv,21,more_observations
F01787,10.1039/d5sc04399a,data_all/x_time_h/10.1039_D5SC04399A/Fig5_A_stability_performance_curve_pce/accepted/10.1039_D5SC04399A__Fig5__A__stability_performance_curve_pce__pcz-SM-DM__Series_3.csv,points/F01787.csv,21,more_observations
F01790,10.1039/d5ta07147j,data_all/x_time_h/10.1039_D5TA07147J/Fig8_A_stability_performance_curve_pce/accepted/10.1039_D5TA07147J__Fig8__A__stability_performance_curve_pce__w_oCNMs__Series_2.csv,points/F01790.csv,9,more_observations
F01791,10.1039/d6cc01405d,data_all/x_time_h/10.1039_D6CC01405D/Fig3_C_stability_performance_curve_pce_eqe/accepted/10.1039_D6CC01405D__Fig3__C__stability_performance_curve_pce_eqe__2PACz__Series_2.csv,points/F01791.csv,10,more_observations
F01793,10.1039/c5nr01820j,data_all/x_time_h/10.1039_c5nr01820j/Fig5_B_stability_performance_curve/accepted/10.1039_c5nr01820j__Fig5__B__stability_performance_curve__HOOC-Ph-SH_Perovskite__Series_1.csv,points/F01793.csv,31,more_observations
F01794,10.1039/c5nr05271h,data_all/x_time_h/10.1039_c5nr05271h/Fig7_A_stability_performance_curve_pce/accepted/10.1039_c5nr05271h__Fig7__A__stability_performance_curve_pce__GO_PEDOT__Series_1.csv,points/F01794.csv,33,more_observations
F01795,10.1039/c5nr05271h,data_all/x_time_h/10.1039_c5nr05271h/Fig7_A_stability_performance_curve_pce/accepted/10.1039_c5nr05271h__Fig7__A__stability_performance_curve_pce__GO__Series_3.csv,points/F01795.csv,33,more_observations
F01796,10.1039/c5nr05271h,data_all/x_time_h/10.1039_c5nr05271h/Fig7_A_stability_performance_curve_pce/accepted/10.1039_c5nr05271h__Fig7__A__stability_performance_curve_pce__PEDOT__Series_2.csv,points/F01796.csv,34,more_observations
F01797,10.1039/c5ta05286f,data_all/x_time_h/10.1039_c5ta05286f/Fig7_A_pce/accepted/10.1039_c5ta05286f__Fig7__A__pce__PEDOT_PSS__Series_2.csv,points/F01797.csv,35,more_observations
F01798,10.1039/c5ta07957h,data_all/x_time_h/10.1039_c5ta07957h/Fig10_B_stability_performance_curve_pce/accepted/10.1039_c5ta07957h__Fig10__B__stability_performance_curve_pce__PEDOT_PSS(40nm)__Series_2.csv,points/F01798.csv,52,more_observations
F01799,10.1039/c5ta09080f,data_all/x_time_h/10.1039_c5ta09080f/Fig6_C_stability_performance_curve_pce_profile/accepted/10.1039_c5ta09080f__Fig6__C__stability_performance_curve_pce_profile__Operating_stability__Series_2.csv,points/F01799.csv,16,more_observations
F01800,10.1039/c5ta09080f,data_all/x_time_h/10.1039_c5ta09080f/Fig6_C_stability_performance_curve_pce_profile/accepted/10.1039_c5ta09080f__Fig6__C__stability_performance_curve_pce_profile__Shelf_stability__Series_1.csv,points/F01800.csv,26,more_observations
F01801,10.1039/c6cc06290c,data_all/x_time_h/10.1039_c6cc06290c/Fig4_B_stability_performance_curve/accepted/10.1039_c6cc06290c__Fig4__B__stability_performance_curve__Control__Series_1.csv,points/F01801.csv,37,more_observations
F01802,10.1039/c6ee00612d,data_all/x_time_h/10.1039_c6ee00612d/Fig2_E_mppt_stability_performance_curve_eqe/accepted/10.1039_c6ee00612d__Fig2__E__mppt_stability_performance_curve_eqe__Ag_W_o_CIL__Series_2.csv,points/F01802.csv,22,more_observations
F01803,10.1039/c6nr01927g,data_all/x_time_h/10.1039_c6nr01927g/Fig5_D_stability_performance_curve_pce/accepted/10.1039_c6nr01927g__Fig5__D__stability_performance_curve_pce__PEDOT_PSS__Series_2.csv,points/F01803.csv,39,more_observations
F01804,10.1039/c6nr04288k,data_all/x_time_h/10.1039_c6nr04288k/Fig5_D_stability_performance_curve_pce/accepted/10.1039_c6nr04288k__Fig5__D__stability_performance_curve_pce__PEDOT_PSS__Series_1.csv,points/F01804.csv,35,more_observations
F01805,10.1039/c6ra06635f,data_all/x_time_h/10.1039_c6ra06635f/Fig2_C_modeling_mapping_stability_performance_curve_2/accepted/10.1039_c6ra06635f__Fig2__C__modeling_mapping_stability_performance_curve_2__Modeling_for_PEDOT_PSS__Series_1.csv,points/F01805.csv,47,more_observations
F01806,10.1039/c6ra06635f,data_all/x_time_h/10.1039_c6ra06635f/Fig2_C_modeling_mapping_stability_performance_curve_2/accepted/10.1039_c6ra06635f__Fig2__C__modeling_mapping_stability_performance_curve_2__Modeling_for_Spiro-OMETAD__Series_2.csv,points/F01806.csv,46,more_observations
F01807,10.1039/c6ra09878a,data_all/x_time_h/10.1039_c6ra09878a/Fig10_whole_figure/accepted/10.1039_c6ra09878a__Fig10__whole__figure__Spiro-OMeTAD__Series_2.csv,points/F01807.csv,37,more_observations
F01808,10.1039/c6ra21775c,data_all/x_time_h/10.1039_c6ra21775c/Fig5_B_stability_performance_curve_jsc_pce/accepted/10.1039_c6ra21775c__Fig5__B__stability_performance_curve_jsc_pce__LiTFSI+TBP__Series_2.csv,points/F01808.csv,12,more_observations
F01809,10.1039/c6ta01715k,data_all/x_time_h/10.1039_c6ta01715k/Fig7_A_stability_performance_curve/accepted/10.1039_c6ta01715k__Fig7__A__stability_performance_curve__I-CSCNT-50_without_PMMA__Series_2.csv,points/F01809.csv,8,more_observations
F01811,10.1039/c6ta06152d,data_all/x_time_h/10.1039_c6ta06152d/Fig5_A_stability_performance_curve_pce/accepted/10.1039_c6ta06152d__Fig5__A__stability_performance_curve_pce__CHNHPbICI_C-PCBSD__Series_1.csv,points/F01811.csv,39,more_observations
F01812,10.1039/c6ta06152d,data_all/x_time_h/10.1039_c6ta06152d/Fig5_A_stability_performance_curve_pce/accepted/10.1039_c6ta06152d__Fig5__A__stability_performance_curve_pce__CHNHPbICI__Series_2.csv,points/F01812.csv,39,more_observations
F01813,10.1039/c6ta10605f,data_all/x_time_h/10.1039_c6ta10605f/Fig1_D_stability_performance_curve_pce/accepted/10.1039_c6ta10605f__Fig1__D__stability_performance_curve_pce__η__Series_1.csv,points/F01813.csv,19,more_observations
F01815,10.1039/c7ee02634j,data_all/x_time_h/10.1039_c7ee02634j/Fig4_D_mppt_stability_performance_curve_jsc/accepted/10.1039_c7ee02634j__Fig4__D__mppt_stability_performance_curve_jsc__CsFAMA__Series_2.csv,points/F01815.csv,9,more_observations
F01816,10.1039/c7ee02634j,data_all/x_time_h/10.1039_c7ee02634j/Fig4_D_mppt_stability_performance_curve_jsc/accepted/10.1039_c7ee02634j__Fig4__D__mppt_stability_performance_curve_jsc__FAMA__Series_1.csv,points/F01816.csv,9,more_observations
F01817,10.1039/c7nr01678f,data_all/x_time_h/10.1039_c7nr01678f/Fig2_A_stability_performance_curve_pce_work_function/accepted/10.1039_c7nr01678f__Fig2__A__stability_performance_curve_pce_work_function__PC60BM_Rh__Series_3.csv,points/F01817.csv,8,more_observations
F01819,10.1039/c7nr01678f,data_all/x_time_h/10.1039_c7nr01678f/Fig2_A_stability_performance_curve_pce_work_function/accepted/10.1039_c7nr01678f__Fig2__A__stability_performance_curve_pce_work_function__PC70BM_Rh__Series_1.csv,points/F01819.csv,8,more_observations
F01820,10.1039/c7nr01678f,data_all/x_time_h/10.1039_c7nr01678f/Fig2_A_stability_performance_curve_pce_work_function/accepted/10.1039_c7nr01678f__Fig2__A__stability_performance_curve_pce_work_function__PC70BM__Series_2.csv,points/F01820.csv,8,more_observations
F01821,10.1039/c7ta04851c,data_all/x_time_h/10.1039_c7ta04851c/Fig5_D_stability_performance_curve_pce/accepted/10.1039_c7ta04851c__Fig5__D__stability_performance_curve_pce__O-PC61BM__Series_1.csv,points/F01821.csv,47,more_observations
F01822,10.1039/c7ta06752f,data_all/x_time_h/10.1039_c7ta06752f/Fig7_D_stability_performance_curve_pce/accepted/10.1039_c7ta06752f__Fig7__D__stability_performance_curve_pce__CH₃NH₃PbI₃₋ₓClₓ_V₂Oₓ_(0_wt%)__Series_2.csv,points/F01822.csv,40,more_observations
F01823,10.1039/c7ta06752f,data_all/x_time_h/10.1039_c7ta06752f/Fig7_D_stability_performance_curve_pce/accepted/10.1039_c7ta06752f__Fig7__D__stability_performance_curve_pce__CH₃NH₃PbI₃₋ₓClₓ_V₂Oₓ_(2.5_wt%)__Series_1.csv,points/F01823.csv,40,more_observations
F01824,10.1039/c7ta07939g,data_all/x_time_h/10.1039_c7ta07939g/Fig9_A_stability_performance_curve/accepted/10.1039_c7ta07939g__Fig9__A__stability_performance_curve__Pristine__Series_1.csv,points/F01824.csv,12,more_observations
F01825,10.1039/c7ta09716f,data_all/x_time_h/10.1039_c7ta09716f/Fig7_B_stability_performance_curve_pce/accepted/10.1039_c7ta09716f__Fig7__B__stability_performance_curve_pce__PEDOT_PSS__Series_1.csv,points/F01825.csv,55,more_observations
F01826,10.1039/c7ta09946k,data_all/x_time_h/10.1039_c7ta09946k/Fig5_A_stability_performance_curve/accepted/10.1039_c7ta09946k__Fig5__A__stability_performance_curve__Spiro-OMeTAD__Series_2.csv,points/F01826.csv,34,more_observations
F01827,10.1039/c7ta10871k,data_all/x_time_h/10.1039_c7ta10871k/Fig7_A_stability_performance_curve_pce/accepted/10.1039_c7ta10871k__Fig7__A__stability_performance_curve_pce__CCE__Series_2.csv,points/F01827.csv,13,more_observations
F01828,10.1039/c7ta10871k,data_all/x_time_h/10.1039_c7ta10871k/Fig7_A_stability_performance_curve_pce/accepted/10.1039_c7ta10871k__Fig7__A__stability_performance_curve_pce__PF-3__Series_4.csv,points/F01828.csv,13,more_observations
F01829,10.1039/c7tc00882a,data_all/x_time_h/10.1039_c7tc00882a/Fig7_whole_stability/accepted/10.1039_c7tc00882a__Fig7__whole__stability__w_o__Series_1.csv,points/F01829.csv,52,more_observations
F01830,10.1039/c8ee02252f,data_all/x_time_h/10.1039_c8ee02252f/Fig6_F_stability_performance_curve_pce/accepted/10.1039_c8ee02252f__Fig6__F__stability_performance_curve_pce__Control__Series_2.csv,points/F01830.csv,10,more_observations
F01831,10.1039/c8ee02404a,data_all/x_time_h/10.1039_c8ee02404a/Fig6_E_mppt_stability_performance_curve_pce/accepted/10.1039_c8ee02404a__Fig6__E__mppt_stability_performance_curve_pce__Reference__Series_1.csv,points/F01831.csv,35,more_observations
F01832,10.1039/c8nr00152a,data_all/x_time_h/10.1039_c8nr00152a/Fig7_B_stability_performance_curve_pce/accepted/10.1039_c8nr00152a__Fig7__B__stability_performance_curve_pce__FA__Series_3.csv,points/F01832.csv,13,more_observations
F01833,10.1039/c8nr05698f,data_all/x_time_h/10.1039_c8nr05698f/Fig6_A_stability_performance_curve_pce_conductivity/accepted/10.1039_c8nr05698f__Fig6__A__stability_performance_curve_pce_conductivity__PEDOT_PSS__Series_2.csv,points/F01833.csv,40,more_observations
F01834,10.1039/c8nr07638c,data_all/x_time_h/10.1039_c8nr07638c/Fig4_D_stability_performance_curve_pce/accepted/10.1039_c8nr07638c__Fig4__D__stability_performance_curve_pce__PSCwith_β-CD__Series_1.csv,points/F01834.csv,23,more_observations
F01835,10.1039/c8nr07638c,data_all/x_time_h/10.1039_c8nr07638c/Fig4_D_stability_performance_curve_pce/accepted/10.1039_c8nr07638c__Fig4__D__stability_performance_curve_pce__PSCwithout_β-CD__Series_2.csv,points/F01835.csv,24,more_observations
F01836,10.1039/c8nr08295b,data_all/x_time_h/10.1039_c8nr08295b/Fig6_B_stability_performance_curve_pce/accepted/10.1039_c8nr08295b__Fig6__B__stability_performance_curve_pce__W_O_CQDs__Series_1.csv,points/F01836.csv,68,more_observations
F01837,10.1039/c8qm00620b,data_all/x_time_h/10.1039_c8qm00620b/Fig3_D_stability_performance_curve/accepted/10.1039_c8qm00620b__Fig3__D__stability_performance_curve__SnO₂_C₆₀-SAM__Series_2.csv,points/F01837.csv,20,more_observations
F01838,10.1039/c8qm00620b,data_all/x_time_h/10.1039_c8qm00620b/Fig3_D_stability_performance_curve/accepted/10.1039_c8qm00620b__Fig3__D__stability_performance_curve__SnO₂__Series_1.csv,points/F01838.csv,19,more_observations
F01840,10.1039/c8ra02556h,data_all/x_time_h/10.1039_c8ra02556h/Fig6_A_pce/accepted/10.1039_c8ra02556h__Fig6__A__pce__PEDOT_PSS__Series_3.csv,points/F01840.csv,32,more_observations
F01843,10.1039/c8ta00267c,data_all/x_time_h/10.1039_c8ta00267c/Fig5_B_stability_performance_curve_pce/accepted/10.1039_c8ta00267c__Fig5__B__stability_performance_curve_pce__Pristine__Series_1.csv,points/F01843.csv,12,more_observations
F01844,10.1039/c8ta00267c,data_all/x_time_h/10.1039_c8ta00267c/Fig5_C_stability_performance_curve_pce/accepted/10.1039_c8ta00267c__Fig5__C__stability_performance_curve_pce__Pristine__Series_1.csv,points/F01844.csv,15,more_observations
F01845,10.1039/c8ta00769a,data_all/x_time_h/10.1039_c8ta00769a/Fig8_D_stability_performance_curve_pce/accepted/10.1039_c8ta00769a__Fig8__D__stability_performance_curve_pce__Control__Series_1.csv,points/F01845.csv,9,more_observations
F01846,10.1039/c8ta00769a,data_all/x_time_h/10.1039_c8ta00769a/Fig8_E_stability_performance_curve_pce/accepted/10.1039_c8ta00769a__Fig8__E__stability_performance_curve_pce__Control__Series_2.csv,points/F01846.csv,14,more_observations
F01847,10.1039/c8ta02121j,data_all/x_time_h/10.1039_c8ta02121j/Fig6_B_stability_performance_curve_pce/accepted/10.1039_c8ta02121j__Fig6__B__stability_performance_curve_pce__Without_CH₃CONH₂__Series_2.csv,points/F01847.csv,18,more_observations
F01848,10.1039/c8ta02121j,data_all/x_time_h/10.1039_c8ta02121j/Fig6_C_stability_performance_curve_pce/accepted/10.1039_c8ta02121j__Fig6__C__stability_performance_curve_pce__Without_CH₃CONH₂__Series_1.csv,points/F01848.csv,61,more_observations
F01849,10.1039/c8ta02672f,data_all/x_time_h/10.1039_c8ta02672f/Fig3_M_jv_curve_stability_performance/accepted/10.1039_c8ta02672f__Fig3__M__jv_curve_stability_performance__AuCl₃-Graphene__Series_1.csv,points/F01849.csv,15,more_observations
F01850,10.1039/c8ta03953d,data_all/x_time_h/10.1039_c8ta03953d/Fig6_C_stability_performance_curve_pce/accepted/10.1039_c8ta03953d__Fig6__C__stability_performance_curve_pce__Cl-0_%__Series_2.csv,points/F01850.csv,8,more_observations
F01851,10.1039/c8ta04453h,data_all/x_time_h/10.1039_c8ta04453h/Fig4_A_stability_performance_curve_pce/accepted/10.1039_c8ta04453h__Fig4__A__stability_performance_curve_pce__x_=_0__Series_2.csv,points/F01851.csv,18,more_observations
F01852,10.1039/c8ta04936j,data_all/x_time_h/10.1039_c8ta04936j/Fig5_A_stability_performance_curve_pce/accepted/10.1039_c8ta04936j__Fig5__A__stability_performance_curve_pce__MA__Series_2.csv,points/F01852.csv,10,more_observations
F01853,10.1039/c8ta04936j,data_all/x_time_h/10.1039_c8ta04936j/Fig5_A_stability_performance_curve_pce/accepted/10.1039_c8ta04936j__Fig5__A__stability_performance_curve_pce__MDx=0.03__Series_3.csv,points/F01853.csv,11,more_observations
F01854,10.1039/c8ta04936j,data_all/x_time_h/10.1039_c8ta04936j/Fig5_A_stability_performance_curve_pce/accepted/10.1039_c8ta04936j__Fig5__A__stability_performance_curve_pce__MDx=0.05__Series_4.csv,points/F01854.csv,11,more_observations
F01855,10.1039/c8ta04936j,data_all/x_time_h/10.1039_c8ta04936j/Fig5_A_stability_performance_curve_pce/accepted/10.1039_c8ta04936j__Fig5__A__stability_performance_curve_pce__MDx=0.10__Series_1.csv,points/F01855.csv,11,more_observations
F01856,10.1039/c8ta04936j,data_all/x_time_h/10.1039_c8ta04936j/Fig6_A_stability_performance_curve_pce/accepted/10.1039_c8ta04936j__Fig6__A__stability_performance_curve_pce__MA__Series_3.csv,points/F01856.csv,73,more_observations
F01857,10.1039/c8ta04936j,data_all/x_time_h/10.1039_c8ta04936j/Fig6_A_stability_performance_curve_pce/accepted/10.1039_c8ta04936j__Fig6__A__stability_performance_curve_pce__MDX=0.05__Series_4.csv,points/F01857.csv,73,more_observations
F01858,10.1039/c8ta04936j,data_all/x_time_h/10.1039_c8ta04936j/Fig6_A_stability_performance_curve_pce/accepted/10.1039_c8ta04936j__Fig6__A__stability_performance_curve_pce__MDx=0.03__Series_2.csv,points/F01858.csv,74,more_observations
F01859,10.1039/c8ta04936j,data_all/x_time_h/10.1039_c8ta04936j/Fig6_A_stability_performance_curve_pce/accepted/10.1039_c8ta04936j__Fig6__A__stability_performance_curve_pce__MDx=0.10__Series_1.csv,points/F01859.csv,73,more_observations
F01861,10.1039/c8ta06557h,data_all/x_time_h/10.1039_c8ta06557h/Fig6_E_stability_performance_curve_pce/accepted/10.1039_c8ta06557h__Fig6__E__stability_performance_curve_pce__FAPbI₃__Series_2.csv,points/F01861.csv,31,more_observations
F01862,10.1039/c8ta06557h,data_all/x_time_h/10.1039_c8ta06557h/Fig6_F_stability_performance_curve_pce/accepted/10.1039_c8ta06557h__Fig6__F__stability_performance_curve_pce__FAPbI₃__Series_2.csv,points/F01862.csv,34,more_observations
F01863,10.1039/c8ta07368f,data_all/x_time_h/10.1039_c8ta07368f/Fig7_whole_stability/accepted/10.1039_c8ta07368f__Fig7__whole__stability__Spiro-OMeTAD__Series_1.csv,points/F01863.csv,51,more_observations
F01864,10.1039/c8ta10094b,data_all/x_time_h/10.1039_c8ta10094b/Fig4_D_stability_performance_curve_pce/accepted/10.1039_c8ta10094b__Fig4__D__stability_performance_curve_pce__IPA__Series_2.csv,points/F01864.csv,11,more_observations
F01866,10.1039/c8ta11800k,data_all/x_time_h/10.1039_c8ta11800k/Fig3_F_mppt_stability_performance_curve_eqe/accepted/10.1039_c8ta11800k__Fig3__F__mppt_stability_performance_curve_eqe__Spiro-OMeTAD__Series_1.csv,points/F01866.csv,32,more_observations
F01867,10.1039/c8ta11925b,data_all/x_time_h/10.1039_c8ta11925b/Fig6_F_stability_performance_curve_pce/accepted/10.1039_c8ta11925b__Fig6__F__stability_performance_curve_pce__ABS-0__Series_1.csv,points/F01867.csv,32,more_observations
F01868,10.1039/c8ta11977e,data_all/x_time_h/10.1039_c8ta11977e/Fig8_A_stability_performance_curve_pce/accepted/10.1039_c8ta11977e__Fig8__A__stability_performance_curve_pce__Control_device__Series_1.csv,points/F01868.csv,113,more_observations
F01869,10.1039/c8ta12284a,data_all/x_time_h/10.1039_c8ta12284a/Fig6_D_stability_performance_curve_pce/accepted/10.1039_c8ta12284a__Fig6__D__stability_performance_curve_pce__W_O_tBAI__Series_2.csv,points/F01869.csv,8,more_observations
F01871,10.1039/c9ee02391g,data_all/x_time_h/10.1039_c9ee02391g/Fig5_A_uv_vis_curve_stability_performance_pce/accepted/10.1039_c9ee02391g__Fig5__A__uv_vis_curve_stability_performance_pce__Au-based_PSC__Series_1.csv,points/F01871.csv,9,more_observations
F01872,10.1039/c9ta00118b,data_all/x_time_h/10.1039_c9ta00118b/Fig6_B_mppt_stability_performance_curve_pce/accepted/10.1039_c9ta00118b__Fig6__B__mppt_stability_performance_curve_pce__C₆₀__Series_2.csv,points/F01872.csv,22,more_observations
F01873,10.1039/c9ta01070j,data_all/x_time_h/10.1039_c9ta01070j/Fig4_B_stability_performance_curve_pce/accepted/10.1039_c9ta01070j__Fig4__B__stability_performance_curve_pce__Spiro__Series_1.csv,points/F01873.csv,18,more_observations
F01874,10.1039/c9ta01094g,data_all/x_time_h/10.1039_c9ta01094g/Fig4_D_stability_performance_curve/accepted/10.1039_c9ta01094g__Fig4__D__stability_performance_curve__Spiro-MeOTAD_at_65_±_1_°C_without_sealing_in_nitrogen_atmosphere__Series_1.csv,points/F01874.csv,23,more_observations
F01875,10.1039/c9ta01094g,data_all/x_time_h/10.1039_c9ta01094g/Fig5_C_stability/accepted/10.1039_c9ta01094g__Fig5__C__stability__CuScN_rG0_@_85_%c__Series_2.csv,points/F01875.csv,14,more_observations
F01876,10.1039/c9ta01760g,data_all/x_time_h/10.1039_c9ta01760g/Fig3_E_stability_performance_curve_pce/accepted/10.1039_c9ta01760g__Fig3__E__stability_performance_curve_pce__W_0g-C3N4__Series_2.csv,points/F01876.csv,22,more_observations
F01877,10.1039/c9ta03454d,data_all/x_time_h/10.1039_c9ta03454d/Fig3_D_stability_performance_curve/accepted/10.1039_c9ta03454d__Fig3__D__stability_performance_curve__y_=_0__Series_1.csv,points/F01877.csv,12,more_observations
F01878,10.1039/c9ta05422g,data_all/x_time_h/10.1039_c9ta05422g/Fig7_D_jv_curve_stability_performance_pce/accepted/10.1039_c9ta05422g__Fig7__D__jv_curve_stability_performance_pce__c-Ti02_Sn02__Series_2.csv,points/F01878.csv,9,more_observations
F01879,10.1039/c9ta05422g,data_all/x_time_h/10.1039_c9ta05422g/Fig7_D_jv_curve_stability_performance_pce/accepted/10.1039_c9ta05422g__Fig7__D__jv_curve_stability_performance_pce__c-Ti02__Series_1.csv,points/F01879.csv,10,more_observations
F01880,10.1039/c9ta05422g,data_all/x_time_h/10.1039_c9ta05422g/Fig9_F_stability_performance_curve/accepted/10.1039_c9ta05422g__Fig9__F__stability_performance_curve__Ti02_SnO2__Series_2.csv,points/F01880.csv,43,more_observations
F01881,10.1039/c9ta05422g,data_all/x_time_h/10.1039_c9ta05422g/Fig9_F_stability_performance_curve/accepted/10.1039_c9ta05422g__Fig9__F__stability_performance_curve__Ti02__Series_1.csv,points/F01881.csv,46,more_observations
F01882,10.1039/c9ta05744g,data_all/x_time_h/10.1039_c9ta05744g/Fig6_B_mppt_stability_performance_curve/accepted/10.1039_c9ta05744g__Fig6__B__mppt_stability_performance_curve__W_OMWCNTs__Series_2.csv,points/F01882.csv,26,more_observations
F01883,10.1039/c9ta05802h,data_all/x_time_h/10.1039_c9ta05802h/Fig5_A_stability_performance_curve_jsc/accepted/10.1039_c9ta05802h__Fig5__A__stability_performance_curve_jsc__C-ZnO__Series_2.csv,points/F01883.csv,25,more_observations
F01884,10.1039/c9ta05802h,data_all/x_time_h/10.1039_c9ta05802h/Fig5_B_stability_performance_curve_jsc/accepted/10.1039_c9ta05802h__Fig5__B__stability_performance_curve_jsc__C-ZnO__Series_1.csv,points/F01884.csv,26,more_observations
F01885,10.1039/c9ta06718c,data_all/x_time_h/10.1039_c9ta06718c/Fig6_C_pce/accepted/10.1039_c9ta06718c__Fig6__C__pce__W_O_DTA__Series_2.csv,points/F01885.csv,29,more_observations
F01886,10.1039/c9ta07238a,data_all/x_time_h/10.1039_c9ta07238a/Fig5_A_stability_performance_curve_pce/accepted/10.1039_c9ta07238a__Fig5__A__stability_performance_curve_pce__Prisitine__Series_1.csv,points/F01886.csv,10,more_observations
F01887,10.1039/c9ta08177a,data_all/x_time_h/10.1039_c9ta08177a/Fig6_A_stability_performance_curve/accepted/10.1039_c9ta08177a__Fig6__A__stability_performance_curve__with_PEI_CNT__Series_2.csv,points/F01887.csv,15,more_observations
F01888,10.1039/c9ta08177a,data_all/x_time_h/10.1039_c9ta08177a/Fig6_A_stability_performance_curve/accepted/10.1039_c9ta08177a__Fig6__A__stability_performance_curve__withoutPEI_CNT__Series_1.csv,points/F01888.csv,15,more_observations
F01889,10.1039/c9ta08314f,data_all/x_time_h/10.1039_c9ta08314f/Fig5_D_stability_performance_curve_pce/accepted/10.1039_c9ta08314f__Fig5__D__stability_performance_curve_pce__Pristine__Series_2.csv,points/F01889.csv,30,more_observations
F01890,10.1039/c9ta09101g,data_all/x_time_h/10.1039_c9ta09101g/Fig2_E_stability_performance_curve_jsc/accepted/10.1039_c9ta09101g__Fig2__E__stability_performance_curve_jsc__W_oTBAB__Series_1.csv,points/F01890.csv,25,more_observations
F01891,10.1039/c9ta09260a,data_all/x_time_h/10.1039_c9ta09260a/Fig4_I_stability_performance_curve_pce/accepted/10.1039_c9ta09260a__Fig4__I__stability_performance_curve_pce__PCBM__Series_1.csv,points/F01891.csv,50,more_observations
F01893,10.1039/c9ta12597c,data_all/x_time_h/10.1039_c9ta12597c/Fig5_A_stability_performance_curve_pce/accepted/10.1039_c9ta12597c__Fig5__A__stability_performance_curve_pce__Pristine__Series_1.csv,points/F01893.csv,11,more_observations
F01894,10.1039/c9ta12904a,data_all/x_time_h/10.1039_c9ta12904a/Fig6_E_pce/accepted/10.1039_c9ta12904a__Fig6__E__pce__o-control__Series_2.csv,points/F01894.csv,31,more_observations
F01895,10.1039/c9ta13159k,data_all/x_time_h/10.1039_c9ta13159k/Fig4_E_stability_performance_curve/accepted/10.1039_c9ta13159k__Fig4__E__stability_performance_curve__Control__Series_1.csv,points/F01895.csv,29,more_observations
F01896,10.1039/c9ta13159k,data_all/x_time_h/10.1039_c9ta13159k/Fig4_E_stability_performance_curve/accepted/10.1039_c9ta13159k__Fig4__E__stability_performance_curve__FBH__Series_2.csv,points/F01896.csv,29,more_observations
F01897,10.1039/c9ta13719j,data_all/x_time_h/10.1039_c9ta13719j/Fig7_D_stability_performance_curve_pce/accepted/10.1039_c9ta13719j__Fig7__D__stability_performance_curve_pce__10-PFA__Series_1.csv,points/F01897.csv,11,more_observations
F01898,10.1039/c9ta13719j,data_all/x_time_h/10.1039_c9ta13719j/Fig7_D_stability_performance_curve_pce/accepted/10.1039_c9ta13719j__Fig7__D__stability_performance_curve_pce__Control__Series_2.csv,points/F01898.csv,11,more_observations
F01899,10.1039/c9ta13922b,data_all/x_time_h/10.1039_c9ta13922b/Fig4_F_stability_performance_curve_pce/accepted/10.1039_c9ta13922b__Fig4__F__stability_performance_curve_pce__w_o_t-BCA__Series_2.csv,points/F01899.csv,22,more_observations
F01900,10.1039/c9ta13922b,data_all/x_time_h/10.1039_c9ta13922b/Fig4_H_stability_performance_curve_pce/accepted/10.1039_c9ta13922b__Fig4__H__stability_performance_curve_pce__w_ot-BCA__Series_2.csv,points/F01900.csv,40,more_observations
F01901,10.1039/c9ta14139a,data_all/x_time_h/10.1039_c9ta14139a/Fig5_A_stability_performance_curve_pce/accepted/10.1039_c9ta14139a__Fig5__A__stability_performance_curve_pce__HEA__Series_1.csv,points/F01901.csv,11,more_observations
F01902,10.1039/c9tc00064j,data_all/x_time_h/10.1039_c9tc00064j/Fig7_A_stability_performance_curve/accepted/10.1039_c9tc00064j__Fig7__A__stability_performance_curve__Reference__Series_1.csv,points/F01902.csv,13,more_observations
F01903,10.1039/c9tc01741k,data_all/x_time_h/10.1039_c9tc01741k/Fig7_B_stability_performance_curve_pce/accepted/10.1039_c9tc01741k__Fig7__B__stability_performance_curve_pce__PC₆₁BM__Series_1.csv,points/F01903.csv,73,more_observations
F01904,10.1039/c9tc03877a,data_all/x_time_h/10.1039_c9tc03877a/Fig4_A_stability_performance_curve_pce/accepted/10.1039_c9tc03877a__Fig4__A__stability_performance_curve_pce__PCBM__Series_2.csv,points/F01904.csv,24,more_observations
F01905,10.1039/c9tc04067f,data_all/x_time_h/10.1039_c9tc04067f/Fig6_whole_stability/accepted/10.1039_c9tc04067f__Fig6__whole__stability__Pristine__Series_2.csv,points/F01905.csv,32,more_observations
F01906,10.1039/c9tc05679c,data_all/x_time_h/10.1039_c9tc05679c/Fig8_B_stability_performance_curve_pce/accepted/10.1039_c9tc05679c__Fig8__B__stability_performance_curve_pce__CsPbBr₃__Series_2.csv,points/F01906.csv,30,more_observations
F01907,10.1039/c9tc06578d,data_all/x_time_h/10.1039_c9tc06578d/Fig5_A_stability_performance_curve/accepted/10.1039_c9tc06578d__Fig5__A__stability_performance_curve__Control__Series_1.csv,points/F01907.csv,22,more_observations
F01908,10.1039/c9tc06578d,data_all/x_time_h/10.1039_c9tc06578d/Fig5_B_stability_performance_curve_pce/accepted/10.1039_c9tc06578d__Fig5__B__stability_performance_curve_pce__Control__Series_1.csv,points/F01908.csv,52,more_observations
F01909,10.1039/d0ee01655a,data_all/x_time_h/10.1039_d0ee01655a/Fig4_D_stability_performance_curve_pce/accepted/10.1039_d0ee01655a__Fig4__D__stability_performance_curve_pce__Doped_Spiro-OMeTAD__Series_1.csv,points/F01909.csv,11,more_observations
F01910,10.1039/d0ee01655a,data_all/x_time_h/10.1039_d0ee01655a/Fig4_D_stability_performance_curve_pce/accepted/10.1039_d0ee01655a__Fig4__D__stability_performance_curve_pce__YZ18__Series_3.csv,points/F01910.csv,9,more_observations
F01911,10.1039/d0ee01845g,data_all/x_time_h/10.1039_d0ee01845g/Fig3_D_stability_performance_curve/accepted/10.1039_d0ee01845g__Fig3__D__stability_performance_curve__FASnl3__Series_1.csv,points/F01911.csv,11,more_observations
F01912,10.1039/d0ee01845g,data_all/x_time_h/10.1039_d0ee01845g/Fig3_D_stability_performance_curve/accepted/10.1039_d0ee01845g__Fig3__D__stability_performance_curve__TG-FASnl₃__Series_2.csv,points/F01912.csv,11,more_observations
F01913,10.1039/d0ee02043e,data_all/x_time_h/10.1039_d0ee02043e/Fig4_E_stability_performance_curve_pce/accepted/10.1039_d0ee02043e__Fig4__E__stability_performance_curve_pce__control__Series_1.csv,points/F01913.csv,12,more_observations
F01914,10.1039/d0ee02859b,data_all/x_time_h/10.1039_d0ee02859b/Fig3_D_stability_performance_curve/accepted/10.1039_d0ee02859b__Fig3__D__stability_performance_curve__85_°C__Series_2.csv,points/F01914.csv,15,more_observations
F01915,10.1039/d0ra03238g,data_all/x_time_h/10.1039_d0ra03238g/Fig3_D_stability_performance_curve_pce/accepted/10.1039_d0ra03238g__Fig3__D__stability_performance_curve_pce__W_O__Series_2.csv,points/F01915.csv,15,more_observations
F01916,10.1039/d0ra03238g,data_all/x_time_h/10.1039_d0ra03238g/Fig3_D_stability_performance_curve_pce/accepted/10.1039_d0ra03238g__Fig3__D__stability_performance_curve_pce__With_0.2MIMBF₄__Series_1.csv,points/F01916.csv,15,more_observations
F01917,10.1039/d0ra03238g,data_all/x_time_h/10.1039_d0ra03238g/Fig3_D_stability_performance_curve_pce/accepted/10.1039_d0ra03238g__Fig3__D__stability_performance_curve_pce__With_0.4MIMBF₄__Series_3.csv,points/F01917.csv,15,more_observations
F01918,10.1039/d0ra07107b,data_all/x_time_h/10.1039_d0ra07107b/Fig8_B_stability_performance_curve_pce/accepted/10.1039_d0ra07107b__Fig8__B__stability_performance_curve_pce__X_=_10%__Series_1.csv,points/F01918.csv,35,more_observations
F01920,10.1039/d0sc06354a,data_all/x_time_h/10.1039_d0sc06354a/Fig6_D_stability_performance_curve/accepted/10.1039_d0sc06354a__Fig6__D__stability_performance_curve__Control__Series_1.csv,points/F01920.csv,36,more_observations
F01921,10.1039/d0sc06354a,data_all/x_time_h/10.1039_d0sc06354a/Fig6_E_stability_performance_curve_pce/accepted/10.1039_d0sc06354a__Fig6__E__stability_performance_curve_pce__Control__Series_2.csv,points/F01921.csv,11,more_observations
F01922,10.1039/d0se00479k,data_all/x_time_h/10.1039_d0se00479k/Fig6_whole_mppt_stability_performance_curve_pce/accepted/10.1039_d0se00479k__Fig6__whole__mppt_stability_performance_curve_pce__Without_CuSCN__Series_2.csv,points/F01922.csv,14,more_observations
F01923,10.1039/d0se00528b,data_all/x_time_h/10.1039_d0se00528b/Fig6_A_stability_performance_curve_pce/accepted/10.1039_d0se00528b__Fig6__A__stability_performance_curve_pce__MPIB-Perovskitedevices__Series_2.csv,points/F01923.csv,77,more_observations
F01924,10.1039/d0se00528b,data_all/x_time_h/10.1039_d0se00528b/Fig6_A_stability_performance_curve_pce/accepted/10.1039_d0se00528b__Fig6__A__stability_performance_curve_pce__Perovskite_devices__Series_1.csv,points/F01924.csv,76,more_observations
F01925,10.1039/d0se01323d,data_all/x_time_h/10.1039_d0se01323d/Fig7_A_stability_performance_curve/accepted/10.1039_d0se01323d__Fig7__A__stability_performance_curve__Forward_bias__Series_1.csv,points/F01925.csv,22,more_observations
F01926,10.1039/d0se01323d,data_all/x_time_h/10.1039_d0se01323d/Fig7_A_stability_performance_curve/accepted/10.1039_d0se01323d__Fig7__A__stability_performance_curve__Reverse_bias__Series_2.csv,points/F01926.csv,22,more_observations
F01928,10.1039/d0se01493a,data_all/x_time_h/10.1039_d0se01493a/Fig6_D_stability_performance_curve_pattern/accepted/10.1039_d0se01493a__Fig6__D__stability_performance_curve_pattern__Ref__Series_1.csv,points/F01928.csv,11,more_observations
F01930,10.1039/d0ta01255f,data_all/x_time_h/10.1039_d0ta01255f/Fig7_A_stability_performance_curve/accepted/10.1039_d0ta01255f__Fig7__A__stability_performance_curve__Control__Series_2.csv,points/F01930.csv,31,more_observations
F01931,10.1039/d0ta01255f,data_all/x_time_h/10.1039_d0ta01255f/Fig7_B_stability_performance_curve/accepted/10.1039_d0ta01255f__Fig7__B__stability_performance_curve__Control__Series_2.csv,points/F01931.csv,9,more_observations
F01932,10.1039/d0ta01860k,data_all/x_time_h/10.1039_d0ta01860k/Fig5_B_mppt_stability_performance_curve_pce/accepted/10.1039_d0ta01860k__Fig5__B__mppt_stability_performance_curve_pce__doped_Spiro__Series_2.csv,points/F01932.csv,16,more_observations
F01933,10.1039/d0ta02222e,data_all/x_time_h/10.1039_d0ta02222e/Fig7_D_stability_performance_curve_pce/accepted/10.1039_d0ta02222e__Fig7__D__stability_performance_curve_pce__w_o_EPC__Series_1.csv,points/F01933.csv,42,more_observations
F01934,10.1039/d0ta02222e,data_all/x_time_h/10.1039_d0ta02222e/Fig7_D_stability_performance_curve_pce/accepted/10.1039_d0ta02222e__Fig7__D__stability_performance_curve_pce__with_EPC__Series_2.csv,points/F01934.csv,42,more_observations
F01935,10.1039/d0ta02437f,data_all/x_time_h/10.1039_d0ta02437f/Fig6_B_stability_performance_curve_pce/accepted/10.1039_d0ta02437f__Fig6__B__stability_performance_curve_pce__3D__Series_2.csv,points/F01935.csv,17,more_observations
F01936,10.1039/d0ta04275g,data_all/x_time_h/10.1039_d0ta04275g/Fig6_A_stability_performance_curve/accepted/10.1039_d0ta04275g__Fig6__A__stability_performance_curve__NP-SnO₂__Series_1.csv,points/F01936.csv,93,more_observations
F01937,10.1039/d0ta04275g,data_all/x_time_h/10.1039_d0ta04275g/Fig6_B_stability_performance_curve/accepted/10.1039_d0ta04275g__Fig6__B__stability_performance_curve__NP-SnO₂__Series_1.csv,points/F01937.csv,27,more_observations
F01938,10.1039/d0ta04680a,data_all/x_time_h/10.1039_d0ta04680a/Fig5_E_pattern/accepted/10.1039_d0ta04680a__Fig5__E__pattern__FABA__Series_2.csv,points/F01938.csv,9,more_observations
F01939,10.1039/d0ta04680a,data_all/x_time_h/10.1039_d0ta04680a/Fig5_E_pattern/accepted/10.1039_d0ta04680a__Fig5__E__pattern__FA__Series_1.csv,points/F01939.csv,9,more_observations
F01940,10.1039/d0ta05676f,data_all/x_time_h/10.1039_d0ta05676f/Fig7_C_stability_performance_curve_pattern/accepted/10.1039_d0ta05676f__Fig7__C__stability_performance_curve_pattern__W_O_FACI__Series_2.csv,points/F01940.csv,92,more_observations
F01941,10.1039/d0ta06033j,data_all/x_time_h/10.1039_d0ta06033j/Fig4_F_stability_performance_curve_pattern/accepted/10.1039_d0ta06033j__Fig4__F__stability_performance_curve_pattern__0%CTAC__Series_2.csv,points/F01941.csv,42,more_observations
F01942,10.1039/d0ta09209f,data_all/x_time_h/10.1039_d0ta09209f/Fig7_D_stability_performance_curve/accepted/10.1039_d0ta09209f__Fig7__D__stability_performance_curve__Control__Series_1.csv,points/F01942.csv,9,more_observations
F01945,10.1039/d0ta10535j,data_all/x_time_h/10.1039_d0ta10535j/Fig6_B_jv_curve_stability_performance/accepted/10.1039_d0ta10535j__Fig6__B__jv_curve_stability_performance__Pristine__Series_1.csv,points/F01945.csv,65,more_observations
F01948,10.1039/d0ta11916d,data_all/x_time_h/10.1039_d0ta11916d/Fig5_C_stability_performance_curve/accepted/10.1039_d0ta11916d__Fig5__C__stability_performance_curve__Raw_film__Series_2.csv,points/F01948.csv,78,more_observations
F01949,10.1039/d0ta12286f,data_all/x_time_h/10.1039_d0ta12286f/Fig5_A_stability_performance_curve_pce/accepted/10.1039_d0ta12286f__Fig5__A__stability_performance_curve_pce__FA₀.₈Cs₀.₂Pb(I₀.₆Br₀.₄)₃-based_tandem__Series_2.csv,points/F01949.csv,12,more_observations
F01950,10.1039/d0ta12286f,data_all/x_time_h/10.1039_d0ta12286f/Fig5_B_stability_performance_curve_pce/accepted/10.1039_d0ta12286f__Fig5__B__stability_performance_curve_pce__FA0.8Cs0.2Pb(1o.6Br0.4)3-based_tandem__Series_2.csv,points/F01950.csv,21,more_observations
F01951,10.1039/d0ta12342k,data_all/x_time_h/10.1039_d0ta12342k/Fig5_C_stability_performance_curve_pce/accepted/10.1039_d0ta12342k__Fig5__C__stability_performance_curve_pce__Pristine__Series_2.csv,points/F01951.csv,19,more_observations
F01952,10.1039/d0tc01244k,data_all/x_time_h/10.1039_d0tc01244k/Fig5_whole_stability/accepted/10.1039_d0tc01244k__Fig5__whole__stability__Control__Series_2.csv,points/F01952.csv,23,more_observations
F01953,10.1039/d0tc01244k,data_all/x_time_h/10.1039_d0tc01244k/Fig5_whole_stability/accepted/10.1039_d0tc01244k__Fig5__whole__stability__PEAI_anti-solvent__Series_3.csv,points/F01953.csv,21,more_observations
F01954,10.1039/d0tc01244k,data_all/x_time_h/10.1039_d0tc01244k/Fig5_whole_stability/accepted/10.1039_d0tc01244k__Fig5__whole__stability__PEAI_layer__Series_1.csv,points/F01954.csv,23,more_observations
F01955,10.1039/d0tc02078h,data_all/x_time_h/10.1039_d0tc02078h/Fig5_whole_stability_performance_curve_pce/accepted/10.1039_d0tc02078h__Fig5__whole__stability_performance_curve_pce__Standard__Series_3.csv,points/F01955.csv,28,more_observations
F01956,10.1039/d0tc02438d,data_all/x_time_h/10.1039_d0tc02438d/Fig4_C_stability_performance_curve_pce/accepted/10.1039_d0tc02438d__Fig4__C__stability_performance_curve_pce__c-TiO₂__Series_3.csv,points/F01956.csv,34,more_observations
F01957,10.1039/d0tc04056h,data_all/x_time_h/10.1039_d0tc04056h/Fig6_D_stability_performance_curve_pce/accepted/10.1039_d0tc04056h__Fig6__D__stability_performance_curve_pce__0_%__Series_1.csv,points/F01957.csv,25,more_observations
F01958,10.1039/d0tc04624h,data_all/x_time_h/10.1039_d0tc04624h/Fig6_F_stability_performance_curve/accepted/10.1039_d0tc04624h__Fig6__F__stability_performance_curve__without_CoBr₂__Series_2.csv,points/F01958.csv,22,more_observations
F01959,10.1039/d0tc05113f,data_all/x_time_h/10.1039_d0tc05113f/Fig5_F_stability_performance_curve_pce/accepted/10.1039_d0tc05113f__Fig5__F__stability_performance_curve_pce__W_OPTB7__Series_1.csv,points/F01959.csv,51,more_observations
F01960,10.1039/d0tc05455k,data_all/x_time_h/10.1039_d0tc05455k/Fig6_B_stability_performance_curve_pce/accepted/10.1039_d0tc05455k__Fig6__B__stability_performance_curve_pce__CsPbIBr₂__Series_1.csv,points/F01960.csv,34,more_observations
F01961,10.1039/d1cp02596a,data_all/x_time_h/10.1039_d1cp02596a/Fig5_G_stability_performance_curve/accepted/10.1039_d1cp02596a__Fig5__G__stability_performance_curve__FASnl__Series_2.csv,points/F01961.csv,9,more_observations
F01962,10.1039/d1ee00116g,data_all/x_time_h/10.1039_d1ee00116g/Fig1_F_stability_performance_curve_jsc/accepted/10.1039_d1ee00116g__Fig1__F__stability_performance_curve_jsc__Unpolished_CFM_device__Series_1.csv,points/F01962.csv,103,more_observations
F01966,10.1039/d1ma00975c,data_all/x_time_h/10.1039_d1ma00975c/Fig9_A_stability_performance_curve_voc/accepted/10.1039_d1ma00975c__Fig9__A__stability_performance_curve_voc__GVL_only__Series_1.csv,points/F01966.csv,38,more_observations
F01967,10.1039/d1na00172h,data_all/x_time_h/10.1039_d1na00172h/Fig5_B_stability_performance_curve_pce/accepted/10.1039_d1na00172h__Fig5__B__stability_performance_curve_pce__Series_1__Series_1.csv,points/F01967.csv,16,more_observations
F01968,10.1039/d1na00172h,data_all/x_time_h/10.1039_d1na00172h/Fig6_B_stability_performance_curve_pce/accepted/10.1039_d1na00172h__Fig6__B__stability_performance_curve_pce__PSC-2__Series_2.csv,points/F01968.csv,72,more_observations
F01969,10.1039/d1na00172h,data_all/x_time_h/10.1039_d1na00172h/Fig6_B_stability_performance_curve_pce/accepted/10.1039_d1na00172h__Fig6__B__stability_performance_curve_pce__PSC-Ref__Series_1.csv,points/F01969.csv,71,more_observations
F01970,10.1039/d1na00173f,data_all/x_time_h/10.1039_d1na00173f/Fig5_D_stability_performance_curve/accepted/10.1039_d1na00173f__Fig5__D__stability_performance_curve__ZIF-8@FAI__Series_4.csv,points/F01970.csv,15,more_observations
F01971,10.1039/d1na00173f,data_all/x_time_h/10.1039_d1na00173f/Fig5_D_stability_performance_curve/accepted/10.1039_d1na00173f__Fig5__D__stability_performance_curve__ZIF-8@MAI__Series_3.csv,points/F01971.csv,15,more_observations
F01972,10.1039/d1na00173f,data_all/x_time_h/10.1039_d1na00173f/Fig5_D_stability_performance_curve/accepted/10.1039_d1na00173f__Fig5__D__stability_performance_curve__ZIF-8__Series_2.csv,points/F01972.csv,15,more_observations
F01973,10.1039/d1na00173f,data_all/x_time_h/10.1039_d1na00173f/Fig5_D_stability_performance_curve/accepted/10.1039_d1na00173f__Fig5__D__stability_performance_curve__o-Pristine__Series_1.csv,points/F01973.csv,15,more_observations
F01974,10.1039/d1na00173f,data_all/x_time_h/10.1039_d1na00173f/Fig5_E_mppt_stability_performance_curve_spectrum/accepted/10.1039_d1na00173f__Fig5__E__mppt_stability_performance_curve_spectrum__Pristine__Series_1.csv,points/F01974.csv,16,more_observations
F01975,10.1039/d1na00173f,data_all/x_time_h/10.1039_d1na00173f/Fig5_E_mppt_stability_performance_curve_spectrum/accepted/10.1039_d1na00173f__Fig5__E__mppt_stability_performance_curve_spectrum__ZIF-8@FAI__Series_4.csv,points/F01975.csv,15,more_observations
F01976,10.1039/d1na00173f,data_all/x_time_h/10.1039_d1na00173f/Fig5_E_mppt_stability_performance_curve_spectrum/accepted/10.1039_d1na00173f__Fig5__E__mppt_stability_performance_curve_spectrum__ZIF-8@MAI__Series_3.csv,points/F01976.csv,15,more_observations
F01977,10.1039/d1na00173f,data_all/x_time_h/10.1039_d1na00173f/Fig5_E_mppt_stability_performance_curve_spectrum/accepted/10.1039_d1na00173f__Fig5__E__mppt_stability_performance_curve_spectrum__ZIF-8__Series_2.csv,points/F01977.csv,16,more_observations
F01979,10.1039/d1na00173f,data_all/x_time_h/10.1039_d1na00173f/Fig5_F_mppt_stability_performance_curve_spectrum/accepted/10.1039_d1na00173f__Fig5__F__mppt_stability_performance_curve_spectrum__ZIF-8@FAI_biased_at_0.85_V__Series_1.csv,points/F01979.csv,47,more_observations
F01980,10.1039/d1qm00435b,data_all/x_time_h/10.1039_d1qm00435b/Fig7_A_stability/accepted/10.1039_d1qm00435b__Fig7__A__stability__Spiro-OMeTAD-based_PSC__Series_2.csv,points/F01980.csv,49,more_observations
F01981,10.1039/d1qm00680k,data_all/x_time_h/10.1039_d1qm00680k/Fig5_C_stability_performance_curve_pce/accepted/10.1039_d1qm00680k__Fig5__C__stability_performance_curve_pce__Pristine__Series_2.csv,points/F01981.csv,27,more_observations
F01982,10.1039/d1ra01236c,data_all/x_time_h/10.1039_d1ra01236c/Fig7_A_stability_performance_curve_pce/accepted/10.1039_d1ra01236c__Fig7__A__stability_performance_curve_pce__0%__Series_1.csv,points/F01982.csv,12,more_observations
F01984,10.1039/d1ra01236c,data_all/x_time_h/10.1039_d1ra01236c/Fig7_B_stability_performance_curve_pce/accepted/10.1039_d1ra01236c__Fig7__B__stability_performance_curve_pce__0%__Series_2.csv,points/F01984.csv,21,more_observations
F01985,10.1039/d1ra01236c,data_all/x_time_h/10.1039_d1ra01236c/Fig7_B_stability_performance_curve_pce/accepted/10.1039_d1ra01236c__Fig7__B__stability_performance_curve_pce__5%__Series_1.csv,points/F01985.csv,23,more_observations
F01986,10.1039/d1ta04922d,data_all/x_time_h/10.1039_d1ta04922d/Fig6_B_stability_performance_curve/accepted/10.1039_d1ta04922d__Fig6__B__stability_performance_curve__w_o_[PNA]BF₄__Series_1.csv,points/F01986.csv,9,more_observations
F01988,10.1039/d1ta05699a,data_all/x_time_h/10.1039_d1ta05699a/Fig5_E_stability_performance_curve/accepted/10.1039_d1ta05699a__Fig5__E__stability_performance_curve__Control__Series_2.csv,points/F01988.csv,70,more_observations
F01989,10.1039/d1ta05699a,data_all/x_time_h/10.1039_d1ta05699a/Fig5_E_stability_performance_curve/accepted/10.1039_d1ta05699a__Fig5__E__stability_performance_curve__n-Babr__Series_4.csv,points/F01989.csv,70,more_observations
F01990,10.1039/d1ta05699a,data_all/x_time_h/10.1039_d1ta05699a/Fig5_E_stability_performance_curve/accepted/10.1039_d1ta05699a__Fig5__E__stability_performance_curve__n-DAbr__Series_1.csv,points/F01990.csv,70,more_observations
F01991,10.1039/d1tc01720a,data_all/x_time_h/10.1039_d1tc01720a/Fig4_C_stability_performance_curve_pce/accepted/10.1039_d1tc01720a__Fig4__C__stability_performance_curve_pce__Control__Series_1.csv,points/F01991.csv,12,more_observations
F01992,10.1039/d2ma00391k,data_all/x_time_h/10.1039_d2ma00391k/Fig5_H_stability_performance_curve/accepted/10.1039_d2ma00391k__Fig5__H__stability_performance_curve__control__Series_3.csv,points/F01992.csv,8,more_observations
F01993,10.1039/d2ma00391k,data_all/x_time_h/10.1039_d2ma00391k/Fig5_I_stability/accepted/10.1039_d2ma00391k__Fig5__I__stability__control__Series_1.csv,points/F01993.csv,40,more_observations
F01994,10.1039/d2ma00431c,data_all/x_time_h/10.1039_d2ma00431c/Fig4_C_mppt_stability_performance_curve_pce_structure/accepted/10.1039_d2ma00431c__Fig4__C__mppt_stability_performance_curve_pce_structure__RS-PVK__Series_1.csv,points/F01994.csv,78,more_observations
F01995,10.1039/d2ta05836g,data_all/x_time_h/10.1039_d2ta05836g/Fig6_G_stability_performance_curve_pce/accepted/10.1039_d2ta05836g__Fig6__G__stability_performance_curve_pce__oControl__Series_1.csv,points/F01995.csv,22,more_observations
F01998,10.1039/d3ee02344c,data_all/x_time_h/10.1039_d3ee02344c/Fig5_A_mppt_stability_performance_curve_pce/accepted/10.1039_d3ee02344c__Fig5__A__mppt_stability_performance_curve_pce__Reference__Series_3.csv,points/F01998.csv,11,more_observations
F01999,10.1039/d3ee02344c,data_all/x_time_h/10.1039_d3ee02344c/Fig5_B_stability_performance_curve_pce/accepted/10.1039_d3ee02344c__Fig5__B__stability_performance_curve_pce__Reference__Series_3.csv,points/F01999.csv,11,more_observations
F02000,10.1039/d3ee03687a,data_all/x_time_h/10.1039_d3ee03687a/Fig5_B_stability_performance_curve_pce/accepted/10.1039_d3ee03687a__Fig5__B__stability_performance_curve_pce__AS__Series_1.csv,points/F02000.csv,11,more_observations
F02001,10.1039/d3ma00285c,data_all/x_time_h/10.1039_d3ma00285c/Fig7_D_mppt_stability_performance_curve_pce_photovoltaic_parameter/accepted/10.1039_d3ma00285c__Fig7__D__mppt_stability_performance_curve_pce_photovoltaic_parameter__2D_3D_prvk__Series_2.csv,points/F02001.csv,24,more_observations
F02005,10.1039/d3se00435j,data_all/x_time_h/10.1039_d3se00435j/Fig8_B_stability_performance_curve_pce/accepted/10.1039_d3se00435j__Fig8__B__stability_performance_curve_pce__Reference__Series_2.csv,points/F02005.csv,10,more_observations
F02010,10.1039/d3ta07690c,data_all/x_time_h/10.1039_d3ta07690c/Fig6_F_stability_performance_curve_pce/accepted/10.1039_d3ta07690c__Fig6__F__stability_performance_curve_pce__Control__Series_1.csv,points/F02010.csv,36,more_observations
F02011,10.1039/d3ta07845k,data_all/x_time_h/10.1039_d3ta07845k/Fig5_A_stability_performance_curve_pce/accepted/10.1039_d3ta07845k__Fig5__A__stability_performance_curve_pce__Control__Series_1.csv,points/F02011.csv,8,more_observations
F02012,10.1039/d3ta07845k,data_all/x_time_h/10.1039_d3ta07845k/Fig5_B_stability_performance_curve_pce/accepted/10.1039_d3ta07845k__Fig5__B__stability_performance_curve_pce__Control__Series_2.csv,points/F02012.csv,29,more_observations
F02013,10.1039/d3ta07851e,data_all/x_time_h/10.1039_d3ta07851e/Fig3_E_stability_performance_curve_pce/accepted/10.1039_d3ta07851e__Fig3__E__stability_performance_curve_pce__Spiro-OMeTAD__Series_2.csv,points/F02013.csv,52,more_observations
F02015,10.1039/d4ee01841a,data_all/x_time_h/10.1039_d4ee01841a/Fig6_A_stability_performance_curve_pce/accepted/10.1039_d4ee01841a__Fig6__A__stability_performance_curve_pce__Reference__Series_1.csv,points/F02015.csv,55,more_observations
F02016,10.1039/d4ee01960a,data_all/x_time_h/10.1039_d4ee01960a/Fig5_A_stability_performance_curve/accepted/10.1039_d4ee01960a__Fig5__A__stability_performance_curve__4PACz__Series_2.csv,points/F02016.csv,17,more_observations
F02017,10.1039/d4ee01960a,data_all/x_time_h/10.1039_d4ee01960a/Fig5_C_stability_performance_curve/accepted/10.1039_d4ee01960a__Fig5__C__stability_performance_curve__0-4PACz__Series_1.csv,points/F02017.csv,9,more_observations
F02021,10.1039/d4ee03001j,data_all/x_time_h/10.1039_d4ee03001j/Fig2_E_stability_performance_curve/accepted/10.1039_d4ee03001j__Fig2__E__stability_performance_curve__PEDOT_PSS_MAPI+GASCN__Series_3.csv,points/F02021.csv,32,more_observations
F02023,10.1039/d4ee03001j,data_all/x_time_h/10.1039_d4ee03001j/Fig2_F_stability_performance_curve/accepted/10.1039_d4ee03001j__Fig2__F__stability_performance_curve__PEDOT_PSS_MAPI__Series_2.csv,points/F02023.csv,31,more_observations
F02024,10.1039/d4ee03001j,data_all/x_time_h/10.1039_d4ee03001j/Fig5_F_mppt_stability_performance_curve_jsc/accepted/10.1039_d4ee03001j__Fig5__F__mppt_stability_performance_curve_jsc__Control__Series_2.csv,points/F02024.csv,50,more_observations
F02026,10.1039/d4ee03897e,data_all/x_time_h/10.1039_d4ee03897e/Fig7_A_stability_performance_curve_pce/accepted/10.1039_d4ee03897e__Fig7__A__stability_performance_curve_pce__CQ__Series_1.csv,points/F02026.csv,10,more_observations
F02028,10.1039/d4ee05699j,data_all/x_time_h/10.1039_d4ee05699j/Fig4_I_stability_performance_curve_pce/accepted/10.1039_d4ee05699j__Fig4__I__stability_performance_curve_pce__Control-PSMs__Series_2.csv,points/F02028.csv,14,more_observations
F02031,10.1039/d4ee06038e,data_all/x_time_h/10.1039_d4ee06038e/Fig4_F_stability_performance_curve_pce/accepted/10.1039_d4ee06038e__Fig4__F__stability_performance_curve_pce__Control__Series_1.csv,points/F02031.csv,8,more_observations
F02032,10.1039/d4qi00166d,data_all/x_time_h/10.1039_d4qi00166d/Fig7_A_stability_performance_curve_pce_spectrum/accepted/10.1039_d4qi00166d__Fig7__A__stability_performance_curve_pce_spectrum__SnO₂__Series_1.csv,points/F02032.csv,18,more_observations
F02034,10.1039/d4ra08786k,data_all/x_time_h/10.1039_d4ra08786k/Fig7_B_stability_performance_curve_pce/accepted/10.1039_d4ra08786k__Fig7__B__stability_performance_curve_pce__Untreated_Initial_PCE_=_16.51%__Series_2.csv,points/F02034.csv,16,more_observations
F02035,10.1039/d4sc02020k,data_all/x_time_h/10.1039_d4sc02020k/Fig4_C_stability_performance_curve_pce/accepted/10.1039_d4sc02020k__Fig4__C__stability_performance_curve_pce__PTAA_Li-CYCLIC__Series_2.csv,points/F02035.csv,10,more_observations
F02036,10.1039/d4sc02020k,data_all/x_time_h/10.1039_d4sc02020k/Fig4_C_stability_performance_curve_pce/accepted/10.1039_d4sc02020k__Fig4__C__stability_performance_curve_pce__PTAA_Li-TFSI__Series_1.csv,points/F02036.csv,9,more_observations
F02037,10.1039/d4sc04819a,data_all/x_time_h/10.1039_d4sc04819a/Fig5_E_stability_performance_curve_pce/accepted/10.1039_d4sc04819a__Fig5__E__stability_performance_curve_pce__Ref__Series_1.csv,points/F02037.csv,31,more_observations
F02038,10.1039/d4sc04819a,data_all/x_time_h/10.1039_d4sc04819a/Fig5_F_stability_performance_curve_pce/accepted/10.1039_d4sc04819a__Fig5__F__stability_performance_curve_pce__Ref__Series_1.csv,points/F02038.csv,32,more_observations
F02039,10.1039/d4sc07759h,data_all/x_time_h/10.1039_d4sc07759h/Fig1_C_stability_performance_curve_pce/accepted/10.1039_d4sc07759h__Fig1__C__stability_performance_curve_pce__Pbl2+FA1__Series_2.csv,points/F02039.csv,36,more_observations
F02040,10.1039/d4sc08810g,data_all/x_time_h/10.1039_d4sc08810g/Fig5_E_stability_performance_curve_pce/accepted/10.1039_d4sc08810g__Fig5__E__stability_performance_curve_pce__MPA-CPA__Series_1.csv,points/F02040.csv,25,more_observations
F02041,10.1039/d4sc08810g,data_all/x_time_h/10.1039_d4sc08810g/Fig5_E_stability_performance_curve_pce/accepted/10.1039_d4sc08810g__Fig5__E__stability_performance_curve_pce__Me_HPA-CPA__Series_2.csv,points/F02041.csv,25,more_observations
F02042,10.1039/d4se01227e,data_all/x_time_h/10.1039_d4se01227e/Fig3_B_stability_performance_curve_voc_plot/accepted/10.1039_d4se01227e__Fig3__B__stability_performance_curve_voc_plot__BAI-OAI__Series_1.csv,points/F02042.csv,39,more_observations
F02043,10.1039/d4se01227e,data_all/x_time_h/10.1039_d4se01227e/Fig3_B_stability_performance_curve_voc_plot/accepted/10.1039_d4se01227e__Fig3__B__stability_performance_curve_voc_plot__BAI__Series_2.csv,points/F02043.csv,38,more_observations
F02044,10.1039/d4se01227e,data_all/x_time_h/10.1039_d4se01227e/Fig3_B_stability_performance_curve_voc_plot/accepted/10.1039_d4se01227e__Fig3__B__stability_performance_curve_voc_plot__OAl__Series_3.csv,points/F02044.csv,39,more_observations
F02045,10.1039/d4se01227e,data_all/x_time_h/10.1039_d4se01227e/Fig3_B_stability_performance_curve_voc_plot/accepted/10.1039_d4se01227e__Fig3__B__stability_performance_curve_voc_plot__Without__Series_4.csv,points/F02045.csv,39,more_observations
F02046,10.1039/d4su00641k,data_all/x_time_h/10.1039_d4su00641k/Fig1_whole_stability_performance_curve/accepted/10.1039_d4su00641k__Fig1__whole__stability_performance_curve__Mixed_perovskite__Series_1.csv,points/F02046.csv,44,more_observations
F02047,10.1039/d4su00641k,data_all/x_time_h/10.1039_d4su00641k/Fig1_whole_stability_performance_curve/accepted/10.1039_d4su00641k__Fig1__whole__stability_performance_curve__Pure_perovskite__Series_2.csv,points/F02047.csv,46,more_observations
F02049,10.1039/d4ta04853a,data_all/x_time_h/10.1039_d4ta04853a/Fig4_A_stability_performance_curve_pce/accepted/10.1039_d4ta04853a__Fig4__A__stability_performance_curve_pce__Control__Series_1.csv,points/F02049.csv,11,more_observations
F02050,10.1039/d4ta05155f,data_all/x_time_h/10.1039_d4ta05155f/Fig6_B_stability_performance_curve_pce/accepted/10.1039_d4ta05155f__Fig6__B__stability_performance_curve_pce__Control__Series_1.csv,points/F02050.csv,11,more_observations
F02051,10.1039/d4ta05155f,data_all/x_time_h/10.1039_d4ta05155f/Fig6_D_mppt_stability_performance_curve_pce/accepted/10.1039_d4ta05155f__Fig6__D__mppt_stability_performance_curve_pce__一Control__Series_1.csv,points/F02051.csv,13,more_observations
F02054,10.1039/d4ta08566c,data_all/x_time_h/10.1039_d4ta08566c/Fig2_F_mppt_stability_performance_curve/accepted/10.1039_d4ta08566c__Fig2__F__mppt_stability_performance_curve__Control__Series_1.csv,points/F02054.csv,20,more_observations
F02055,10.1039/d4ta08811e,data_all/x_time_h/10.1039_d4ta08811e/Fig5_G_stability_performance_curve_pce/accepted/10.1039_d4ta08811e__Fig5__G__stability_performance_curve_pce__CT__Series_3.csv,points/F02055.csv,29,more_observations
F02057,10.1039/d4tc00466c,data_all/x_time_h/10.1039_d4tc00466c/Fig6_A_stability_performance_curve_pce/accepted/10.1039_d4tc00466c__Fig6__A__stability_performance_curve_pce__0—2D-PVSK__Series_1.csv,points/F02057.csv,10,more_observations
F02058,10.1039/d5ee00524h,data_all/x_time_h/10.1039_d5ee00524h/Fig6_I_mppt_stability_performance_curve_pce/accepted/10.1039_d5ee00524h__Fig6__I__mppt_stability_performance_curve_pce__Control__Series_2.csv,points/F02058.csv,10,more_observations
F02059,10.1039/d5ee01110h,data_all/x_time_h/10.1039_d5ee01110h/Fig1_D_stability_performance_curve/accepted/10.1039_d5ee01110h__Fig1__D__stability_performance_curve__Control__Series_1.csv,points/F02059.csv,16,more_observations
F02060,10.1039/d5ee01110h,data_all/x_time_h/10.1039_d5ee01110h/Fig1_E_stability_performance_curve/accepted/10.1039_d5ee01110h__Fig1__E__stability_performance_curve__Control__Series_2.csv,points/F02060.csv,20,more_observations
F02062,10.1039/d5ee03162a,data_all/x_time_h/10.1039_d5ee03162a/Fig4_B_jv_curve_stability_performance_pce/accepted/10.1039_d5ee03162a__Fig4__B__jv_curve_stability_performance_pce__Control__Series_1.csv,points/F02062.csv,12,more_observations
F02063,10.1039/d5ma00192g,data_all/x_time_h/10.1039_d5ma00192g/Fig5_whole_stability_performance_curve/accepted/10.1039_d5ma00192g__Fig5__whole__stability_performance_curve__Control__Series_2.csv,points/F02063.csv,16,more_observations
F02064,10.1039/d5sc04440e,data_all/x_time_h/10.1039_d5sc04440e/Fig4_C_stability_performance_curve_pce/accepted/10.1039_d5sc04440e__Fig4__C__stability_performance_curve_pce__PTAA_Li-TFSI__Series_1.csv,points/F02064.csv,57,more_observations
F02065,10.1063/1.5085643,data_all/x_time_h/10.1063_1.5085643/Fig7_E_stability_performance_curve/accepted/10.1063_1.5085643__Fig7__E__stability_performance_curve__control__Series_1.csv,points/F02065.csv,19,more_observations
F02066,10.1063/1.5085643,data_all/x_time_h/10.1063_1.5085643/Fig7_E_stability_performance_curve/accepted/10.1063_1.5085643__Fig7__E__stability_performance_curve__w_2D_perovskite__Series_2.csv,points/F02066.csv,20,more_observations
F02067,10.1063/5.0024135,data_all/x_time_h/10.1063_5.0024135/Fig5_whole_stability/accepted/10.1063_5.0024135__Fig5__whole__stability__PEA__Series_1.csv,points/F02067.csv,14,more_observations
F02068,10.1063/5.0050512,data_all/x_time_h/10.1063_5.0050512/Fig4_D_stability_performance_curve_pce/accepted/10.1063_5.0050512__Fig4__D__stability_performance_curve_pce__PEDOT_PSS_MAPbI3__Series_2.csv,points/F02068.csv,16,more_observations
F02069,10.1063/5.0142995,data_all/x_time_h/10.1063_5.0142995/Fig4_D_stability_performance_curve_pce/accepted/10.1063_5.0142995__Fig4__D__stability_performance_curve_pce__Control_(Initial_PCE_18.68%)__Series_1.csv,points/F02069.csv,19,more_observations
F02070,10.1063/5.0142995,data_all/x_time_h/10.1063_5.0142995/Fig4_D_stability_performance_curve_pce/accepted/10.1063_5.0142995__Fig4__D__stability_performance_curve_pce__DFCHAI-treated_(Initial_PCE_21.45%)__Series_2.csv,points/F02070.csv,19,more_observations
F02071,10.1088/1361-6463_aa7905,data_all/x_time_h/10.1088_1361-6463_aa7905/Fig6_D_chart/accepted/10.1088_1361-6463_aa7905__Fig6__D__chart__IS0S-L-1__Series_3.csv,points/F02071.csv,11,more_observations
F02072,10.1088/1361-6463_aa7905,data_all/x_time_h/10.1088_1361-6463_aa7905/Fig6_D_chart/accepted/10.1088_1361-6463_aa7905__Fig6__D__chart__ISOS-0-1__Series_2.csv,points/F02072.csv,12,more_observations
F02073,10.1088/1361-6528_aaf2ad,data_all/x_time_h/10.1088_1361-6528_aaf2ad/Fig4_B_stability_performance_curve_pce/accepted/10.1088_1361-6528_aaf2ad__Fig4__B__stability_performance_curve_pce__SnO₂__Series_2.csv,points/F02073.csv,34,more_observations
F02078,10.1109/jphotov.2020.2987390,data_all/x_time_h/10.1109_jphotov.2020.2987390/Fig4_D_stability_performance_curve_pce/accepted/10.1109_jphotov.2020.2987390__Fig4__D__stability_performance_curve_pce__MoO₃__Series_2.csv,points/F02078.csv,31,more_observations
F02081,10.1126/sciadv.aav2012,data_all/x_time_h/10.1126_sciadv.aav2012/Fig5_B_mppt_stability_performance_curve_jsc/accepted/10.1126_sciadv.aav2012__Fig5__B__mppt_stability_performance_curve_jsc__Spiro__Series_2.csv,points/F02081.csv,14,more_observations
F02082,10.1126/sciadv.aav8925,data_all/x_time_h/10.1126_sciadv.aav8925/Fig5_A_stability_performance_curve_pce/accepted/10.1126_sciadv.aav8925__Fig5__A__stability_performance_curve_pce__MAPbI3__Series_1.csv,points/F02082.csv,10,more_observations
F02083,10.1126/sciadv.aav8925,data_all/x_time_h/10.1126_sciadv.aav8925/Fig5_B_stability_performance_curve_pce/accepted/10.1126_sciadv.aav8925__Fig5__B__stability_performance_curve_pce__MAPbI3__Series_2.csv,points/F02083.csv,19,more_observations
F02085,10.1126/sciadv.abd1580,data_all/x_time_h/10.1126_sciadv.abd1580/Fig5_B_stability_performance_curve/accepted/10.1126_sciadv.abd1580__Fig5__B__stability_performance_curve__PSCs_with_Cu__Series_1.csv,points/F02085.csv,10,more_observations
F02086,10.1126/sciadv.abd1580,data_all/x_time_h/10.1126_sciadv.abd1580/Fig5_C_mppt_stability_performance_curve_pce/accepted/10.1126_sciadv.abd1580__Fig5__C__mppt_stability_performance_curve_pce__PSCs_with_Cu__Series_2.csv,points/F02086.csv,27,more_observations
F02088,10.1126/science.aai9081,data_all/x_time_h/10.1126_science.aai9081/Fig4_B_mppt_stability_performance_curve_pce/accepted/10.1126_science.aai9081__Fig4__B__mppt_stability_performance_curve_pce__MPP_tracking_Under_AM1.5_illumination__Series_1.csv,points/F02088.csv,44,more_observations
F02090,10.1126/science.aam6620,data_all/x_time_h/10.1126_science.aam6620/Fig4_A_stability_performance_curve_pce_2/accepted/10.1126_science.aam6620__Fig4__A__stability_performance_curve_pce_2__TiO₂_PSC__Series_2.csv,points/F02090.csv,69,more_observations
F02091,10.1126/science.aax8018,data_all/x_time_h/10.1126_science.aax8018/Fig4_E_stability_performance_curve/accepted/10.1126_science.aax8018__Fig4__E__stability_performance_curve__Control__Series_1.csv,points/F02091.csv,9,more_observations
F02092,10.1126/science.aax8018,data_all/x_time_h/10.1126_science.aax8018/Fig4_E_stability_performance_curve/accepted/10.1126_science.aax8018__Fig4__E__stability_performance_curve__GO__Series_2.csv,points/F02092.csv,9,more_observations
F02093,10.1126/science.aaz5074,data_all/x_time_h/10.1126_science.aaz5074/Fig4_H_mppt_stability_performance_curve_pce/accepted/10.1126_science.aaz5074__Fig4__H__mppt_stability_performance_curve_pce__Opaque_in_air_(0.06_cm²)__Series_1.csv,points/F02093.csv,19,more_observations
F02094,10.1126/science.aba1628,data_all/x_time_h/10.1126_science.aba1628/Fig3_A_spectrum/accepted/10.1126_science.aba1628__Fig3__A__spectrum__Ctrl__Series_1.csv,points/F02094.csv,16,more_observations
F02095,10.1126/science.aba1628,data_all/x_time_h/10.1126_science.aba1628/Fig3_A_spectrum/accepted/10.1126_science.aba1628__Fig3__A__spectrum__[BMP]+[BF4]-__Series_2.csv,points/F02095.csv,16,more_observations
F02096,10.1126/science.adg3755,data_all/x_time_h/10.1126_science.adg3755/Fig4_H_stability_performance_curve_pce/accepted/10.1126_science.adg3755__Fig4__H__stability_performance_curve_pce__2PACz__Series_3.csv,points/F02096.csv,28,more_observations
F02097,10.1126/science.adg3755,data_all/x_time_h/10.1126_science.adg3755/Fig4_H_stability_performance_curve_pce/accepted/10.1126_science.adg3755__Fig4__H__stability_performance_curve_pce__PTAA__Series_1.csv,points/F02097.csv,28,more_observations
F02098,10.1142/s179329201950022x,data_all/x_time_h/10.1142_s179329201950022x/Fig4_E_stability_performance_curve_pce/accepted/10.1142_s179329201950022x__Fig4__E__stability_performance_curve_pce__0wt%BHT__Series_2.csv,points/F02098.csv,16,more_observations
F02099,10.1155/2024_9417829,data_all/x_time_h/10.1155_2024_9417829/Fig5_I_stability_performance_curve_pce/accepted/10.1155_2024_9417829__Fig5__I__stability_performance_curve_pce__A-25°℃__Series_1.csv,points/F02099.csv,28,more_observations
F02100,10.1360/tb-2020-1409,data_all/x_time_h/10.1360_tb-2020-1409/Fig2_C_curve/accepted/10.1360_tb-2020-1409__Fig2__C__curve__SnF₂+N₂H₅Cl__Series_2.csv,points/F02100.csv,9,more_observations
F02101,10.1360/tb-2020-1409,data_all/x_time_h/10.1360_tb-2020-1409/Fig2_C_curve/accepted/10.1360_tb-2020-1409__Fig2__C__curve__SnF₂__Series_1.csv,points/F02101.csv,8,more_observations
F02102,10.26599/nre.2023.9120073,data_all/x_time_h/10.26599_nre.2023.9120073/Fig4_C_pce/accepted/10.26599_nre.2023.9120073__Fig4__C__pce__ZnO__Series_1.csv,points/F02102.csv,31,more_observations
F02103,10.3390/coatings11060627,data_all/x_time_h/10.3390_coatings11060627/Fig3_A_stability_performance_curve/accepted/10.3390_coatings11060627__Fig3__A__stability_performance_curve__PEDOT_PSS__Series_1.csv,points/F02103.csv,80,more_observations
F02104,10.3390/coatings13091528,data_all/x_time_h/10.3390_coatings13091528/Fig6_D_stability_performance_curve_pce/accepted/10.3390_coatings13091528__Fig6__D__stability_performance_curve_pce__Control__Series_1.csv,points/F02104.csv,8,more_observations
F02105,10.3390/coatings13111885,data_all/x_time_h/10.3390_coatings13111885/Fig5_whole_pce/accepted/10.3390_coatings13111885__Fig5__whole__pce__o—pure_perovskite__Series_2.csv,points/F02105.csv,34,more_observations
F02106,10.3390/coatings13111885,"data_all/x_time_h/10.3390_coatings13111885/Fig5_whole_pce/accepted/10.3390_coatings13111885__Fig5__whole__pce__。—MAPCl,-induced__Series_1.csv",points/F02106.csv,33,more_observations
F02107,10.3390/coatings14070918,data_all/x_time_h/10.3390_coatings14070918/Fig6_A_stability_performance_curve/accepted/10.3390_coatings14070918__Fig6__A__stability_performance_curve__o—Cont__Series_2.csv,points/F02107.csv,15,more_observations
F02108,10.3390/coatings9110766,data_all/x_time_h/10.3390_coatings9110766/Fig8_D_stability_performance_curve_pce/accepted/10.3390_coatings9110766__Fig8__D__stability_performance_curve_pce__100%_toluene__Series_1.csv,points/F02108.csv,46,more_observations
F02109,10.3390/cryst11080933,data_all/x_time_h/10.3390_cryst11080933/Fig5_B_stability_performance_curve_pce/accepted/10.3390_cryst11080933__Fig5__B__stability_performance_curve_pce__Regular_PCBM__Series_1.csv,points/F02109.csv,12,more_observations
F02110,10.3390/cryst12091194,data_all/x_time_h/10.3390_cryst12091194/Fig5_D_stability_performance_curve_pce/accepted/10.3390_cryst12091194__Fig5__D__stability_performance_curve_pce__0%_FAHCOO__Series_2.csv,points/F02110.csv,50,more_observations
F02111,10.3390/cryst14090802,data_all/x_time_h/10.3390_cryst14090802/Fig9_D_stability_performance_curve_pce/accepted/10.3390_cryst14090802__Fig9__D__stability_performance_curve_pce__control__Series_1.csv,points/F02111.csv,38,more_observations
F02112,10.3390/en17071629,data_all/x_time_h/10.3390_en17071629/Fig10_whole_stability/accepted/10.3390_en17071629__Fig10__whole__stability__PSCs_without_PVA__Series_2.csv,points/F02112.csv,8,more_observations
F02113,10.3390/ma12101644,data_all/x_time_h/10.3390_ma12101644/Fig1_F_stability_performance_curve_pce/accepted/10.3390_ma12101644__Fig1__F__stability_performance_curve_pce__Series_1__Series_1.csv,points/F02113.csv,23,more_observations
F02114,10.3390/ma13153289,data_all/x_time_h/10.3390_ma13153289/Fig4_A_stability_performance_curve_pce/accepted/10.3390_ma13153289__Fig4__A__stability_performance_curve_pce__ref__Series_2.csv,points/F02114.csv,9,more_observations
F02115,10.3390/ma17123002,data_all/x_time_h/10.3390_ma17123002/Fig3_D_stability_performance_curve_pce/accepted/10.3390_ma17123002__Fig3__D__stability_performance_curve_pce__FACs__Series_2.csv,points/F02115.csv,33,more_observations
F02116,10.3390/ma17123002,data_all/x_time_h/10.3390_ma17123002/Fig3_D_stability_performance_curve_pce/accepted/10.3390_ma17123002__Fig3__D__stability_performance_curve_pce__MA__Series_1.csv,points/F02116.csv,35,more_observations
F02117,10.3390/ma18020415,data_all/x_time_h/10.3390_ma18020415/Fig7_whole_stability/accepted/10.3390_ma18020415__Fig7__whole__stability__without_HTL__Series_1.csv,points/F02117.csv,30,more_observations
F02118,10.3390/molecules26113398,data_all/x_time_h/10.3390_molecules26113398/Fig6_B_stability_performance_curve_pce/accepted/10.3390_molecules26113398__Fig6__B__stability_performance_curve_pce__23℃__Series_3.csv,points/F02118.csv,27,more_observations
F02119,10.3390/molecules26113398,data_all/x_time_h/10.3390_molecules26113398/Fig6_B_stability_performance_curve_pce/accepted/10.3390_molecules26113398__Fig6__B__stability_performance_curve_pce__45℃__Series_2.csv,points/F02119.csv,26,more_observations
F02120,10.3390/molecules29112557,data_all/x_time_h/10.3390_molecules29112557/Fig5_D_stability_performance_curve/accepted/10.3390_molecules29112557__Fig5__D__stability_performance_curve__PEDOT__Series_1.csv,points/F02120.csv,12,more_observations
F02127,10.3390/molecules29122758,data_all/x_time_h/10.3390_molecules29122758/Fig5_C_stability_performance_curve_pce/accepted/10.3390_molecules29122758__Fig5__C__stability_performance_curve_pce__2-cation__Series_1.csv,points/F02127.csv,15,more_observations
F02128,10.3390/molecules29122758,data_all/x_time_h/10.3390_molecules29122758/Fig5_C_stability_performance_curve_pce/accepted/10.3390_molecules29122758__Fig5__C__stability_performance_curve_pce__3-cation__Series_2.csv,points/F02128.csv,15,more_observations
F02129,10.3390/molecules29122758,data_all/x_time_h/10.3390_molecules29122758/Fig5_C_stability_performance_curve_pce/accepted/10.3390_molecules29122758__Fig5__C__stability_performance_curve_pce__4-cation__Series_3.csv,points/F02129.csv,15,more_observations
F02130,10.3390/nano13111751,data_all/x_time_h/10.3390_nano13111751/Fig11_whole_stability_performance_curve_pce/accepted/10.3390_nano13111751__Fig11__whole__stability_performance_curve_pce__W0_DC__Series_1.csv,points/F02130.csv,89,more_observations
F02131,10.3390/nano13233032,data_all/x_time_h/10.3390_nano13233032/Fig4_E_stability_performance_curve/accepted/10.3390_nano13233032__Fig4__E__stability_performance_curve__REF-CsPbl3__Series_1.csv,points/F02131.csv,15,more_observations
F02132,10.3390/nano13233032,data_all/x_time_h/10.3390_nano13233032/Fig4_F_stability_performance_curve/accepted/10.3390_nano13233032__Fig4__F__stability_performance_curve__REF-CsPbI₃__Series_1.csv,points/F02132.csv,57,more_observations
F02133,10.3390/nano14181476,data_all/x_time_h/10.3390_nano14181476/Fig8_whole_stability/accepted/10.3390_nano14181476__Fig8__whole__stability__Pure_PEDOT_PSS__Series_1.csv,points/F02133.csv,21,more_observations
F02134,10.3390/nano15090699,data_all/x_time_h/10.3390_nano15090699/Fig12_A_stability_performance_curve_retention/accepted/10.3390_nano15090699__Fig12__A__stability_performance_curve_retention__Control__Series_3.csv,points/F02134.csv,17,more_observations
F02135,10.3390/nano15090699,data_all/x_time_h/10.3390_nano15090699/Fig12_A_stability_performance_curve_retention/accepted/10.3390_nano15090699__Fig12__A__stability_performance_curve_retention__PEACI_IPA__Series_2.csv,points/F02135.csv,22,more_observations
F02138,10.3390/nano15110798,data_all/x_time_h/10.3390_nano15110798/Fig6_H_stability_performance_curve_pce/accepted/10.3390_nano15110798__Fig6__H__stability_performance_curve_pce__Control__Series_1.csv,points/F02138.csv,9,more_observations
F02139,10.3390/nano15110798,data_all/x_time_h/10.3390_nano15110798/Fig6_H_stability_performance_curve_pce/accepted/10.3390_nano15110798__Fig6__H__stability_performance_curve_pce__WithCMBACI__Series_2.csv,points/F02139.csv,8,more_observations
F02140,10.3390/polym14132748,data_all/x_time_h/10.3390_polym14132748/Fig7_C_stability/accepted/10.3390_polym14132748__Fig7__C__stability__WIPEOz__Series_2.csv,points/F02140.csv,42,more_observations
F02141,10.3390/polym14132748,data_all/x_time_h/10.3390_polym14132748/Fig7_C_stability/accepted/10.3390_polym14132748__Fig7__C__stability__W_OPEOz__Series_1.csv,points/F02141.csv,42,more_observations
F02144,10.1021/acsenergylett.0c01207,data_all/x_time_min/10.1021_acsenergylett.0c01207/Fig5_A_pce/accepted/10.1021_acsenergylett.0c01207__Fig5__A__pce__α-FA0.76MA0.15Cs0.09PbI3__Series_2.csv,points/F02144.csv,71,more_observations
F02145,10.1021/acsenergylett.0c01207,data_all/x_time_min/10.1021_acsenergylett.0c01207/Fig5_A_pce/accepted/10.1021_acsenergylett.0c01207__Fig5__A__pce__α_δ-FA0.33MA0.33Cs0.33PbI3__Series_1.csv,points/F02145.csv,70,more_observations
F02148,10.1021/acsaem.7b00069,data_all/x_time_week_month_year/10.1021_acsaem.7b00069/Fig5_D_pce/accepted/10.1021_acsaem.7b00069__Fig5__D__pce__wet__Series_2.csv,points/F02148.csv,15,more_observations
F02151,10.1557/mrc.2018.142,data_all/x_time_week_month_year/10.1557_mrc.2018.142/Fig3_A_stability_performance_curve/accepted/10.1557_mrc.2018.142__Fig3__A__stability_performance_curve__Without_PMMA__Series_1.csv,points/F02151.csv,25,more_observations
F02152,10.1021/acs.chemmater.1c01675,final_data/x_axis_unresolved/10.1021_acs.chemmater.1c01675/Fig7_B_stability_performance_curve_pce/accepted/10.1021_acs.chemmater.1c01675_Fig7_B_stability_performance_curve_pce_MAPI__Series_1.csv,points/F02152.csv,187,more_observations
F02155,10.1038/s41560-023-01421-6,final_data/x_other/10.1038_s41560-023-01421-6/Fig4_A_mppt_stability_performance_curve_pce/accepted/10.1038_s41560-023-01421-6_Fig4_A_mppt_stability_performance_curve_pce_Control__Series_1.csv,points/F02155.csv,35,more_observations
F02156,10.1002/advs.202001466,final_data/x_time_day/10.1002_advs.202001466/Fig4_F_stability/accepted/10.1002_advs.202001466_Fig4_F_stability_SnO₂__Series_2.csv,points/F02156.csv,49,more_observations
F02157,10.1002/smm2.70033,final_data/x_time_day/10.1002_smm2.70033/Fig15_C_stability_performance_curve_pce/accepted/10.1002_smm2.70033_Fig15_C_stability_performance_curve_pce_CuI_3D_perovskite__Series_1.csv,points/F02157.csv,86,more_observations
F02158,10.1002/smm2.70033,final_data/x_time_day/10.1002_smm2.70033/Fig17_D_pce/accepted/10.1002_smm2.70033_Fig17_D_pce_o-Pristine__Series_1.csv,points/F02158.csv,41,more_observations
F02159,10.1016/j.solmat.2019.110284,final_data/x_time_day/10.1016_j.solmat.2019.110284/Fig4_B_stability_performance_curve_structure/accepted/10.1016_j.solmat.2019.110284_Fig4_B_stability_performance_curve_structure_0-30%_RH__Series_1.csv,points/F02159.csv,69,more_observations
F02160,10.1016/j.solmat.2019.110284,"final_data/x_time_day/10.1016_j.solmat.2019.110284/Fig6_A_stability_performance_curve_structure/accepted/10.1016_j.solmat.2019.110284_Fig6_A_stability_performance_curve_structure_n-i-p_cells,_0-30%_RH__Series_1.csv",points/F02160.csv,12,more_observations
F02161,10.1002/adfm.201602803,final_data/x_time_h/10.1002_adfm.201602803/Fig4_B_jsc/accepted/10.1002_adfm.201602803_Fig4_B_jsc_1wt%_RGO-PhOMe_P3HT__Series_2.csv,points/F02161.csv,228,more_observations
F02162,10.1002/adfm.201909839,final_data/x_time_h/10.1002_adfm.201909839/Fig3_whole_pce/accepted/10.1002_adfm.201909839_Fig3_whole_pce_AVA-MAPI__Series_2.csv,points/F02162.csv,160,more_observations
F02165,10.1002/adma.201907623,final_data/x_time_h/10.1002_adma.201907623/Fig5_A_mppt_stability_performance_curve_pce/accepted/10.1002_adma.201907623_Fig5_A_mppt_stability_performance_curve_pce_0.0%PHCI__Series_2.csv,points/F02165.csv,84,more_observations
F02166,10.1002/adma.201907623,final_data/x_time_h/10.1002_adma.201907623/Fig5_A_mppt_stability_performance_curve_pce/accepted/10.1002_adma.201907623_Fig5_A_mppt_stability_performance_curve_pce_5.0%PHCI__Series_1.csv,points/F02166.csv,54,more_observations
F02169,10.1002/adma.202205309,final_data/x_time_h/10.1002_adma.202205309/Fig5_B_stability_performance_curve_pce/accepted/10.1002_adma.202205309_Fig5_B_stability_performance_curve_pce_1.40M(8_1)__Series_2.csv,points/F02169.csv,12,more_observations
F02171,10.1002/aenm.202500156,final_data/x_time_h/10.1002_aenm.202500156/Fig4_I_mppt_stability_performance_curve_pce/accepted/10.1002_aenm.202500156_Fig4_I_mppt_stability_performance_curve_pce_IPA__Series_2.csv,points/F02171.csv,101,more_observations
F02172,10.1002/anie.202421063,final_data/x_time_h/10.1002_anie.202421063/Fig3_E_mppt_stability_performance_curve_pce_eqe/accepted/10.1002_anie.202421063_Fig3_E_mppt_stability_performance_curve_pce_eqe_Control__Series_2.csv,points/F02172.csv,25,more_observations
F02174,10.1002/cssc.201600868,final_data/x_time_h/10.1002_cssc.201600868/Fig5_whole_stability_performance_curve_pce/accepted/10.1002_cssc.201600868_Fig5_whole_stability_performance_curve_pce_ZnO__Series_2.csv,points/F02174.csv,334,more_observations
F02176,10.1002/cssc.201600868,final_data/x_time_h/10.1002_cssc.201600868/Fig6_B_pce/accepted/10.1002_cssc.201600868_Fig6_B_pce_Series_1__Series_1.csv,points/F02176.csv,149,more_observations
F02179,10.1002/smll.202003098,final_data/x_time_h/10.1002_smll.202003098/Fig4_C_stability_performance_curve/accepted/10.1002_smll.202003098_Fig4_C_stability_performance_curve_HDA__Series_2.csv,points/F02179.csv,255,more_observations
F02180,10.1002/smll.202505961,final_data/x_time_h/10.1002_smll.202505961/Fig6_A_stability_performance_curve/accepted/10.1002_smll.202505961_Fig6_A_stability_performance_curve_Spiro-OMeTAD__Series_1.csv,points/F02180.csv,19,more_observations
F02181,10.1002/smll.202505961,final_data/x_time_h/10.1002_smll.202505961/Fig6_C_mppt_stability_performance_curve/accepted/10.1002_smll.202505961_Fig6_C_mppt_stability_performance_curve_Spiro-OMeTAD__Series_1.csv,points/F02181.csv,71,more_observations
F02182,10.1002/smm2.70033,final_data/x_time_h/10.1002_smm2.70033/Fig14_B_stability_performance_curve_pce/accepted/10.1002_smm2.70033_Fig14_B_stability_performance_curve_pce_15%_PPAI__Series_1.csv,points/F02182.csv,223,more_observations
F02184,10.1002/smm2.70033,final_data/x_time_h/10.1002_smm2.70033/Fig5_D_stability_performance_curve_pce/accepted/10.1002_smm2.70033_Fig5_D_stability_performance_curve_pce_Spiro-MeOTAD__Series_1.csv,points/F02184.csv,42,more_observations
F02185,10.1002/smm2.70033,final_data/x_time_h/10.1002_smm2.70033/Fig9_B_pce/accepted/10.1002_smm2.70033_Fig9_B_pce_PTAA_(Ref.)__Series_2.csv,points/F02185.csv,127,more_observations
F02186,10.1002/smtd.202301793,final_data/x_time_h/10.1002_smtd.202301793/Fig5_B_stability/accepted/10.1002_smtd.202301793_Fig5_B_stability_Control__Series_1.csv,points/F02186.csv,466,more_observations
F02187,10.1002/sus2.70032,final_data/x_time_h/10.1002_sus2.70032/Fig5_D_stability_performance_curve_pce/accepted/10.1002_sus2.70032_Fig5_D_stability_performance_curve_pce_Control__Series_2.csv,points/F02187.csv,64,more_observations
F02188,10.1002/sus2.70032,final_data/x_time_h/10.1002_sus2.70032/Fig5_F_stability_performance_curve/accepted/10.1002_sus2.70032_Fig5_F_stability_performance_curve_Control__Series_1.csv,points/F02188.csv,241,more_observations
F02190,10.1016/j.joule.2018.07.007,final_data/x_time_h/10.1016_j.joule.2018.07.007/Fig6_I_mppt_stability_performance_curve_pce/accepted/10.1016_j.joule.2018.07.007_Fig6_I_mppt_stability_performance_curve_pce_AZO__Series_2.csv,points/F02190.csv,50,more_observations
F02191,10.1016/j.joule.2019.08.023,final_data/x_time_h/10.1016_j.joule.2019.08.023/Fig5_B_stability_performance_curve_pce/accepted/10.1016_j.joule.2019.08.023_Fig5_B_stability_performance_curve_pce_0%PPAI__Series_1.csv,points/F02191.csv,161,more_observations
F02192,10.1016/j.joule.2022.01.011,final_data/x_time_h/10.1016_j.joule.2022.01.011/Fig6_A_stability_performance_curve_jsc/accepted/10.1016_j.joule.2022.01.011_Fig6_A_stability_performance_curve_jsc_strain__Series_2.csv,points/F02192.csv,61,more_observations
F02194,10.1016/j.nanoen.2019.03.029,final_data/x_time_h/10.1016_j.nanoen.2019.03.029/Fig4_B_stability_performance_curve_pce/accepted/10.1016_j.nanoen.2019.03.029_Fig4_B_stability_performance_curve_pce_10%__Series_2.csv,points/F02194.csv,42,more_observations
F02195,10.1016/j.solener.2016.09.048,final_data/x_time_h/10.1016_j.solener.2016.09.048/Fig10_A_stability_performance_curve_pce/accepted/10.1016_j.solener.2016.09.048_Fig10_A_stability_performance_curve_pce_PCE_(W_O_PEIE)__Series_1.csv,points/F02195.csv,279,more_observations
F02196,10.1016/j.solener.2017.09.039,final_data/x_time_h/10.1016_j.solener.2017.09.039/Fig2_B_curve/accepted/10.1016_j.solener.2017.09.039_Fig2_B_curve_85_°C__Series_2.csv,points/F02196.csv,234,more_observations
F02197,10.1021/acsami.8b19390,final_data/x_time_h/10.1021_acsami.8b19390/Fig4_A_stability_performance_curve_pce/accepted/10.1021_acsami.8b19390_Fig4_A_stability_performance_curve_pce_PVSK-Cl__Series_4.csv,points/F02197.csv,81,more_observations
F02198,10.1021/acsami.9b00923,final_data/x_time_h/10.1021_acsami.9b00923/Fig1_A_pce/accepted/10.1021_acsami.9b00923_Fig1_A_pce_23_°C__Series_1.csv,points/F02198.csv,84,more_observations
F02199,10.1021/acsenergylett.5c01010,final_data/x_time_h/10.1021_acsenergylett.5c01010/Fig3_G_stability_performance_curve_ff/accepted/10.1021_acsenergylett.5c01010_Fig3_G_stability_performance_curve_ff_Control__Series_1.csv,points/F02199.csv,162,more_observations
F02203,10.1021/acsnano.7b07754,final_data/x_time_h/10.1021_acsnano.7b07754/Fig5_B_mppt_stability_performance_curve/accepted/10.1021_acsnano.7b07754_Fig5_B_mppt_stability_performance_curve_Bilayer_PCBM_BCP__Series_2.csv,points/F02203.csv,569,more_observations
F02205,10.1021/acssuschemeng.0c09015,final_data/x_time_h/10.1021_acssuschemeng.0c09015/Fig5_B_stability_performance_curve/accepted/10.1021_acssuschemeng.0c09015_Fig5_B_stability_performance_curve_Un-Encapsulated_338_kDa_76%__Series_1.csv,points/F02205.csv,273,more_observations
F02206,10.1021/acssuschemeng.4c07636,final_data/x_time_h/10.1021_acssuschemeng.4c07636/Fig4_A_stability_performance_curve/accepted/10.1021_acssuschemeng.4c07636_Fig4_A_stability_performance_curve_Control__Series_2.csv,points/F02206.csv,44,more_observations
F02207,10.1021/acssuschemeng.4c07636,final_data/x_time_h/10.1021_acssuschemeng.4c07636/Fig4_B_stability_performance_curve/accepted/10.1021_acssuschemeng.4c07636_Fig4_B_stability_performance_curve_Control__Series_2.csv,points/F02207.csv,43,more_observations
F02208,10.1021/acssuschemeng.4c07636,final_data/x_time_h/10.1021_acssuschemeng.4c07636/Fig4_E_mppt_stability_performance_curve_pce/accepted/10.1021_acssuschemeng.4c07636_Fig4_E_mppt_stability_performance_curve_pce_Control__Series_1.csv,points/F02208.csv,233,more_observations
F02209,10.1021/jacs.9b05083,final_data/x_time_h/10.1021_jacs.9b05083/Fig5_D_stability_performance_curve_eqe/accepted/10.1021_jacs.9b05083_Fig5_D_stability_performance_curve_eqe_2D-x_3D__Series_2.csv,points/F02209.csv,13,more_observations
F02210,10.1038/ncomms10228,final_data/x_time_h/10.1038_ncomms10228/Fig5_A_stability_performance_curve_pce/accepted/10.1038_ncomms10228_Fig5_A_stability_performance_curve_pce_0mgml-1__Series_2.csv,points/F02210.csv,27,more_observations
F02211,10.1038/s41467-018-05454-4,final_data/x_time_h/10.1038_s41467-018-05454-4/Fig5_C_mppt_stability_performance_curve_pce/accepted/10.1038_s41467-018-05454-4_Fig5_C_mppt_stability_performance_curve_pce_Control__Series_1.csv,points/F02211.csv,190,more_observations
F02212,10.1038/s41467-018-05454-4,final_data/x_time_h/10.1038_s41467-018-05454-4/Fig5_C_mppt_stability_performance_curve_pce/accepted/10.1038_s41467-018-05454-4_Fig5_C_mppt_stability_performance_curve_pce_Target__Series_2.csv,points/F02212.csv,179,more_observations
F02213,10.1038/s41467-023-38673-5,final_data/x_time_h/10.1038_s41467-023-38673-5/Fig5_A_mppt_stability_performance_curve_mapping/accepted/10.1038_s41467-023-38673-5_Fig5_A_mppt_stability_performance_curve_mapping_PM6_TDY-α__Series_3.csv,points/F02213.csv,96,more_observations
F02214,10.1038/s41467-023-38673-5,final_data/x_time_h/10.1038_s41467-023-38673-5/Fig5_A_mppt_stability_performance_curve_mapping/accepted/10.1038_s41467-023-38673-5_Fig5_A_mppt_stability_performance_curve_mapping_PM6_TDY-β__Series_2.csv,points/F02214.csv,96,more_observations
F02215,10.1038/s41467-023-38673-5,final_data/x_time_h/10.1038_s41467-023-38673-5/Fig5_A_mppt_stability_performance_curve_mapping/accepted/10.1038_s41467-023-38673-5_Fig5_A_mppt_stability_performance_curve_mapping_PM6_Y6__Series_1.csv,points/F02215.csv,99,more_observations
F02217,10.1038/s41560-024-01579-7,final_data/x_time_h/10.1038_s41560-024-01579-7/Fig5_F_stability_performance_curve_pce/accepted/10.1038_s41560-024-01579-7_Fig5_F_stability_performance_curve_pce_Control__Series_1.csv,points/F02217.csv,42,more_observations
F02218,10.1038/s41560-024-01579-7,final_data/x_time_h/10.1038_s41560-024-01579-7/Fig5_F_stability_performance_curve_pce/accepted/10.1038_s41560-024-01579-7_Fig5_F_stability_performance_curve_pce_Target__Series_2.csv,points/F02218.csv,60,more_observations
F02219,10.1038/s41560-024-01689-2,final_data/x_time_h/10.1038_s41560-024-01689-2/Fig4_G_mppt_stability_performance_curve_pce/accepted/10.1038_s41560-024-01689-2_Fig4_G_mppt_stability_performance_curve_pce_SAM_PCE_22.9%_@_t_=_0__Series_1.csv,points/F02219.csv,55,more_observations
F02220,10.1038/s41563-024-01876-2,final_data/x_time_h/10.1038_s41563-024-01876-2/Fig4_A_jv_curve_stability_performance_pce/accepted/10.1038_s41563-024-01876-2_Fig4_A_jv_curve_stability_performance_pce_Bare_PVSK_film__Series_1.csv,points/F02220.csv,118,more_observations
F02221,10.1038/s41563-025-02275-x,final_data/x_time_h/10.1038_s41563-025-02275-x/Fig4_J_jv_curve_stability_performance_pce/accepted/10.1038_s41563-025-02275-x_Fig4_J_jv_curve_stability_performance_pce_Control__Series_2.csv,points/F02221.csv,69,more_observations
F02222,10.1038/s41586-019-1357-2,final_data/x_time_h/10.1038_s41586-019-1357-2/Fig4_A_jv_curve_stability_performance_pce/accepted/10.1038_s41586-019-1357-2_Fig4_A_jv_curve_stability_performance_pce_Control_device__Series_2.csv,points/F02222.csv,547,more_observations
F02225,10.1038/s41586-024-08161-x,final_data/x_time_h/10.1038_s41586-024-08161-x/Fig1_A_stability_performance_curve_pce/accepted/10.1038_s41586-024-08161-x_Fig1_A_stability_performance_curve_pce_Average_values_(during_the_daytime)__Series_3.csv,points/F02225.csv,343,more_observations
F02228,10.1038/s41586-024-08161-x,"final_data/x_time_h/10.1038_s41586-024-08161-x/Fig1_C_stability_performance_curve_pce/accepted/10.1038_s41586-024-08161-x_Fig1_C_stability_performance_curve_pce_Cycling_thermal_stability_(RT_to_55°C,_recorded_at_55°C)__Series_2.csv",points/F02228.csv,309,more_observations
F02229,10.1038/s41586-024-08161-x,final_data/x_time_h/10.1038_s41586-024-08161-x/Fig2_B_stability_performance_curve_pce/accepted/10.1038_s41586-024-08161-x_Fig2_B_stability_performance_curve_pce_Average_values_(during_the_daytime)__Series_3.csv,points/F02229.csv,317,more_observations
F02230,10.1038/s41586-024-08161-x,final_data/x_time_h/10.1038_s41586-024-08161-x/Fig2_B_stability_performance_curve_pce/accepted/10.1038_s41586-024-08161-x_Fig2_B_stability_performance_curve_pce_Continuous-illumination_working_mode__Series_1.csv,points/F02230.csv,420,more_observations
F02232,10.1039/d1ee02454j,final_data/x_time_h/10.1039_d1ee02454j/Fig4_A_mppt_stability_performance_curve_pce/accepted/10.1039_d1ee02454j_Fig4_A_mppt_stability_performance_curve_pce_Control__Series_1.csv,points/F02232.csv,112,more_observations
F02233,10.1039/d5ee02462e,final_data/x_time_h/10.1039_d5ee02462e/Fig3_C_mppt_stability_performance_curve_pce/accepted/10.1039_d5ee02462e_Fig3_C_mppt_stability_performance_curve_pce_Reference__Series_3.csv,points/F02233.csv,24,more_observations
F02235,10.1039/d5el00182j,final_data/x_time_h/10.1039_d5el00182j/Fig2_E_stability_performance_curve_voc/accepted/10.1039_d5el00182j_Fig2_E_stability_performance_curve_voc_1sun__Series_1.csv,points/F02235.csv,182,more_observations
F02237,10.1126/science.aba1628,final_data/x_time_h/10.1126_science.aba1628/Fig3_D_stability_performance_curve_spectrum/accepted/10.1126_science.aba1628_Fig3_D_stability_performance_curve_spectrum_Ctrl__Series_2.csv,points/F02237.csv,110,more_observations
F02238,10.1126/science.aba1628,final_data/x_time_h/10.1126_science.aba1628/Fig3_D_stability_performance_curve_spectrum/accepted/10.1126_science.aba1628_Fig3_D_stability_performance_curve_spectrum_[BMP]+[BF4]-__Series_1.csv,points/F02238.csv,109,more_observations
F02239,10.1126/science.adi4531,final_data/x_time_h/10.1126_science.adi4531/Fig1_A_stability_performance_curve_pce/accepted/10.1126_science.adi4531_Fig1_A_stability_performance_curve_pce_Outdoor__Series_1.csv,points/F02239.csv,358,more_observations
F02240,10.1126/science.adi4531,final_data/x_time_h/10.1126_science.adi4531/Fig4_H_stability_performance_curve/accepted/10.1126_science.adi4531_Fig4_H_stability_performance_curve_EtCz3EPA__Series_3.csv,points/F02240.csv,30,more_observations
F02241,10.1126/science.adi4531,final_data/x_time_h/10.1126_science.adi4531/Fig4_H_stability_performance_curve/accepted/10.1126_science.adi4531_Fig4_H_stability_performance_curve_PTAA_BCP__Series_1.csv,points/F02241.csv,43,more_observations
F02242,10.1126/science.adj9602,final_data/x_time_h/10.1126_science.adj9602/Fig2_C_stability_performance_curve/accepted/10.1126_science.adj9602_Fig2_C_stability_performance_curve_MeO-2PACz__Series_2.csv,points/F02242.csv,96,more_observations
F02243,10.1126/science.adq8385,final_data/x_time_h/10.1126_science.adq8385/Fig3_A_stability_performance_curve_pce/accepted/10.1126_science.adq8385_Fig3_A_stability_performance_curve_pce_Cgo-based_device_(encapsulated)__Series_1.csv,points/F02243.csv,91,more_observations
F02244,10.1016/j.joule.2019.08.023,final_data/x_time_min/10.1016_j.joule.2019.08.023/Fig5_C_stability_performance_curve_pce/accepted/10.1016_j.joule.2019.08.023_Fig5_C_stability_performance_curve_pce_0%PPAI__Series_1.csv,points/F02244.csv,204,more_observations
F02245,10.1016/j.joule.2019.08.023,final_data/x_time_min/10.1016_j.joule.2019.08.023/Fig5_C_stability_performance_curve_pce/accepted/10.1016_j.joule.2019.08.023_Fig5_C_stability_performance_curve_pce_15%PPAI__Series_2.csv,points/F02245.csv,227,more_observations
F02247,10.1038/s41467-018-05454-4,final_data/x_time_min/10.1038_s41467-018-05454-4/Fig5_B_mppt_stability_performance_curve_pce/accepted/10.1038_s41467-018-05454-4_Fig5_B_mppt_stability_performance_curve_pce_Control__Series_1.csv,points/F02247.csv,231,more_observations
F02248,10.1038/s41467-018-05454-4,final_data/x_time_min/10.1038_s41467-018-05454-4/Fig5_B_mppt_stability_performance_curve_pce/accepted/10.1038_s41467-018-05454-4_Fig5_B_mppt_stability_performance_curve_pce_Target__Series_2.csv,points/F02248.csv,289,more_observations
F02249,10.1039/d2ta02352k,final_data/x_time_min/10.1039_d2ta02352k/Fig2_D_stability_performance_curve_pce/accepted/10.1039_d2ta02352k_Fig2_D_stability_performance_curve_pce_20_%__Series_4.csv,points/F02249.csv,139,more_observations
F02250,10.1039/d2ta02352k,final_data/x_time_min/10.1039_d2ta02352k/Fig2_D_stability_performance_curve_pce/accepted/10.1039_d2ta02352k_Fig2_D_stability_performance_curve_pce_60_%__Series_2.csv,points/F02250.csv,66,more_observations
