curve_id,cluster,distinct_observations,source_group,normalized_csv,observed_range,total_variation_to_range,density_weight
F00001,2,10,10.1002/adfm.201705545,points/F00001.csv,0.09381715353,1.222222222,8.127603272
F00002,2,10,10.1002/adfm.201705545,points/F00002.csv,0.1887645596,1.04109589,8.45927991
F00003,2,10,10.1002/adfm.201705545,points/F00003.csv,0.0799535473,1.032258065,5.807430831
F00004,4,10,10.1002/adfm.201705545,points/F00004.csv,0.09357329852,1.611111111,4.24086264
F00005,1,19,10.1002/adfm.201801654,points/F00005.csv,0.1938876009,1,0.3992234244
F00008,1,17,10.1002/adfm.201804128,points/F00008.csv,0.177742046,1,0.3184533048
F00011,1,15,10.1002/adfm.201807556,points/F00011.csv,0.1027148493,1,0.9046632722
F00012,1,15,10.1002/adfm.201807556,points/F00012.csv,0.03485976725,1.2,1.817011946
F00013,1,15,10.1002/adfm.201807556,points/F00013.csv,0.04811787588,1,0.5623003662
F00014,1,17,10.1002/adfm.201807604,points/F00014.csv,0.1607407603,1,0.4948435335
F00015,1,16,10.1002/adfm.201807604,points/F00015.csv,0.03420878807,1,0.7617772432
F00016,1,8,10.1002/adfm.201807850,points/F00016.csv,0.2681005928,1,0.6556615276
F00017,1,13,10.1002/adfm.201900221,points/F00017.csv,0.02201743496,1.090909091,3.981469812
F00018,1,13,10.1002/adfm.201900221,points/F00018.csv,0.1031806991,1,0.9466070037
F00019,1,8,10.1002/adfm.202000778,points/F00019.csv,0.01835626164,1,1.140536174
F00020,1,25,10.1002/adfm.202000778,points/F00020.csv,0.6516687576,1.003508772,1.151004095
F00021,1,11,10.1002/adfm.202001418,points/F00021.csv,0.07416181789,1,0.4623503503
F00022,1,32,10.1002/adfm.202001557,points/F00022.csv,0.1728270173,1.450704225,3.861323958
F00024,1,13,10.1002/adfm.202008052,points/F00024.csv,0.02361629854,1,0.6184414979
F00025,1,14,10.1002/adfm.202008052,points/F00025.csv,0.05183220914,1,0.4429860067
F00026,1,12,10.1002/adfm.202101568,points/F00026.csv,0.05731211181,1,1.329982974
F00027,1,11,10.1002/adfm.202106560,points/F00027.csv,0.05594368935,1.279069767,2.832340005
F00030,1,22,10.1002/adfm.202204450,points/F00030.csv,0.158277396,1,0.6607311961
F00031,1,10,10.1002/adma.201606806,points/F00031.csv,0.111617814,1,0.4855583288
F00032,1,10,10.1002/adma.201606806,points/F00032.csv,0.08763079201,1,0.6513271012
F00033,1,16,10.1002/adma.201700607,points/F00033.csv,0.03787985631,1.083333333,1.992955937
F00034,1,26,10.1002/adma.201706975,points/F00034.csv,0.2692135184,1,0.6091850199
F00035,1,14,10.1002/adma.201900605,points/F00035.csv,0.3271943758,1,0.660669093
F00036,4,11,10.1002/adma.201902902,points/F00036.csv,0.003918923833,0.9915349458,4.922008049
F00038,1,12,10.1002/adma.201907864,points/F00038.csv,0.03642004262,1,0.8736121728
F00039,1,12,10.1002/adma.201907864,points/F00039.csv,0.0430528025,1,0.7748137121
F00040,1,34,10.1002/admi.201800499,points/F00040.csv,0.958739279,1,0.8985241716
F00041,1,13,10.1002/admi.201900939,points/F00041.csv,0.1033368443,1,1.545932947
F00042,1,16,10.1002/admi.202101463,points/F00042.csv,0.1215267485,1,1.753730161
F00043,1,79,10.1002/advs.201700025,points/F00043.csv,0.6644771837,1,1.226705511
F00044,1,26,10.1002/advs.201801715,points/F00044.csv,0.3297835585,1,0.8312577276
F00046,1,12,10.1002/advs.202101418,points/F00046.csv,0.09947543441,1,1.092491039
F00047,1,11,10.1002/aenm.201501354,points/F00047.csv,0.1011956489,1,0.4844458649
F00050,1,18,10.1002/aenm.201602556,points/F00050.csv,0.05025350449,1.615384615,4.913728545
F00051,1,44,10.1002/aenm.201700226,points/F00051.csv,0.7626296633,1,0.7910436105
F00052,1,12,10.1002/aenm.201700683,points/F00052.csv,0.08823517643,1.106382979,1.591648063
F00054,1,14,10.1002/aenm.201702960,points/F00054.csv,0.06764898507,1.072727273,1.333562656
F00055,1,16,10.1002/aenm.201703392,points/F00055.csv,0.1660390859,1,0.718982683
F00057,1,19,10.1002/aenm.201800715,points/F00057.csv,0.1320750182,1,0.6797632475
F00059,1,20,10.1002/aenm.201803766,points/F00059.csv,0.0406713043,1,0.9687153098
F00060,1,19,10.1002/aenm.201803766,points/F00060.csv,0.0312856187,1,0.9489686128
F00061,1,19,10.1002/aenm.201803766,points/F00061.csv,0.01564280935,1,1.488629381
F00062,1,18,10.1002/aenm.201903013,points/F00062.csv,0.1445753226,1,0.481426679
F00063,1,9,10.1002/aenm.201903299,points/F00063.csv,0.1361018515,1.037037037,1.063432762
F00066,1,14,10.1002/aenm.202101416,points/F00066.csv,0.1616602841,1.09375,1.913651837
F00070,1,11,10.1002/anie.202105512,points/F00070.csv,0.05732941749,1,0.5478593233
F00071,1,12,10.1002/chem.201703382,points/F00071.csv,0.1250035606,1,1.121586845
F00072,1,11,10.1002/chem.201703382,points/F00072.csv,0.1879034073,1,0.5391818525
F00073,1,10,10.1002/chem.201703382,points/F00073.csv,0.121409198,1.263157895,1.69328121
F00074,1,11,10.1002/chem.201703382,points/F00074.csv,0.1682896297,1.192307692,1.276631949
F00076,1,31,10.1002/cnma.201800064,points/F00076.csv,0.5241536939,1,0.3446530512
F00077,1,15,10.1002/cssc.201600887,points/F00077.csv,0.6749238288,1,0.4160488921
F00078,1,14,10.1002/cssc.201600887,points/F00078.csv,0.3337232603,1,0.4901311874
F00079,1,15,10.1002/cssc.201600887,points/F00079.csv,0.3369207876,1,0.522355455
F00080,1,15,10.1002/cssc.201600887,points/F00080.csv,0.2186326568,1,0.2978387521
F00081,1,17,10.1002/cssc.201700271,points/F00081.csv,0.2190964103,1,0.4773609741
F00082,1,26,10.1002/cssc.201700603,points/F00082.csv,0.3145387061,1,0.9272834931
F00083,1,26,10.1002/cssc.201700603,points/F00083.csv,0.1525445465,1.25,2.610548356
F00084,1,33,10.1002/cssc.201702265,points/F00084.csv,0.0212739608,1,0.372850098
F00085,1,33,10.1002/cssc.201702265,points/F00085.csv,0.08003130023,1,0.3134981715
F00086,1,33,10.1002/cssc.201702265,points/F00086.csv,0.1838198867,1,1.407932413
F00087,1,33,10.1002/cssc.201702265,points/F00087.csv,0.043837151,1,0.4251352944
F00088,1,33,10.1002/cssc.201702265,points/F00088.csv,0.3791341876,1,0.7321506526
F00089,1,19,10.1002/cssc.201702265,points/F00089.csv,0.0687208539,1,0.351599214
F00090,1,20,10.1002/cssc.201702265,points/F00090.csv,0.08664823118,1,0.3740251106
F00091,1,17,10.1002/cssc.201702265,points/F00091.csv,0.06031035608,1,0.3684437477
F00092,1,17,10.1002/cssc.201902165,points/F00092.csv,0.2754619187,1,1.349180011
F00093,1,17,10.1002/cssc.201903025,points/F00093.csv,0.07853002876,1,0.5661153732
F00094,1,18,10.1002/cssc.201903025,points/F00094.csv,0.01052283003,1.4,3.136912853
F00095,1,18,10.1002/cssc.201903025,points/F00095.csv,0.03374407273,1,0.8509621678
F00097,1,44,10.1002/ente.201800378,points/F00097.csv,0.7322442713,1,0.8143052595
F00098,1,44,10.1002/ente.201800378,points/F00098.csv,0.3852212451,1.038216561,1.695930241
F00099,1,33,10.1002/ente.201900990,points/F00099.csv,0.2552607305,1,1.066586641
F00100,1,11,10.1002/ente.202200761,points/F00100.csv,0.04538857153,1,0.6123602047
F00101,1,11,10.1002/ente.202200761,points/F00101.csv,0.021037181,1,0.8522360329
F00102,1,15,10.1002/pc.25527,points/F00102.csv,0.09546456202,1,0.822671335
F00103,1,16,10.1002/pc.25527,points/F00103.csv,0.2264322979,1,0.5619296398
F00105,1,18,10.1002/smll.201904387,points/F00105.csv,0.06305756777,1,1.491686262
F00106,1,12,10.1002/smll.202004778,points/F00106.csv,0.06927575037,1,0.6541924191
F00107,1,13,10.1002/smll.202004778,points/F00107.csv,0.03431372396,1,0.7137695435
F00109,1,67,10.1002/smtd.201900449,points/F00109.csv,0.04328092027,1.1,0.6639771071
F00110,2,13,10.1002/smtd.201900476,points/F00110.csv,0.05805622376,1.333333333,5.597928206
F00111,1,14,10.1002/smtd.202001090,points/F00111.csv,0.2940038265,1,1.431176494
F00112,4,54,10.1002/solr.201700096,points/F00112.csv,0.1171802373,1.907692308,7.337875791
F00113,1,53,10.1002/solr.201700096,points/F00113.csv,0.06149883569,2.189189189,6.224280774
F00114,1,53,10.1002/solr.201700096,points/F00114.csv,0.2481811467,1.305732484,2.867639047
F00115,1,54,10.1002/solr.201700096,points/F00115.csv,0.2383450221,1.289655172,4.02146342
F00116,1,22,10.1002/solr.201700125,points/F00116.csv,0.1309766398,1,0.4909999943
F00117,1,22,10.1002/solr.201700125,points/F00117.csv,0.02883284292,1,1.079972636
F00118,1,16,10.1002/solr.201700245,points/F00118.csv,0.9197827502,1,0.7563189431
F00119,1,18,10.1002/solr.201800034,points/F00119.csv,0.6024418846,1,0.9992851534
F00120,1,24,10.1002/solr.201800066,points/F00120.csv,0.05671698219,1,0.3941270897
F00121,1,14,10.1002/solr.201800205,points/F00121.csv,0.0569936612,1.086956522,1.657222369
F00122,1,14,10.1002/solr.201800205,points/F00122.csv,0.6758926008,1,0.5603444924
F00123,1,26,10.1002/solr.201800216,points/F00123.csv,0.2240458584,1,0.6037275762
F00124,1,26,10.1002/solr.201800216,points/F00124.csv,0.07743790236,1,0.4477136863
F00125,1,9,10.1002/solr.201800232,points/F00125.csv,0.08915557157,1,1.135529098
F00126,1,19,10.1002/solr.201800240,points/F00126.csv,0.08654533443,1,0.6482866373
F00127,2,9,10.1002/solr.201800338,points/F00127.csv,0.005307270368,1.4,6.475044883
F00128,1,9,10.1002/solr.201800338,points/F00128.csv,0.004309734309,1.292920293,4.288079539
F00129,1,18,10.1002/solr.201800352,points/F00129.csv,0.3916314254,1,0.6600322818
F00130,1,18,10.1002/solr.201900207,points/F00130.csv,0.2461709588,1,0.4946942906
F00131,1,18,10.1002/solr.201900249,points/F00131.csv,0.02277384593,1.133333333,1.885339781
F00132,4,20,10.1002/solr.201900249,points/F00132.csv,0.06357330361,1.75,5.068545862
F00133,1,8,10.1002/solr.201900336,points/F00133.csv,0.1130666046,1,0.4887870497
F00134,1,9,10.1002/solr.201900457,points/F00134.csv,0.08703675119,1,0.7997755096
F00135,1,11,10.1002/solr.202000206,points/F00135.csv,0.07065217391,1,0.8968105944
F00138,1,46,10.1002/solr.202000490,points/F00138.csv,0.2481528725,1,0.6309185002
F00139,1,45,10.1002/solr.202000490,points/F00139.csv,0.6366387986,1,0.7990740387
F00140,1,17,10.1002/solr.202000491,points/F00140.csv,0.04085986415,1,0.9435183286
F00141,1,19,10.1002/solr.202000536,points/F00141.csv,0.02916692041,1.3125,2.340121257
F00142,1,24,10.1002/solr.202000573,points/F00142.csv,0.1243578908,1,0.5550754985
F00143,1,15,10.1002/solr.202000637,points/F00143.csv,0.1015798617,1,0.5813411723
F00144,1,14,10.1002/solr.202000801,points/F00144.csv,0.03281067651,1,0.9545929617
F00145,1,51,10.1002/solr.202100058,points/F00145.csv,0.1742989426,1,0.7315259896
F00146,1,50,10.1002/solr.202100058,points/F00146.csv,0.2543256061,1,0.6769171631
F00147,1,8,10.1002/solr.202100069,points/F00147.csv,0.08569677578,1,0.5655124769
F00149,1,11,10.1002/solr.202100178,points/F00149.csv,0.1438626134,1,1.224094955
F00150,1,12,10.1002/solr.202100344,points/F00150.csv,0.03314363293,1,0.449586572
F00151,1,9,10.1002/solr.202100404,points/F00151.csv,0.171260857,1,0.6492797866
F00152,1,10,10.1002/solr.202100404,points/F00152.csv,0.03300990161,1,0.8255165378
F00153,2,10,10.1002/solr.202300091,points/F00153.csv,0.005307063165,1,5.392931963
F00154,1,10,10.1007/s10853-021-06200-w,points/F00154.csv,0.04895101425,1,0.4819527193
F00155,1,48,10.1007/s10854-021-06778-6,points/F00155.csv,0.4876340548,1,0.4076209153
F00160,1,13,10.1007/s11431-021-1861-y,points/F00160.csv,0.04569367102,1,0.541674018
F00161,1,27,10.1007/s11664-018-6614-x,points/F00161.csv,0.3704918699,1,1.203967996
F00162,1,25,10.1007/s11664-018-6614-x,points/F00162.csv,0.3638330724,1,1.169675448
F00163,1,11,10.1007/s12274-021-3286-2,points/F00163.csv,0.06060447437,1,0.8236342978
F00164,1,19,10.1007/s13233-021-9020-9,points/F00164.csv,0.01437215533,1,1.383896666
F00166,1,45,10.1007/s40843-019-1287-3,points/F00166.csv,0.6328229431,1,1.055358626
F00167,1,118,10.1016/j.apsusc.2016.06.187,points/F00167.csv,0.07915364285,1.031914894,1.268843044
F00168,1,133,10.1016/j.apsusc.2016.06.187,points/F00168.csv,0.1964255397,1,1.185492802
F00169,1,24,10.1016/j.apsusc.2017.02.057,points/F00169.csv,0.363063906,1.191176471,5.09646142
F00170,1,15,10.1016/j.apsusc.2017.02.057,points/F00170.csv,0.857984721,1.072727273,1.823115976
F00171,1,18,10.1016/j.apsusc.2017.04.153,points/F00171.csv,0.1070806123,1,0.5039442791
F00172,1,17,10.1016/j.apsusc.2019.145099,points/F00172.csv,0.1520432208,1,0.4252237854
F00173,1,12,10.1016/j.apsusc.2020.145790,points/F00173.csv,0.1202881277,1,0.529114432
F00174,2,24,10.1016/j.apsusc.2020.147949,points/F00174.csv,0.03343822608,1.315789474,6.752041208
F00175,1,18,10.1016/j.apsusc.2021.149276,points/F00175.csv,0.1853735072,1,0.4429708285
F00176,1,49,10.1016/j.carbon.2019.10.101,points/F00176.csv,0.1237097827,1,1.23697655
F00177,1,43,10.1016/j.carbon.2019.10.101,points/F00177.csv,0.8692695675,1.006269592,1.408300019
F00178,1,38,10.1016/j.carbon.2020.05.079,points/F00178.csv,0.3292050949,1,0.4999429424
F00179,1,18,10.1016/j.carbon.2021.05.008,points/F00179.csv,0.2187857579,1,0.3416120202
F00180,1,37,10.1016/j.cclet.2020.02.004,points/F00180.csv,0.4912060963,1,1.45188604
F00182,1,27,10.1016/j.cej.2020.126435,points/F00182.csv,0.1825384011,1,0.4063094744
F00185,1,20,10.1016/j.cej.2021.128436,points/F00185.csv,0.08649939442,1,1.038017889
F00186,1,20,10.1016/j.cej.2021.128436,points/F00186.csv,0.131808601,1,0.5801092814
F00187,1,14,10.1016/j.cej.2021.128727,points/F00187.csv,0.07422875572,1.037037037,2.481871055
F00189,1,15,10.1016/j.cej.2021.128727,points/F00189.csv,0.03855698619,1.142857143,2.472543509
F00193,1,15,10.1016/j.cej.2021.129735,points/F00193.csv,0.04061645389,1,0.6915013081
F00194,1,9,10.1016/j.cej.2021.130001,points/F00194.csv,0.0562914171,1.294117647,2.354622288
F00195,1,9,10.1016/j.cej.2021.130001,points/F00195.csv,0.06818771117,1.05,1.47857831
F00196,1,33,10.1016/j.cej.2021.131108,points/F00196.csv,0.05455018955,1.011764706,1.024950515
F00197,1,33,10.1016/j.cej.2021.131108,points/F00197.csv,0.07434953442,1.017241379,1.161571403
F00198,1,14,10.1016/j.cej.2021.131357,points/F00198.csv,0.09565955596,1,0.6513732164
F00199,1,14,10.1016/j.cej.2021.131357,points/F00199.csv,0.09265180959,1,0.6894005747
F00200,1,14,10.1016/j.cej.2021.131358,points/F00200.csv,0.07485301602,1,0.7171407572
F00202,1,9,10.1016/j.ceramint.2020.07.260,points/F00202.csv,0.1960862113,1,0.5468226454
F00203,1,9,10.1016/j.ceramint.2020.07.260,points/F00203.csv,0.1593084018,1,0.5208091671
F00206,1,56,10.1016/j.cplett.2021.138496,points/F00206.csv,0.2536520255,1,0.8921620689
F00207,1,33,10.1016/j.dyepig.2018.07.053,points/F00207.csv,0.1188022934,1,1.24817393
F00208,1,36,10.1016/j.dyepig.2020.108663,points/F00208.csv,0.2201918526,1,0.8150120769
F00209,1,20,10.1016/j.dyepig.2021.109339,points/F00209.csv,0.2957391554,1,0.6777642423
F00210,1,18,10.1016/j.dyepig.2021.109718,points/F00210.csv,0.04131193624,1.24137931,4.417821991
F00211,1,19,10.1016/j.dyepig.2021.109718,points/F00211.csv,0.09566569071,1,0.5111279994
F00212,1,26,10.1016/j.electacta.2016.11.132,points/F00212.csv,0.2490145634,1,1.030757557
F00214,1,11,10.1016/j.electacta.2017.03.192,points/F00214.csv,0.285806068,1.034482759,1.524811834
F00215,1,11,10.1016/j.electacta.2017.03.192,points/F00215.csv,0.5417265506,1,0.617988742
F00216,1,11,10.1016/j.electacta.2017.03.192,points/F00216.csv,0.1257046595,1.179487179,1.761397594
F00217,1,32,10.1016/j.electacta.2017.07.040,points/F00217.csv,0.4990234423,1,0.5958863645
F00218,1,31,10.1016/j.electacta.2017.07.040,points/F00218.csv,0.8249063967,1,0.4190570567
F00220,1,66,10.1016/j.electacta.2018.04.055,points/F00220.csv,0.9400575812,1,0.9207472186
F00221,1,22,10.1016/j.electacta.2018.06.112,points/F00221.csv,0.01548787951,1.157894737,2.993995565
F00222,1,54,10.1016/j.electacta.2018.07.028,points/F00222.csv,0.9585664366,1,0.8365657294
F00223,1,54,10.1016/j.electacta.2018.07.028,points/F00223.csv,0.9777051565,1,0.8482106665
F00224,1,16,10.1016/j.electacta.2018.09.097,points/F00224.csv,0.026587799,1.117647059,1.507299297
F00225,1,14,10.1016/j.electacta.2018.09.195,points/F00225.csv,0.1600547981,1,0.6091591045
F00226,1,11,10.1016/j.electacta.2019.06.102,points/F00226.csv,0.03660856166,1,0.3295309662
F00227,1,29,10.1016/j.jallcom.2019.06.089,points/F00227.csv,0.4789020607,1,1.632938398
F00229,1,17,10.1016/j.jallcom.2019.152091,points/F00229.csv,0.1022713824,1,0.6625080216
F00230,1,54,10.1016/j.jallcom.2020.153738,points/F00230.csv,0.01964431555,1.653846154,0.9295849275
F00231,1,15,10.1016/j.jallcom.2020.155460,points/F00231.csv,0.2366609867,1,0.3050092064
F00232,1,47,10.1016/j.jallcom.2020.157396,points/F00232.csv,0.7051563134,1.003472222,1.327477261
F00233,1,14,10.1016/j.jallcom.2020.158079,points/F00233.csv,0.363917958,1,0.4239381915
F00234,1,14,10.1016/j.jallcom.2020.158079,points/F00234.csv,0.1061194378,1,0.5660774726
F00236,1,35,10.1016/j.jallcom.2021.161247,points/F00236.csv,0.6828713829,1,0.8822060347
F00237,1,28,10.1016/j.jallcom.2021.161352,points/F00237.csv,0.06669651474,1,1.539934129
F00238,1,57,10.1016/j.jallcom.2021.161455,points/F00238.csv,0.3216378472,1,0.668277235
F00242,1,29,10.1016/j.jechem.2020.05.061,points/F00242.csv,0.1698448612,1,0.8188435442
F00243,1,16,10.1016/j.jechem.2020.06.061,points/F00243.csv,0.2383963195,1,1.063230958
F00244,1,18,10.1016/j.jechem.2020.06.062,points/F00244.csv,0.0477485386,1.047619048,0.9319787161
F00245,1,13,10.1016/j.jechem.2021.04.058,points/F00245.csv,0.3082677189,1,0.861575971
F00246,1,15,10.1016/j.jmst.2018.03.005,points/F00246.csv,0.1763453821,1,0.683610294
F00247,1,18,10.1016/j.jmst.2021.05.084,points/F00247.csv,0.215583317,1,1.052505835
F00248,1,23,10.1016/j.jpcs.2021.110000,points/F00248.csv,0.1148060672,1,0.7137624632
F00249,1,18,10.1016/j.jpowsour.2017.05.007,points/F00249.csv,0.126722814,1,0.63618607
F00250,1,31,10.1016/j.jpowsour.2017.07.112,points/F00250.csv,0.1017196664,1.00990099,1.256156516
F00251,1,17,10.1016/j.jpowsour.2018.02.030,points/F00251.csv,0.0269045172,1.066666667,1.585817441
F00252,1,24,10.1016/j.jpowsour.2019.04.024,points/F00252.csv,0.1604674573,1,1.738024625
F00253,1,24,10.1016/j.jpowsour.2019.04.024,points/F00253.csv,0.3240140621,1,2.372712515
F00254,1,8,10.1016/j.jpowsour.2019.226914,points/F00254.csv,0.03080534656,1,0.4670864859
F00255,1,55,10.1016/j.jpowsour.2019.227216,points/F00255.csv,0.9956052553,1,0.9568039119
F00256,1,42,10.1016/j.jpowsour.2019.227267,points/F00256.csv,0.09570732621,1,1.929193157
F00257,1,18,10.1016/j.jpowsour.2020.227913,points/F00257.csv,0.08687220641,1.1,2.503923961
F00258,1,33,10.1016/j.jpowsour.2020.227938,points/F00258.csv,0.245890131,1.3125,2.841082278
F00259,1,36,10.1016/j.jpowsour.2020.228556,points/F00259.csv,0.2753551724,1,0.4990214004
F00261,1,10,10.1016/j.jpowsour.2020.228738,points/F00261.csv,0.07545444271,1,0.4574566281
F00262,1,9,10.1016/j.jpowsour.2020.228764,points/F00262.csv,0.08087166394,1,0.5886003126
F00263,1,13,10.1016/j.jpowsour.2020.228857,points/F00263.csv,0.06416680721,1,1.193761181
F00264,1,14,10.1016/j.jpowsour.2020.229149,points/F00264.csv,0.08098032391,1,0.6776775224
F00265,1,19,10.1016/j.jpowsour.2020.229345,points/F00265.csv,0.1799019285,1.045454545,1.343704085
F00266,1,19,10.1016/j.jpowsour.2020.229345,points/F00266.csv,0.06502787968,1.083333333,0.9188026885
F00267,1,22,10.1016/j.jpowsour.2021.229909,points/F00267.csv,0.2583392148,1,0.9074568892
F00268,1,38,10.1016/j.jpowsour.2021.229909,points/F00268.csv,0.111425842,1,0.863304902
F00269,1,20,10.1016/j.jpowsour.2021.230212,points/F00269.csv,0.1558898728,1.027777778,1.732078179
F00270,1,21,10.1016/j.jpowsour.2021.230302,points/F00270.csv,0.3328490592,1,0.6874456795
F00271,1,21,10.1016/j.jpowsour.2021.230302,points/F00271.csv,0.8113195818,1,0.6774699311
F00272,1,56,10.1016/j.jpowsour.2022.231243,points/F00272.csv,0.714828467,1,1.43847483
F00273,1,8,10.1016/j.jssc.2018.10.014,points/F00273.csv,0.1224210673,1,0.4607822915
F00274,1,29,10.1016/j.materresbull.2018.03.027,points/F00274.csv,0.2367554547,1,0.5975033022
F00276,1,71,10.1016/j.mssp.2018.10.034,points/F00276.csv,0.1888347828,1.02247191,1.076273546
F00277,1,51,10.1016/j.mssp.2018.10.034,points/F00277.csv,0.986551629,1,0.9738233781
F00278,1,20,10.1016/j.mssp.2019.03.028,points/F00278.csv,0.3576062245,1,1.157948893
F00279,1,20,10.1016/j.mssp.2019.104908,points/F00279.csv,0.2681925761,1,0.8991442702
F00280,1,39,10.1016/j.mssp.2021.105847,points/F00280.csv,0.06122304159,1.03125,0.630194523
F00281,1,24,10.1016/j.mssp.2021.105941,points/F00281.csv,0.6329243329,1,0.9497389974
F00282,1,18,10.1016/j.mtener.2018.07.004,points/F00282.csv,0.1984762278,1,0.3952063777
F00283,1,9,10.1016/j.mtener.2021.100853,points/F00283.csv,0.01919563371,1,0.6695792755
F00284,1,16,10.1016/j.mtener.2021.100853,points/F00284.csv,0.04697529307,1,0.3669520212
F00285,1,35,10.1016/j.nanoen.2015.11.024,points/F00285.csv,0.2886530546,1,1.067787036
F00286,1,18,10.1016/j.nanoen.2016.06.007,points/F00286.csv,0.201256059,1,0.3299819344
F00287,1,9,10.1016/j.nanoen.2016.08.006,points/F00287.csv,0.2163369291,1.25203252,3.616518692
F00288,1,15,10.1016/j.nanoen.2016.08.048,points/F00288.csv,0.1312164663,1.052631579,1.066777468
F00290,1,48,10.1016/j.nanoen.2016.08.055,points/F00290.csv,0.5861335817,1,1.33510446
F00292,1,16,10.1016/j.nanoen.2016.10.036,points/F00292.csv,0.3838797615,1,0.9726279806
F00293,2,8,10.1016/j.nanoen.2017.10.006,points/F00293.csv,0.006916809407,1.8,6.843117024
F00294,2,13,10.1016/j.nanoen.2017.10.006,points/F00294.csv,0.009737414642,1.571428571,7.429232746
F00295,1,10,10.1016/j.nanoen.2017.11.024,points/F00295.csv,0.08300698452,1,0.7002630565
F00296,1,19,10.1016/j.nanoen.2017.12.028,points/F00296.csv,0.2697780187,1,1.228435765
F00297,1,20,10.1016/j.nanoen.2017.12.028,points/F00297.csv,0.06778905342,1,1.809399848
F00298,1,12,10.1016/j.nanoen.2019.03.014,points/F00298.csv,0.04451616877,1.125,4.681196952
F00299,1,12,10.1016/j.nanoen.2019.03.014,points/F00299.csv,0.1546520177,1,1.878430073
F00300,1,9,10.1016/j.nanoen.2019.03.081,points/F00300.csv,0.02516073816,1,1.537139031
F00301,1,12,10.1016/j.nanoen.2019.103866,points/F00301.csv,0.07791308792,1,0.3671872105
F00305,1,16,10.1016/j.nanoen.2020.104635,points/F00305.csv,0.8578865123,1,1.002695132
F00306,1,10,10.1016/j.nanoen.2021.105788,points/F00306.csv,0.0910105038,1,0.7455061436
F00308,1,14,10.1016/j.nanoen.2021.106495,points/F00308.csv,0.1203328108,1,0.584740741
F00309,1,13,10.1016/j.nanoen.2021.106495,points/F00309.csv,0.06918648034,1,1.747738629
F00311,1,8,10.1016/j.optmat.2021.111214,points/F00311.csv,0.3109311783,1,0.744106452
F00312,1,8,10.1016/j.optmat.2021.111214,points/F00312.csv,0.124571324,1,1.046512723
F00313,1,20,10.1016/j.optmat.2021.111313,points/F00313.csv,0.1188939913,1,2.89686867
F00314,1,38,10.1016/j.orgel.2017.06.023,points/F00314.csv,0.2143134286,1,0.7439524449
F00315,4,47,10.1016/j.orgel.2017.10.034,points/F00315.csv,0.1019934158,1.928571429,9.680096731
F00316,1,12,10.1016/j.orgel.2017.11.045,points/F00316.csv,0.1361191697,1,0.5484187515
F00317,1,8,10.1016/j.orgel.2018.01.029,points/F00317.csv,0.3767090767,1,0.8021371772
F00319,1,18,10.1016/j.orgel.2018.05.024,points/F00319.csv,0.1240780897,1.192982456,2.29524428
F00320,1,63,10.1016/j.orgel.2018.07.029,points/F00320.csv,0.08609544097,1.061538462,0.9504424146
F00321,1,63,10.1016/j.orgel.2018.07.029,points/F00321.csv,0.1298054341,1,0.47501916
F00322,1,55,10.1016/j.orgel.2018.09.040,points/F00322.csv,0.1981644278,1,1.587591431
F00323,1,16,10.1016/j.orgel.2018.12.012,points/F00323.csv,0.05148388776,1.13559322,2.310247197
F00324,1,15,10.1016/j.orgel.2019.03.033,points/F00324.csv,0.06059601702,1,0.4740716669
F00325,1,26,10.1016/j.orgel.2019.03.035,points/F00325.csv,0.05502253491,1,0.7561888112
F00326,1,8,10.1016/j.orgel.2019.06.039,points/F00326.csv,0.009985501248,1,0.5432569604
F00327,1,33,10.1016/j.orgel.2019.105519,points/F00327.csv,0.07329373664,1,0.3636698713
F00328,1,41,10.1016/j.orgel.2020.105681,points/F00328.csv,0.1396581725,1,1.055321436
F00329,1,42,10.1016/j.orgel.2020.105681,points/F00329.csv,0.06466356574,1,1.353156064
F00330,1,24,10.1016/j.orgel.2020.105922,points/F00330.csv,0.03673982779,1,1.185234966
F00331,1,24,10.1016/j.orgel.2020.105922,points/F00331.csv,0.08599466345,1,0.5888223556
F00334,1,14,10.1016/j.orgel.2021.106249,points/F00334.csv,0.0555356879,1,0.8123240608
F00335,1,11,10.1016/j.orgel.2021.106258,points/F00335.csv,0.3617104341,1,0.4414067055
F00336,1,11,10.1016/j.orgel.2021.106258,points/F00336.csv,0.133518992,1,0.405096689
F00337,1,20,10.1016/j.orgel.2021.106293,points/F00337.csv,0.402706624,1,0.7406863474
F00338,1,12,10.1016/j.orgel.2021.106428,points/F00338.csv,0.09504985827,1.202898551,2.781090047
F00339,1,17,10.1016/j.orgel.2021.106428,points/F00339.csv,0.07291395687,1.188679245,3.002474675
F00340,1,18,10.1016/j.orgel.2021.106428,points/F00340.csv,0.1329778209,1.041666667,2.381927921
F00341,1,11,10.1016/j.solener.2016.07.034,points/F00341.csv,0.136083342,1,1.282326008
F00342,1,61,10.1016/j.solener.2016.10.005,points/F00342.csv,0.9964293606,1,1.104632447
F00343,1,17,10.1016/j.solener.2017.05.089,points/F00343.csv,0.1155230709,1,0.6950333422
F00344,1,18,10.1016/j.solener.2017.05.089,points/F00344.csv,0.01358652643,1.4,4.112138145
F00345,1,18,10.1016/j.solener.2018.05.086,points/F00345.csv,0.1693169244,1.404255319,1.63240822
F00346,1,18,10.1016/j.solener.2018.05.086,points/F00346.csv,0.5855782992,1.317460317,1.433686142
F00347,1,20,10.1016/j.solener.2019.02.020,points/F00347.csv,0.04123336159,1,0.6087218651
F00348,1,20,10.1016/j.solener.2019.02.020,points/F00348.csv,0.07230745675,1,0.771147505
F00349,1,20,10.1016/j.solener.2019.02.020,points/F00349.csv,0.1578803565,1,0.5467401838
F00350,1,20,10.1016/j.solener.2019.05.073,points/F00350.csv,0.1575719158,1,0.6732366929
F00352,1,24,10.1016/j.solener.2019.10.034,points/F00352.csv,0.8763479593,1,0.8988997135
F00353,1,28,10.1016/j.solener.2019.10.034,points/F00353.csv,0.4824632154,1,1.242829812
F00354,1,23,10.1016/j.solener.2019.10.067,points/F00354.csv,0.03044878757,1.137931034,2.325190929
F00355,1,11,10.1016/j.solener.2019.12.031,points/F00355.csv,0.07196044722,1,2.196261278
F00360,1,19,10.1016/j.solener.2020.09.058,points/F00360.csv,0.08068883755,1,0.5698103865
F00361,1,14,10.1016/j.solener.2021.03.036,points/F00361.csv,0.01478663023,1.166666667,2.677691075
F00362,1,36,10.1016/j.solener.2021.03.055,points/F00362.csv,0.2469082009,1,0.7860613549
F00363,1,17,10.1016/j.solener.2021.04.053,points/F00363.csv,0.02391776917,1,1.352805472
F00364,1,51,10.1016/j.solmat.2016.12.025,points/F00364.csv,0.8595653139,1,0.7711280298
F00365,1,69,10.1016/j.solmat.2017.07.022,points/F00365.csv,0.5617251922,1,1.29776957
F00366,1,68,10.1016/j.solmat.2017.07.022,points/F00366.csv,0.3652140688,1,1.015391468
F00367,1,19,10.1016/j.solmat.2017.08.032,points/F00367.csv,0.02896944324,1,0.8199356817
F00368,1,19,10.1016/j.solmat.2017.08.032,points/F00368.csv,0.2008631414,1,1.31219169
F00369,1,57,10.1016/j.solmat.2018.01.025,points/F00369.csv,0.3760654438,1,1.252258572
F00370,1,17,10.1016/j.solmat.2018.05.022,points/F00370.csv,0.2645065184,1,1.090229257
F00372,1,38,10.1016/j.solmat.2018.07.031,points/F00372.csv,0.05036762546,1.166666667,2.327290055
F00373,1,39,10.1016/j.solmat.2018.07.031,points/F00373.csv,0.06239637983,1.227272727,2.841575687
F00374,1,39,10.1016/j.solmat.2018.07.031,points/F00374.csv,0.2467493202,1,0.6922960031
F00375,1,14,10.1016/j.solmat.2019.110052,points/F00375.csv,0.02306199392,1,0.7167654549
F00376,1,14,10.1016/j.solmat.2019.110197,points/F00376.csv,0.04558337911,1,0.9273093455
F00377,1,11,10.1016/j.solmat.2019.110284,points/F00377.csv,0.2676162173,1,0.4883373582
F00379,1,13,10.1016/j.solmat.2019.110284,points/F00379.csv,0.2375875349,1,0.6626274015
F00380,1,12,10.1016/j.solmat.2019.110284,points/F00380.csv,0.1582658959,1,0.4744185226
F00385,1,10,10.1016/j.solmat.2019.110317,points/F00385.csv,0.03311075188,1,1.925676715
F00388,1,10,10.1016/j.solmat.2020.110689,points/F00388.csv,0.1144962482,1,0.5514224066
F00389,1,12,10.1016/j.synthmet.2017.02.022,points/F00389.csv,0.2659318128,1,0.8697267721
F00390,2,15,10.1016/j.tsf.2018.03.038,points/F00390.csv,0.3520003638,1,6.363922557
F00391,1,18,10.1016/j.tsf.2018.10.001,points/F00391.csv,0.4145065439,1,0.9974337395
F00392,1,16,10.1016/j.xcrp.2020.100180,points/F00392.csv,0.04466564144,1,1.090153027
F00393,1,33,10.1021/acs.chemmater.5b03137,points/F00393.csv,0.5745460331,1,0.67876149
F00394,1,25,10.1021/acs.chemmater.5b03991,points/F00394.csv,0.07103816172,1.483870968,4.707590773
F00395,1,33,10.1021/acs.chemmater.5b03991,points/F00395.csv,0.2280028461,1,1.408382646
F00396,1,12,10.1021/acs.iecr.9b05173,points/F00396.csv,0.2214497104,1,0.4008414592
F00397,1,43,10.1021/acs.jpcc.0c02628,points/F00397.csv,0.6916011679,1,1.206008543
F00399,1,12,10.1021/acs.jpcc.0c05357,points/F00399.csv,0.4349894208,1,0.51620899
F00400,1,12,10.1021/acs.jpcc.0c05357,points/F00400.csv,0.1986024963,1.188679245,2.181577601
F00401,1,12,10.1021/acs.jpcc.0c05357,points/F00401.csv,0.1931935435,1.020408163,1.209743821
F00402,1,8,10.1021/acs.jpcc.0c05649,points/F00402.csv,0.08567723425,1,0.5719514652
F00403,1,19,10.1021/acs.jpcc.6b12137,points/F00403.csv,0.1177532615,1,1.122480766
F00407,1,12,10.1021/acs.jpclett.0c03566,points/F00407.csv,0.2666627341,1,0.5341059767
F00408,1,38,10.1021/acs.langmuir.7b00127,points/F00408.csv,0.3410707737,1,0.8456932148
F00409,1,39,10.1021/acs.langmuir.7b00127,points/F00409.csv,0.3397783403,1,0.8341741156
F00410,1,15,10.1021/acs.nanolett.9b01553,points/F00410.csv,0.007964996933,1.166666667,2.273050439
F00411,1,12,10.1021/acs.nanolett.9b01553,points/F00411.csv,0.01893565309,1,1.728231503
F00416,1,21,10.1021/acsaelm.0c00808,points/F00416.csv,0.06183670339,1.214285714,2.666626532
F00417,1,22,10.1021/acsaelm.0c00808,points/F00417.csv,0.02000864775,1.666666667,4.678506646
F00418,1,14,10.1021/acsaem.0c00398,points/F00418.csv,0.3254245178,1,0.8256143591
F00419,2,14,10.1021/acsaem.0c00398,points/F00419.csv,0.03020278432,1.3125,7.786750535
F00420,1,14,10.1021/acsaem.0c00398,points/F00420.csv,0.2391332373,1,0.6719253958
F00422,1,21,10.1021/acsaem.0c01675,points/F00422.csv,0.1944621549,1,1.292212991
F00423,1,13,10.1021/acsaem.0c03227,points/F00423.csv,0.1175317468,1.209302326,2.162922775
F00425,1,48,10.1021/acsaem.1c00054,points/F00425.csv,0.3510355909,1,1.668099102
F00426,1,9,10.1021/acsaem.1c00192,points/F00426.csv,0.169025523,1.197183099,1.990564047
F00427,1,9,10.1021/acsaem.1c00192,points/F00427.csv,0.1199085382,1.058823529,1.384757384
F00428,1,10,10.1021/acsaem.1c00517,points/F00428.csv,0.03070033206,1,0.5914882176
F00429,1,29,10.1021/acsaem.1c00767,points/F00429.csv,0.2535214785,1,0.5289394923
F00430,1,29,10.1021/acsaem.1c00767,points/F00430.csv,0.2588839284,1,0.5652231909
F00431,1,29,10.1021/acsaem.1c00767,points/F00431.csv,0.3869359521,1,0.6723053772
F00432,1,29,10.1021/acsaem.1c00767,points/F00432.csv,0.3873193847,1,0.6595134126
F00433,1,12,10.1021/acsaem.8b00277,points/F00433.csv,0.09299583024,1,0.9668047014
F00434,1,12,10.1021/acsaem.8b00277,points/F00434.csv,0.0588474937,1,0.8536976109
F00435,1,11,10.1021/acsaem.8b01075,points/F00435.csv,0.4329907561,1,1.106506581
F00438,1,27,10.1021/acsami.0c05527,points/F00438.csv,0.1067856705,1,0.5753087516
F00439,1,73,10.1021/acsami.0c05527,points/F00439.csv,0.354669623,1,1.209026912
F00440,1,17,10.1021/acsami.0c09046,points/F00440.csv,0.06890700361,1,0.9375985466
F00441,1,15,10.1021/acsami.0c09046,points/F00441.csv,0.02669497525,1,1.398129742
F00442,1,13,10.1021/acsami.0c15042,points/F00442.csv,0.09291224149,1,0.7270467388
F00443,1,29,10.1021/acsami.0c16939,points/F00443.csv,0.1211201789,1,1.078242706
F00444,1,15,10.1021/acsami.0c19784,points/F00444.csv,0.06145824914,1.19047619,2.325560054
F00445,1,20,10.1021/acsami.0c19968,points/F00445.csv,0.0400439759,1,1.725786948
F00446,1,20,10.1021/acsami.0c19968,points/F00446.csv,0.07938867677,1.05,1.12715213
F00447,1,16,10.1021/acsami.0c20126,points/F00447.csv,0.09871263021,1,0.8316476629
F00448,1,14,10.1021/acsami.0c22817,points/F00448.csv,0.5970022665,1,0.4694587269
F00449,1,11,10.1021/acsami.1c02218,points/F00449.csv,0.2299805525,1,0.8786485473
F00450,1,10,10.1021/acsami.1c02218,points/F00450.csv,0.02567977932,1,1.649705649
F00451,1,39,10.1021/acsami.1c02377,points/F00451.csv,0.4671138964,1,1.350185024
F00452,1,16,10.1021/acsami.1c04601,points/F00452.csv,0.1147827332,1,0.9556173453
F00453,1,17,10.1021/acsami.1c05055,points/F00453.csv,0.06470729662,1,0.575178065
F00454,1,40,10.1021/acsami.1c16519,points/F00454.csv,0.1119621024,1,0.9676402532
F00455,1,15,10.1021/acsami.6b09532,points/F00455.csv,0.2835998763,1,0.8421394711
F00456,1,39,10.1021/acsami.6b11757,points/F00456.csv,0.3143787889,1,0.4285442934
F00457,1,40,10.1021/acsami.6b11757,points/F00457.csv,0.2069055546,1,0.6661647337
F00458,1,25,10.1021/acsami.6b15563,points/F00458.csv,0.4478237013,1.058823529,1.505676846
F00459,1,11,10.1021/acsami.7b01136,points/F00459.csv,0.350151946,1,1.229139294
F00460,1,25,10.1021/acsami.7b01864,points/F00460.csv,0.1690970777,1,0.5717698934
F00461,1,25,10.1021/acsami.7b01864,points/F00461.csv,0.03044692077,1,1.250556604
F00462,1,14,10.1021/acsami.7b08488,points/F00462.csv,0.2274750217,1,1.010240235
F00463,1,51,10.1021/acsami.7b10994,points/F00463.csv,0.3046252406,1,0.660116332
F00464,1,51,10.1021/acsami.7b10994,points/F00464.csv,0.519727965,1,0.6149796638
F00465,1,50,10.1021/acsami.7b10994,points/F00465.csv,0.3053602565,1,0.7141191851
F00466,1,50,10.1021/acsami.7b10994,points/F00466.csv,0.5137495436,1,0.7007553848
F00467,1,16,10.1021/acsami.7b16912,points/F00467.csv,0.04907429767,1,0.655748441
F00468,1,44,10.1021/acsami.8b05956,points/F00468.csv,0.5270671762,1,0.5462455054
F00469,1,12,10.1021/acsami.8b08658,points/F00469.csv,0.03660788077,1.5,5.388404865
F00474,1,8,10.1021/acsami.8b18807,points/F00474.csv,0.08725205911,1,0.5447038235
F00476,1,30,10.1021/acsami.9b01740,points/F00476.csv,0.3090433918,1.04040404,1.151295748
F00477,1,12,10.1021/acsami.9b07149,points/F00477.csv,0.01530310092,1.333333333,1.154793941
F00478,1,12,10.1021/acsami.9b07149,points/F00478.csv,0.06392596473,1,0.6451559422
F00479,1,12,10.1021/acsami.9b07149,points/F00479.csv,0.183900949,1,0.4175121903
F00483,4,12,10.1021/acsami.9b09171,points/F00483.csv,0.03533607728,1.4,4.727669543
F00484,1,15,10.1021/acsami.9b12323,points/F00484.csv,0.2166641875,1.039473684,1.797076685
F00485,1,11,10.1021/acsami.9b12961,points/F00485.csv,0.1077805198,1,0.7163106843
F00486,1,11,10.1021/acsami.9b12961,points/F00486.csv,0.04334783131,1,0.5252063629
F00487,4,18,10.1021/acsami.9b17851,points/F00487.csv,0.04416495144,1.782608696,5.700061789
F00488,1,8,10.1021/acsami.9b17930,points/F00488.csv,0.02434368903,1,1.911361319
F00489,1,8,10.1021/acsami.9b17930,points/F00489.csv,0.05711089437,1,0.6755223168
F00490,1,8,10.1021/acsami.9b18572,points/F00490.csv,0.03859302323,1,1.284567183
F00491,1,16,10.1021/acsami.9b20831,points/F00491.csv,0.01639727288,1,1.094058787
F00493,1,8,10.1021/acsenergylett.1c00342,points/F00493.csv,0.02952953078,1,0.6861333497
F00495,1,66,10.1021/acsenergylett.8b00085,points/F00495.csv,0.4924220875,1,0.7175768519
F00497,1,13,10.1021/acsomega.0c04593,points/F00497.csv,0.1577109471,1,1.244907584
F00499,1,18,10.1021/acssuschemeng.0c02983,points/F00499.csv,0.01520846614,1,1.061122806
F00500,1,19,10.1021/acssuschemeng.0c02983,points/F00500.csv,0.02960695268,1,0.376225189
F00501,1,20,10.1021/acssuschemeng.1c02537,points/F00501.csv,0.1062073986,1,2.08795257
F00502,1,20,10.1021/acssuschemeng.1c02537,points/F00502.csv,0.3367435084,1,0.5573201154
F00503,1,13,10.1021/acssuschemeng.9b00368,points/F00503.csv,0.1875652379,1,1.097934117
F00504,1,16,10.1021/acssuschemeng.9b02336,points/F00504.csv,0.225065907,1,0.8145194556
F00505,1,12,10.1038/nenergy.2017.102,points/F00505.csv,0.02515589718,1,0.7562514124
F00506,1,13,10.1038/s41427-018-0055-0,points/F00506.csv,0.280771206,1,0.3260129879
F00507,1,15,10.1038/s41560-018-0192-2,points/F00507.csv,0.08745373042,1,0.819186189
F00508,3,17,10.1038/s41598-018-25975-8,points/F00508.csv,0.07105985162,1.636363636,9.620743643
F00509,1,42,10.1038/s41598-024-78155-2,points/F00509.csv,0.3149311468,1,0.6722768529
F00510,1,41,10.1038/s41598-024-78155-2,points/F00510.csv,0.1416088969,1,0.770812162
F00511,1,57,10.1038/s41598-024-78155-2,points/F00511.csv,0.5524789955,1,0.665041267
F00512,1,57,10.1038/s41598-024-78155-2,points/F00512.csv,0.328628024,1,0.6446453788
F00513,1,13,10.1039/c9ta04366g,points/F00513.csv,0.1329331752,1,0.4345317644
F00514,1,8,10.1039/d5sc05095b,points/F00514.csv,0.1760822856,1,0.6677307328
F00515,1,15,10.1039/c5ta06008g,points/F00515.csv,0.4443338695,1,0.9668826998
F00516,1,10,10.1039/c6ee02687g,points/F00516.csv,0.04189249611,1,0.6245746556
F00517,1,8,10.1039/c6nr06670d,points/F00517.csv,0.05370223008,1,0.8939564031
F00519,1,13,10.1039/c6ta03164a,points/F00519.csv,0.02294141179,1,0.9774148319
F00520,1,13,10.1039/c6ta03164a,points/F00520.csv,0.05522680806,1,0.568292853
F00521,1,18,10.1039/c6ta09174a,points/F00521.csv,0.1403925738,1,0.7019971152
F00522,1,12,10.1039/c6ta09687e,points/F00522.csv,0.2349410737,1,0.8390277209
F00523,1,11,10.1039/c6ta09687e,points/F00523.csv,0.6611346221,1,0.614332653
F00524,1,67,10.1039/c6ta10588b,points/F00524.csv,0.2652657267,1,0.639694242
F00525,1,67,10.1039/c6ta10588b,points/F00525.csv,0.2168112542,1,1.474212531
F00526,1,36,10.1039/c7nr03507a,points/F00526.csv,0.1577134977,1.3,3.612491817
F00527,1,22,10.1039/c7nr03963h,points/F00527.csv,0.5064865626,1,0.6728159947
F00528,1,17,10.1039/c7nr06812c,points/F00528.csv,0.03766857245,1,0.6592371345
F00530,1,17,10.1039/c7se00036g,points/F00530.csv,0.04409792613,1.111111111,3.060785987
F00532,1,11,10.1039/c7ta00894e,points/F00532.csv,0.09950498158,1,0.634822741
F00533,1,11,10.1039/c7ta00894e,points/F00533.csv,0.2360973343,1,0.6133362149
F00534,1,12,10.1039/c7ta06088b,points/F00534.csv,0.9057617367,1,0.7126372478
F00536,1,56,10.1039/c7ta09543k,points/F00536.csv,0.683321342,1,1.19366811
F00537,1,28,10.1039/c7tc01973d,points/F00537.csv,0.5935788331,1,0.8727192888
F00538,1,28,10.1039/c7tc01973d,points/F00538.csv,0.1492275527,1,1.898013397
F00541,1,21,10.1039/c8nh00163d,points/F00541.csv,0.8889775832,1,1.167076427
F00542,1,13,10.1039/c8nj06146g,points/F00542.csv,0.4010063972,1,0.5954650674
F00543,4,11,10.1039/c8ra03162b,points/F00543.csv,0.2433317442,1.821917808,5.277939398
F00544,1,11,10.1039/c8ra03162b,points/F00544.csv,0.7701744689,1,2.528810477
F00545,4,9,10.1039/c8ra03162b,points/F00545.csv,0.2683665448,1.867346939,6.146625105
F00547,1,9,10.1039/c8ta00457a,points/F00547.csv,0.2518797873,1,0.4688509063
F00548,1,18,10.1039/c8ta00583d,points/F00548.csv,0.02972562346,1,0.6410000535
F00549,1,18,10.1039/c8ta00583d,points/F00549.csv,0.07470881298,1,1.172616966
F00550,1,18,10.1039/c8ta03608j,points/F00550.csv,0.7543953747,1,0.651265762
F00551,1,9,10.1039/c8ta11925b,points/F00551.csv,0.06201634692,1.178571429,2.009366772
F00553,1,11,10.1039/c8ta12206g,points/F00553.csv,0.08407546685,1.181818182,2.445531899
F00555,1,36,10.1039/c9nr05719f,points/F00555.csv,0.6358748997,1,2.109917831
F00556,1,36,10.1039/c9nr05719f,points/F00556.csv,0.5175525489,1.011976048,1.228867557
F00557,1,15,10.1039/c9se00003h,points/F00557.csv,0.0747321458,1,0.5776966744
F00559,1,8,10.1039/c9ta00118b,points/F00559.csv,0.05266872053,1,1.460097304
F00564,1,10,10.1039/c9ta03022k,points/F00564.csv,0.2610910712,1.020833333,2.150713108
F00565,1,14,10.1039/c9ta08084h,points/F00565.csv,0.0211866939,1.2,1.763665959
F00566,1,14,10.1039/c9ta08084h,points/F00566.csv,0.02342938139,1,1.595304472
F00567,1,22,10.1039/c9ta08177a,points/F00567.csv,0.2457207651,1,1.254934134
F00568,1,22,10.1039/c9ta08177a,points/F00568.csv,0.1796067862,1,1.825780367
F00569,1,33,10.1039/c9ta11744j,points/F00569.csv,0.1636295697,1,1.263375032
F00571,1,19,10.1039/c9tc00374f,points/F00571.csv,0.02775919022,1,2.211827927
F00572,1,20,10.1039/c9tc02526j,points/F00572.csv,0.02070667969,1,0.7311007279
F00573,1,50,10.1039/c9tc03120k,points/F00573.csv,0.27484715,1,0.8452230693
F00574,1,9,10.1039/c9tc04269e,points/F00574.csv,0.0639036259,1.111111111,2.490343414
F00575,1,8,10.1039/c9tc05227e,points/F00575.csv,0.02301406695,1,0.7610054538
F00576,1,22,10.1039/c9tc05410c,points/F00576.csv,0.1074653234,1,1.054727119
F00577,1,22,10.1039/c9tc05410c,points/F00577.csv,0.4638920683,1,0.7789423922
F00578,1,12,10.1039/d0dt03201h,points/F00578.csv,0.04814918168,1,0.6214176431
F00579,1,42,10.1039/d0dt03201h,points/F00579.csv,0.2588811321,1,1.436028045
F00582,1,16,10.1039/d0qm00983k,points/F00582.csv,0.1268455432,1.14893617,3.522494502
F00583,1,14,10.1039/d0ra07254k,points/F00583.csv,0.1020853605,1.029411765,1.015273331
F00584,1,39,10.1039/d0ra09294k,points/F00584.csv,0.3620005915,1,0.5846159544
F00585,1,38,10.1039/d0ra09294k,points/F00585.csv,0.1466723887,1,0.4171207009
F00586,1,36,10.1039/d0ra09294k,points/F00586.csv,0.1143358813,1,0.6957738628
F00591,1,16,10.1039/d0ta06646j,points/F00591.csv,0.1123830444,1,1.301489886
F00592,1,17,10.1039/d0ta06646j,points/F00592.csv,0.01149401949,1,3.382878553
F00593,1,16,10.1039/d0ta06646j,points/F00593.csv,0.1811889899,1,1.017232501
F00597,2,10,10.1039/d0tc01464h,points/F00597.csv,0.01574153203,1.5,6.616154051
F00598,2,9,10.1039/d0tc01464h,points/F00598.csv,0.03569995931,1.285714286,5.797904196
F00599,1,78,10.1039/d0tc02535f,points/F00599.csv,0.2516280693,1.013513514,0.869231579
F00600,1,34,10.1039/d0tc03133j,points/F00600.csv,0.1598250756,1,0.5101487854
F00604,1,19,10.1039/d0tc05455k,points/F00604.csv,0.06098021753,1.423076923,3.76296226
F00605,1,27,10.1039/d0tc05877g,points/F00605.csv,0.0737217046,1,1.084746599
F00611,1,22,10.1039/d1ra05399j,points/F00611.csv,0.1763265215,1,0.5703150309
F00612,1,9,10.1039/d1sc01416a,points/F00612.csv,0.08451379575,1,0.4112500228
F00614,1,61,10.1039/d1se00192b,points/F00614.csv,0.1328350656,1.04,0.8033095021
F00615,1,15,10.1039/d1ta04520b,points/F00615.csv,0.0275323505,1,0.5797830081
F00616,1,31,10.1039/d2cp02033e,points/F00616.csv,0.08468603565,1,1.224710261
F00617,1,31,10.1039/d2cp02033e,points/F00617.csv,0.1780897514,1,0.9025565633
F00618,1,15,10.1039/d2ra03411e,points/F00618.csv,0.2377224201,1.047904192,1.651485351
F00623,1,18,10.1039/d3ra00809f,points/F00623.csv,0.1189047006,1,1.096009011
F00626,4,11,10.1039/d3ta03423b,points/F00626.csv,0.008921137931,1.5,5.067690658
F00627,1,11,10.1039/d4ra00583j,points/F00627.csv,0.06968927094,1,0.4002872628
F00628,1,12,10.1039/d4sc02020k,points/F00628.csv,0.0941810866,1,1.107038301
F00629,1,12,10.1039/d4sc02020k,points/F00629.csv,0.193846944,1,0.5189584393
F00630,1,24,10.1039/d5sc04440e,points/F00630.csv,0.246684747,1,0.5974605967
F00631,1,31,10.1063/5.0012646,points/F00631.csv,0.1593028628,1,0.8631885636
F00639,1,18,10.1109/jphotov.2017.2775162,points/F00639.csv,0.5453840043,1,1.499385152
F00640,1,48,10.1126/science.aad1015,points/F00640.csv,0.4398214337,1,2.001853187
F00641,1,48,10.1126/science.aad1015,points/F00641.csv,0.1596638529,1,1.046214601
F00642,1,13,10.1134/s1063785020030153,points/F00642.csv,0.07117166145,1,0.5911685009
F00643,1,30,10.1142/s0218625x18501378,points/F00643.csv,0.1997525933,1,0.6641556436
F00644,1,14,10.1186/s11671-019-2936-8,points/F00644.csv,0.0541406087,1.285714286,2.91301575
F00645,1,14,10.1186/s11671-020-03406-w,points/F00645.csv,0.1335714344,1,0.5418072798
F00646,1,17,10.3390/coatings14040409,points/F00646.csv,0.1245633416,1.054347826,1.345941243
F00647,1,15,10.3390/cryst11121588,points/F00647.csv,0.01363570292,1,1.232880079
F00648,1,15,10.3390/cryst11121588,points/F00648.csv,0.04317972592,1,0.9250077034
F00649,1,27,10.3390/cryst12020290,points/F00649.csv,0.06997613035,1,0.7777874013
F00650,1,30,10.3390/cryst12081090,points/F00650.csv,0.2154907261,1,0.9917773085
F00651,1,30,10.3390/cryst12081090,points/F00651.csv,0.1155756254,1,1.276778827
F00652,1,41,10.3390/en16237849,points/F00652.csv,0.5774740613,1,0.8087951928
F00653,4,84,10.3390/ijms232214441,points/F00653.csv,0.06020467224,1.366666667,4.576046607
F00654,1,84,10.3390/ijms232214441,points/F00654.csv,0.2812201791,1,0.7809906438
F00655,1,8,10.3390/mi16040379,points/F00655.csv,0.02130688079,1,0.4096583037
F00656,1,25,10.3390/molecules28134976,points/F00656.csv,0.08741484208,1,0.7533631785
F00657,1,64,10.3390/molecules29112556,points/F00657.csv,0.05897297653,1.337349398,4.724857456
F00658,1,64,10.3390/molecules29112556,points/F00658.csv,0.2091067471,1,0.9456349501
F00659,1,23,10.3390/molecules29215064,points/F00659.csv,0.4151818735,1,0.6059963518
F00660,1,32,10.3390/molecules29215064,points/F00660.csv,0.4734618676,1,0.9017298265
F00661,1,59,10.3390/pr10081477,points/F00661.csv,0.7183252601,1,2.171914094
F00663,3,9,10.7498/aps.72.20230636,points/F00663.csv,0.05580700927,2.64,10
F00664,1,19,10.1002/adem.202000990,points/F00664.csv,0.8872235874,1,1.820496047
F00665,1,31,10.1002/adem.202000990,points/F00665.csv,0.1376738524,1,1.235584734
F00667,1,74,10.1002/adfm.201503559,points/F00667.csv,0.2418468959,1.204081633,4.506369908
F00668,1,33,10.1002/adfm.201600746,points/F00668.csv,0.9615373259,1.018987342,0.7350568723
F00669,1,10,10.1002/adfm.201601119,points/F00669.csv,0.2355864779,1,0.6870644436
F00670,1,11,10.1002/adfm.201605988,points/F00670.csv,0.1915156235,1,0.3361306692
F00671,1,33,10.1002/adfm.201702090,points/F00671.csv,0.3034112037,1,0.4740782878
F00672,1,26,10.1002/adfm.201705363,points/F00672.csv,0.2786901034,1,1.695604596
F00673,1,25,10.1002/adfm.201705363,points/F00673.csv,0.6293490382,1,1.15863609
F00676,1,12,10.1002/adfm.201706923,points/F00676.csv,0.08709117495,1,0.6950595715
F00677,1,20,10.1002/adfm.201800346,points/F00677.csv,0.0812932669,1,0.8120792712
F00678,1,20,10.1002/adfm.201803269,points/F00678.csv,0.3194585034,1,0.9044436137
F00679,1,26,10.1002/adfm.201804856,points/F00679.csv,0.2771980068,1,0.3763252201
F00680,1,38,10.1002/adfm.201807850,points/F00680.csv,0.5364572135,1,1.060066507
F00681,1,12,10.1002/adfm.201807850,points/F00681.csv,0.7914246058,1,0.4053873869
F00682,1,9,10.1002/adfm.201808119,points/F00682.csv,0.05426829418,1,1.26673448
F00683,1,10,10.1002/adfm.201901026,points/F00683.csv,0.1209374285,1,0.6374629966
F00684,1,23,10.1002/adfm.201901296,points/F00684.csv,0.07998254326,1.026785714,1.081857783
F00685,1,31,10.1002/adfm.201905951,points/F00685.csv,0.0450264758,1,1.484337425
F00686,1,32,10.1002/adfm.201905951,points/F00686.csv,0.08575226826,1,0.5680224215
F00687,1,11,10.1002/adfm.201909737,points/F00687.csv,0.3708102296,1,0.7475419188
F00688,1,19,10.1002/adfm.201910620,points/F00688.csv,0.2377739434,1,0.6941563807
F00689,1,59,10.1002/adfm.202000034,points/F00689.csv,0.5091049631,1,0.4424736242
F00690,1,59,10.1002/adfm.202000034,points/F00690.csv,0.3065944877,1,0.5974310919
F00691,1,29,10.1002/adfm.202001788,points/F00691.csv,0.04376820024,1,0.8150095881
F00692,1,28,10.1002/adfm.202001788,points/F00692.csv,0.05609802106,1,1.040885535
F00693,1,29,10.1002/adfm.202001788,points/F00693.csv,0.1258388205,1,0.8959114378
F00694,1,25,10.1002/adfm.202002230,points/F00694.csv,0.9620905754,1,0.740933547
F00695,1,24,10.1002/adfm.202002964,points/F00695.csv,0.9208719921,1,1.308478292
F00696,1,11,10.1002/adfm.202005846,points/F00696.csv,0.06045484624,1,0.7406198153
F00697,1,12,10.1002/adfm.202008801,points/F00697.csv,0.07087903702,1,0.402879256
F00698,1,12,10.1002/adfm.202008801,points/F00698.csv,0.01945772437,1,1.021595243
F00699,1,14,10.1002/adfm.202010368,points/F00699.csv,0.0662107584,1.138888889,1.926396698
F00700,1,21,10.1002/adfm.202010368,points/F00700.csv,0.04675147356,1,1.985860385
F00701,1,26,10.1002/adfm.202010696,points/F00701.csv,0.2100181202,1,0.502773874
F00702,1,65,10.1002/adfm.202101163,points/F00702.csv,0.8881733729,1,1.367827824
F00703,1,37,10.1002/adfm.202103316,points/F00703.csv,0.2175951608,1,0.524064025
F00704,1,37,10.1002/adfm.202103316,points/F00704.csv,0.08557656183,1,0.4869410321
F00705,1,37,10.1002/adfm.202103316,points/F00705.csv,0.1215972957,1,0.6895626227
F00706,1,37,10.1002/adfm.202103316,points/F00706.csv,0.1719690556,1,0.5453434254
F00707,1,37,10.1002/adfm.202103316,points/F00707.csv,0.1174565955,1.027027027,0.6205065332
F00708,1,37,10.1002/adfm.202103316,points/F00708.csv,0.2738766441,1,0.6050895789
F00709,1,15,10.1002/adfm.202103807,points/F00709.csv,0.03947791437,1,1.257582725
F00710,1,39,10.1002/adfm.202106560,points/F00710.csv,0.1662299492,1,1.063977489
F00711,1,10,10.1002/adfm.202107710,points/F00711.csv,0.2681161554,1,0.5316106565
F00712,1,12,10.1002/adfm.202111116,points/F00712.csv,0.1390325795,1,0.5128295613
F00713,1,12,10.1002/adfm.202200174,points/F00713.csv,0.58548244,1,0.743885062
F00714,1,16,10.1002/adfm.202200473,points/F00714.csv,0.05270368568,1.066666667,0.6315268576
F00715,1,16,10.1002/adfm.202200473,points/F00715.csv,0.2034801523,1,0.3978674197
F00716,1,15,10.1002/adfm.202200473,points/F00716.csv,0.09589034795,1,0.6457886587
F00717,1,12,10.1002/adfm.202215041,points/F00717.csv,0.03538216473,1,0.7200173434
F00719,1,13,10.1002/adfm.202501623,points/F00719.csv,0.1277942934,1,0.5853044781
F00720,1,20,10.1002/adfm.202501623,points/F00720.csv,0.1631602461,1,0.6065793452
F00721,1,27,10.1002/adma.201503729,points/F00721.csv,0.2241239882,1,0.5995088355
F00722,1,11,10.1002/adma.201606608,points/F00722.csv,0.1084700396,1,0.7469280307
F00723,1,42,10.1002/adma.201701221,points/F00723.csv,0.687809711,1,1.016651632
F00724,1,42,10.1002/adma.201701221,points/F00724.csv,0.6404073472,1,0.8433851971
F00725,1,19,10.1002/adma.201705596,points/F00725.csv,0.0264456894,1.083333333,1.271686608
F00728,1,9,10.1002/adma.201707143,points/F00728.csv,0.03882511331,1,0.8080305643
F00729,1,12,10.1002/adma.201707143,points/F00729.csv,0.1515456001,1,1.624840529
F00730,1,11,10.1002/adma.201800544,points/F00730.csv,0.04418010316,1,0.7093832311
F00731,1,8,10.1002/adma.201800973,points/F00731.csv,0.5688639808,1,0.7057828947
F00732,1,47,10.1002/adma.201801948,points/F00732.csv,0.1802671778,1.586538462,2.512020478
F00733,1,46,10.1002/adma.201801948,points/F00733.csv,0.218292785,1.146153846,2.115568536
F00734,3,37,10.1002/adma.201803735,points/F00734.csv,0.07439881976,1.185185185,5.681059951
F00736,1,8,10.1002/adma.201805323,points/F00736.csv,0.2253261517,1,0.5397962852
F00737,1,10,10.1002/adma.201806823,points/F00737.csv,0.0396737233,1,0.3610697867
F00739,1,21,10.1002/adma.201901673,points/F00739.csv,0.1007461151,1.228070175,2.40026393
F00740,1,33,10.1002/adma.201901966,points/F00740.csv,0.04408273388,1,0.7802534793
F00741,1,14,10.1002/adma.201903448,points/F00741.csv,0.7114455253,1,0.8061787482
F00742,1,11,10.1002/adma.201904347,points/F00742.csv,0.07322195502,1,0.5480379808
F00743,1,46,10.1002/adma.201904494,points/F00743.csv,0.1036386889,1,3.136659278
F00744,1,46,10.1002/adma.201904494,points/F00744.csv,0.1274724754,1,2.75438854
F00745,1,23,10.1002/adma.201905502,points/F00745.csv,0.01090277726,2.5,7.120496871
F00746,1,24,10.1002/adma.201905502,points/F00746.csv,0.3868696463,1,1.903262121
F00749,1,51,10.1002/adma.201905766,points/F00749.csv,0.08907982041,1.066666667,1.154740333
F00747,1,48,10.1002/adma.201905766,points/F00747.csv,0.2140432604,1,0.7876079199
F00750,1,51,10.1002/adma.201905766,points/F00750.csv,0.1609810172,1,0.7916679538
F00748,1,48,10.1002/adma.201905766,points/F00748.csv,0.2777258097,1,1.189204851
F00751,4,44,10.1002/adma.201906995,points/F00751.csv,0.1219735455,1.763636364,8.220166063
F00752,1,55,10.1002/adma.201907396,points/F00752.csv,0.2994416883,1,0.692615936
F02167,1,184,10.1002/adma.201907623,points/F02167.csv,0.9764328391,1.070221034,1.463932385
F02168,1,358,10.1002/adma.201907623,points/F02168.csv,0.3862372814,1.654679636,1.435381499
F00755,1,50,10.1002/adma.201907769,points/F00755.csv,0.4208579493,1,0.6369766439
F00756,1,12,10.1002/adma.201907769,points/F00756.csv,0.1409443892,1,0.4892374168
F00757,1,12,10.1002/adma.201908107,points/F00757.csv,0.7786741189,1,0.5023286819
F00758,1,95,10.1002/adma.202000865,points/F00758.csv,0.3669068698,1.027272727,1.291630848
F00759,1,29,10.1002/adma.202001470,points/F00759.csv,0.1025037515,1.060606061,0.4293833519
F00760,1,29,10.1002/adma.202001470,points/F00760.csv,0.1656563522,1,1.598889236
F00761,1,28,10.1002/adma.202001470,points/F00761.csv,0.1791885197,1.035087719,1.981587477
F00762,1,29,10.1002/adma.202001470,points/F00762.csv,0.4105286676,1,1.084621394
F00763,1,9,10.1002/adma.202003296,points/F00763.csv,0.0484694065,1.027027027,1.576472066
F00764,1,43,10.1002/adma.202003296,points/F00764.csv,0.401767527,1,0.7645881817
F00765,1,23,10.1002/adma.202003965,points/F00765.csv,0.3063355052,1,0.992267861
F00766,1,57,10.1002/adma.202003965,points/F00766.csv,0.8361107649,1,1.1801861
F00768,1,17,10.1002/adma.202006087,points/F00768.csv,0.4149012982,1,1.089556626
F00769,1,13,10.1002/adma.202006087,points/F00769.csv,0.619869845,1,0.704437635
F00770,1,34,10.1002/adma.202006087,points/F00770.csv,0.4775079064,1,0.8793508735
F00771,1,12,10.1002/adma.202006753,points/F00771.csv,0.04762639628,1,1.158076379
F00772,1,35,10.1002/adma.202007431,points/F00772.csv,0.0837920439,1,1.210792861
F00773,1,35,10.1002/adma.202007431,points/F00773.csv,0.2256920675,1,1.006124039
F00774,1,10,10.1002/adma.202101823,points/F00774.csv,0.04510285287,1,0.9844143439
F00775,1,9,10.1002/adma.202101823,points/F00775.csv,0.2890938692,1,0.769262946
F00776,1,12,10.1002/adma.202103231,points/F00776.csv,0.02276671053,1,0.8905044459
F00778,1,11,10.1002/adma.202205769,points/F00778.csv,0.2827243751,1,0.6212512873
F00779,1,9,10.1002/adma.202205769,points/F00779.csv,0.2891063738,1,1.526168277
F00780,1,15,10.1002/adma.202205769,points/F00780.csv,0.5576098939,1,1.227088591
F00781,1,8,10.1002/adma.202302839,points/F00781.csv,0.2040787567,1,1.503303555
F00783,1,8,10.1002/adma.202303692,points/F00783.csv,0.123688478,1,0.5172279832
F00784,1,8,10.1002/adma.202303869,points/F00784.csv,0.06160694415,1,0.6015120903
F00785,1,17,10.1002/adma.202304150,points/F00785.csv,0.1118002105,1.045454545,0.7460959144
F00788,1,32,10.1002/adma.202307422,points/F00788.csv,0.08212248697,1,0.6509506389
F00786,1,23,10.1002/adma.202307422,points/F00786.csv,0.03290450824,1.076923077,1.373554397
F00790,1,73,10.1002/admi.201500799,points/F00790.csv,0.8834360935,1,1.301740821
F00791,1,77,10.1002/admi.201500799,points/F00791.csv,0.2984293177,1,1.301877193
F00792,1,55,10.1002/admi.201800645,points/F00792.csv,0.2114098166,1,0.8588643153
F00793,1,21,10.1002/admi.201901964,points/F00793.csv,0.6181968122,1,0.9385578038
F00794,1,72,10.1002/admi.202000105,points/F00794.csv,0.1524320115,1.056338028,0.8736299773
F00795,1,51,10.1002/admi.202000105,points/F00795.csv,0.07158595952,1.022222222,0.8716111207
F00797,1,21,10.1002/admi.202001144,points/F00797.csv,0.06950988522,1,1.157584837
F00798,1,21,10.1002/admi.202001144,points/F00798.csv,0.1438384419,1,0.6822817902
F00799,1,22,10.1002/admi.202001144,points/F00799.csv,0.1284879696,1,1.179519081
F00800,1,53,10.1002/admi.202001144,points/F00800.csv,0.1085368956,1,1.197083203
F00801,1,54,10.1002/admi.202001144,points/F00801.csv,0.2992179955,1,0.8633092783
F00802,1,53,10.1002/admi.202001144,points/F00802.csv,0.2068731813,1,0.6774699311
F00803,1,27,10.1002/admi.202001425,points/F00803.csv,0.3303845744,1,0.7916169079
F00804,1,27,10.1002/admi.202001425,points/F00804.csv,0.3837282782,1,1.200835007
F00806,1,20,10.1002/admi.202100776,points/F00806.csv,0.1086095313,1,2.180769599
F00807,1,12,10.1002/admi.202102324,points/F00807.csv,0.09245566242,1.01754386,1.569427065
F00808,1,11,10.1002/admi.202102324,points/F00808.csv,0.09770012005,1,1.177678573
F00809,1,11,10.1002/admi.202102324,points/F00809.csv,0.1527963422,1,1.139750964
F00810,1,10,10.1002/admi.202102324,points/F00810.csv,0.1746555468,1,0.7921309417
F00811,1,44,10.1002/adom.201900542,points/F00811.csv,0.2508121374,1,0.9632220561
F00812,1,40,10.1002/advs.201700018,points/F00812.csv,0.5900501985,1.005464481,1.30763717
F00815,1,15,10.1002/advs.201700484,points/F00815.csv,0.3177338395,1.031746032,2.676445012
F00817,1,19,10.1002/advs.201901241,points/F00817.csv,0.3773157433,1,0.7378438353
F00818,1,54,10.1002/advs.201901241,points/F00818.csv,0.4689988503,1,0.6240274678
F00819,1,53,10.1002/advs.201901241,points/F00819.csv,0.8443962078,1,0.8378399241
F00820,1,53,10.1002/advs.201901241,points/F00820.csv,0.4101277007,1,1.510525803
F00821,1,41,10.1002/advs.201901241,points/F00821.csv,0.8214003249,1,0.8421545551
F00822,1,14,10.1002/advs.201903044,points/F00822.csv,0.1278006457,1,1.292257414
F00823,1,58,10.1002/advs.201903047,points/F00823.csv,0.301455866,1,0.598401712
F00824,1,58,10.1002/advs.201903047,points/F00824.csv,0.9724855654,1,0.4922986373
F00825,1,42,10.1002/advs.201903250,points/F00825.csv,0.7659228936,1,0.8654475232
F00826,1,34,10.1002/advs.201903250,points/F00826.csv,0.728327388,1,1.174050905
F00827,1,35,10.1002/advs.201903250,points/F00827.csv,0.8395563717,1,1.208172375
F00828,1,34,10.1002/advs.201903250,points/F00828.csv,0.7925141387,1,1.087547577
F00829,1,11,10.1002/advs.201903250,points/F00829.csv,0.3855484396,1,0.5844414384
F00830,1,11,10.1002/advs.201903250,points/F00830.csv,0.3573445918,1,1.201039862
F00831,1,17,10.1002/aelm.202000604,points/F00831.csv,0.07659948304,1,0.7027794551
F00832,1,11,10.1002/aenm.201600285,points/F00832.csv,0.07410228139,1,0.5178862451
F00833,1,12,10.1002/aenm.201600285,points/F00833.csv,0.1376041055,1,0.8432714986
F00834,2,26,10.1002/aenm.201600920,points/F00834.csv,0.0152781959,1.625,5.492360949
F00835,1,60,10.1002/aenm.201601156,points/F00835.csv,0.5115480744,1,0.7090527653
F00836,1,23,10.1002/aenm.201602120,points/F00836.csv,0.8858220018,1.026246719,0.9720048222
F00839,1,20,10.1002/aenm.201700763,points/F00839.csv,0.06677360509,1,0.42074283
F00840,1,20,10.1002/aenm.201700763,points/F00840.csv,0.07506306479,1,0.4241556861
F00841,1,29,10.1002/aenm.201701688,points/F00841.csv,0.258424877,1,0.7547909484
F00842,1,36,10.1002/aenm.201703054,points/F00842.csv,0.09505917405,1,1.505059762
F00843,1,13,10.1002/aenm.201802774,points/F00843.csv,0.8195667534,1,0.4313973118
F00844,1,65,10.1002/aenm.201802774,points/F00844.csv,0.8859676534,1,0.7298568595
F00845,3,23,10.1002/aenm.201803047,points/F00845.csv,0.4676517629,2.078740157,10
F00846,1,51,10.1002/aenm.201803287,points/F00846.csv,0.7695001137,1,1.197816981
F00848,1,49,10.1002/aenm.201901726,points/F00848.csv,0.2240836985,1,2.458475693
F00849,1,20,10.1002/aenm.201901852,points/F00849.csv,0.4169573853,1.012820513,1.718088365
F00850,1,20,10.1002/aenm.201901852,points/F00850.csv,0.5136728938,1,0.8522665283
F00851,1,35,10.1002/aenm.201901852,points/F00851.csv,0.5378502002,1,0.7970378549
F00854,1,42,10.1002/aenm.201902239,points/F00854.csv,0.1815645809,1,0.6979411995
F00855,1,18,10.1002/aenm.201902472,points/F00855.csv,0.1731291352,1.06557377,1.315623342
F00856,1,10,10.1002/aenm.201902472,points/F00856.csv,0.03778070752,1,0.7117832828
F00857,1,22,10.1002/aenm.201902653,points/F00857.csv,0.2521840492,1,0.3726329848
F00858,1,24,10.1002/aenm.201903146,points/F00858.csv,0.07182392381,1,0.9715970426
F00859,1,49,10.1002/aenm.201903654,points/F00859.csv,0.553743929,1,1.308234068
F00860,1,29,10.1002/aenm.201903751,points/F00860.csv,0.1708710194,1.2125,1.241315846
F00861,1,20,10.1002/aenm.201903751,points/F00861.csv,0.2380250606,1,0.9159941112
F00862,1,20,10.1002/aenm.201903751,points/F00862.csv,0.1392110149,1,1.214549892
F00863,1,9,10.1002/aenm.201903751,points/F00863.csv,0.04932245285,1.166666667,3.204709051
F00865,1,19,10.1002/aenm.202001869,points/F00865.csv,0.7434459523,1,1.096231303
F00866,1,19,10.1002/aenm.202001869,points/F00866.csv,0.004377937425,2.188968712,4.856407968
F00867,1,67,10.1002/aenm.202001869,points/F00867.csv,0.8267950299,1.06,2.960274823
F00869,2,8,10.1002/aenm.202002004,points/F00869.csv,0.01729139931,1,6.831034545
F00870,1,16,10.1002/aenm.202002882,points/F00870.csv,0.03633197362,1,1.235676658
F00871,1,15,10.1002/aenm.202002882,points/F00871.csv,0.08586247734,1,0.7922295799
F00872,1,16,10.1002/aenm.202002882,points/F00872.csv,0.02862082578,1,0.659999768
F00873,1,8,10.1002/aenm.202002966,points/F00873.csv,0.04160078074,1,0.7549403792
F00874,1,10,10.1002/aenm.202003301,points/F00874.csv,0.2132090953,1,0.8502759361
F00875,1,10,10.1002/aenm.202003301,points/F00875.csv,0.2469250393,1,1.913950334
F00876,1,88,10.1002/aenm.202003785,points/F00876.csv,0.04023740551,1.051282051,0.9106040793
F00878,1,18,10.1002/aenm.202100967,points/F00878.csv,0.779657201,1,0.5583438468
F00879,1,22,10.1002/aenm.202101291,points/F00879.csv,0.3835084974,1,0.9339054883
F00880,1,10,10.1002/aenm.202101539,points/F00880.csv,0.01371532378,1.4,4.953689126
F00881,1,28,10.1002/aenm.202200480,points/F00881.csv,0.07421279989,1,0.6494061176
F00882,3,28,10.1002/aenm.202200480,points/F00882.csv,0.04406853692,2.333333333,9.24981167
F00884,1,17,10.1002/aenm.202301066,points/F00884.csv,0.2289330047,1,0.9941771894
F00885,1,16,10.1002/aenm.202301066,points/F00885.csv,0.265028484,1,1.020477896
F00886,1,12,10.1002/aenm.202301218,points/F00886.csv,0.2161879252,1,0.6910595736
F00887,1,13,10.1002/aenm.202301218,points/F00887.csv,0.1152782966,1,0.4696301352
F00888,1,24,10.1002/aenm.202302169,points/F00888.csv,0.1906568423,1,0.6674399828
F00889,4,32,10.1002/aenm.202302169,points/F00889.csv,0.1096743128,1.322580645,3.527118049
F00890,1,32,10.1002/aenm.202302169,points/F00890.csv,0.2932258388,1,0.5339201038
F00891,3,14,10.1002/anie.201800816,points/F00891.csv,0.9294426951,1.87755102,10
F00892,1,13,10.1002/anie.201904195,points/F00892.csv,0.07756593589,1,0.813269718
F00893,1,14,10.1002/anie.201904195,points/F00893.csv,0.2050269124,1,0.9478268969
F00894,1,14,10.1002/anie.201905690,points/F00894.csv,0.05429692329,1,1.197742552
F00896,1,20,10.1002/anie.202005211,points/F00896.csv,0.40541651,1,1.945614313
F00897,1,18,10.1002/anie.202007353,points/F00897.csv,0.1109409991,1,1.070013932
F00898,1,18,10.1002/anie.202007353,points/F00898.csv,0.06185373755,1,1.208640031
F00899,1,10,10.1002/anie.202012095,points/F00899.csv,0.0448462489,1.375,3.258590912
F00900,3,14,10.1002/anie.202016085,points/F00900.csv,0.01853057762,2.846153846,8.599292868
F00902,1,61,10.1002/anie.202410069,points/F00902.csv,0.2657330346,1.016666667,0.9314372811
F00904,1,19,10.1002/anie.202505470,points/F00904.csv,0.1813300608,1,0.6293769721
F00905,1,9,10.1002/anie.202505470,points/F00905.csv,0.02422206376,1,0.7526681161
F00906,1,45,10.1002/celc.201701054,points/F00906.csv,0.3911846868,1,0.7650344584
F00908,1,17,10.1002/cjoc.201800469,points/F00908.csv,0.605912779,1,0.8361381992
F00910,1,18,10.1002/cssc.201600860,points/F00910.csv,0.07095040513,1.264705882,2.712022347
F00911,1,12,10.1002/cssc.201800658,points/F00911.csv,0.1096311154,1,0.733766612
F00912,1,19,10.1002/cssc.201802421,points/F00912.csv,0.09061187667,1.229166667,3.402054665
F00913,1,10,10.1002/cssc.201900106,points/F00913.csv,0.1204156737,1,0.5738733132
F00914,1,32,10.1002/cssc.201900106,points/F00914.csv,0.2727985677,1,1.105341174
F00915,1,14,10.1002/cssc.201900509,points/F00915.csv,0.07452177508,1,0.7301762376
F00916,1,42,10.1002/cssc.201902488,points/F00916.csv,0.3914837125,1,0.8021533976
F00917,1,43,10.1002/cssc.201902488,points/F00917.csv,0.1737864607,1,1.537820669
F00918,1,73,10.1002/cssc.201903216,points/F00918.csv,0.07460834091,1.121951219,1.66421062
F00919,1,74,10.1002/cssc.201903216,points/F00919.csv,0.1944857939,1.046728972,2.189780416
F00920,1,14,10.1002/cssc.202001527,points/F00920.csv,0.4786518875,1,1.256171529
F00921,1,14,10.1002/cssc.202001527,points/F00921.csv,0.5520919139,1.006944444,1.298409376
F00922,1,13,10.1002/cssc.202001527,points/F00922.csv,0.5555672676,1,1.404361647
F00924,1,26,10.1002/cssc.202002707,points/F00924.csv,0.1257626183,1,0.7380546273
F00925,1,24,10.1002/eem2.12089,points/F00925.csv,0.969365884,1,1.132097961
F00926,1,34,10.1002/eem2.12595,points/F00926.csv,0.08603247984,1,0.5434184384
F00927,1,12,10.1002/ente.201700448,points/F00927.csv,0.3929197099,1,0.7416097116
F00929,1,31,10.1002/ente.202000224,points/F00929.csv,0.2823981598,1,0.8554219405
F00932,1,114,10.1002/pssr.202000062,points/F00932.csv,0.5831152161,1,0.5098282354
F00933,1,30,10.1002/slct.201904141,points/F00933.csv,0.5560134419,1,0.6396869765
F00934,2,17,10.1002/slct.202102172,points/F00934.csv,0.04068102162,1.222222222,6.532505402
F00935,2,17,10.1002/slct.202102172,points/F00935.csv,0.05885014545,1.153846154,6.374363336
F00936,1,68,10.1002/smll.201904372,points/F00936.csv,0.2343838151,1.056603774,2.201725198
F00938,1,17,10.1002/smll.201904399,points/F00938.csv,0.2187332801,1,0.3162912393
F00939,1,50,10.1002/smll.201904399,points/F00939.csv,0.4628046014,1,2.366358073
F00940,1,30,10.1002/smll.201904746,points/F00940.csv,0.3953697055,1,0.8298270979
F00941,1,30,10.1002/smll.201904746,points/F00941.csv,0.3940215859,1,0.8356800227
F00942,1,19,10.1002/smll.201904746,points/F00942.csv,0.1045631823,1,0.8016763584
F00943,1,24,10.1002/smll.201907283,points/F00943.csv,0.657333518,1,0.7548001607
F00944,1,8,10.1002/smll.202003582,points/F00944.csv,0.01136240847,1,3.246154772
F00945,1,12,10.1002/smll.202004877,points/F00945.csv,0.127164905,1,0.6646162406
F00946,1,24,10.1002/smll.202005246,points/F00946.csv,0.1669474112,1,1.136110816
F00948,1,57,10.1002/smll.202101380,points/F00948.csv,0.5761974865,1,0.7998531416
F00949,1,38,10.1002/smll.202101380,points/F00949.csv,0.9881341553,1,0.5854718805
F00950,1,26,10.1002/smll.202101902,points/F00950.csv,0.2047756555,1.046511628,0.8469173226
F00951,4,27,10.1002/smll.202101902,points/F00951.csv,0.05935508958,1.615384615,8.354285579
F00952,1,12,10.1002/smll.202102272,points/F00952.csv,0.03316534265,1,0.5718889136
F00953,2,9,10.1002/smll.202102368,points/F00953.csv,0.2430414582,1.229050279,6.529029121
F00954,1,38,10.1002/smll.202201820,points/F00954.csv,0.1329489716,1,1.5801623
F00956,1,52,10.1002/smtd.201900476,points/F00956.csv,0.4338002194,1,0.898723612
F00957,1,50,10.1002/smtd.201900652,points/F00957.csv,0.7078541983,1,1.161763382
F00958,1,65,10.1002/smtd.201900652,points/F00958.csv,0.1360403032,1.121212121,2.088102084
F00959,1,12,10.1002/smtd.201900831,points/F00959.csv,0.06801650874,1.291666667,3.636964154
F00960,1,12,10.1002/smtd.201900831,points/F00960.csv,0.1490304289,1,0.3963378379
F00962,1,22,10.1002/solr.201700209,points/F00962.csv,0.1312173814,1,0.6789197635
F00963,1,22,10.1002/solr.201800004,points/F00963.csv,0.04918969962,1,1.225656626
F00964,1,19,10.1002/solr.201800222,points/F00964.csv,0.8379736862,1,0.8896240626
F00965,1,21,10.1002/solr.201800290,points/F00965.csv,0.8995202652,1,2.031146423
F00966,4,14,10.1002/solr.201900011,points/F00966.csv,0.1459880976,1.411764706,3.75708252
F00967,1,15,10.1002/solr.201900029,points/F00967.csv,0.08771572604,1,0.3744664722
F00970,1,18,10.1002/solr.201900072,points/F00970.csv,0.3000085446,1,0.587333954
F00971,1,27,10.1002/solr.201900091,points/F00971.csv,0.1206319502,1,0.774996548
F00972,1,27,10.1002/solr.201900091,points/F00972.csv,0.2724452825,1,0.7950751014
F00973,1,19,10.1002/solr.201900119,points/F00973.csv,0.07270188218,1,0.8797479872
F00975,1,22,10.1002/solr.201900167,points/F00975.csv,0.07829998538,1,1.141223924
F00976,3,12,10.1002/solr.201900197,points/F00976.csv,0.004236740248,2.118370124,7.773154427
F00977,1,11,10.1002/solr.201900197,points/F00977.csv,0.0718858654,1,1.606734516
F00978,4,14,10.1002/solr.201900224,points/F00978.csv,0.1015938702,1.7,4.314108147
F00979,2,12,10.1002/solr.201900245,points/F00979.csv,0.2279662006,1,6.159625346
F00980,1,59,10.1002/solr.201900291,points/F00980.csv,0.07393532442,1.083333333,1.655155559
F00981,1,33,10.1002/solr.201900293,points/F00981.csv,0.1099716006,1,0.4810358653
F00982,1,43,10.1002/solr.201900319,points/F00982.csv,0.2119578921,1.064516129,2.047237857
F00983,1,26,10.1002/solr.201900345,points/F00983.csv,0.1085937344,1.468085106,3.422957321
F00984,1,27,10.1002/solr.201900345,points/F00984.csv,0.3035837945,1.022727273,1.405018511
F00985,1,26,10.1002/solr.201900345,points/F00985.csv,0.4758524412,1,1.713457382
F00987,1,21,10.1002/solr.201900380,points/F00987.csv,0.07184959972,1,0.7287959145
F00988,1,59,10.1002/solr.201900406,points/F00988.csv,0.5938143554,1,0.891314518
F00989,1,35,10.1002/solr.201900529,points/F00989.csv,0.1768687422,1,0.7174607716
F00990,1,13,10.1002/solr.202000011,points/F00990.csv,0.277403352,1,1.229416661
F00991,1,12,10.1002/solr.202000113,points/F00991.csv,0.05366000396,1.181818182,2.523604199
F00992,1,151,10.1002/solr.202000164,points/F00992.csv,0.6950401219,1.013043478,0.5954122883
F00993,1,40,10.1002/solr.202000205,points/F00993.csv,0.4778382787,1,0.716117915
F00994,1,14,10.1002/solr.202000292,points/F00994.csv,0.06127758708,1,1.114674243
F00997,1,10,10.1002/solr.202000621,points/F00997.csv,0.08673980342,1,0.7688581976
F00998,1,58,10.1002/solr.202000621,points/F00998.csv,0.404722016,1,0.7855148859
F00999,1,55,10.1002/solr.202000621,points/F00999.csv,0.6091213539,1,0.5936278727
F01000,1,42,10.1002/solr.202000621,points/F01000.csv,0.6521571372,1,0.4640662992
F01001,1,44,10.1002/solr.202000629,points/F01001.csv,0.86315269,1,1.072213267
F01002,1,106,10.1002/solr.202000650,points/F01002.csv,0.1182253493,1.017751479,1.701904531
F01003,1,11,10.1002/solr.202000681,points/F01003.csv,0.02966806335,1.523809524,4.430573116
F01004,1,17,10.1002/solr.202000819,points/F01004.csv,0.01907638243,1,0.9062898099
F01005,1,16,10.1002/solr.202000819,points/F01005.csv,0.03816525772,1,1.184408366
F01009,3,20,10.1002/solr.202100087,points/F01009.csv,0.9264303692,1.941475827,10
F01010,1,59,10.1002/solr.202100178,points/F01010.csv,0.3160658272,1,1.098016519
F01011,1,12,10.1002/solr.202100236,points/F01011.csv,0.04894756617,1,0.8174900238
F01012,2,14,10.1002/solr.202100249,points/F01012.csv,0.1074234993,1.149253731,6.044166341
F01013,1,11,10.1002/solr.202100257,points/F01013.csv,0.08070564728,1.083333333,1.319803772
F01015,1,40,10.1002/solr.202100320,points/F01015.csv,0.2707018124,1,0.6699143788
F01016,1,32,10.1002/solr.202100320,points/F01016.csv,0.9650652298,1,0.916120403
F01017,1,49,10.1002/solr.202100347,points/F01017.csv,0.07087616773,1,0.7532420474
F01019,1,10,10.1002/solr.202100555,points/F01019.csv,0.08151661393,1,0.7140659961
F01020,1,10,10.1002/solr.202100622,points/F01020.csv,0.2782955922,1,1.067071809
F01021,1,48,10.1002/solr.202100712,points/F01021.csv,0.135119396,1.085106383,1.745060413
F01022,1,46,10.1002/solr.202100712,points/F01022.csv,0.1148589683,1,1.091858758
F01023,1,48,10.1002/solr.202100712,points/F01023.csv,0.2717711761,1,1.118759967
F01024,1,64,10.1002/solr.202100899,points/F01024.csv,0.5187698834,1,0.8540851066
F01025,1,59,10.1002/solr.202100899,points/F01025.csv,0.9145325024,1,1.601716352
F01026,1,64,10.1002/solr.202100899,points/F01026.csv,0.9584480312,1,0.9669246412
F01027,1,12,10.1002/solr.202101103,points/F01027.csv,0.02777962396,1,1.747244033
F01028,1,11,10.1002/solr.202101103,points/F01028.csv,0.2199257017,1,0.4939990175
F01029,1,15,10.1002/solr.202101103,points/F01029.csv,0.02751209714,1,0.8493414028
F01030,1,15,10.1002/solr.202101103,points/F01030.csv,0.2157521919,1,0.4721833524
F01031,1,65,10.1007/s10853-020-04965-0,points/F01031.csv,0.5301979473,1.223433243,2.953245257
F01032,4,44,10.1007/s10854-019-01515-6,points/F01032.csv,0.09793573215,1.847826087,7.444475908
F01033,1,57,10.1007/s10854-020-03923-5,points/F01033.csv,0.3491002569,1,2.500132753
F01034,1,21,10.1007/s11426-020-9741-1,points/F01034.csv,0.163947762,1.067567568,3.098549192
F01036,1,11,10.1007/s11426-020-9866-6,points/F01036.csv,0.2989460971,1,0.6776246711
F01037,1,25,10.1007/s11426-020-9866-6,points/F01037.csv,0.4114102128,1,0.6953433985
F01038,1,14,10.1007/s11426-021-1075-7,points/F01038.csv,0.3567182505,1,0.7048927977
F01039,1,33,10.1007/s12200-023-00103-1,points/F01039.csv,0.3377518635,1,1.215708542
F01040,1,11,10.1007/s12274-020-2836-3,points/F01040.csv,0.08893867388,1,0.4846168949
F01041,1,24,10.1007/s12274-021-3408-x,points/F01041.csv,0.4265259492,1,0.7435829733
F01042,1,31,10.1007/s12598-020-01595-y,points/F01042.csv,0.2717869986,1,0.8684687425
F01043,1,10,10.1007/s12598-020-01641-9,points/F01043.csv,0.319034592,1.019230769,1.120063088
F01044,1,27,10.1007/s13391-020-00206-3,points/F01044.csv,0.1205237024,1,1.034710902
F01045,1,9,10.1007/s40820-020-00509-y,points/F01045.csv,0.26516757,1,1.263310858
F01046,1,23,10.1007/s40820-020-00509-y,points/F01046.csv,0.03695880798,1.647058824,3.068779993
F01049,4,25,10.1007/s40820-021-00675-7,points/F01049.csv,0.04032888881,1.894736842,4.276607454
F01050,1,25,10.1007/s40820-021-00675-7,points/F01050.csv,0.1079751696,1.127659574,2.373442748
F01052,1,21,10.1007/s40820-021-00688-2,points/F01052.csv,0.09414586352,1,0.5034380666
F01053,1,10,10.1007/s40820-022-00916-3,points/F01053.csv,0.04580180496,1,0.8280409796
F01054,1,48,10.1007/s40820-022-00995-2,points/F01054.csv,0.1456267292,1.019607843,1.789091393
F01055,1,48,10.1007/s40820-022-00995-2,points/F01055.csv,0.2348154352,1,1.265900363
F01058,1,13,10.1007/s40820-023-01130-5,points/F01058.csv,0.08405296658,1,0.6418738213
F01060,1,30,10.1007/s40820-024-01401-9,points/F01060.csv,0.1060122727,1,1.138137691
F01061,1,32,10.1007/s40820-024-01538-7,points/F01061.csv,0.1888186691,1,0.7957102875
F01062,1,36,10.1007/s40820-025-01677-5,points/F01062.csv,0.08196781693,1,0.8852642632
F01063,1,8,10.1007/s40820-025-01817-x,points/F01063.csv,0.01974296222,1,0.4817928592
F01064,1,8,10.1007/s40820-025-01817-x,points/F01064.csv,0.02547942266,1,1.004517176
F01065,1,35,10.1007/s40843-019-1174-3,points/F01065.csv,0.5285428305,1,0.4994678083
F01066,1,13,10.1007/s40843-020-1383-3,points/F01066.csv,0.2040849853,1,0.6501896563
F01067,1,10,10.1007/s40843-020-1581-4,points/F01067.csv,0.2559309896,1,0.6753719724
F01068,1,10,10.1007/s40843-020-1581-4,points/F01068.csv,0.2690232842,1,0.5381733076
F01070,1,11,10.1007/s42114-024-01208-7,points/F01070.csv,0.04906603691,1,0.5795310855
F01071,1,9,10.1007/s42114-024-01208-7,points/F01071.csv,0.02525804695,1,0.8550250561
F01072,1,62,10.1016/j.apsusc.2018.09.080,points/F01072.csv,0.5175669869,1,1.202278831
F01073,1,62,10.1016/j.apsusc.2018.09.080,points/F01073.csv,0.1620173475,1,1.08270753
F01074,1,24,10.1016/j.apsusc.2019.04.069,points/F01074.csv,0.1140329895,1.083333333,1.762618264
F01075,1,24,10.1016/j.apsusc.2019.04.069,points/F01075.csv,0.1519088913,1,0.9226850763
F01076,1,74,10.1016/j.apsusc.2019.143552,points/F01076.csv,0.5699302666,1,1.264345256
F01077,1,32,10.1016/j.apsusc.2021.150153,points/F01077.csv,0.3349679135,1,1.258215777
F01078,1,8,10.1016/j.apsusc.2023.157901,points/F01078.csv,0.04817277987,1,0.4183290092
F01079,1,29,10.1016/j.cclet.2021.08.039,points/F01079.csv,0.4470207223,1,0.963010386
F01080,1,20,10.1016/j.cej.2016.12.050,points/F01080.csv,0.4781353484,1,0.8341018058
F01081,1,14,10.1016/j.cej.2019.04.099,points/F01081.csv,0.03465735931,1,0.7878782748
F01082,1,73,10.1016/j.cej.2020.126152,points/F01082.csv,0.2614364975,1.045454545,1.365433005
F01083,1,73,10.1016/j.cej.2020.126152,points/F01083.csv,0.2633260362,1.054054054,1.435403098
F01084,1,32,10.1016/j.cej.2020.126548,points/F01084.csv,0.08000612004,1.166666667,2.512683742
F01085,1,32,10.1016/j.cej.2020.126548,points/F01085.csv,0.1341456022,1.225,2.849499118
F01086,1,8,10.1016/j.cej.2020.126548,points/F01086.csv,0.02073164589,1.333333333,3.288108164
F01087,1,8,10.1016/j.cej.2020.126548,points/F01087.csv,0.01025947504,1.333333333,3.857469695
F01089,2,8,10.1016/j.cej.2020.126548,points/F01089.csv,0.006690939807,1.5,6.202905883
F01090,1,10,10.1016/j.cej.2020.126712,points/F01090.csv,0.02426173507,1.363636364,3.753402501
F01091,2,8,10.1016/j.cej.2020.126855,points/F01091.csv,0.02368618835,1.333333333,6.963111507
F01092,1,9,10.1016/j.cej.2020.127204,points/F01092.csv,0.03844399482,1,1.446455322
F01093,1,9,10.1016/j.cej.2020.127328,points/F01093.csv,0.2187362849,1.4,3.970864892
F01094,1,25,10.1016/j.cej.2020.127579,points/F01094.csv,0.07536697636,1.081081081,1.598587012
F01096,1,12,10.1016/j.cej.2020.127997,points/F01096.csv,0.009042746368,1,1.5730493
F01098,1,24,10.1016/j.cej.2021.129678,points/F01098.csv,0.2795531076,1.641221374,8.432340867
F01099,1,17,10.1016/j.cej.2021.130324,points/F01099.csv,0.01866455483,1,1.250290181
F01100,2,13,10.1016/j.cej.2021.130572,points/F01100.csv,0.01582845994,1.166666667,6.964588755
F01101,1,12,10.1016/j.cej.2021.130572,points/F01101.csv,0.1696444291,1.076923077,2.084067891
F01103,1,21,10.1016/j.cej.2021.130685,points/F01103.csv,0.8490041162,1,0.7628915518
F01105,1,13,10.1016/j.cej.2021.131185,points/F01105.csv,0.09823194704,1,0.3817727542
F01106,1,30,10.1016/j.cej.2021.131185,points/F01106.csv,0.2340723027,1,0.5823764061
F01107,1,17,10.1016/j.cej.2021.131499,points/F01107.csv,0.1591617438,1,0.5927401909
F01108,1,44,10.1016/j.cej.2021.131499,points/F01108.csv,0.09459316544,1,0.7794925611
F01109,1,31,10.1016/j.cej.2021.131609,points/F01109.csv,0.2123087418,1,0.6656002288
F01110,1,9,10.1016/j.cej.2022.137851,points/F01110.csv,0.04152249646,1,0.6652167878
F01111,1,8,10.1016/j.cej.2022.139047,points/F01111.csv,0.1453937314,1,1.239725379
F01112,1,17,10.1016/j.cej.2022.139961,points/F01112.csv,0.1214705272,1,0.8058477685
F01116,1,44,10.1016/j.dyepig.2019.01.002,points/F01116.csv,0.208440492,1,1.366259499
F01117,1,45,10.1016/j.dyepig.2019.01.002,points/F01117.csv,0.3836513403,1,0.946894762
F01118,1,12,10.1016/j.dyepig.2020.108301,points/F01118.csv,0.2386482831,1,0.8597765994
F01119,1,69,10.1016/j.electacta.2016.03.002,points/F01119.csv,0.4824347443,1.007968127,2.16123261
F01120,1,69,10.1016/j.electacta.2016.03.002,points/F01120.csv,0.8908504692,1,2.09080435
F01121,1,69,10.1016/j.electacta.2016.03.002,points/F01121.csv,0.4190070688,1,1.812539985
F01122,1,76,10.1016/j.electacta.2016.09.138,points/F01122.csv,0.6448489165,1,0.9875175231
F01123,1,32,10.1016/j.electacta.2018.07.029,points/F01123.csv,0.3758041455,1,0.6833439589
F01124,2,19,10.1016/j.electacta.2018.07.044,points/F01124.csv,0.05974794053,1.03125,5.88936384
F01125,2,18,10.1016/j.electacta.2018.07.044,points/F01125.csv,0.07487445097,1.097560976,4.822757328
F01127,1,50,10.1016/j.electacta.2019.135173,points/F01127.csv,0.05469542118,1.347826087,2.757010162
F01128,1,9,10.1016/j.electacta.2021.137812,points/F01128.csv,0.0492516969,1,0.4457629144
F01129,1,13,10.1016/j.electacta.2022.140172,points/F01129.csv,0.02842861775,1,0.3460120582
F01130,1,85,10.1016/j.flatc.2021.100254,points/F01130.csv,0.03933598293,1,1.125510204
F01131,1,75,10.1016/j.heliyon.2024.e25352,points/F01131.csv,0.3844944495,1,0.9041804026
F01133,1,22,10.1016/j.jallcom.2019.05.148,points/F01133.csv,0.05681889363,1.0625,0.6833571153
F01135,1,14,10.1016/j.jallcom.2020.155283,points/F01135.csv,0.2028566599,1.89,8.609850393
F01137,1,9,10.1016/j.jallcom.2020.157784,points/F01137.csv,0.5555586301,1,1.405844767
F01138,1,88,10.1016/j.jallcom.2021.159658,points/F01138.csv,0.1557537437,1.222222222,0.9317693159
F01139,1,88,10.1016/j.jallcom.2021.159658,points/F01139.csv,0.2654687343,1.014492754,0.5082627088
F01141,1,59,10.1016/j.jallcom.2023.170856,points/F01141.csv,0.6426257012,1,0.7847682725
F01142,1,21,10.1016/j.jcis.2021.04.055,points/F01142.csv,0.2441594281,1,0.5971117963
F01143,1,19,10.1016/j.jcis.2021.07.058,points/F01143.csv,0.1561912994,1.218181818,2.248048791
F01144,4,19,10.1016/j.jcis.2021.07.058,points/F01144.csv,0.1737353382,1.492307692,4.165451695
F01145,4,18,10.1016/j.jcis.2021.07.058,points/F01145.csv,0.1078968587,1.41025641,3.148017975
F01146,4,19,10.1016/j.jcis.2021.07.058,points/F01146.csv,0.1116275046,1.714285714,4.761267795
F01148,1,25,10.1016/j.jechem.2019.08.015,points/F01148.csv,0.1373760688,1.330985915,2.663498394
F01149,1,25,10.1016/j.jechem.2019.08.015,points/F01149.csv,0.06891479155,1.155172414,2.693128905
F01150,1,25,10.1016/j.jechem.2019.08.015,points/F01150.csv,0.1392606482,1.028169014,1.003182073
F01151,1,47,10.1016/j.jechem.2019.09.014,points/F01151.csv,0.4766147709,1,0.9991687113
F01152,1,8,10.1016/j.jechem.2019.10.006,points/F01152.csv,0.07142355569,1.095238095,2.034968285
F01153,1,39,10.1016/j.jechem.2019.10.006,points/F01153.csv,0.2546968262,1,0.9233192543
F01154,1,16,10.1016/j.jechem.2020.05.047,points/F01154.csv,0.1395352077,1,1.063288792
F01155,4,27,10.1016/j.jechem.2020.06.019,points/F01155.csv,0.003913580984,2.34814859,5.164871654
F01156,1,28,10.1016/j.jechem.2020.06.019,points/F01156.csv,0.08974893284,1,0.6750955623
F01157,1,25,10.1016/j.jechem.2020.06.019,points/F01157.csv,0.03035995666,1,0.6954596127
F01158,1,13,10.1016/j.jechem.2020.06.019,points/F01158.csv,0.0146670204,1,1.084331633
F01159,1,14,10.1016/j.jechem.2020.06.019,points/F01159.csv,0.07040169793,1,0.6640973301
F01160,1,14,10.1016/j.jechem.2020.06.019,points/F01160.csv,0.04497886256,1,0.8570950847
F01161,1,37,10.1016/j.jechem.2020.06.061,points/F01161.csv,0.2903281244,1,0.6286889763
F01163,1,19,10.1016/j.jechem.2020.08.055,points/F01163.csv,0.02539582071,2,3.592274378
F01164,4,8,10.1016/j.jechem.2020.12.022,points/F01164.csv,0.01501693522,1.333333333,4.875370448
F01165,1,9,10.1016/j.jechem.2021.02.017,points/F01165.csv,0.03276142772,1,0.8569424162
F01166,1,15,10.1016/j.jechem.2021.04.023,points/F01166.csv,0.4575018066,1,0.6679983496
F01167,1,54,10.1016/j.jechem.2021.04.063,points/F01167.csv,0.1401332673,1.112554113,0.6444788423
F01168,1,54,10.1016/j.jechem.2021.04.063,points/F01168.csv,0.07019960953,1,0.4359128099
F01169,1,54,10.1016/j.jechem.2021.04.063,points/F01169.csv,0.05628072143,1,0.6424162105
F01170,1,54,10.1016/j.jechem.2021.04.063,points/F01170.csv,0.03991700061,1,0.8209087236
F01171,1,54,10.1016/j.jechem.2021.04.063,points/F01171.csv,0.04538767857,1,0.6725128027
F01174,1,58,10.1016/j.jechem.2021.05.042,points/F01174.csv,0.7134869479,1,0.5451931333
F01175,1,9,10.1016/j.jechem.2021.06.023,points/F01175.csv,0.01408268925,1,1.68638108
F01176,1,9,10.1016/j.jechem.2021.06.023,points/F01176.csv,0.03093834684,1,1.660508994
F01177,2,10,10.1016/j.jechem.2021.07.011,points/F01177.csv,0.04587073876,1,6.671371756
F01178,1,55,10.1016/j.jechem.2021.08.021,points/F01178.csv,0.2345047872,1.157894737,1.787830942
F01180,1,27,10.1016/j.jmat.2021.02.004,points/F01180.csv,0.1227879945,1,0.8656921991
F01181,1,10,10.1016/j.jmat.2021.02.004,points/F01181.csv,0.03251605586,1,0.5258932099
F01182,1,58,10.1016/j.jmat.2021.08.007,points/F01182.csv,0.1397007109,1.276595745,3.581961058
F01183,1,43,10.1016/j.jmat.2021.08.007,points/F01183.csv,0.9611111659,1.018072289,2.462908774
F01184,1,8,10.1016/j.jmrt.2021.04.070,points/F01184.csv,0.1912621809,1,0.5783295894
F01186,1,49,10.1016/j.jmrt.2021.12.012,points/F01186.csv,0.3712593254,1.02970297,1.868359345
F01187,1,52,10.1016/j.jmrt.2021.12.012,points/F01187.csv,0.9341462012,1.1796875,1.543037185
F01188,1,51,10.1016/j.jmrt.2021.12.012,points/F01188.csv,0.657974448,1.145251397,2.543838771
F01189,1,53,10.1016/j.jmst.2021.05.084,points/F01189.csv,0.9927338672,1.506666667,1.917489796
F01190,1,8,10.1016/j.joule.2017.11.006,points/F01190.csv,0.5178317462,1,0.336499902
F01192,1,22,10.1016/j.joule.2018.10.011,points/F01192.csv,0.1431710689,1.027777778,0.5775366379
F01193,1,22,10.1016/j.joule.2018.10.011,points/F01193.csv,0.1148753935,1,0.6832702054
F01196,1,51,10.1016/j.joule.2018.11.026,points/F01196.csv,0.9857717415,1,2.011541127
F01197,1,50,10.1016/j.joule.2018.11.026,points/F01197.csv,0.6193177758,1.059701493,1.80681706
F01198,1,51,10.1016/j.joule.2018.11.026,points/F01198.csv,0.8754021817,1,2.03205211
F01199,1,51,10.1016/j.joule.2018.11.026,points/F01199.csv,0.9742419893,1.009433962,2.391441966
F01201,1,11,10.1016/j.joule.2019.07.030,points/F01201.csv,0.187506314,1.075757576,1.113663407
F01202,1,11,10.1016/j.joule.2019.07.030,points/F01202.csv,0.1190861787,1,0.6478605313
F01203,1,12,10.1016/j.joule.2020.12.003,points/F01203.csv,0.874000632,1,1.051701528
F01205,1,11,10.1016/j.joule.2021.06.001,points/F01205.csv,0.1452187641,1,0.6763995753
F01206,1,17,10.1016/j.jpcs.2020.109792,points/F01206.csv,0.1247953767,1,0.614692497
F01207,1,61,10.1016/j.jpcs.2020.109792,points/F01207.csv,0.4758956717,1,1.207099965
F01208,4,16,10.1016/j.jphotochem.2018.02.018,points/F01208.csv,0.09203249629,1.41025641,3.106723131
F01209,4,31,10.1016/j.jpowsour.2019.04.039,points/F01209.csv,0.2282751912,1.422413793,3.531487884
F01210,4,31,10.1016/j.jpowsour.2019.04.039,points/F01210.csv,0.4178152614,1.349056604,4.642953617
F01211,1,12,10.1016/j.jpowsour.2019.227386,points/F01211.csv,0.2189976227,1,0.7283656081
F01212,1,12,10.1016/j.jpowsour.2019.227386,points/F01212.csv,0.1082888622,1,0.7105130134
F01213,1,15,10.1016/j.jpowsour.2019.227504,points/F01213.csv,0.05088389537,1,0.7878648757
F01214,1,71,10.1016/j.jpowsour.2020.228818,points/F01214.csv,0.4273440442,1,1.422000403
F01215,1,72,10.1016/j.jpowsour.2020.228818,points/F01215.csv,0.1687709914,1.013422819,0.7572958274
F01216,1,14,10.1016/j.jpowsour.2020.228965,points/F01216.csv,0.3321691513,1,1.303141909
F01217,1,46,10.1016/j.jpowsour.2020.229345,points/F01217.csv,0.3729859623,1,0.6175338091
F01218,1,46,10.1016/j.jpowsour.2020.229345,points/F01218.csv,0.1998347051,1,0.5540188315
F01219,4,15,10.1016/j.jpowsour.2021.229621,points/F01219.csv,0.1270179891,1.75,10
F01220,1,15,10.1016/j.jpowsour.2021.229621,points/F01220.csv,0.1593730118,1,0.9737783522
F01221,4,50,10.1016/j.jpowsour.2021.229781,points/F01221.csv,0.5049283357,1.431693989,4.123168603
F01222,4,51,10.1016/j.jpowsour.2021.229781,points/F01222.csv,0.3116206826,1.623853211,4.448226273
F01225,1,33,10.1016/j.jpowsour.2021.230120,points/F01225.csv,0.07746376544,1,0.6737315753
F01226,1,11,10.1016/j.jpowsour.2021.230213,points/F01226.csv,0.05366651207,1.14,1.848203012
F01227,1,40,10.1016/j.jpowsour.2021.230213,points/F01227.csv,0.1727850198,1.101694915,3.189011172
F01228,1,41,10.1016/j.jpowsour.2021.230213,points/F01228.csv,0.1981915714,1.164383562,1.994995424
F01229,1,13,10.1016/j.jpowsour.2021.230534,points/F01229.csv,0.2458371136,1,1.43923043
F01230,1,13,10.1016/j.jpowsour.2021.230534,points/F01230.csv,0.08086131433,1,1.35516896
F01231,1,73,10.1016/j.jpowsour.2021.230534,points/F01231.csv,0.9771362432,1.014925373,1.13668997
F01232,1,73,10.1016/j.jpowsour.2021.230534,points/F01232.csv,0.257578685,1.161290323,1.711610368
F01233,2,12,10.1016/j.jpowsour.2021.230549,points/F01233.csv,0.08598373813,1,6.922959027
F01234,1,9,10.1016/j.materresbull.2020.111182,points/F01234.csv,0.01500845674,1,0.5976886468
F01235,1,9,10.1016/j.materresbull.2020.111182,points/F01235.csv,0.2634188032,1,0.4267314828
F01236,1,89,10.1016/j.mtchem.2021.100557,points/F01236.csv,0.7932096023,1,1.003138929
F01237,1,9,10.1016/j.mtener.2020.100590,points/F01237.csv,0.04035013162,1,1.187677969
F01238,1,25,10.1016/j.mtener.2021.100724,points/F01238.csv,0.2221050908,1,0.7938223927
F01239,1,14,10.1016/j.mtener.2021.100724,points/F01239.csv,0.08994747736,1,0.4252678439
F01240,1,21,10.1016/j.mtener.2021.100837,points/F01240.csv,0.04293752618,1.052631579,1.142133576
F01242,1,54,10.1016/j.nanoen.2014.12.022,points/F01242.csv,0.9555234626,1,0.8765681685
F01243,1,24,10.1016/j.nanoen.2015.10.006,points/F01243.csv,0.06873207077,1,0.6299298991
F01244,1,24,10.1016/j.nanoen.2015.10.006,points/F01244.csv,0.9899914327,1,1.569502911
F01245,1,19,10.1016/j.nanoen.2015.10.010,points/F01245.csv,0.949788874,1,0.742393599
F01246,1,55,10.1016/j.nanoen.2016.09.041,points/F01246.csv,0.9382060218,1,0.8818949858
F01251,1,39,10.1016/j.nanoen.2017.08.008,points/F01251.csv,0.4538556705,1,1.476643609
F01252,1,24,10.1016/j.nanoen.2017.11.008,points/F01252.csv,0.5742540838,1,0.5501313165
F01253,1,27,10.1016/j.nanoen.2018.03.046,points/F01253.csv,0.5740293354,1,0.9680629763
F01254,1,13,10.1016/j.nanoen.2018.09.037,points/F01254.csv,0.1352445052,1,0.8190180481
F01255,1,67,10.1016/j.nanoen.2018.09.037,points/F01255.csv,0.3564775997,1,1.205339885
F01256,1,35,10.1016/j.nanoen.2018.11.021,points/F01256.csv,0.5812150946,1.043668122,3.539980432
F01257,1,11,10.1016/j.nanoen.2019.02.002,points/F01257.csv,0.01730782031,1,1.728489591
F01258,4,8,10.1016/j.nanoen.2019.02.002,points/F01258.csv,0.007548281576,1.666666667,4.331759025
F01259,1,14,10.1016/j.nanoen.2019.02.009,points/F01259.csv,0.1607238746,1.081632653,1.219116481
F01260,3,51,10.1016/j.nanoen.2019.02.064,points/F01260.csv,0.04199350695,2.333333333,10
F01261,1,51,10.1016/j.nanoen.2019.02.064,points/F01261.csv,0.3552346043,1,1.423508358
F01262,1,21,10.1016/j.nanoen.2019.02.070,points/F01262.csv,0.1288717079,1,0.7962134445
F02193,1,22,10.1016/j.nanoen.2019.03.029,points/F02193.csv,0.2364853266,1.082401799,1.933779903
F01264,1,14,10.1016/j.nanoen.2019.03.044,points/F01264.csv,0.1977963858,1,2.518672449
F01265,1,14,10.1016/j.nanoen.2019.03.044,points/F01265.csv,0.09252641636,1,0.5112382401
F01266,1,40,10.1016/j.nanoen.2019.03.091,points/F01266.csv,0.1148875987,1.023809524,1.047748384
F01267,1,41,10.1016/j.nanoen.2019.03.091,points/F01267.csv,0.01560165014,1,1.065548234
F01268,1,28,10.1016/j.nanoen.2019.05.072,points/F01268.csv,0.06336814094,1.206896552,4.661225722
F01270,1,13,10.1016/j.nanoen.2019.103962,points/F01270.csv,0.08163708377,1,0.6091995276
F01271,1,29,10.1016/j.nanoen.2019.103962,points/F01271.csv,0.2691657287,1,0.7506870333
F01272,1,13,10.1016/j.nanoen.2019.103962,points/F01272.csv,0.03637248965,1,1.094272369
F01273,1,16,10.1016/j.nanoen.2019.103962,points/F01273.csv,0.08753609816,1,0.7535655362
F01274,1,16,10.1016/j.nanoen.2019.103962,points/F01274.csv,0.02073661624,1,0.5006686458
F01275,1,56,10.1016/j.nanoen.2019.103964,points/F01275.csv,0.4984846362,1,0.8369723886
F01276,1,19,10.1016/j.nanoen.2019.104018,points/F01276.csv,0.02502942786,1.227272727,2.173944788
F01277,1,19,10.1016/j.nanoen.2019.104244,points/F01277.csv,0.0672754643,1,1.033301062
F01278,1,51,10.1016/j.nanoen.2019.104244,points/F01278.csv,0.6766163456,1,0.665557041
F01279,1,23,10.1016/j.nanoen.2019.104249,points/F01279.csv,0.6807832103,1.179487179,1.838578805
F01280,1,51,10.1016/j.nanoen.2019.104313,points/F01280.csv,0.7503814437,1,1.266470054
F01281,1,51,10.1016/j.nanoen.2019.104313,points/F01281.csv,0.1112528096,1.041666667,1.150961623
F01282,1,15,10.1016/j.nanoen.2019.104375,points/F01282.csv,0.8826883607,1,0.8727020863
F01283,4,20,10.1016/j.nanoen.2020.104673,points/F01283.csv,0.0807717026,1.571428571,7.23384603
F01286,1,12,10.1016/j.nanoen.2020.104929,points/F01286.csv,0.1755915787,1,0.6340535388
F01287,1,24,10.1016/j.nanoen.2020.104929,points/F01287.csv,0.6003418141,1,0.345283835
F01288,1,40,10.1016/j.nanoen.2020.104940,points/F01288.csv,0.1544337633,1.064516129,1.390696793
F01289,1,40,10.1016/j.nanoen.2020.104940,points/F01289.csv,0.288222665,1,0.8560542842
F01290,1,34,10.1016/j.nanoen.2020.105019,points/F01290.csv,0.1132786938,1,0.6240274678
F01291,1,34,10.1016/j.nanoen.2020.105019,points/F01291.csv,0.3933517776,1,0.8297011544
F01292,1,51,10.1016/j.nanoen.2020.105127,points/F01292.csv,0.3128380705,1.037267081,1.128115757
F01293,1,12,10.1016/j.nanoen.2020.105181,points/F01293.csv,0.03538205718,1,0.7394413628
F01294,1,10,10.1016/j.nanoen.2020.105181,points/F01294.csv,0.1095900394,1,0.4061298462
F01295,1,13,10.1016/j.nanoen.2020.105181,points/F01295.csv,0.2786284294,1,0.6856609451
F01296,1,43,10.1016/j.nanoen.2020.105181,points/F01296.csv,0.8362923278,1,1.051329553
F01299,1,42,10.1016/j.nanoen.2020.105462,points/F01299.csv,0.1910400231,1.69047619,3.911566825
F01300,1,42,10.1016/j.nanoen.2020.105462,points/F01300.csv,0.4945707693,1.037383178,1.12838448
F01301,1,42,10.1016/j.nanoen.2020.105462,points/F01301.csv,0.1513435677,2.178294574,4.438593828
F01302,1,42,10.1016/j.nanoen.2020.105462,points/F01302.csv,0.2576368647,1.757990868,2.910285874
F01303,1,19,10.1016/j.nanoen.2020.105564,points/F01303.csv,0.1540400114,1,0.6618312736
F01304,1,20,10.1016/j.nanoen.2020.105564,points/F01304.csv,0.3242784638,1,0.4764475186
F01306,1,9,10.1016/j.nanoen.2020.105737,points/F01306.csv,0.02075447156,1.6,4.168178732
F01308,1,10,10.1016/j.nanoen.2021.105742,points/F01308.csv,0.1144954323,1,0.5872100395
F01309,1,15,10.1016/j.nanoen.2021.105742,points/F01309.csv,0.02610951687,1.615384615,3.834094542
F01310,1,11,10.1016/j.nanoen.2021.105751,points/F01310.csv,0.1354581294,1,0.7890474066
F01311,1,26,10.1016/j.nanoen.2021.105751,points/F01311.csv,0.6760397444,1,1.055754158
F01312,1,36,10.1016/j.nanoen.2021.106157,points/F01312.csv,0.6910891662,1.042372881,3.305485326
F01313,1,9,10.1016/j.nanoen.2021.106286,points/F01313.csv,0.05797247111,1,0.7496387956
F01314,1,20,10.1016/j.nanoen.2021.106286,points/F01314.csv,0.006090069154,1,3.252481746
F01315,1,70,10.1016/j.nanoen.2021.106445,points/F01315.csv,0.371896885,1,1.174522531
F01316,1,28,10.1016/j.nanoen.2021.106445,points/F01316.csv,0.160633052,1,0.7529963474
F01317,1,9,10.1016/j.nanoen.2022.107416,points/F01317.csv,0.1533820875,1.346153846,4.560797877
F01318,1,16,10.1016/j.nanoen.2022.107416,points/F01318.csv,0.2034329665,1,0.5394083941
F01319,1,23,10.1016/j.nanoen.2022.107818,points/F01319.csv,0.3124050276,1.11,2.217134205
F01321,1,14,10.1016/j.nantod.2021.101164,points/F01321.csv,0.07407808702,1.057142857,1.000186775
F01322,1,30,10.1016/j.nantod.2021.101164,points/F01322.csv,0.4103428922,1.030075188,2.246825536
F01323,1,50,10.1016/j.optmat.2020.110377,points/F01323.csv,0.5963282853,1,0.5264898449
F01324,1,49,10.1016/j.optmat.2020.110377,points/F01324.csv,0.5231549187,1,0.763107458
F01325,1,50,10.1016/j.optmat.2020.110377,points/F01325.csv,0.7043507843,1,1.246520831
F01326,4,29,10.1016/j.optmat.2020.110794,points/F01326.csv,0.151385674,1.558823529,5.565872469
F01327,1,29,10.1016/j.optmat.2020.110794,points/F01327.csv,0.5761480647,1.093023256,1.225050755
F01328,1,44,10.1016/j.orgel.2016.05.004,points/F01328.csv,0.476666999,1,1.541480571
F01329,1,80,10.1016/j.orgel.2018.02.026,points/F01329.csv,0.1542738151,1,1.090460123
F01330,1,81,10.1016/j.orgel.2018.02.026,points/F01330.csv,0.1934456616,1.011494253,0.9652393588
F01331,1,80,10.1016/j.orgel.2018.02.026,points/F01331.csv,0.1452793926,1,1.366318813
F01332,1,19,10.1016/j.orgel.2018.05.030,points/F01332.csv,0.04296067068,1,0.7854221417
F01333,1,57,10.1016/j.orgel.2018.09.019,points/F01333.csv,0.6282883752,1,0.9777632719
F01334,1,57,10.1016/j.orgel.2018.09.019,points/F01334.csv,0.3970887143,1,1.077604056
F01335,1,23,10.1016/j.orgel.2018.09.045,points/F01335.csv,0.4389448795,1,1.551562918
F01336,1,23,10.1016/j.orgel.2019.03.002,points/F01336.csv,0.1164640604,1,1.050440802
F01337,1,51,10.1016/j.orgel.2019.03.033,points/F01337.csv,0.5966740895,1,1.225921029
F01338,1,49,10.1016/j.orgel.2019.03.036,points/F01338.csv,0.6520968505,1,0.986053403
F01339,1,49,10.1016/j.orgel.2019.03.036,points/F01339.csv,0.1343367067,1,0.7498412873
F01340,1,17,10.1016/j.orgel.2019.07.004,points/F01340.csv,0.04502005171,1,0.7950751014
F01341,1,18,10.1016/j.orgel.2019.07.004,points/F01341.csv,0.05014598422,1,0.9998132247
F01342,1,73,10.1016/j.orgel.2019.105384,points/F01342.csv,0.2908884549,1,0.8085481224
F01343,1,72,10.1016/j.orgel.2019.105384,points/F01343.csv,0.5581688365,1,0.729020714
F01344,1,56,10.1016/j.orgel.2019.105396,points/F01344.csv,0.2635603583,1.240740741,2.5163655
F01346,1,25,10.1016/j.orgel.2019.105573,points/F01346.csv,0.01829819941,1.1,2.042324109
F01347,1,25,10.1016/j.orgel.2019.105573,points/F01347.csv,0.04630491677,1,0.6901555015
F01348,1,24,10.1016/j.orgel.2020.105627,points/F01348.csv,0.2607269733,1,0.7944042024
F01349,1,15,10.1016/j.orgel.2020.105937,points/F01349.csv,0.04623012121,1,1.99322089
F01350,1,19,10.1016/j.orgel.2020.105937,points/F01350.csv,0.0509220297,1,2.925075381
F01351,1,13,10.1016/j.orgel.2020.106052,points/F01351.csv,0.1610346936,1,0.3340243426
F01352,1,82,10.1016/j.orgel.2021.106244,points/F01352.csv,0.4112936086,1.053731343,1.25501814
F01353,2,10,10.1016/j.orgel.2021.106310,points/F01353.csv,0.01863377391,1.5,6.314568917
F01354,1,17,10.1016/j.physb.2020.412124,points/F01354.csv,0.02317613133,1,1.035731376
F01355,1,16,10.1016/j.rser.2021.111608,points/F01355.csv,0.8604827364,1,1.066746754
F01356,1,27,10.1016/j.rser.2021.111608,points/F01356.csv,0.9915599564,1,1.562015526
F01357,1,27,10.1016/j.rser.2021.111608,points/F01357.csv,0.07010576587,1.074074074,0.7475222988
F01358,1,16,10.1016/j.scib.2021.02.029,points/F01358.csv,0.2562036918,1,0.7094651639
F01359,1,15,10.1016/j.solener.2016.10.003,points/F01359.csv,0.2244006147,1,0.9972350642
F01362,1,30,10.1016/j.solener.2019.10.080,points/F01362.csv,0.3550374001,1,0.4344149979
F01363,1,28,10.1016/j.solener.2019.10.080,points/F01363.csv,0.3322612281,1,0.3885393067
F01364,1,60,10.1016/j.solener.2019.11.030,points/F01364.csv,0.2998141647,1,0.5456167657
F01365,1,65,10.1016/j.solener.2020.01.048,points/F01365.csv,0.505705656,1,0.6486867204
F01366,1,20,10.1016/j.solener.2020.02.025,points/F01366.csv,0.01282453598,2.2,4.597433302
F01367,1,20,10.1016/j.solener.2020.02.025,points/F01367.csv,0.3797027623,1,1.331102473
F01368,4,14,10.1016/j.solener.2020.02.085,points/F01368.csv,0.02247534252,2.25,10
F01369,1,21,10.1016/j.solener.2020.04.021,points/F01369.csv,0.0728385355,1,0.3758769631
F01370,1,9,10.1016/j.solener.2020.05.042,points/F01370.csv,0.0413015703,1,0.5919943351
F01371,1,14,10.1016/j.solener.2020.06.057,points/F01371.csv,0.1150245323,1,1.119216488
F01372,1,24,10.1016/j.solener.2020.07.050,points/F01372.csv,0.4898974058,1,0.7785324478
F01373,1,24,10.1016/j.solener.2020.07.050,points/F01373.csv,0.2776609156,1,0.6362743902
F01374,1,53,10.1016/j.solener.2020.12.002,points/F01374.csv,0.08193251793,1,0.9529051251
F01375,1,67,10.1016/j.solener.2021.01.030,points/F01375.csv,0.9100446687,1.033898305,2.448530448
F01376,1,10,10.1016/j.solener.2021.02.035,points/F01376.csv,0.1022625829,1,0.325838845
F01378,1,26,10.1016/j.solener.2021.06.001,points/F01378.csv,0.178834296,1.012987013,0.7572937266
F01379,1,25,10.1016/j.solener.2021.06.076,points/F01379.csv,0.9906749512,1,2.132468696
F01380,4,16,10.1016/j.solmat.2015.09.054,points/F01380.csv,0.1069110825,1.666666667,4.914903717
F01381,4,17,10.1016/j.solmat.2015.09.054,points/F01381.csv,0.05715920206,1.9,6.279900558
F01382,1,56,10.1016/j.solmat.2015.10.008,points/F01382.csv,0.5918331886,1.0859375,1.80250729
F01383,1,56,10.1016/j.solmat.2015.10.008,points/F01383.csv,0.8127574153,1,0.981003966
F01384,1,69,10.1016/j.solmat.2017.12.015,points/F01384.csv,0.84714493,1,0.7714435536
F01385,1,58,10.1016/j.solmat.2019.04.007,points/F01385.csv,0.8196727787,1.003154574,1.114112981
F01386,1,45,10.1016/j.solmat.2019.110130,points/F01386.csv,0.3757154376,1.025806452,0.8035625889
F01387,1,49,10.1016/j.solmat.2019.110130,points/F01387.csv,0.2302922346,1.020408163,1.240032371
F01388,1,51,10.1016/j.solmat.2019.110297,points/F01388.csv,0.3690827257,1,1.169639989
F01389,1,54,10.1016/j.solmat.2019.110297,points/F01389.csv,0.4015926895,1,1.355280424
F01390,1,56,10.1016/j.solmat.2019.110335,points/F01390.csv,0.2635571533,1,0.861848541
F01392,1,23,10.1016/j.solmat.2019.110351,points/F01392.csv,0.02402059697,1.153846154,1.349073969
F01394,1,26,10.1016/j.solmat.2020.110407,points/F01394.csv,0.05924819725,1,0.4363852752
F01395,1,25,10.1016/j.solmat.2020.110407,points/F01395.csv,0.2417675529,1,0.6609996546
F01396,4,16,10.1016/j.solmat.2020.110460,points/F01396.csv,0.05601396756,2.4,10
F01398,1,21,10.1016/j.solmat.2020.110862,points/F01398.csv,0.3326192151,1.027210884,0.962970596
F01399,1,21,10.1016/j.solmat.2020.110862,points/F01399.csv,0.1751869596,1,0.8684422032
F01400,1,32,10.1016/j.solmat.2021.111278,points/F01400.csv,0.8584789112,1,0.9680052987
F01401,1,17,10.1016/j.surfin.2021.101213,points/F01401.csv,0.0583331934,1,0.6559862549
F01402,1,25,10.1016/j.surfin.2021.101213,points/F01402.csv,0.2117920798,1,0.6639501245
F01403,1,31,10.1016/j.synthmet.2020.116428,points/F01403.csv,0.04450299368,1,1.027395929
F01405,1,10,10.1016/j.xcrp.2020.100224,points/F01405.csv,0.1523956527,1.055555556,2.313170483
F01407,1,8,10.1016/j.xcrp.2020.100224,points/F01407.csv,0.8096151112,1,1.644239187
F01411,1,19,10.1016/j.xcrp.2021.100395,points/F01411.csv,0.8737189935,1,0.568080407
F01413,1,40,10.1016/j.xcrp.2021.100450,points/F01413.csv,0.3806477661,1,0.4661462517
F01414,1,20,10.1016/j.xcrp.2021.100475,points/F01414.csv,0.246409121,1,2.372389338
F01415,1,20,10.1021/acs.chemmater.0c00995,points/F01415.csv,0.3711970076,1,0.4560187888
F01416,1,23,10.1021/acs.chemmater.0c00995,points/F01416.csv,0.6942437492,1,1.195004776
F01419,1,27,10.1021/acs.chemmater.1c00662,points/F01419.csv,0.4532666671,1,0.9779970245
F01420,1,22,10.1021/acs.chemmater.1c00662,points/F01420.csv,0.9376237361,1,0.6728652828
F01421,1,10,10.1021/acs.chemmater.1c01436,points/F01421.csv,0.1713231489,1,0.5852708644
F01422,2,15,10.1021/acs.chemmater.8b02002,points/F01422.csv,0.01024137519,1.25,7.207048946
F01425,1,8,10.1021/acs.chemmater.8b02970,points/F01425.csv,0.02239237622,1.2,2.447197553
F01427,1,11,10.1021/acs.energyfuels.0c01280,points/F01427.csv,0.04752716757,1,1.319446751
F01429,1,10,10.1021/acs.energyfuels.2c03191,points/F01429.csv,0.2574580042,1,0.5816063081
F01430,1,15,10.1021/acs.jpcc.0c02289,points/F01430.csv,0.7232202342,1,0.5419428771
F01431,1,16,10.1021/acs.jpcc.0c02289,points/F01431.csv,0.1760634572,1.142857143,2.154789551
F01432,1,9,10.1021/acs.jpcc.0c02628,points/F01432.csv,0.08579338838,1,1.163257994
F01434,1,11,10.1021/acs.jpcc.0c09794,points/F01434.csv,0.07613934093,1,0.8620477854
F01436,1,33,10.1021/acs.jpcc.1c04343,points/F01436.csv,0.6189019349,1,0.4055897632
F01437,1,32,10.1021/acs.jpcc.1c04343,points/F01437.csv,0.2215876291,1,0.4801446786
F01438,1,12,10.1021/acs.jpcc.1c04343,points/F01438.csv,0.2284712387,1,0.4210072996
F01439,1,12,10.1021/acs.jpcc.1c04343,points/F01439.csv,0.02271736724,1,1.364755803
F01440,1,23,10.1021/acs.jpclett.1c01074,points/F01440.csv,0.2686621945,1,0.3720532725
F01441,2,20,10.1021/acs.jpclett.1c02371,points/F01441.csv,0.02659577001,1.333333333,4.960997425
F01442,1,19,10.1021/acs.jpclett.1c02371,points/F01442.csv,0.3751387218,1,1.1279485
F01445,1,8,10.1021/acs.jpclett.9b03414,points/F01445.csv,0.04292700667,1,0.7468074144
F01446,1,8,10.1021/acs.jpclett.9b03414,points/F01446.csv,0.05847199851,1,0.9143567044
F01447,1,73,10.1021/acs.langmuir.8b01650,points/F01447.csv,0.5796545395,1.025445293,0.9200249144
F01448,1,50,10.1021/acs.nanolett.8b04190,points/F01448.csv,0.1492880915,1.025974026,1.696221943
F01449,1,50,10.1021/acs.nanolett.8b04190,points/F01449.csv,0.332179924,1.076023392,4.167554517
F01450,1,11,10.1021/acs.nanolett.9b04661,points/F01450.csv,0.1898096694,1,0.6575457007
F01451,1,10,10.1021/acs.nanolett.9b04661,points/F01451.csv,0.2997236162,1,0.7096658365
F01452,1,16,10.1021/acsaelm.1c00084,points/F01452.csv,0.06732464234,1,0.5676403212
F01453,1,50,10.1021/acsaem.0c00179,points/F01453.csv,0.8732710268,1,1.492931947
F01454,1,65,10.1021/acsaem.0c00584,points/F01454.csv,0.7988703944,1,0.5086723088
F01455,1,66,10.1021/acsaem.0c00584,points/F01455.csv,0.8662298656,1,0.458432497
F01456,1,26,10.1021/acsaem.0c00584,points/F01456.csv,0.4345396549,1,3.778914271
F01457,1,65,10.1021/acsaem.0c00584,points/F01457.csv,0.6671362992,1,0.7611133884
F01459,1,65,10.1021/acsaem.0c00811,points/F01459.csv,0.8679558915,1,0.9720624199
F01461,1,9,10.1021/acsaem.0c01214,points/F01461.csv,0.1264846245,1,0.5598215049
F01462,4,10,10.1021/acsaem.0c01214,points/F01462.csv,0.004794815884,1.438444765,6.191087247
F01463,1,8,10.1021/acsaem.0c01329,points/F01463.csv,0.0397387186,1,0.5848454753
F01465,1,24,10.1021/acsaem.0c01796,points/F01465.csv,0.1354463666,1,0.5618030108
F01467,1,18,10.1021/acsaem.0c02213,points/F01467.csv,0.08821851542,1,0.5080972185
F01468,4,9,10.1021/acsaem.0c02895,points/F01468.csv,0.00239768964,0.959075856,7.124831214
F01469,1,9,10.1021/acsaem.0c02895,points/F01469.csv,0.03124488085,1,1.413137289
F01470,1,15,10.1021/acsaem.0c02941,points/F01470.csv,0.03530589976,1,0.4706789187
F01471,1,59,10.1021/acsaem.0c03036,points/F01471.csv,0.2990237132,1,1.023928938
F01472,1,20,10.1021/acsaem.0c03185,points/F01472.csv,0.3604534947,1,1.100264661
F01473,1,19,10.1021/acsaem.1c00009,points/F01473.csv,0.0340426852,1,0.774821626
F01474,1,10,10.1021/acsaem.1c00232,points/F01474.csv,0.2219080124,1,2.730541397
F01475,4,11,10.1021/acsaem.1c00575,points/F01475.csv,0.02802901961,1.8,8.222041918
F01476,1,28,10.1021/acsaem.1c00826,points/F01476.csv,0.275128669,1.022988506,1.994873889
F01478,1,23,10.1021/acsaem.2c00923,points/F01478.csv,0.3297298966,1,0.3894010958
F01479,1,22,10.1021/acsaem.8b00060,points/F01479.csv,0.08192441402,1,0.6708086124
F01480,1,75,10.1021/acsaem.8b00602,points/F01480.csv,0.3874082981,1,1.171259925
F01481,1,27,10.1021/acsaem.9b00164,points/F01481.csv,0.1695917964,1,1.680376421
F01482,1,14,10.1021/acsaem.9b00486,points/F01482.csv,0.1237140988,1,0.62783838
F01483,1,8,10.1021/acsaem.9b00603,points/F01483.csv,0.5688320398,1,0.8291311828
F01484,1,29,10.1021/acsaem.9b01004,points/F01484.csv,0.1466248539,1,1.349742809
F01485,1,43,10.1021/acsaem.9b01598,points/F01485.csv,0.2578908288,1,0.7182404347
F01486,1,34,10.1021/acsaem.9b01652,points/F01486.csv,0.09193127755,1,1.515246188
F01487,1,10,10.1021/acsaem.9b02037,points/F01487.csv,0.04186367436,1,2.18194571
F01488,1,29,10.1021/acsaem.9b02117,points/F01488.csv,0.221073377,1,0.3335013162
F01489,1,12,10.1021/acsami.0c00142,points/F01489.csv,0.7323560723,1,0.7123899207
F01491,1,15,10.1021/acsami.0c01311,points/F01491.csv,0.07626544579,1.25,2.440381636
F01492,1,68,10.1021/acsami.0c02751,points/F01492.csv,0.2521483454,1,0.8094791897
F01493,1,68,10.1021/acsami.0c02751,points/F01493.csv,0.2566321811,1,0.9532218276
F01494,1,67,10.1021/acsami.0c02751,points/F01494.csv,0.2300080508,1,1.472081858
F01495,1,23,10.1021/acsami.0c02837,points/F01495.csv,0.04976967657,1,0.9591794773
F01496,1,10,10.1021/acsami.0c03660,points/F01496.csv,0.05150056927,1,1.300410686
F01497,1,9,10.1021/acsami.0c04258,points/F01497.csv,0.1556919412,1,0.4453538811
F01498,1,14,10.1021/acsami.0c04938,points/F01498.csv,0.06687674682,1.277777778,2.607607107
F01499,2,12,10.1021/acsami.0c04938,points/F01499.csv,0.2997687445,1,6.581143615
F01500,3,13,10.1021/acsami.0c04938,points/F01500.csv,0.4399903582,1.436241611,6.358271575
F01501,1,20,10.1021/acsami.0c04975,points/F01501.csv,0.04559080201,1,0.6877144345
F01502,1,19,10.1021/acsami.0c04975,points/F01502.csv,0.08126589444,1,0.5592259182
F01503,1,20,10.1021/acsami.0c04975,points/F01503.csv,0.02493927675,1.272727273,2.751044467
F01504,4,20,10.1021/acsami.0c04975,points/F01504.csv,0.01377646195,2,7.101026868
F01505,1,13,10.1021/acsami.0c05632,points/F01505.csv,0.1712108166,1,0.3314178305
F01506,1,14,10.1021/acsami.0c06823,points/F01506.csv,0.6253228878,1,0.546254841
F01507,1,14,10.1021/acsami.0c06823,points/F01507.csv,0.07001137396,1,0.8045579867
F01508,1,14,10.1021/acsami.0c06823,points/F01508.csv,0.09322733074,1,0.9538755573
F01509,1,14,10.1021/acsami.0c06823,points/F01509.csv,0.6055948336,1,0.3245509927
F01510,3,14,10.1021/acsami.0c06823,points/F01510.csv,0.006751739323,1.666666667,6.683008892
F01511,4,12,10.1021/acsami.0c06823,points/F01511.csv,0.009002319098,1.75,5.018205215
F01512,1,18,10.1021/acsami.0c08827,points/F01512.csv,0.05049227466,1.866666667,1.885281681
F01513,1,24,10.1021/acsami.0c10310,points/F01513.csv,0.109782325,1.275862069,2.080340375
F01514,1,8,10.1021/acsami.0c11164,points/F01514.csv,0.02099225027,1,0.747118381
F01515,1,16,10.1021/acsami.0c11247,points/F01515.csv,0.6153974629,1,0.5770721629
F01516,1,8,10.1021/acsami.0c12044,points/F01516.csv,0.03628202767,1,0.7284908712
F01517,1,8,10.1021/acsami.0c12044,points/F01517.csv,0.07329091473,1,0.6269555397
F01518,1,27,10.1021/acsami.0c13116,points/F01518.csv,0.2394092299,1,0.641358147
F01519,1,26,10.1021/acsami.0c13116,points/F01519.csv,0.3933078479,1,0.5990586043
F01520,1,9,10.1021/acsami.0c14218,points/F01520.csv,0.03170991333,1.052631579,1.33966736
F01522,1,9,10.1021/acsami.0c14218,points/F01522.csv,0.2234659213,1.23,4.252278628
F01523,1,8,10.1021/acsami.0c14218,points/F01523.csv,0.1256511729,1.109090909,2.951807395
F01525,1,30,10.1021/acsami.0c15676,points/F01525.csv,0.1039367629,1,0.8214783985
F01526,1,29,10.1021/acsami.0c15676,points/F01526.csv,0.2213153921,1,0.9062177056
F01527,1,18,10.1021/acsami.0c17141,points/F01527.csv,0.204820702,1,0.7377235882
F01528,1,19,10.1021/acsami.0c17141,points/F01528.csv,0.3323895596,1,0.4406916268
F01529,1,16,10.1021/acsami.0c17141,points/F01529.csv,0.8012491793,1.006779661,2.023325721
F01530,1,15,10.1021/acsami.0c17773,points/F01530.csv,0.0379976239,1,0.4581292898
F01531,1,8,10.1021/acsami.0c18009,points/F01531.csv,0.2146700087,1,0.5455070579
F01532,1,100,10.1021/acsami.0c18862,points/F01532.csv,0.2926561776,1.161849711,2.808086511
F01533,1,50,10.1021/acsami.0c22817,points/F01533.csv,0.6151999718,1,1.648448487
F01535,1,8,10.1021/acsami.1c01408,points/F01535.csv,0.198809731,1,1.353609343
F01538,1,15,10.1021/acsami.1c05498,points/F01538.csv,0.03466823971,1.277777778,3.821089241
F01539,1,44,10.1021/acsami.1c05498,points/F01539.csv,0.1946872675,1,1.422468561
F01540,1,44,10.1021/acsami.1c05498,points/F01540.csv,0.2941732165,1,1.033804836
F01542,1,8,10.1021/acsami.1c09742,points/F01542.csv,0.06507349643,1,1.024927394
F01543,1,15,10.1021/acsami.1c12826,points/F01543.csv,0.03835843223,1.15,1.312064197
F01544,1,33,10.1021/acsami.1c18375,points/F01544.csv,0.2341316182,1.393442623,1.589232548
F01545,1,28,10.1021/acsami.1c19587,points/F01545.csv,0.1350974802,1.23943662,2.747418308
F01546,1,28,10.1021/acsami.1c19587,points/F01546.csv,0.1716336144,1.123595506,1.880890327
F01547,1,28,10.1021/acsami.1c19587,points/F01547.csv,0.04162724438,1.095238095,2.227305551
F01548,1,28,10.1021/acsami.1c19587,points/F01548.csv,0.1019027229,1,0.7215538281
F01550,2,18,10.1021/acsami.3c08746,points/F01550.csv,0.07409926388,1.210526316,6.079428383
F01551,1,19,10.1021/acsami.6b03724,points/F01551.csv,0.240510536,1,0.601381947
F01552,1,18,10.1021/acsami.6b03724,points/F01552.csv,0.4675503046,1,0.4939620685
F01553,1,19,10.1021/acsami.6b03724,points/F01553.csv,0.3113420439,1,0.525661191
F01554,1,33,10.1021/acsami.6b11393,points/F01554.csv,0.49702024,1,1.618035658
F01555,1,87,10.1021/acsami.7b01282,points/F01555.csv,0.5554420611,1.034285714,1.425551457
F01556,1,41,10.1021/acsami.7b02223,points/F01556.csv,0.7983157644,1,0.6122098496
F01557,1,68,10.1021/acsami.7b06681,points/F01557.csv,0.7774070424,1,1.329620725
F01558,4,23,10.1021/acsami.8b02035,points/F01558.csv,0.04474043208,1.916666667,5.978744442
F01559,1,25,10.1021/acsami.8b02035,points/F01559.csv,0.2004625312,1.08411215,1.279735247
F01560,4,25,10.1021/acsami.8b02035,points/F01560.csv,0.06216850526,1.242424242,2.907213914
F01561,1,24,10.1021/acsami.8b02035,points/F01561.csv,0.3699401714,1,0.8147161982
F01562,1,36,10.1021/acsami.8b02256,points/F01562.csv,0.5217245404,1,1.504866367
F01563,1,45,10.1021/acsami.8b03543,points/F01563.csv,0.3475524708,1,1.779552064
F01564,1,16,10.1021/acsami.8b04003,points/F01564.csv,0.3993541042,1,1.454200301
F01565,1,11,10.1021/acsami.8b06619,points/F01565.csv,0.06226653187,1.242424242,3.139646967
F01566,1,11,10.1021/acsami.8b07346,points/F01566.csv,0.602166343,1,0.5131151158
F01567,1,11,10.1021/acsami.8b07346,points/F01567.csv,0.1061270058,1,0.9580770508
F01568,1,11,10.1021/acsami.8b07346,points/F01568.csv,0.8443397367,1,1.381744853
F01569,1,8,10.1021/acsami.8b08888,points/F01569.csv,0.02638040816,1,1.056556913
F01570,1,37,10.1021/acsami.8b10332,points/F01570.csv,0.3341975773,1,1.076886207
F01571,1,73,10.1021/acsami.8b12675,points/F01571.csv,0.4512597106,1,0.598106225
F01572,1,23,10.1021/acsami.8b12678,points/F01572.csv,0.07032488863,1.056338028,2.398034258
F01573,1,23,10.1021/acsami.8b12678,points/F01573.csv,0.04860208276,1.053571429,1.03111555
F01574,1,52,10.1021/acsami.8b15665,points/F01574.csv,0.2389219501,1.016,1.428260845
F01575,1,20,10.1021/acsami.8b17300,points/F01575.csv,0.3770462619,1,0.7136197289
F01576,1,41,10.1021/acsami.8b19036,points/F01576.csv,0.4800025286,1.035476718,2.394043217
F01577,1,41,10.1021/acsami.8b19036,points/F01577.csv,0.3715884364,1.043956044,2.707366082
F01579,1,8,10.1021/acsami.9b00923,points/F01579.csv,0.1376581162,1.380952381,3.423940209
F01582,1,15,10.1021/acsami.9b06513,points/F01582.csv,0.1579025304,1,1.633976052
F01583,1,8,10.1021/acsami.9b06933,points/F01583.csv,0.04954019344,1,1.173762869
F01584,1,55,10.1021/acsami.9b11229,points/F01584.csv,0.3655981481,1,1.007423507
F01585,1,56,10.1021/acsami.9b11229,points/F01585.csv,0.4069880936,1,0.5976521372
F01586,1,56,10.1021/acsami.9b11229,points/F01586.csv,0.3492017767,1,1.03316816
F01587,1,25,10.1021/acsami.9b12346,points/F01587.csv,0.1939659081,1,0.6579051678
F01588,1,19,10.1021/acsami.9b14740,points/F01588.csv,0.1197090889,1,0.9324048412
F01589,1,84,10.1021/acsami.9b14740,points/F01589.csv,0.8075838098,1,0.697720571
F01590,1,49,10.1021/acsami.9b14957,points/F01590.csv,0.6370511166,1.028938907,1.069673587
F01591,1,16,10.1021/acsami.9b15320,points/F01591.csv,0.1396469959,1,1.108148591
F01592,1,15,10.1021/acsami.9b15320,points/F01592.csv,0.1968629483,1,0.4786159435
F01593,1,31,10.1021/acsami.9b15320,points/F01593.csv,0.5793459712,1,1.761317162
F01595,1,15,10.1021/acsami.9b16194,points/F01595.csv,0.3771956343,1,1.788717923
F01596,1,10,10.1021/acsami.9b17580,points/F01596.csv,0.075265372,1.470588235,2.927258268
F01597,1,9,10.1021/acsami.9b17580,points/F01597.csv,0.2050105744,1,1.616617891
F01598,1,16,10.1021/acsami.9b17930,points/F01598.csv,0.1756245346,1,2.569824764
F01599,1,13,10.1021/acsami.9b18082,points/F01599.csv,0.03184515671,1.125,2.527699059
F01600,1,18,10.1021/acsami.9b19691,points/F01600.csv,0.0900268181,1,0.4766516545
F01601,1,11,10.1021/acsami.9b21348,points/F01601.csv,0.6988272139,1,1.205876761
F01602,1,59,10.1021/acsami.9b22627,points/F01602.csv,0.5699446947,1,0.5521846212
F01603,1,10,10.1021/acsami.9b22719,points/F01603.csv,0.1954991669,1,0.3769856927
F01604,1,10,10.1021/acsami.9b22719,points/F01604.csv,0.01741162565,1,2.025109061
F01605,1,31,10.1021/acsami.9b23255,points/F01605.csv,0.1925647614,1,1.157740396
F01606,1,13,10.1021/acsami.9b23532,points/F01606.csv,0.1232518804,1,0.4296355445
F01607,1,12,10.1021/acsenergylett.0c00526,points/F01607.csv,0.5155331989,1,0.9937272155
F01609,1,41,10.1021/acsenergylett.0c00596,points/F01609.csv,0.746452036,1,1.114617572
F01610,1,33,10.1021/acsenergylett.0c00596,points/F01610.csv,0.8790870969,1,0.4879264151
F01611,4,42,10.1021/acsenergylett.0c01023,points/F01611.csv,0.1666087317,1.482758621,7.647181601
F01612,4,46,10.1021/acsenergylett.0c01023,points/F01612.csv,0.1659112862,1.635294118,5.942246782
F01613,1,37,10.1021/acsenergylett.0c01648,points/F01613.csv,0.3807321231,1,0.7683706774
F01614,1,38,10.1021/acsenergylett.0c01648,points/F01614.csv,0.6732085702,1,0.6455863379
F01615,1,21,10.1021/acsenergylett.0c01728,points/F01615.csv,0.4223001381,1,0.8310160486
F01616,1,24,10.1021/acsenergylett.0c01728,points/F01616.csv,0.251572367,1,1.082117082
F01617,1,24,10.1021/acsenergylett.0c01848,points/F01617.csv,0.03713518626,1.3,1.304718002
F01618,1,22,10.1021/acsenergylett.0c02210,points/F01618.csv,0.08146145706,1,0.6359763965
F01619,1,49,10.1021/acsenergylett.1c00443,points/F01619.csv,0.2441285474,1,0.9891798955
F01620,1,22,10.1021/acsenergylett.1c00452,points/F01620.csv,0.05345646936,1,1.013913265
F01621,1,22,10.1021/acsenergylett.1c00452,points/F01621.csv,0.09721464771,1,0.8780493299
F01622,1,35,10.1021/acsenergylett.1c00685,points/F01622.csv,0.322052741,1,0.8370135101
F01623,1,34,10.1021/acsenergylett.1c00685,points/F01623.csv,0.2892328161,1,1.055723793
F01624,1,34,10.1021/acsenergylett.1c00685,points/F01624.csv,0.2163981849,1,1.038481874
F01625,1,35,10.1021/acsenergylett.1c00685,points/F01625.csv,0.278262475,1,0.876444859
F01626,1,34,10.1021/acsenergylett.1c00685,points/F01626.csv,0.1964689601,1,1.790666747
F01627,1,21,10.1021/acsenergylett.1c00685,points/F01627.csv,0.1297800386,1,1.077261675
F01629,1,13,10.1021/acsenergylett.1c00794,points/F01629.csv,0.008050243266,1,1.391262912
F01630,1,22,10.1021/acsenergylett.1c00794,points/F01630.csv,0.1317223426,1.088888889,1.478201429
F01631,1,9,10.1021/acsenergylett.1c01126,points/F01631.csv,0.05205490472,1.05,1.233229277
F01632,1,9,10.1021/acsenergylett.1c01126,points/F01632.csv,0.01827302329,1.285714286,2.444414609
F01633,1,148,10.1021/acsenergylett.1c01446,points/F01633.csv,0.1734900002,1.186206897,1.12997078
F01634,1,15,10.1021/acsenergylett.1c01817,points/F01634.csv,0.7298700371,1,0.3875381683
F01635,1,15,10.1021/acsenergylett.4c00306,points/F01635.csv,0.0478102686,1,1.083238971
F01636,1,15,10.1021/acsenergylett.4c00306,points/F01636.csv,0.2017677853,1,0.3281585357
F01637,1,61,10.1021/acsenergylett.7b00375,points/F01637.csv,0.1376653912,1,1.101981171
F01638,1,70,10.1021/acsenergylett.7b00508,points/F01638.csv,0.8816274987,1,1.037960503
F01639,1,27,10.1021/acsenergylett.7b00976,points/F01639.csv,0.5930751449,1,0.8423915957
F01640,1,31,10.1021/acsenergylett.8b00217,points/F01640.csv,0.3139293247,1,0.5386586778
F01641,1,23,10.1021/acsenergylett.9b00930,points/F01641.csv,0.2588340878,1,0.7469848753
F01642,1,23,10.1021/acsenergylett.9b00930,points/F01642.csv,0.3604205546,1,0.7526183128
F01643,1,13,10.1021/acsenergylett.9b01042,points/F01643.csv,0.6085619564,1,1.036604889
F01644,1,38,10.1021/acsenergylett.9b01356,points/F01644.csv,0.2058566313,1,0.6783986168
F01645,1,38,10.1021/acsenergylett.9b01356,points/F01645.csv,0.9323613837,1,1.2730475
F01647,2,9,10.1021/acsenergylett.9b02716,points/F01647.csv,0.03925045781,1.086956522,5.857243519
F01648,4,8,10.1021/acsenergylett.9b02716,points/F01648.csv,0.02982558561,1.411764706,5.143712547
F01649,1,9,10.1021/acsenergylett.9b02716,points/F01649.csv,0.156480329,1,0.8425494232
F01650,1,28,10.1021/acsmaterialslett.0c00134,points/F01650.csv,0.4100964955,1,1.130304936
F01651,1,77,10.1021/acsnano.6b01904,points/F01651.csv,0.6920206657,1,0.5828768419
F01652,1,23,10.1021/acsnano.8b01351,points/F01652.csv,0.1306370294,1,0.847878074
F01653,1,22,10.1021/acsnano.8b01351,points/F01653.csv,0.4423992727,1,0.5187591068
F01654,1,22,10.1021/acsnano.9b03098,points/F01654.csv,0.1975437672,1,0.8810973701
F01655,1,22,10.1021/acsnano.9b03098,points/F01655.csv,0.1621647574,1,1.300298201
F01656,1,11,10.1021/acsomega.0c04593,points/F01656.csv,0.4580349728,1,0.8760052723
F01657,1,21,10.1021/acsomega.1c01074,points/F01657.csv,0.08009995712,1,0.6593235525
F01658,1,10,10.1021/acssuschemeng.0c01794,points/F01658.csv,0.01872216781,1,1.282139601
F01659,1,8,10.1021/acssuschemeng.0c01794,points/F01659.csv,0.01619969629,1,2.321354009
F02204,1,32,10.1021/acssuschemeng.0c09015,points/F02204.csv,0.213894541,1.098091883,3.694178218
F01661,1,10,10.1021/acssuschemeng.0c09015,points/F01661.csv,0.0838053117,1,0.7334582091
F01662,1,9,10.1021/acssuschemeng.7b01556,points/F01662.csv,0.2714838048,1,0.6931750694
F01663,1,35,10.1021/acssuschemeng.8b04281,points/F01663.csv,0.7373163237,1,1.1171883
F01664,1,28,10.1021/acssuschemeng.8b04603,points/F01664.csv,0.2567567568,1,2.455926662
F01665,1,28,10.1021/acssuschemeng.9b05631,points/F01665.csv,0.05149576034,2.142857143,3.116826261
F01666,1,44,10.1021/jacs.0c03363,points/F01666.csv,0.588596616,1.016260163,2.154075445
F01667,1,22,10.1021/jacs.0c09560,points/F01667.csv,0.2460727186,1,0.7395499913
F01668,1,23,10.1021/jacs.0c12739,points/F01668.csv,0.2117493296,1,1.15356834
F01672,1,42,10.1021/jacs.0c13069,points/F01672.csv,0.4037810057,1,0.8651354213
F01673,1,14,10.1021/jacs.0c13069,points/F01673.csv,0.9286086708,1,0.7431051729
F01674,1,37,10.1021/jacs.1c02118,points/F01674.csv,0.1118386204,1.171428571,1.814133863
F01675,1,37,10.1021/jacs.1c02118,points/F01675.csv,0.8590960904,1,1.099289865
F01678,3,10,10.1021/jacs.1c12732,points/F01678.csv,0.08874870861,1.652173913,9.58935613
F01679,3,10,10.1021/jacs.1c12732,points/F01679.csv,0.01166594789,2,10
F01680,1,14,10.1021/jacs.1c12732,points/F01680.csv,0.02285520071,1.333333333,5.896944307
F01681,1,15,10.1021/jacs.1c12732,points/F01681.csv,0.1209727847,1,2.24442846
F01685,1,22,10.1021/jacs.7b07949,points/F01685.csv,0.5758167147,1.022988506,1.46187547
F01686,1,15,10.1021/jacs.7b13229,points/F01686.csv,0.1105318005,1,0.5181986135
F01687,1,15,10.1021/jacs.7b13229,points/F01687.csv,0.4038676903,1,0.8136001898
F01688,1,8,10.1021/jacs.9b13418,points/F01688.csv,0.0144515349,1,1.316591938
F01689,1,8,10.1038/ncomms10228,points/F01689.csv,0.9462564522,1.050761421,2.273121489
F01690,1,18,10.1038/ncomms11105,points/F01690.csv,0.1914557982,1,0.4103982568
F01691,1,17,10.1038/ncomms11105,points/F01691.csv,0.06511155847,1.15,2.265360572
F01692,1,19,10.1038/ncomms15330,points/F01692.csv,0.08164359248,1,1.061974906
F01693,1,19,10.1038/ncomms15330,points/F01693.csv,0.384376007,1,0.9224922737
F01694,1,37,10.1038/s41467-018-03169-0,points/F01694.csv,0.2221866634,1,0.4118467447
F01695,1,38,10.1038/s41467-018-03169-0,points/F01695.csv,0.276806995,1,1.026485138
F01696,1,8,10.1038/s41467-018-05454-4,points/F01696.csv,0.03916878817,1,1.391868022
F01699,1,66,10.1038/s41467-018-05760-x,points/F01699.csv,0.1413979722,1,0.4892505783
F01700,1,67,10.1038/s41467-018-05760-x,points/F01700.csv,0.3824913,1,0.696112152
F01701,1,12,10.1038/s41467-018-06204-2,points/F01701.csv,0.1599685845,1,0.6118521228
F01702,4,30,10.1038/s41467-018-06317-8,points/F01702.csv,0.1210004471,1.659090909,4.246160246
F01703,4,30,10.1038/s41467-018-06317-8,points/F01703.csv,0.1245167264,1.617021277,7.397863814
F01704,1,55,10.1038/s41467-018-06709-w,points/F01704.csv,0.1326367288,1,0.5741470215
F01706,1,46,10.1038/s41467-019-09167-0,points/F01706.csv,0.2753652183,1,0.6743068014
F01707,1,14,10.1038/s41467-019-12613-8,points/F01707.csv,0.1153994765,1,0.7137511541
F01708,1,15,10.1038/s41467-019-12613-8,points/F01708.csv,0.1639201758,1,0.6032000291
F01709,1,14,10.1038/s41467-019-12613-8,points/F01709.csv,0.1565419642,1,0.5471078582
F01710,3,11,10.1038/s41467-020-18015-5,points/F01710.csv,0.005509021707,2,8.52395344
F01711,1,36,10.1038/s41467-021-23566-2,points/F01711.csv,0.123222363,1,0.6114792433
F01712,1,10,10.1038/s41467-021-26754-2,points/F01712.csv,0.05572771364,1.666666667,4.76428947
F01713,1,10,10.1038/s41467-021-26754-2,points/F01713.csv,0.1821386618,1,1.134190613
F01714,2,28,10.1038/s41467-022-34203-x,points/F01714.csv,0.008900750468,2.333333333,6.794198544
F01715,1,28,10.1038/s41467-022-34203-x,points/F01715.csv,0.05119707328,1,1.044595592
F01716,1,17,10.1038/s41467-023-36918-x,points/F01716.csv,0.01772906715,1.25,0.9391101945
F01717,1,17,10.1038/s41467-023-36918-x,points/F01717.csv,0.04653880128,1,0.8929602714
F01718,1,17,10.1038/s41467-023-36918-x,points/F01718.csv,0.08881212961,1,0.4602465237
F01719,1,17,10.1038/s41467-023-36918-x,points/F01719.csv,0.02210487336,1.2,1.335986743
F01720,1,30,10.1038/s41467-023-43016-5,points/F01720.csv,0.3659968919,1.023952096,2.99697719
F01721,1,30,10.1038/s41467-023-43016-5,points/F01721.csv,0.0692363375,1,1.214113303
F01722,1,30,10.1038/s41467-023-43016-5,points/F01722.csv,0.04268275121,1.166666667,2.370341217
F01723,1,17,10.1038/s41467-023-43016-5,points/F01723.csv,0.2344466109,1,1.418701127
F01724,1,20,10.1038/s41467-023-43016-5,points/F01724.csv,0.04418506731,1.066666667,1.63567621
F01725,2,14,10.1038/s41467-024-45228-9,points/F01725.csv,0.0632192189,1.047619048,5.641271953
F01726,1,12,10.1038/s41467-024-45228-9,points/F01726.csv,0.0278484762,1.444444444,4.005145782
F01727,1,10,10.1038/s41467-024-49617-y,points/F01727.csv,0.08000624993,1,1.618069579
F01728,1,34,10.1038/s41467-024-49617-y,points/F01728.csv,0.2340996281,1,0.6195247891
F01730,1,13,10.1038/s41467-024-51760-5,points/F01730.csv,0.03988956104,1,0.7170258284
F01731,1,28,10.1038/s41467-025-56409-5,points/F01731.csv,0.2399864284,1,1.434197742
F01732,1,26,10.1038/s41467-025-56409-5,points/F01732.csv,0.09505141366,1.08,1.092824474
F01733,4,12,10.1038/s41560-019-0382-6,points/F01733.csv,0.007786600494,1.666666667,4.627520653
F01734,1,12,10.1038/s41560-019-0382-6,points/F01734.csv,0.0367186873,1.142857143,1.494446288
F01735,4,12,10.1038/s41560-019-0382-6,points/F01735.csv,0.02070374562,1.75,4.753868429
F01736,1,12,10.1038/s41560-019-0382-6,points/F01736.csv,0.05271432504,1.05,1.098371583
F01739,1,12,10.1038/s41560-019-0382-6,points/F01739.csv,0.04916380488,1,1.195581662
F01740,1,12,10.1038/s41560-019-0382-6,points/F01740.csv,0.2343999067,1,0.5352627548
F01741,1,11,10.1038/s41560-019-0538-4,points/F01741.csv,0.0754471238,1,0.9491902229
F01742,1,27,10.1038/s41560-019-0538-4,points/F01742.csv,0.2107016158,1,0.4986381694
F01743,1,82,10.1038/s41560-020-00692-7,points/F01743.csv,0.05249355127,1.125,1.255294136
F01744,1,84,10.1038/s41560-020-00692-7,points/F01744.csv,0.08502307313,1.192307692,1.557363197
F01746,1,8,10.1038/s41560-020-00721-5,points/F01746.csv,0.0251802074,1,0.8722118712
F01751,1,30,10.1038/s41560-023-01249-0,points/F01751.csv,0.185505492,1,1.482230019
F01752,1,20,10.1038/s41560-023-01295-8,points/F01752.csv,0.07484944051,1.115384615,1.672736833
F01753,1,24,10.1038/s41560-023-01295-8,points/F01753.csv,0.07802539028,1,0.6007123982
F01754,1,35,10.1038/s41560-023-01358-w,points/F01754.csv,0.1827518469,1,1.046010966
F01756,1,59,10.1038/s41560-023-01358-w,points/F01756.csv,0.4538259952,1.012578616,1.508597652
F01757,1,10,10.1038/s41560-023-01421-6,points/F01757.csv,0.06598508926,1,0.5209916903
F01759,1,25,10.1038/s41586-019-1036-3,points/F01759.csv,0.9540158745,1,1.015765809
F01761,1,10,10.1038/s41586-021-03406-5,points/F01761.csv,0.06707968161,1,1.113470181
F01762,1,12,10.1038/s41586-021-03406-5,points/F01762.csv,0.2312171455,1,1.026017396
F01763,1,26,10.1038/s41586-021-03406-5,points/F01763.csv,0.1822485996,1,0.7050376285
F01764,1,39,10.1038/s41586-023-06892-x,points/F01764.csv,0.2541965656,1,2.227089239
F01765,4,39,10.1038/s41586-023-06892-x,points/F01765.csv,0.0702508231,2.509803922,5.506579889
F01766,1,57,10.1038/s41598-017-00866-6,points/F01766.csv,0.3023685268,1.018867925,1.802305803
F01767,1,56,10.1038/s41598-017-00866-6,points/F01767.csv,0.941494895,1,2.392484015
F01768,4,13,10.1038/s41598-020-72210-4,points/F01768.csv,0.002406106906,0.9624427624,6.522443108
F01769,1,56,10.1038/s41598-020-79348-1,points/F01769.csv,0.3660671581,1,1.02210025
F01770,1,57,10.1038/s41598-024-55379-w,points/F01770.csv,0.2574946722,1.029850746,1.501145983
F01771,1,57,10.1038/s41598-024-55379-w,points/F01771.csv,0.08836087452,1.103448276,1.35388404
F01772,1,18,10.1038/s41598-024-74735-4,points/F01772.csv,0.225591739,1,0.4431805107
F01773,1,18,10.1038/s41598-024-74735-4,points/F01773.csv,0.1923838478,1,0.512836745
F01774,1,51,10.1039/c9sc01697j,points/F01774.csv,0.414063824,1.494623656,2.33097108
F01775,1,117,10.1039/c9ta03131f,points/F01775.csv,0.2241747098,1.06779661,0.9713502632
F01776,1,117,10.1039/c9ta03131f,points/F01776.csv,0.5073262858,1.015151515,0.7686317658
F01777,1,46,10.1039/c9ta04166d,points/F01777.csv,0.5277024511,1,1.119264587
F01778,1,8,10.1039/d5ee03888j,points/F01778.csv,0.1239465452,1,0.6451765844
F01779,2,8,10.1039/d5ee03888j,points/F01779.csv,0.03229104007,1.181818182,5.610190064
F01780,1,11,10.1039/d5ee03984c,points/F01780.csv,0.07201883222,1,0.8157582126
F01781,1,9,10.1039/d5ee05397h,points/F01781.csv,0.05738386843,1,0.6386690302
F01782,4,15,10.1039/d5ee05397h,points/F01782.csv,0.06928010374,2.237288136,5.6822191
F01784,1,8,10.1039/d5qm00763a,points/F01784.csv,0.01485127428,1,0.9067331452
F01785,1,20,10.1039/d5sc04399a,points/F01785.csv,0.06681400156,1,0.4862088396
F01786,1,21,10.1039/d5sc04399a,points/F01786.csv,0.08754127634,1,0.8171053269
F01787,1,21,10.1039/d5sc04399a,points/F01787.csv,0.09552045443,1,0.8356487721
F01790,1,9,10.1039/d5ta07147j,points/F01790.csv,0.08906673061,1,0.8080474662
F01791,1,10,10.1039/d6cc01405d,points/F01791.csv,0.1620408063,1,1.432367766
F01793,1,31,10.1039/c5nr01820j,points/F01793.csv,0.2476048885,1.178082192,1.025219828
F01794,1,33,10.1039/c5nr05271h,points/F01794.csv,0.2658317437,1.15,2.096899778
F01795,4,33,10.1039/c5nr05271h,points/F01795.csv,0.1263880178,1.5,7.332283993
F01796,1,34,10.1039/c5nr05271h,points/F01796.csv,0.8228058037,1,1.004633222
F01797,1,35,10.1039/c5ta05286f,points/F01797.csv,0.4743799458,1,0.9951364346
F01798,1,52,10.1039/c5ta07957h,points/F01798.csv,0.5051007393,1,1.463336024
F01799,1,16,10.1039/c5ta09080f,points/F01799.csv,0.2652494157,1.022222222,1.291835382
F01800,1,26,10.1039/c5ta09080f,points/F01800.csv,0.11692696,1,1.161302755
F01801,1,37,10.1039/c6cc06290c,points/F01801.csv,0.5957892532,1,0.516138647
F01802,1,22,10.1039/c6ee00612d,points/F01802.csv,0.8880291058,1,1.507819466
F01803,1,39,10.1039/c6nr01927g,points/F01803.csv,0.3459933977,1.035087719,1.38597038
F01804,1,35,10.1039/c6nr04288k,points/F01804.csv,0.3114395877,1.056179775,1.245159329
F01805,1,47,10.1039/c6ra06635f,points/F01805.csv,0.6689752297,1.119122257,1.828801661
F01806,1,46,10.1039/c6ra06635f,points/F01806.csv,0.8442899604,1,0.6075377908
F01807,1,37,10.1039/c6ra09878a,points/F01807.csv,0.62122627,1.0546875,1.02748427
F01808,1,12,10.1039/c6ra21775c,points/F01808.csv,0.08154600771,1,0.9797635364
F01809,1,8,10.1039/c6ta01715k,points/F01809.csv,0.1074974255,1,0.5612113648
F01811,1,39,10.1039/c6ta06152d,points/F01811.csv,0.1501597444,1,0.7398177202
F01812,1,39,10.1039/c6ta06152d,points/F01812.csv,0.4557522124,1,0.7883993659
F01813,2,19,10.1039/c6ta10605f,points/F01813.csv,0.08051917757,1.083333333,5.541042011
F01815,1,9,10.1039/c7ee02634j,points/F01815.csv,0.03152054155,1,1.217452132
F01816,1,9,10.1039/c7ee02634j,points/F01816.csv,0.08664403716,1.037037037,0.9235094274
F01817,1,8,10.1039/c7nr01678f,points/F01817.csv,0.222983039,1,0.5926707636
F01819,1,8,10.1039/c7nr01678f,points/F01819.csv,0.1604168721,1,0.5375199457
F01820,1,8,10.1039/c7nr01678f,points/F01820.csv,0.3617912434,1,0.3445024197
F01821,1,47,10.1039/c7ta04851c,points/F01821.csv,0.3864451905,1,0.7805170312
F01822,1,40,10.1039/c7ta06752f,points/F01822.csv,0.255702552,1,1.494528472
F01823,1,40,10.1039/c7ta06752f,points/F01823.csv,0.1020418874,1.375,3.383654928
F01824,1,12,10.1039/c7ta07939g,points/F01824.csv,0.0839188557,1,2.302555865
F01825,1,55,10.1039/c7ta09716f,points/F01825.csv,0.4823673949,1.442687747,3.645940941
F01826,3,34,10.1039/c7ta09946k,points/F01826.csv,0.507917285,1.138576779,5.611347331
F01827,1,13,10.1039/c7ta10871k,points/F01827.csv,0.2690727454,1,0.5719242816
F01828,1,13,10.1039/c7ta10871k,points/F01828.csv,0.1992280696,1,0.6248261677
F01829,1,52,10.1039/c7tc00882a,points/F01829.csv,0.3633909594,1,1.018002633
F01830,1,10,10.1039/c8ee02252f,points/F01830.csv,0.2936232797,1,0.9833104455
F01831,1,35,10.1039/c8ee02404a,points/F01831.csv,0.05229427543,1.666666667,1.8242434
F01832,4,13,10.1039/c8nr00152a,points/F01832.csv,0.1950985656,1.696202532,4.80055819
F01833,1,40,10.1039/c8nr05698f,points/F01833.csv,0.9249383021,1,0.9487917711
F01834,1,23,10.1039/c8nr07638c,points/F01834.csv,0.04169313758,1.055555556,1.172202524
F01835,1,24,10.1039/c8nr07638c,points/F01835.csv,0.7926851514,1,0.9429425536
F01836,1,68,10.1039/c8nr08295b,points/F01836.csv,0.6974984413,1,0.9023547874
F01837,1,20,10.1039/c8qm00620b,points/F01837.csv,0.08203571126,1.261904762,3.499806228
F01838,1,19,10.1039/c8qm00620b,points/F01838.csv,0.154407763,1.294871795,3.602719901
F01840,1,32,10.1039/c8ra02556h,points/F01840.csv,0.7703560291,1.024242424,2.096671949
F01843,1,12,10.1039/c8ta00267c,points/F01843.csv,0.07615652121,1.282051282,2.650672962
F01844,1,15,10.1039/c8ta00267c,points/F01844.csv,0.157301332,1,0.5397624514
F01845,1,9,10.1039/c8ta00769a,points/F01845.csv,0.08215224712,1,0.3827167007
F01846,1,14,10.1039/c8ta00769a,points/F01846.csv,0.1184096066,1,0.6676532374
F01847,1,18,10.1039/c8ta02121j,points/F01847.csv,0.4423871581,1,0.8667529419
F01848,1,61,10.1039/c8ta02121j,points/F01848.csv,0.9113329362,1.004237288,0.9100656035
F01849,4,15,10.1039/c8ta02672f,points/F01849.csv,0.004275195957,0.8550391914,4.775421198
F01850,1,8,10.1039/c8ta03953d,points/F01850.csv,0.1436879368,1,0.649069327
F01851,1,18,10.1039/c8ta04453h,points/F01851.csv,0.1954443217,1,2.354383587
F01852,1,10,10.1039/c8ta04936j,points/F01852.csv,0.02804136385,1,0.6983797221
F01853,1,11,10.1039/c8ta04936j,points/F01853.csv,0.01147076023,1,1.190849261
F01854,1,11,10.1039/c8ta04936j,points/F01854.csv,0.01638680033,1,1.340403696
F01855,1,11,10.1039/c8ta04936j,points/F01855.csv,0.03446876396,1,0.3856038639
F01856,1,73,10.1039/c8ta04936j,points/F01856.csv,0.1823394953,1.051282051,1.604320234
F01857,1,73,10.1039/c8ta04936j,points/F01857.csv,0.1177089715,1.026315789,0.8262166792
F01858,1,74,10.1039/c8ta04936j,points/F01858.csv,0.1489156575,1.020833333,1.025891185
F01859,1,73,10.1039/c8ta04936j,points/F01859.csv,0.5267585419,1,1.17776325
F01861,1,31,10.1039/c8ta06557h,points/F01861.csv,0.8710033374,1.009852217,0.7001645346
F01862,1,34,10.1039/c8ta06557h,points/F01862.csv,0.7461982782,1,1.177914252
F01863,1,51,10.1039/c8ta07368f,points/F01863.csv,0.5730492698,1,0.9968185695
F01864,1,11,10.1039/c8ta10094b,points/F01864.csv,0.1836262373,1,0.6164065728
F01866,1,32,10.1039/c8ta11800k,points/F01866.csv,0.3064426416,1,1.095591784
F01867,1,32,10.1039/c8ta11925b,points/F01867.csv,0.2956776883,1,0.8320689112
F01868,1,113,10.1039/c8ta11977e,points/F01868.csv,0.4296045548,1,0.897023547
F01869,1,8,10.1039/c8ta12284a,points/F01869.csv,0.06517959702,1,0.5241923011
F01871,1,9,10.1039/c9ee02391g,points/F01871.csv,0.06868497993,1,1.099235717
F01872,1,22,10.1039/c9ta00118b,points/F01872.csv,0.2566948728,1,0.6294643317
F01873,1,18,10.1039/c9ta01070j,points/F01873.csv,0.1439540157,1.05,1.377205337
F01874,1,23,10.1039/c9ta01094g,points/F01874.csv,0.1785081604,1,1.119494427
F01875,1,14,10.1039/c9ta01094g,points/F01875.csv,0.006156540715,1,4.000965403
F01876,1,22,10.1039/c9ta01760g,points/F01876.csv,0.272637148,1,0.3546502388
F01877,1,12,10.1039/c9ta03454d,points/F01877.csv,0.08180914927,1,0.501943894
F01878,1,9,10.1039/c9ta05422g,points/F01878.csv,0.06773221174,1,0.8980931585
F01879,1,10,10.1039/c9ta05422g,points/F01879.csv,0.1011391809,1,0.5341045077
F01880,1,43,10.1039/c9ta05422g,points/F01880.csv,0.1216466413,1,1.545356626
F01881,1,46,10.1039/c9ta05422g,points/F01881.csv,0.6451923501,1,1.067034987
F01882,1,26,10.1039/c9ta05744g,points/F01882.csv,0.7341131642,1,0.5055475636
F01883,1,25,10.1039/c9ta05802h,points/F01883.csv,0.7852129616,1,0.6356017411
F01884,1,26,10.1039/c9ta05802h,points/F01884.csv,0.2256275727,1,0.529951869
F01885,1,29,10.1039/c9ta06718c,points/F01885.csv,0.1603375527,1.105263158,1.326699918
F01886,1,10,10.1039/c9ta07238a,points/F01886.csv,0.1101312288,1,0.670980962
F01887,1,15,10.1039/c9ta08177a,points/F01887.csv,0.0278678231,1,1.044443047
F01888,1,15,10.1039/c9ta08177a,points/F01888.csv,0.04876869042,1,0.9701212278
F01889,1,30,10.1039/c9ta08314f,points/F01889.csv,0.3609818278,1,1.092224244
F01890,1,25,10.1039/c9ta09101g,points/F01890.csv,0.5000959876,1,0.7043738714
F01891,1,50,10.1039/c9ta09260a,points/F01891.csv,0.5996518338,1,0.6723053772
F01893,4,11,10.1039/c9ta12597c,points/F01893.csv,0.02828090961,1.916666667,6.980014922
F01894,1,31,10.1039/c9ta12904a,points/F01894.csv,0.1602599368,1,0.4252237854
F01895,1,29,10.1039/c9ta13159k,points/F01895.csv,0.1103543309,1,0.4390856827
F01896,4,29,10.1039/c9ta13159k,points/F01896.csv,0.03085090386,1.733333333,6.905083448
F01897,1,11,10.1039/c9ta13719j,points/F01897.csv,0.2023586415,1,0.7848175788
F01898,1,11,10.1039/c9ta13719j,points/F01898.csv,0.2206067834,1,0.7207418868
F01899,1,22,10.1039/c9ta13922b,points/F01899.csv,0.1549556446,1,1.446050409
F01900,1,40,10.1039/c9ta13922b,points/F01900.csv,0.4850287785,1,0.687260464
F01901,1,11,10.1039/c9ta14139a,points/F01901.csv,0.1001483433,1,0.461668595
F01902,1,13,10.1039/c9tc00064j,points/F01902.csv,0.03755701811,1,1.827004652
F01903,1,73,10.1039/c9tc01741k,points/F01903.csv,0.2570672298,1,0.9125031855
F01904,1,24,10.1039/c9tc03877a,points/F01904.csv,0.7699385707,1,0.5428587884
F01905,1,32,10.1039/c9tc04067f,points/F01905.csv,0.6791353798,1,0.8551991179
F01906,1,30,10.1039/c9tc05679c,points/F01906.csv,0.07376294356,2.823529412,5.224392938
F01907,1,22,10.1039/c9tc06578d,points/F01907.csv,0.1811165879,1,0.7340470298
F01908,1,52,10.1039/c9tc06578d,points/F01908.csv,0.4056763045,1,1.003049384
F01909,1,11,10.1039/d0ee01655a,points/F01909.csv,0.2977618985,1,0.6260407546
F01910,1,9,10.1039/d0ee01655a,points/F01910.csv,0.09707241239,1,1.400247946
F01911,1,11,10.1039/d0ee01845g,points/F01911.csv,0.2285839537,1,0.6443912535
F01912,2,11,10.1039/d0ee01845g,points/F01912.csv,0.03446888896,1.105263158,5.32449745
F01913,1,12,10.1039/d0ee02043e,points/F01913.csv,0.1067922296,1,0.7706394494
F01914,1,15,10.1039/d0ee02859b,points/F01914.csv,0.910927953,1.033057851,1.313599293
F01915,1,15,10.1039/d0ra03238g,points/F01915.csv,0.5504967611,1,0.6557857465
F01916,1,15,10.1039/d0ra03238g,points/F01916.csv,0.1486814499,1,0.3957875331
F01917,1,15,10.1039/d0ra03238g,points/F01917.csv,0.0888785053,1,0.83082236
F01918,1,35,10.1039/d0ra07107b,points/F01918.csv,0.5356157492,1.01459854,2.54482465
F01920,1,36,10.1039/d0sc06354a,points/F01920.csv,0.2097767845,1,0.4165781208
F01921,1,11,10.1039/d0sc06354a,points/F01921.csv,0.2739122022,1,0.6631456802
F01922,1,14,10.1039/d0se00479k,points/F01922.csv,0.008365317406,1.5,2.632592711
F01923,1,77,10.1039/d0se00528b,points/F01923.csv,0.2219160375,1,1.389783563
F01924,1,76,10.1039/d0se00528b,points/F01924.csv,0.4674323338,1,0.7436023356
F01925,1,22,10.1039/d0se01323d,points/F01925.csv,0.04280900102,1.047619048,1.000472249
F01926,1,22,10.1039/d0se01323d,points/F01926.csv,0.05638896651,1,0.9480335556
F01928,3,11,10.1039/d0se01493a,points/F01928.csv,0.004362845097,1.787702381,6.320744641
F01930,1,31,10.1039/d0ta01255f,points/F01930.csv,0.4992171774,1,0.7435552547
F01931,1,9,10.1039/d0ta01255f,points/F01931.csv,0.08775947829,1,1.078271083
F01932,1,16,10.1039/d0ta01860k,points/F01932.csv,0.2717338435,1,1.814160619
F01933,1,42,10.1039/d0ta02222e,points/F01933.csv,0.2232929058,1,0.8513181556
F01934,1,42,10.1039/d0ta02222e,points/F01934.csv,0.071175508,1.066666667,1.492211916
F01935,1,17,10.1039/d0ta02437f,points/F01935.csv,0.4503934813,1,1.101575865
F01936,1,93,10.1039/d0ta04275g,points/F01936.csv,0.142979377,1.075757576,1.004127972
F01937,1,27,10.1039/d0ta04275g,points/F01937.csv,0.0264087845,1.117647059,1.30147929
F01938,1,9,10.1039/d0ta04680a,points/F01938.csv,0.06264322866,1,0.780433235
F01939,1,9,10.1039/d0ta04680a,points/F01939.csv,0.1210818413,1,0.6339374989
F01940,1,92,10.1039/d0ta05676f,points/F01940.csv,0.5233928783,1.015267176,1.485118885
F01941,1,42,10.1039/d0ta06033j,points/F01941.csv,0.9659463076,1,0.4435988889
F01942,2,9,10.1039/d0ta09209f,points/F01942.csv,0.03244301467,1.583333333,7.259403712
F01945,1,65,10.1039/d0ta10535j,points/F01945.csv,0.05716196222,1.15625,2.041469415
F01948,1,78,10.1039/d0ta11916d,points/F01948.csv,0.1879229862,1,0.6232809447
F01949,1,12,10.1039/d0ta12286f,points/F01949.csv,0.6907964543,1,0.477958314
F01950,1,21,10.1039/d0ta12286f,points/F01950.csv,0.406045542,1,0.761827245
F01951,1,19,10.1039/d0ta12342k,points/F01951.csv,0.4556737522,1,0.8051221306
F01952,1,23,10.1039/d0tc01244k,points/F01952.csv,0.3117837495,1,1.816970908
F01953,1,21,10.1039/d0tc01244k,points/F01953.csv,0.107858097,1.074074074,1.832613346
F01954,1,23,10.1039/d0tc01244k,points/F01954.csv,0.09007086096,1.043956044,1.905296305
F01955,1,28,10.1039/d0tc02078h,points/F01955.csv,0.2288149267,1,1.354146494
F01956,1,34,10.1039/d0tc02438d,points/F01956.csv,0.8003961377,1,0.8188805225
F01957,1,25,10.1039/d0tc04056h,points/F01957.csv,0.06178702878,1,0.5101022894
F01958,4,22,10.1039/d0tc04624h,points/F01958.csv,0.04624737427,1.611111111,4.777423452
F01959,1,51,10.1039/d0tc05113f,points/F01959.csv,0.4036644006,1,1.326973069
F01960,1,34,10.1039/d0tc05455k,points/F01960.csv,0.1265831932,1.037735849,1.352849194
F01961,1,9,10.1039/d1cp02596a,points/F01961.csv,0.2156100122,1,0.5802482971
F01962,1,103,10.1039/d1ee00116g,points/F01962.csv,0.1223821115,1.044444444,0.8911891786
F01966,1,38,10.1039/d1ma00975c,points/F01966.csv,0.1650954455,1,0.5568585391
F01967,1,16,10.1039/d1na00172h,points/F01967.csv,0.3148254214,1.248803828,0.8367970028
F01968,1,72,10.1039/d1na00172h,points/F01968.csv,0.4222858151,1,1.342059882
F01969,1,71,10.1039/d1na00172h,points/F01969.csv,0.5668342234,1,0.9286424038
F01970,1,15,10.1039/d1na00173f,points/F01970.csv,0.08015637628,1.214285714,2.514410765
F01971,1,15,10.1039/d1na00173f,points/F01971.csv,0.08278212132,1,1.276867818
F01972,1,15,10.1039/d1na00173f,points/F01972.csv,0.08515054326,1.066666667,1.476151689
F01973,1,15,10.1039/d1na00173f,points/F01973.csv,0.1328262111,1.369565217,4.51450233
F01974,1,16,10.1039/d1na00173f,points/F01974.csv,0.1584109241,1,0.5451078759
F01975,1,15,10.1039/d1na00173f,points/F01975.csv,0.06827667358,1,1.109499958
F01976,1,15,10.1039/d1na00173f,points/F01976.csv,0.07071916255,1,0.5372195446
F01977,1,16,10.1039/d1na00173f,points/F01977.csv,0.09928768926,1,1.169505107
F01979,1,47,10.1039/d1na00173f,points/F01979.csv,0.05422961903,1.105263158,1.124991363
F01980,1,49,10.1039/d1qm00435b,points/F01980.csv,0.03582350298,1,1.097003369
F01981,1,27,10.1039/d1qm00680k,points/F01981.csv,0.5050399437,1,1.478703298
F01982,2,12,10.1039/d1ra01236c,points/F01982.csv,0.09717028165,1.298245614,6.157496692
F01984,1,21,10.1039/d1ra01236c,points/F01984.csv,0.5564907845,1,0.9689339116
F01985,1,23,10.1039/d1ra01236c,points/F01985.csv,0.1300748401,1.163934426,1.668096468
F01986,1,9,10.1039/d1ta04922d,points/F01986.csv,0.213707679,1,1.232703075
F01988,1,70,10.1039/d1ta05699a,points/F01988.csv,0.394333672,1,0.7137274844
F01989,1,70,10.1039/d1ta05699a,points/F01989.csv,0.2180418348,1.017241379,1.015643537
F01990,1,70,10.1039/d1ta05699a,points/F01990.csv,0.1175355596,1.095238095,0.9963518811
F01991,1,12,10.1039/d1tc01720a,points/F01991.csv,0.03950409669,1,1.572998109
F01992,1,8,10.1039/d2ma00391k,points/F01992.csv,0.05275151787,1,0.7136196143
F01993,1,40,10.1039/d2ma00391k,points/F01993.csv,0.269625406,1,0.6899568347
F01994,1,78,10.1039/d2ma00431c,points/F01994.csv,0.3033160172,1.016,0.6305206147
F01995,1,22,10.1039/d2ta05836g,points/F01995.csv,0.1460737995,1,0.4795533933
F01998,1,11,10.1039/d3ee02344c,points/F01998.csv,0.1062564077,1,0.5717600759
F01999,1,11,10.1039/d3ee02344c,points/F01999.csv,0.1462929657,1,0.7112366497
F02000,1,11,10.1039/d3ee03687a,points/F02000.csv,0.3276462681,1,1.108016639
F02001,1,24,10.1039/d3ma00285c,points/F02001.csv,0.1300632094,1,1.315987143
F02005,1,10,10.1039/d3se00435j,points/F02005.csv,0.2906168308,1,0.892178642
F02010,1,36,10.1039/d3ta07690c,points/F02010.csv,0.2449163346,1,0.892539083
F02011,2,8,10.1039/d3ta07845k,points/F02011.csv,0.0323159398,1.294117647,5.940032178
F02012,1,29,10.1039/d3ta07845k,points/F02012.csv,0.2145607029,1,0.9816045797
F02013,1,52,10.1039/d3ta07851e,points/F02013.csv,0.622230859,1,0.8843084173
F02015,1,55,10.1039/d4ee01841a,points/F02015.csv,0.2041434345,1,1.088813715
F02016,1,17,10.1039/d4ee01960a,points/F02016.csv,0.2685484749,1,0.5493662754
F02017,1,9,10.1039/d4ee01960a,points/F02017.csv,0.01242461207,1,1.644023979
F02021,1,32,10.1039/d4ee03001j,points/F02021.csv,0.162221612,1.887096774,3.992513289
F02023,1,31,10.1039/d4ee03001j,points/F02023.csv,0.08868415102,1,1.53008023
F02024,1,50,10.1039/d4ee03001j,points/F02024.csv,0.4499592271,1.153846154,1.066192935
F02026,2,10,10.1039/d4ee03897e,points/F02026.csv,0.01643576264,1.166666667,6.265625384
F02028,1,14,10.1039/d4ee05699j,points/F02028.csv,0.4243337078,1,0.6445181879
F02031,1,8,10.1039/d4ee06038e,points/F02031.csv,0.03773514449,1.166666667,1.821982516
F02032,1,18,10.1039/d4qi00166d,points/F02032.csv,0.1794292871,1,1.027939526
F02034,1,16,10.1039/d4ra08786k,points/F02034.csv,0.2843241079,1,0.4959128479
F02035,1,10,10.1039/d4sc02020k,points/F02035.csv,0.01927431646,1.25,2.390591178
F02036,1,9,10.1039/d4sc02020k,points/F02036.csv,0.07784749445,1,0.6728161879
F02037,1,31,10.1039/d4sc04819a,points/F02037.csv,0.6675880087,1,0.6457122283
F02038,1,32,10.1039/d4sc04819a,points/F02038.csv,0.7252242238,1,0.6312857417
F02039,1,36,10.1039/d4sc07759h,points/F02039.csv,0.1382870272,1,1.439929844
F02040,1,25,10.1039/d4sc08810g,points/F02040.csv,0.07585109622,1.571428571,3.710025408
F02041,1,25,10.1039/d4sc08810g,points/F02041.csv,0.03115715311,1.444444444,1.144978607
F02042,1,39,10.1039/d4se01227e,points/F02042.csv,0.2347691934,1,1.76913512
F02043,1,38,10.1039/d4se01227e,points/F02043.csv,0.2994741708,1.006944444,1.332191216
F02044,1,39,10.1039/d4se01227e,points/F02044.csv,0.2605019789,1,1.850149645
F02045,1,39,10.1039/d4se01227e,points/F02045.csv,0.2207694347,1,0.8583590968
F02046,1,44,10.1039/d4su00641k,points/F02046.csv,0.8017366312,1,0.8051574892
F02047,1,46,10.1039/d4su00641k,points/F02047.csv,0.7929784263,1,0.3398208332
F02049,1,11,10.1039/d4ta04853a,points/F02049.csv,0.08093046359,1,1.005243224
F02050,1,11,10.1039/d4ta05155f,points/F02050.csv,0.05741897523,1,0.81502951
F02051,1,13,10.1039/d4ta05155f,points/F02051.csv,0.06914452254,1,0.928855419
F02054,1,20,10.1039/d4ta08566c,points/F02054.csv,0.4176398643,1,1.228121458
F02055,1,29,10.1039/d4ta08811e,points/F02055.csv,0.08320613296,1,0.8916683848
F02057,1,10,10.1039/d4tc00466c,points/F02057.csv,0.02547601479,1,1.169553151
F02058,1,10,10.1039/d5ee00524h,points/F02058.csv,0.05792158548,1,0.6946429722
F02059,1,16,10.1039/d5ee01110h,points/F02059.csv,0.1760764399,1,0.4003997749
F02060,1,20,10.1039/d5ee01110h,points/F02060.csv,0.2860667981,1.069306931,2.590325875
F02062,1,12,10.1039/d5ee03162a,points/F02062.csv,0.04572501399,1.05,1.442909396
F02063,1,16,10.1039/d5ma00192g,points/F02063.csv,0.1712507441,1,0.3670268379
F02064,1,57,10.1039/d5sc04440e,points/F02064.csv,0.2741572575,1,0.7874873552
F02065,1,19,10.1063/1.5085643,points/F02065.csv,0.1334510211,1.2,2.849396006
F02066,1,20,10.1063/1.5085643,points/F02066.csv,0.2435959517,1.076923077,1.225374205
F02067,1,14,10.1063/5.0024135,points/F02067.csv,0.07665656138,1,0.5160340735
F02068,1,16,10.1063/5.0050512,points/F02068.csv,0.1033352113,1,1.257515994
F02069,1,19,10.1063/5.0142995,points/F02069.csv,0.2009468834,1,0.6858532631
F02070,1,19,10.1063/5.0142995,points/F02070.csv,0.07866624846,1,0.6344844145
F02071,1,11,10.1088/1361-6463_aa7905,points/F02071.csv,0.2324989797,1,0.6480848843
F02072,1,12,10.1088/1361-6463_aa7905,points/F02072.csv,0.6371056978,1.096,1.552813665
F02073,1,34,10.1088/1361-6528_aaf2ad,points/F02073.csv,0.2706799687,1.161764706,3.476369518
F02078,4,31,10.1109/jphotov.2020.2987390,points/F02078.csv,0.0503356699,1.342857143,2.984243827
F02081,1,14,10.1126/sciadv.aav2012,points/F02081.csv,0.1149299037,1,0.9932482669
F02082,1,10,10.1126/sciadv.aav8925,points/F02082.csv,0.2581689999,1,0.4605569949
F02083,1,19,10.1126/sciadv.aav8925,points/F02083.csv,0.5994367346,1,0.4231143927
F02085,1,10,10.1126/sciadv.abd1580,points/F02085.csv,0.08042844075,1,0.5158959376
F02086,1,27,10.1126/sciadv.abd1580,points/F02086.csv,0.110730646,1.234042553,2.322670805
F02088,1,44,10.1126/science.aai9081,points/F02088.csv,0.06750858371,1.095238095,0.819280127
F02090,1,69,10.1126/science.aam6620,points/F02090.csv,0.4002558503,1.206896552,3.142758979
F02091,1,9,10.1126/science.aax8018,points/F02091.csv,0.4693052247,1,0.7547433553
F02092,1,9,10.1126/science.aax8018,points/F02092.csv,0.2842404132,1,0.8648258458
F02093,4,19,10.1126/science.aaz5074,points/F02093.csv,0.06977725703,1.87037037,6.10630949
F02094,1,16,10.1126/science.aba1628,points/F02094.csv,0.02772246134,1.111111111,1.704913605
F02095,4,16,10.1126/science.aba1628,points/F02095.csv,0.04268378967,1.642857143,7.611251478
F02096,1,28,10.1126/science.adg3755,points/F02096.csv,0.02024046766,1,0.6295379374
F02097,1,28,10.1126/science.adg3755,points/F02097.csv,0.02923579471,1.222222222,1.923434663
F02098,1,16,10.1142/s179329201950022x,points/F02098.csv,0.09053179379,1,0.6444860282
F02099,1,28,10.1155/2024_9417829,points/F02099.csv,0.1562029102,1,0.4603307231
F02100,1,9,10.1360/tb-2020-1409,points/F02100.csv,0.06587884739,1,0.7472765354
F02101,1,8,10.1360/tb-2020-1409,points/F02101.csv,0.1961426213,1,0.4585814522
F02102,1,31,10.26599/nre.2023.9120073,points/F02102.csv,0.2726905321,1,0.749916957
F02103,1,80,10.3390/coatings11060627,points/F02103.csv,0.9933748174,1,1.403417827
F02104,2,8,10.3390/coatings13091528,points/F02104.csv,0.009082377534,2,10
F02105,1,34,10.3390/coatings13111885,points/F02105.csv,0.2702716241,1,0.6054161216
F02106,1,33,10.3390/coatings13111885,points/F02106.csv,0.04933973348,1,1.054629533
F02107,2,15,10.3390/coatings14070918,points/F02107.csv,0.01176922208,1,9.516712273
F02108,1,46,10.3390/coatings9110766,points/F02108.csv,0.4556226375,1,0.9538860689
F02109,1,12,10.3390/cryst11080933,points/F02109.csv,0.01486685645,1,0.9785980446
F02110,1,50,10.3390/cryst12091194,points/F02110.csv,0.0421587237,1,0.6530284387
F02111,1,38,10.3390/cryst14090802,points/F02111.csv,0.5804181832,1,1.501587194
F02112,1,8,10.3390/en17071629,points/F02112.csv,0.1960883827,1.381443299,3.357917568
F02113,1,23,10.3390/ma12101644,points/F02113.csv,0.1505123671,1,0.5632063138
F02114,1,9,10.3390/ma13153289,points/F02114.csv,0.04124199891,1,0.3641210541
F02115,1,33,10.3390/ma17123002,points/F02115.csv,0.1381346266,1.173913043,3.069399989
F02116,1,35,10.3390/ma17123002,points/F02116.csv,0.7806079541,1,0.980236735
F02117,1,30,10.3390/ma18020415,points/F02117.csv,0.1629130225,1,1.479831211
F02118,1,27,10.3390/molecules26113398,points/F02118.csv,0.6926546744,1,0.635938826
F02119,1,26,10.3390/molecules26113398,points/F02119.csv,0.3688056864,1,0.6912374384
F02120,1,12,10.3390/molecules29112557,points/F02120.csv,0.006727078548,1,4.31288216
F02127,1,15,10.3390/molecules29122758,points/F02127.csv,0.122410473,1,0.5605388744
F02128,1,15,10.3390/molecules29122758,points/F02128.csv,0.08781040201,1,0.6021778601
F02129,1,15,10.3390/molecules29122758,points/F02129.csv,0.1700145458,1,0.6564176585
F02130,1,89,10.3390/nano13111751,points/F02130.csv,0.3508913897,1,0.9086060154
F02131,4,15,10.3390/nano13233032,points/F02131.csv,0.009419210781,1.6,5.641418342
F02132,1,57,10.3390/nano13233032,points/F02132.csv,0.5352987841,1,0.7477070412
F02133,1,21,10.3390/nano14181476,points/F02133.csv,0.05807995542,1,0.8909703913
F02134,1,17,10.3390/nano15090699,points/F02134.csv,0.04743761085,1,1.418109076
F02135,1,22,10.3390/nano15090699,points/F02135.csv,0.03795008868,1.055555556,0.6460464466
F02138,1,9,10.3390/nano15110798,points/F02138.csv,0.02259604954,1,0.615693406
F02139,1,8,10.3390/nano15110798,points/F02139.csv,0.01229985175,1.166666667,1.622586195
F02140,1,42,10.3390/polym14132748,points/F02140.csv,0.06125454841,1.107142857,1.129869138
F02141,1,42,10.3390/polym14132748,points/F02141.csv,0.1183927754,1,1.014808017
F02144,1,71,10.1021/acsenergylett.0c01207,points/F02144.csv,0.6793798997,1.061032864,0.7746911819
F02145,1,70,10.1021/acsenergylett.0c01207,points/F02145.csv,0.5104280337,1.012345679,1.476551431
F02148,1,15,10.1021/acsaem.7b00069,points/F02148.csv,0.299465162,1,0.9016535898
F02151,4,25,10.1557/mrc.2018.142,points/F02151.csv,0.07451628774,1.384615385,7.736821254
F02152,1,187,10.1021/acs.chemmater.1c01675,points/F02152.csv,0.4348599889,1.575619499,2.037368998
F02155,1,35,10.1038/s41560-023-01421-6,points/F02155.csv,0.1259358983,1.039488541,0.5991552634
F02156,1,49,10.1002/advs.202001466,points/F02156.csv,0.076,1.280701763,1.046442005
F02157,1,86,10.1002/smm2.70033,points/F02157.csv,0.1820049317,1.242909635,0.7177856566
F02158,1,41,10.1002/smm2.70033,points/F02158.csv,0.06457868525,2.53315731,2.777672364
F02159,1,69,10.1016/j.solmat.2019.110284,points/F02159.csv,0.1708147352,1.072800722,0.5887072847
F02160,1,12,10.1016/j.solmat.2019.110284,points/F02160.csv,0.1074012639,1.007457598,1.089318
F02161,4,228,10.1002/adfm.201602803,points/F02161.csv,0.3035714281,1.772058818,5.720803371
F02162,4,160,10.1002/adfm.201909839,points/F02162.csv,0.1592136843,2.849226541,5.970576174
F02165,1,84,10.1002/adma.201907623,points/F02165.csv,0.4746314853,1.095792535,0.5330318789
F02166,1,54,10.1002/adma.201907623,points/F02166.csv,0.2258400926,1.257462865,1.148057542
F02169,1,12,10.1002/adma.202205309,points/F02169.csv,0.1264863166,1,0.976939477
F02171,1,101,10.1002/aenm.202500156,points/F02171.csv,0.790697674,2.198529412,1.223087696
F02172,1,25,10.1002/anie.202421063,points/F02172.csv,0.02960571974,1.62398057,3.049342346
F02174,1,334,10.1002/cssc.201600868,points/F02174.csv,0.7906018105,1.616585143,1.977812323
F02176,3,149,10.1002/cssc.201600868,points/F02176.csv,0.287262873,1.283018878,5.434103743
F02179,1,255,10.1002/smll.202003098,points/F02179.csv,0.5796781205,1.488,3.244636522
F02180,1,19,10.1002/smll.202505961,points/F02180.csv,0.02422206527,1,1.276018916
F02181,1,71,10.1002/smll.202505961,points/F02181.csv,0.08431972271,1.229820684,0.5790679119
F02182,1,223,10.1002/smm2.70033,points/F02182.csv,0.7022289379,2.781046676,4.325030772
F02184,1,42,10.1002/smm2.70033,points/F02184.csv,0.1536182085,1.357560294,1.558293676
F02185,1,127,10.1002/smm2.70033,points/F02185.csv,0.1566880681,2.133028837,1.457089423
F02186,1,466,10.1002/smtd.202301793,points/F02186.csv,0.3155696832,2.545081968,4.50060504
F02187,4,64,10.1002/sus2.70032,points/F02187.csv,0.08446215211,1.915094316,6.21405915
F02188,1,241,10.1002/sus2.70032,points/F02188.csv,0.8674416235,1.078078332,2.137322099
F02190,1,50,10.1016/j.joule.2018.07.007,points/F02190.csv,0.588688946,1,1.066521478
F02191,1,161,10.1016/j.joule.2019.08.023,points/F02191.csv,1.003837966,1.315280166,1.79226269
F02192,1,61,10.1016/j.joule.2022.01.011,points/F02192.csv,0.325216423,1.066085232,0.7799081358
F02194,1,42,10.1016/j.nanoen.2019.03.029,points/F02194.csv,0.2127673241,1.005344851,0.883362648
F02195,3,279,10.1016/j.solener.2016.09.048,points/F02195.csv,0.1371911517,2.361040174,7.021628769
F02196,1,234,10.1016/j.solener.2017.09.039,points/F02196.csv,0.826372361,1.148129245,1.224529287
F02197,1,81,10.1021/acsami.8b19390,points/F02197.csv,0.7592951352,1.085095877,1.460621665
F02198,1,84,10.1021/acsami.9b00923,points/F02198.csv,0.0932203407,1,0.8159640274
F02199,1,162,10.1021/acsenergylett.5c01010,points/F02199.csv,0.1214396792,2.229554822,0.6752557547
F02203,1,569,10.1021/acsnano.7b07754,points/F02203.csv,0.9428379308,1.879118352,2.032328543
F02205,3,273,10.1021/acssuschemeng.0c09015,points/F02205.csv,0.3979151888,2.284392175,10
F02206,1,44,10.1021/acssuschemeng.4c07636,points/F02206.csv,0.1137186696,1.725748973,1.046941298
F02207,1,43,10.1021/acssuschemeng.4c07636,points/F02207.csv,0.1184888403,1.16330137,1.55620718
F02208,1,233,10.1021/acssuschemeng.4c07636,points/F02208.csv,0.05807425498,2.939832978,1.311014116
F02209,1,13,10.1021/jacs.9b05083,points/F02209.csv,0.01116236501,1.926746424,7.002244216
F02210,1,27,10.1038/ncomms10228,points/F02210.csv,0.9436082262,1.106890608,1.862883739
F02211,1,190,10.1038/s41467-018-05454-4,points/F02211.csv,0.2386795322,1.813949342,1.306942836
F02212,1,179,10.1038/s41467-018-05454-4,points/F02212.csv,0.2173114767,1.813906143,2.886854958
F02213,1,96,10.1038/s41467-023-38673-5,points/F02213.csv,0.06091725255,1.236827008,1.304917029
F02214,1,96,10.1038/s41467-023-38673-5,points/F02214.csv,0.07401879875,1.113703803,1.40834585
F02215,1,99,10.1038/s41467-023-38673-5,points/F02215.csv,0.1029619519,1.075309565,2.01353885
F02217,1,42,10.1038/s41560-024-01579-7,points/F02217.csv,0.192422953,1.048479591,0.5010587288
F02218,1,60,10.1038/s41560-024-01579-7,points/F02218.csv,0.06870939605,1.639729314,1.009726286
F02219,1,55,10.1038/s41560-024-01689-2,points/F02219.csv,0.05888527639,1.144356696,1.243842405
F02220,1,118,10.1038/s41563-024-01876-2,points/F02220.csv,0.5973282462,1.207667729,1.277905755
F02221,1,69,10.1038/s41563-025-02275-x,points/F02221.csv,0.067307692,1.042857212,2.571788827
F02222,1,547,10.1038/s41586-019-1357-2,points/F02222.csv,0.9332166891,1.902764381,1.006013188
F02225,1,343,10.1038/s41586-024-08161-x,points/F02225.csv,0.1525960172,2.357947283,1.256079289
F02228,1,309,10.1038/s41586-024-08161-x,points/F02228.csv,0.2744157045,2.49113277,0.8395140663
F02229,1,317,10.1038/s41586-024-08161-x,points/F02229.csv,0.6062851265,1.586672254,0.8110520941
F02230,1,420,10.1038/s41586-024-08161-x,points/F02230.csv,0.5501244662,2.420460651,1.756828694
F02232,1,112,10.1039/d1ee02454j,points/F02232.csv,0.2658564542,1.003614653,0.5387626102
F02233,1,24,10.1039/d5ee02462e,points/F02233.csv,0.28664466,1,0.615182254
F02235,3,182,10.1039/d5el00182j,points/F02235.csv,0.623672965,1.89985799,10
F02237,1,110,10.1126/science.aba1628,points/F02237.csv,0.479299363,1.04651162,0.952296475
F02238,1,109,10.1126/science.aba1628,points/F02238.csv,0.127906977,1.272727257,1.162793628
F02239,1,358,10.1126/science.adi4531,points/F02239.csv,0.1582484133,1.820336224,1.038528488
F02240,1,30,10.1126/science.adi4531,points/F02240.csv,0.01482538522,2.861385445,3.660091281
F02241,1,43,10.1126/science.adi4531,points/F02241.csv,0.127586207,1.170819616,0.7980941495
F02242,1,96,10.1126/science.adj9602,points/F02242.csv,0.0987357164,1.018863058,0.5033376731
F02243,1,91,10.1126/science.adq8385,points/F02243.csv,0.030088496,2.205882275,1.353705425
F02244,1,204,10.1016/j.joule.2019.08.023,points/F02244.csv,0.7520919297,1.524778323,2.603069579
F02245,1,227,10.1016/j.joule.2019.08.023,points/F02245.csv,0.3565704198,1.786625674,1.55560748
F02247,1,231,10.1038/s41467-018-05454-4,points/F02247.csv,0.664339926,1.257406728,0.735123435
F02248,1,289,10.1038/s41467-018-05454-4,points/F02248.csv,0.1945945098,2.316557616,0.4722414157
F02249,1,139,10.1039/d2ta02352k,points/F02249.csv,0.6785714281,1.839622641,6.054501316
F02250,1,66,10.1039/d2ta02352k,points/F02250.csv,0.5535747786,1.932773921,4.712037001
